dataset,model,objective,seed,run_tag,run_dir,threshold,smooth,scale,initial_prob,precision,recall,f1,macro_f1,iou,accuracy,brier,pred_positive_rate,true_positive_rate,transition_count_error,abs_transition_count_error,series,bins,params
sleep,gru,density_custom,0,objective_e20_bs32_eval5,experiments/sleep/gru/density_custom/seed_0_objective_e20_bs32_eval5,0.0,none,0.25,0.0,0.2393167939518393,1.0,0.3862076187779625,0.19310380938898125,0.2393167939518393,0.2393167939518393,0.1975472209618663,1.0,0.2393167939518393,-9578,9578,269,12482208,"{""initial_prob"": 0.0, ""scale"": 0.25, ""smooth"": ""none"", ""threshold"": 0.0}"
sleep,gru,density_custom,0,objective_e20_bs32_eval5,experiments/sleep/gru/density_custom/seed_0_objective_e20_bs32_eval5,0.16666666666666666,none,0.25,0.0,0.2459352753414714,0.9918659668813826,0.39414216329068685,0.23840306697141359,0.24544025895738936,0.27025018330090317,0.1975472209618663,0.965173389195245,0.2393167939518393,-9073,9073,269,12482208,"{""initial_prob"": 0.0, ""scale"": 0.25, ""smooth"": ""none"", ""threshold"": 0.16666666666666666}"
sleep,gru,density_custom,0,objective_e20_bs32_eval5,experiments/sleep/gru/density_custom/seed_0_objective_e20_bs32_eval5,0.3333333333333333,none,0.25,0.0,0.2520362461038029,0.9185224166293408,0.39553923988554235,0.31969597998863686,0.2465247201541568,0.32815131745921877,0.1975472209618663,0.8721675684302008,0.2393167939518393,-8660,8660,269,12482208,"{""initial_prob"": 0.0, ""scale"": 0.25, ""smooth"": ""none"", ""threshold"": 0.3333333333333333}"
sleep,gru,density_custom,0,objective_e20_bs32_eval5,experiments/sleep/gru/density_custom/seed_0_objective_e20_bs32_eval5,0.5,none,0.25,0.0,0.6949111926239816,0.6863308875663581,0.6905943895767931,0.7970207444414771,0.5274105930809241,0.8528223532246859,0.1975472209618663,0.236361868028477,0.2393167939518393,-2511,2511,269,12482208,"{""initial_prob"": 0.0, ""scale"": 0.25, ""smooth"": ""none"", ""threshold"": 0.5}"
sleep,gru,density_custom,0,objective_e20_bs32_eval5,experiments/sleep/gru/density_custom/seed_0_objective_e20_bs32_eval5,0.6666666666666666,none,0.25,0.0,0.05461826857532379,0.0002145820737934696,0.00042748466290400133,0.43197812278335934,0.0002137880270033289,0.7598456939669648,0.1975472209618663,0.0009402182690754713,0.2393167939518393,-9550,9550,269,12482208,"{""initial_prob"": 0.0, ""scale"": 0.25, ""smooth"": ""none"", ""threshold"": 0.6666666666666666}"
sleep,gru,density_custom,0,objective_e20_bs32_eval5,experiments/sleep/gru/density_custom/seed_0_objective_e20_bs32_eval5,0.8333333333333333,none,0.25,0.0,0.0,0.0,0.0,0.4320386560371119,0.0,0.7606832060481608,0.1975472209618663,0.0,0.2393167939518393,-9578,9578,269,12482208,"{""initial_prob"": 0.0, ""scale"": 0.25, ""smooth"": ""none"", ""threshold"": 0.8333333333333333}"
sleep,gru,density_custom,0,objective_e20_bs32_eval5,experiments/sleep/gru/density_custom/seed_0_objective_e20_bs32_eval5,1.0,none,0.25,0.0,0.0,0.0,0.0,0.4320386560371119,0.0,0.7606832060481608,0.1975472209618663,0.0,0.2393167939518393,-9578,9578,269,12482208,"{""initial_prob"": 0.0, ""scale"": 0.25, ""smooth"": ""none"", ""threshold"": 1.0}"
sleep,gru,density_custom,0,objective_e20_bs32_eval5,experiments/sleep/gru/density_custom/seed_0_objective_e20_bs32_eval5,0.0,none,0.25,0.2393167939518393,0.2393167939518393,1.0,0.3862076187779625,0.19310380938898125,0.2393167939518393,0.2393167939518393,0.20037297345967728,1.0,0.2393167939518393,-9578,9578,269,12482208,"{""initial_prob"": 0.2393167939518393, ""scale"": 0.25, ""smooth"": ""none"", ""threshold"": 0.0}"
sleep,gru,density_custom,0,objective_e20_bs32_eval5,experiments/sleep/gru/density_custom/seed_0_objective_e20_bs32_eval5,0.16666666666666666,none,0.25,0.2393167939518393,0.2393167939518393,1.0,0.3862076187779625,0.19310380938898125,0.2393167939518393,0.2393167939518393,0.20037297345967728,1.0,0.2393167939518393,-9578,9578,269,12482208,"{""initial_prob"": 0.2393167939518393, ""scale"": 0.25, ""smooth"": ""none"", ""threshold"": 0.16666666666666666}"
sleep,gru,density_custom,0,objective_e20_bs32_eval5,experiments/sleep/gru/density_custom/seed_0_objective_e20_bs32_eval5,0.3333333333333333,none,0.25,0.2393167939518393,0.25176653674617466,0.995197847350129,0.4018679580590803,0.2658231057602648,0.25146104796886165,0.29103256411045225,0.20037297345967728,0.9459857582889181,0.2393167939518393,-8707,8707,269,12482208,"{""initial_prob"": 0.2393167939518393, ""scale"": 0.25, ""smooth"": ""none"", ""threshold"": 0.3333333333333333}"
sleep,gru,density_custom,0,objective_e20_bs32_eval5,experiments/sleep/gru/density_custom/seed_0_objective_e20_bs32_eval5,0.5,none,0.25,0.2393167939518393,0.7016943399166278,0.7598203937999506,0.7296014982029473,0.8199194783339019,0.5743091613937543,0.8652177563456722,0.20037297345967728,0.2591410109493449,0.2393167939518393,-1762,1762,269,12482208,"{""initial_prob"": 0.2393167939518393, ""scale"": 0.25, ""smooth"": ""none"", ""threshold"": 0.5}"
sleep,gru,density_custom,0,objective_e20_bs32_eval5,experiments/sleep/gru/density_custom/seed_0_objective_e20_bs32_eval5,0.6666666666666666,none,0.25,0.2393167939518393,0.09022923101934645,0.0003715851823880675,0.0007401223668979938,0.43214115136582715,0.0003701981794253857,0.7598754963865367,0.20037297345967728,0.0009855628106822127,0.2393167939518393,-9548,9548,269,12482208,"{""initial_prob"": 0.2393167939518393, ""scale"": 0.25, ""smooth"": ""none"", ""threshold"": 0.6666666666666666}"
sleep,gru,density_custom,0,objective_e20_bs32_eval5,experiments/sleep/gru/density_custom/seed_0_objective_e20_bs32_eval5,0.8333333333333333,none,0.25,0.2393167939518393,0.0,0.0,0.0,0.4320386560371119,0.0,0.7606832060481608,0.20037297345967728,0.0,0.2393167939518393,-9578,9578,269,12482208,"{""initial_prob"": 0.2393167939518393, ""scale"": 0.25, ""smooth"": ""none"", ""threshold"": 0.8333333333333333}"
sleep,gru,density_custom,0,objective_e20_bs32_eval5,experiments/sleep/gru/density_custom/seed_0_objective_e20_bs32_eval5,1.0,none,0.25,0.2393167939518393,0.0,0.0,0.0,0.4320386560371119,0.0,0.7606832060481608,0.20037297345967728,0.0,0.2393167939518393,-9578,9578,269,12482208,"{""initial_prob"": 0.2393167939518393, ""scale"": 0.25, ""smooth"": ""none"", ""threshold"": 1.0}"
sleep,gru,density_custom,0,objective_e20_bs32_eval5,experiments/sleep/gru/density_custom/seed_0_objective_e20_bs32_eval5,0.0,none,0.25,1.0,0.2393167939518393,1.0,0.3862076187779625,0.19310380938898125,0.2393167939518393,0.2393167939518393,0.24781970470443063,1.0,0.2393167939518393,-9578,9578,269,12482208,"{""initial_prob"": 1.0, ""scale"": 0.25, ""smooth"": ""none"", ""threshold"": 0.0}"
sleep,gru,density_custom,0,objective_e20_bs32_eval5,experiments/sleep/gru/density_custom/seed_0_objective_e20_bs32_eval5,0.16666666666666666,none,0.25,1.0,0.2393167939518393,1.0,0.3862076187779625,0.19310380938898125,0.2393167939518393,0.2393167939518393,0.24781970470443063,1.0,0.2393167939518393,-9578,9578,269,12482208,"{""initial_prob"": 1.0, ""scale"": 0.25, ""smooth"": ""none"", ""threshold"": 0.16666666666666666}"
sleep,gru,density_custom,0,objective_e20_bs32_eval5,experiments/sleep/gru/density_custom/seed_0_objective_e20_bs32_eval5,0.3333333333333333,none,0.25,1.0,0.24047603790554142,1.0,0.3877157326014434,0.2001551848854723,0.24047603790554142,0.24413741543162876,0.24781970470443063,0.9951793785202105,0.2393167939518393,-9550,9550,269,12482208,"{""initial_prob"": 1.0, ""scale"": 0.25, ""smooth"": ""none"", ""threshold"": 0.3333333333333333}"
sleep,gru,density_custom,0,objective_e20_bs32_eval5,experiments/sleep/gru/density_custom/seed_0_objective_e20_bs32_eval5,0.5,none,0.25,1.0,0.4587094199565281,0.9527467509729841,0.6192667098071863,0.6986959963659434,0.44850567028821925,0.7196350197016426,0.24781970470443063,0.49706478212829014,0.2393167939518393,-2434,2434,269,12482208,"{""initial_prob"": 1.0, ""scale"": 0.25, ""smooth"": ""none"", ""threshold"": 0.5}"
sleep,gru,density_custom,0,objective_e20_bs32_eval5,experiments/sleep/gru/density_custom/seed_0_objective_e20_bs32_eval5,0.6666666666666666,none,0.25,1.0,0.3812001869463743,0.17447464215677413,0.2393837644757453,0.5393410647672855,0.1359658962842999,0.7346577624727932,0.24781970470443063,0.10953486754907465,0.2393167939518393,-8650,8650,269,12482208,"{""initial_prob"": 1.0, ""scale"": 0.25, ""smooth"": ""none"", ""threshold"": 0.6666666666666666}"
sleep,gru,density_custom,0,objective_e20_bs32_eval5,experiments/sleep/gru/density_custom/seed_0_objective_e20_bs32_eval5,0.8333333333333333,none,0.25,1.0,0.3962186735815923,0.06465448268982145,0.11116860691004851,0.48372735536168526,0.058855759871815266,0.7525775888368468,0.24781970470443063,0.03905142423519942,0.2393167939518393,-9209,9209,269,12482208,"{""initial_prob"": 1.0, ""scale"": 0.25, ""smooth"": ""none"", ""threshold"": 0.8333333333333333}"
sleep,gru,density_custom,0,objective_e20_bs32_eval5,experiments/sleep/gru/density_custom/seed_0_objective_e20_bs32_eval5,1.0,none,0.25,1.0,0.0,0.0,0.0,0.4320386560371119,0.0,0.7606832060481608,0.24781970470443063,0.0,0.2393167939518393,-9578,9578,269,12482208,"{""initial_prob"": 1.0, ""scale"": 0.25, ""smooth"": ""none"", ""threshold"": 1.0}"
sleep,gru,density_custom,0,objective_e20_bs32_eval5,experiments/sleep/gru/density_custom/seed_0_objective_e20_bs32_eval5,0.0,none,1.0,0.0,0.2393167939518393,1.0,0.3862076187779625,0.19310380938898125,0.2393167939518393,0.2393167939518393,0.12919313708499264,1.0,0.2393167939518393,-9578,9578,269,12482208,"{""initial_prob"": 0.0, ""scale"": 1.0, ""smooth"": ""none"", ""threshold"": 0.0}"
sleep,gru,density_custom,0,objective_e20_bs32_eval5,experiments/sleep/gru/density_custom/seed_0_objective_e20_bs32_eval5,0.16666666666666666,none,1.0,0.0,0.24370706917049853,0.9996806376000016,0.39187976038267175,0.2193692413185187,0.24368809665372054,0.25749210396109407,0.12919313708499264,0.9816718324193925,0.2393167939518393,-9263,9263,269,12482208,"{""initial_prob"": 0.0, ""scale"": 1.0, ""smooth"": ""none"", ""threshold"": 0.16666666666666666}"
sleep,gru,density_custom,0,objective_e20_bs32_eval5,experiments/sleep/gru/density_custom/seed_0_objective_e20_bs32_eval5,0.3333333333333333,none,1.0,0.0,0.4278347933116916,0.9948885277928978,0.5983565762118503,0.6664576226760108,0.4268964317577311,0.6803621602844625,0.12919313708499264,0.5565081113854216,0.2393167939518393,-377,377,269,12482208,"{""initial_prob"": 0.0, ""scale"": 1.0, ""smooth"": ""none"", ""threshold"": 0.3333333333333333}"
sleep,gru,density_custom,0,objective_e20_bs32_eval5,experiments/sleep/gru/density_custom/seed_0_objective_e20_bs32_eval5,0.5,none,1.0,0.0,0.7450869742216466,0.9582532416622646,0.8383316517865642,0.8887270472535553,0.7216617833100637,0.91155106532434,0.12919313708499264,0.3077843279009611,0.2393167939518393,904,904,269,12482208,"{""initial_prob"": 0.0, ""scale"": 1.0, ""smooth"": ""none"", ""threshold"": 0.5}"
sleep,gru,density_custom,0,objective_e20_bs32_eval5,experiments/sleep/gru/density_custom/seed_0_objective_e20_bs32_eval5,0.6666666666666666,none,1.0,0.0,0.8764832985460344,0.7024516587763399,0.7798765162531185,0.8596942589642185,0.6391783509142803,0.9051013250219833,0.12919313708499264,0.19179883879518753,0.2393167939518393,-1667,1667,269,12482208,"{""initial_prob"": 0.0, ""scale"": 1.0, ""smooth"": ""none"", ""threshold"": 0.6666666666666666}"
sleep,gru,density_custom,0,objective_e20_bs32_eval5,experiments/sleep/gru/density_custom/seed_0_objective_e20_bs32_eval5,0.8333333333333333,none,1.0,0.0,0.5819777647747221,0.0016647685693836573,0.003320040043434909,0.4337041279283002,0.0016627802702577994,0.7607954458057421,0.12919313708499264,0.000684574395812023,0.2393167939518393,-9550,9550,269,12482208,"{""initial_prob"": 0.0, ""scale"": 1.0, ""smooth"": ""none"", ""threshold"": 0.8333333333333333}"
sleep,gru,density_custom,0,objective_e20_bs32_eval5,experiments/sleep/gru/density_custom/seed_0_objective_e20_bs32_eval5,1.0,none,1.0,0.0,0.0,0.0,0.0,0.4320386560371119,0.0,0.7606832060481608,0.12919313708499264,0.0,0.2393167939518393,-9578,9578,269,12482208,"{""initial_prob"": 0.0, ""scale"": 1.0, ""smooth"": ""none"", ""threshold"": 1.0}"
sleep,gru,density_custom,0,objective_e20_bs32_eval5,experiments/sleep/gru/density_custom/seed_0_objective_e20_bs32_eval5,0.0,none,1.0,0.2393167939518393,0.2393167939518393,1.0,0.3862076187779625,0.19310380938898125,0.2393167939518393,0.2393167939518393,0.13010946849893745,1.0,0.2393167939518393,-9578,9578,269,12482208,"{""initial_prob"": 0.2393167939518393, ""scale"": 1.0, ""smooth"": ""none"", ""threshold"": 0.0}"
sleep,gru,density_custom,0,objective_e20_bs32_eval5,experiments/sleep/gru/density_custom/seed_0_objective_e20_bs32_eval5,0.16666666666666666,none,1.0,0.2393167939518393,0.23985780052021616,1.0,0.3869117900771803,0.19641226666313494,0.23985780052021616,0.24157232438363468,0.13010946849893745,0.9977444695682046,0.2393167939518393,-9474,9474,269,12482208,"{""initial_prob"": 0.2393167939518393, ""scale"": 1.0, ""smooth"": ""none"", ""threshold"": 0.16666666666666666}"
sleep,gru,density_custom,0,objective_e20_bs32_eval5,experiments/sleep/gru/density_custom/seed_0_objective_e20_bs32_eval5,0.3333333333333333,none,1.0,0.2393167939518393,0.42362314254474837,0.9962342687237087,0.5944651741479873,0.6614567992357654,0.42294588736898203,0.6747132398370544,0.13010946849893745,0.5628011486429324,0.2393167939518393,-415,415,269,12482208,"{""initial_prob"": 0.2393167939518393, ""scale"": 1.0, ""smooth"": ""none"", ""threshold"": 0.3333333333333333}"
sleep,gru,density_custom,0,objective_e20_bs32_eval5,experiments/sleep/gru/density_custom/seed_0_objective_e20_bs32_eval5,0.5,none,1.0,0.2393167939518393,0.7448010448861359,0.9640245286391748,0.8403508085908068,0.8899674020266973,0.7246595046296902,0.912340829442996,0.13010946849893745,0.30975689557488545,0.2393167939518393,966,966,269,12482208,"{""initial_prob"": 0.2393167939518393, ""scale"": 1.0, ""smooth"": ""none"", ""threshold"": 0.5}"
sleep,gru,density_custom,0,objective_e20_bs32_eval5,experiments/sleep/gru/density_custom/seed_0_objective_e20_bs32_eval5,0.6666666666666666,none,1.0,0.2393167939518393,0.878422034885144,0.7328376186143422,0.7990527296894161,0.8712725864306148,0.6653520512043533,0.9117900454791332,0.13010946849893745,0.19965385931719773,0.2393167939518393,-1341,1341,269,12482208,"{""initial_prob"": 0.2393167939518393, ""scale"": 1.0, ""smooth"": ""none"", ""threshold"": 0.6666666666666666}"
sleep,gru,density_custom,0,objective_e20_bs32_eval5,experiments/sleep/gru/density_custom/seed_0_objective_e20_bs32_eval5,0.8333333333333333,none,1.0,0.2393167939518393,0.5847565934704311,0.0016848542549181475,0.0033600272914595026,0.4337252498320751,0.0016828408413067377,0.7608000924195463,0.13010946849893745,0.0006895414657406766,0.2393167939518393,-9550,9550,269,12482208,"{""initial_prob"": 0.2393167939518393, ""scale"": 1.0, ""smooth"": ""none"", ""threshold"": 0.8333333333333333}"
sleep,gru,density_custom,0,objective_e20_bs32_eval5,experiments/sleep/gru/density_custom/seed_0_objective_e20_bs32_eval5,1.0,none,1.0,0.2393167939518393,0.0,0.0,0.0,0.4320386560371119,0.0,0.7606832060481608,0.13010946849893745,0.0,0.2393167939518393,-9578,9578,269,12482208,"{""initial_prob"": 0.2393167939518393, ""scale"": 1.0, ""smooth"": ""none"", ""threshold"": 1.0}"
sleep,gru,density_custom,0,objective_e20_bs32_eval5,experiments/sleep/gru/density_custom/seed_0_objective_e20_bs32_eval5,0.0,none,1.0,1.0,0.2393167939518393,1.0,0.3862076187779625,0.19310380938898125,0.2393167939518393,0.2393167939518393,0.14514272334381562,1.0,0.2393167939518393,-9578,9578,269,12482208,"{""initial_prob"": 1.0, ""scale"": 1.0, ""smooth"": ""none"", ""threshold"": 0.0}"
sleep,gru,density_custom,0,objective_e20_bs32_eval5,experiments/sleep/gru/density_custom/seed_0_objective_e20_bs32_eval5,0.16666666666666666,none,1.0,1.0,0.2394167058921781,1.0,0.3863377099146603,0.1937171583378326,0.2394167058921781,0.23973410793987732,0.14514272334381562,0.999582686011962,0.2393167939518393,-9558,9558,269,12482208,"{""initial_prob"": 1.0, ""scale"": 1.0, ""smooth"": ""none"", ""threshold"": 0.16666666666666666}"
sleep,gru,density_custom,0,objective_e20_bs32_eval5,experiments/sleep/gru/density_custom/seed_0_objective_e20_bs32_eval5,0.3333333333333333,none,1.0,1.0,0.3971815826589711,0.9969188558390092,0.5680477503777529,0.6276280839023795,0.3966946178041939,0.6371610695799974,0.14514272334381562,0.6006809852872184,0.2393167939518393,-1124,1124,269,12482208,"{""initial_prob"": 1.0, ""scale"": 1.0, ""smooth"": ""none"", ""threshold"": 0.3333333333333333}"
sleep,gru,density_custom,0,objective_e20_bs32_eval5,experiments/sleep/gru/density_custom/seed_0_objective_e20_bs32_eval5,0.5,none,1.0,1.0,0.6924766343386287,0.9676851448278355,0.807269942723669,0.8648699027510713,0.6768253535650114,0.8894222079939703,0.14514272334381562,0.3344276108842282,0.2393167939518393,657,657,269,12482208,"{""initial_prob"": 1.0, ""scale"": 1.0, ""smooth"": ""none"", ""threshold"": 0.5}"
sleep,gru,density_custom,0,objective_e20_bs32_eval5,experiments/sleep/gru/density_custom/seed_0_objective_e20_bs32_eval5,0.6666666666666666,none,1.0,1.0,0.8134499474958807,0.7655247284917458,0.7887600221440015,0.8624261444187189,0.6512004528947074,0.9018718483140162,0.14514272334381562,0.22521720516113816,0.2393167939518393,-1230,1230,269,12482208,"{""initial_prob"": 1.0, ""scale"": 1.0, ""smooth"": ""none"", ""threshold"": 0.6666666666666666}"
sleep,gru,density_custom,0,objective_e20_bs32_eval5,experiments/sleep/gru/density_custom/seed_0_objective_e20_bs32_eval5,0.8333333333333333,none,1.0,1.0,0.45292193109126805,0.04861371946055205,0.08780320869065479,0.47423709534397834,0.045917454254555574,0.7582646435630619,0.14514272334381562,0.0256867214518457,0.2393167939518393,-9157,9157,269,12482208,"{""initial_prob"": 1.0, ""scale"": 1.0, ""smooth"": ""none"", ""threshold"": 0.8333333333333333}"
sleep,gru,density_custom,0,objective_e20_bs32_eval5,experiments/sleep/gru/density_custom/seed_0_objective_e20_bs32_eval5,1.0,none,1.0,1.0,0.0,0.0,0.0,0.4320386560371119,0.0,0.7606832060481608,0.14514272334381562,0.0,0.2393167939518393,-9578,9578,269,12482208,"{""initial_prob"": 1.0, ""scale"": 1.0, ""smooth"": ""none"", ""threshold"": 1.0}"
sleep,gru,density_custom,0,objective_e20_bs32_eval5,experiments/sleep/gru/density_custom/seed_0_objective_e20_bs32_eval5,0.0,none,4.0,0.0,0.2393167939518393,1.0,0.3862076187779625,0.19310380938898125,0.2393167939518393,0.2393167939518393,0.08855328270955104,1.0,0.2393167939518393,-9578,9578,269,12482208,"{""initial_prob"": 0.0, ""scale"": 4.0, ""smooth"": ""none"", ""threshold"": 0.0}"
sleep,gru,density_custom,0,objective_e20_bs32_eval5,experiments/sleep/gru/density_custom/seed_0_objective_e20_bs32_eval5,0.16666666666666666,none,4.0,0.0,0.4386889385623656,0.9902725024956465,0.6080242342797777,0.678830148332741,0.43680662354432565,0.6944401984007957,0.08855328270955104,0.5402206885192107,0.2393167939518393,1345,1345,269,12482208,"{""initial_prob"": 0.0, ""scale"": 4.0, ""smooth"": ""none"", ""threshold"": 0.16666666666666666}"
sleep,gru,density_custom,0,objective_e20_bs32_eval5,experiments/sleep/gru/density_custom/seed_0_objective_e20_bs32_eval5,0.3333333333333333,none,4.0,0.0,0.540226198142067,0.9753819795246522,0.6953339343234357,0.7706855501753467,0.5329593162698337,0.79544572562803,0.08855328270955104,0.4320880568566074,0.2393167939518393,1690,1690,269,12482208,"{""initial_prob"": 0.0, ""scale"": 4.0, ""smooth"": ""none"", ""threshold"": 0.3333333333333333}"
sleep,gru,density_custom,0,objective_e20_bs32_eval5,experiments/sleep/gru/density_custom/seed_0_objective_e20_bs32_eval5,0.5,none,4.0,0.0,0.6869712408669285,0.9603997319230504,0.8009938337690454,0.8604555878501879,0.668048135471187,0.8857930423848088,0.08855328270955104,0.33456973317541255,0.2393167939518393,1756,1756,269,12482208,"{""initial_prob"": 0.0, ""scale"": 4.0, ""smooth"": ""none"", ""threshold"": 0.5}"
sleep,gru,density_custom,0,objective_e20_bs32_eval5,experiments/sleep/gru/density_custom/seed_0_objective_e20_bs32_eval5,0.6666666666666666,none,4.0,0.0,0.8011555201854682,0.938889971284165,0.8645715149731895,0.9085080605444382,0.761449555277605,0.9296074059974004,0.08855328270955104,0.28046007565328185,0.2393167939518393,1522,1522,269,12482208,"{""initial_prob"": 0.0, ""scale"": 4.0, ""smooth"": ""none"", ""threshold"": 0.6666666666666666}"
sleep,gru,density_custom,0,objective_e20_bs32_eval5,experiments/sleep/gru/density_custom/seed_0_objective_e20_bs32_eval5,0.8333333333333333,none,4.0,0.0,0.8866790728470177,0.8876416794043389,0.887160115008464,0.9258172406710994,0.7972037370094904,0.9459617240795859,0.08855328270955104,0.2395766037547203,0.2393167939518393,860,860,269,12482208,"{""initial_prob"": 0.0, ""scale"": 4.0, ""smooth"": ""none"", ""threshold"": 0.8333333333333333}"
sleep,gru,density_custom,0,objective_e20_bs32_eval5,experiments/sleep/gru/density_custom/seed_0_objective_e20_bs32_eval5,1.0,none,4.0,0.0,0.0,0.0,0.0,0.4320386560371119,0.0,0.7606832060481608,0.08855328270955104,0.0,0.2393167939518393,-9578,9578,269,12482208,"{""initial_prob"": 0.0, ""scale"": 4.0, ""smooth"": ""none"", ""threshold"": 1.0}"
sleep,gru,density_custom,0,objective_e20_bs32_eval5,experiments/sleep/gru/density_custom/seed_0_objective_e20_bs32_eval5,0.0,none,4.0,0.2393167939518393,0.2393167939518393,1.0,0.3862076187779625,0.19310380938898125,0.2393167939518393,0.2393167939518393,0.08931771009564585,1.0,0.2393167939518393,-9578,9578,269,12482208,"{""initial_prob"": 0.2393167939518393, ""scale"": 4.0, ""smooth"": ""none"", ""threshold"": 0.0}"
sleep,gru,density_custom,0,objective_e20_bs32_eval5,experiments/sleep/gru/density_custom/seed_0_objective_e20_bs32_eval5,0.16666666666666666,none,4.0,0.2393167939518393,0.43133890673553604,0.9904623122239473,0.6009629549060094,0.6705309467921944,0.42955471194519745,0.6852203552448413,0.08931771009564585,0.5495313809864408,0.2393167939518393,1274,1274,269,12482208,"{""initial_prob"": 0.2393167939518393, ""scale"": 4.0, ""smooth"": ""none"", ""threshold"": 0.16666666666666666}"
sleep,gru,density_custom,0,objective_e20_bs32_eval5,experiments/sleep/gru/density_custom/seed_0_objective_e20_bs32_eval5,0.3333333333333333,none,4.0,0.2393167939518393,0.5386079945817492,0.9754265027942536,0.6940033578395122,0.769455360407743,0.531397505503103,0.794149080034558,0.08931771009564585,0.4334060127823539,0.2393167939518393,1698,1698,269,12482208,"{""initial_prob"": 0.2393167939518393, ""scale"": 4.0, ""smooth"": ""none"", ""threshold"": 0.3333333333333333}"
sleep,gru,density_custom,0,objective_e20_bs32_eval5,experiments/sleep/gru/density_custom/seed_0_objective_e20_bs32_eval5,0.5,none,4.0,0.2393167939518393,0.6854327047009224,0.9604479375683331,0.7999637527351001,0.8596577287329066,0.6666163247638248,0.8850483023516352,0.08931771009564585,0.3353375460495451,0.2393167939518393,1762,1762,269,12482208,"{""initial_prob"": 0.2393167939518393, ""scale"": 4.0, ""smooth"": ""none"", ""threshold"": 0.5}"
sleep,gru,density_custom,0,objective_e20_bs32_eval5,experiments/sleep/gru/density_custom/seed_0_objective_e20_bs32_eval5,0.6666666666666666,none,4.0,0.2393167939518393,0.8008775540614065,0.9392036427399285,0.8645425484118878,0.9084766773689072,0.7614046190834294,0.9295664677275046,0.08931771009564585,0.2806511476174728,0.2393167939518393,1534,1534,269,12482208,"{""initial_prob"": 0.2393167939518393, ""scale"": 4.0, ""smooth"": ""none"", ""threshold"": 0.6666666666666666}"
sleep,gru,density_custom,0,objective_e20_bs32_eval5,experiments/sleep/gru/density_custom/seed_0_objective_e20_bs32_eval5,0.8333333333333333,none,4.0,0.2393167939518393,0.8864906046222552,0.8881207230043365,0.8873049151181032,0.9259036539154091,0.7974376153663725,0.9460107538666236,0.08931771009564585,0.23975686032471177,0.2393167939518393,862,862,269,12482208,"{""initial_prob"": 0.2393167939518393, ""scale"": 4.0, ""smooth"": ""none"", ""threshold"": 0.8333333333333333}"
sleep,gru,density_custom,0,objective_e20_bs32_eval5,experiments/sleep/gru/density_custom/seed_0_objective_e20_bs32_eval5,1.0,none,4.0,0.2393167939518393,0.0,0.0,0.0,0.4320386560371119,0.0,0.7606832060481608,0.08931771009564585,0.0,0.2393167939518393,-9578,9578,269,12482208,"{""initial_prob"": 0.2393167939518393, ""scale"": 4.0, ""smooth"": ""none"", ""threshold"": 1.0}"
sleep,gru,density_custom,0,objective_e20_bs32_eval5,experiments/sleep/gru/density_custom/seed_0_objective_e20_bs32_eval5,0.0,none,4.0,1.0,0.2393167939518393,1.0,0.3862076187779625,0.19310380938898125,0.2393167939518393,0.2393167939518393,0.09779944315839767,1.0,0.2393167939518393,-9578,9578,269,12482208,"{""initial_prob"": 1.0, ""scale"": 4.0, ""smooth"": ""none"", ""threshold"": 0.0}"
sleep,gru,density_custom,0,objective_e20_bs32_eval5,experiments/sleep/gru/density_custom/seed_0_objective_e20_bs32_eval5,0.16666666666666666,none,4.0,1.0,0.4285846305425284,0.9905031531178675,0.5982919912610872,0.6673494161671243,0.4268306862278386,0.6816855639643242,0.09779944315839767,0.5530857200905481,0.2393167939518393,1112,1112,269,12482208,"{""initial_prob"": 1.0, ""scale"": 4.0, ""smooth"": ""none"", ""threshold"": 0.16666666666666666}"
sleep,gru,density_custom,0,objective_e20_bs32_eval5,experiments/sleep/gru/density_custom/seed_0_objective_e20_bs32_eval5,0.3333333333333333,none,4.0,1.0,0.5246642333243565,0.9756738914877534,0.6823811056805876,0.7585833011537624,0.5178895875146485,0.7826362130802499,0.09779944315839767,0.44503728827463856,0.2393167939518393,1521,1521,269,12482208,"{""initial_prob"": 1.0, ""scale"": 4.0, ""smooth"": ""none"", ""threshold"": 0.3333333333333333}"
sleep,gru,density_custom,0,objective_e20_bs32_eval5,experiments/sleep/gru/density_custom/seed_0_objective_e20_bs32_eval5,0.5,none,4.0,1.0,0.6613638903771814,0.960744870952818,0.7834270804286884,0.846732023540117,0.643962287689872,0.872879141254496,0.09779944315839767,0.3476488294378687,0.2393167939518393,1633,1633,269,12482208,"{""initial_prob"": 1.0, ""scale"": 4.0, ""smooth"": ""none"", ""threshold"": 0.5}"
sleep,gru,density_custom,0,objective_e20_bs32_eval5,experiments/sleep/gru/density_custom/seed_0_objective_e20_bs32_eval5,0.6666666666666666,none,4.0,1.0,0.7716485777913273,0.9396806777713727,0.8474152548065333,0.8961481107374334,0.7352303232716227,0.919016170856951,0.09779944315839767,0.2914297694766823,0.2393167939518393,1485,1485,269,12482208,"{""initial_prob"": 1.0, ""scale"": 4.0, ""smooth"": ""none"", ""threshold"": 0.6666666666666666}"
sleep,gru,density_custom,0,objective_e20_bs32_eval5,experiments/sleep/gru/density_custom/seed_0_objective_e20_bs32_eval5,0.8333333333333333,none,4.0,1.0,0.8571969260642762,0.8893409284005568,0.8729731315004335,0.9160093116774193,0.7745805853436664,0.9380607181037202,0.09779944315839767,0.2482909273743876,0.2393167939518393,885,885,269,12482208,"{""initial_prob"": 1.0, ""scale"": 4.0, ""smooth"": ""none"", ""threshold"": 0.8333333333333333}"
sleep,gru,density_custom,0,objective_e20_bs32_eval5,experiments/sleep/gru/density_custom/seed_0_objective_e20_bs32_eval5,1.0,none,4.0,1.0,0.0,0.0,0.0,0.4320386560371119,0.0,0.7606832060481608,0.09779944315839767,0.0,0.2393167939518393,-9578,9578,269,12482208,"{""initial_prob"": 1.0, ""scale"": 4.0, ""smooth"": ""none"", ""threshold"": 1.0}"
sleep,gru,density_custom,1,objective_e20_bs32_eval5,experiments/sleep/gru/density_custom/seed_1_objective_e20_bs32_eval5,0.0,none,0.25,0.0,0.2393167939518393,1.0,0.3862076187779625,0.19310380938898125,0.2393167939518393,0.2393167939518393,0.20163770672304684,1.0,0.2393167939518393,-9578,9578,269,12482208,"{""initial_prob"": 0.0, ""scale"": 0.25, ""smooth"": ""none"", ""threshold"": 0.0}"
sleep,gru,density_custom,1,objective_e20_bs32_eval5,experiments/sleep/gru/density_custom/seed_1_objective_e20_bs32_eval5,0.16666666666666666,none,0.25,0.0,0.24579343600609418,0.9911900835631471,0.39390664874661047,0.2382038312466947,0.24525762991248742,0.2700277867505493,0.20163770672304684,0.9650722852879875,0.2393167939518393,-9087,9087,269,12482208,"{""initial_prob"": 0.0, ""scale"": 0.25, ""smooth"": ""none"", ""threshold"": 0.16666666666666666}"
sleep,gru,density_custom,1,objective_e20_bs32_eval5,experiments/sleep/gru/density_custom/seed_1_objective_e20_bs32_eval5,0.3333333333333333,none,0.25,0.0,0.25088910658597235,0.919152102870847,0.3941831245635201,0.3146303398965272,0.24547202772195084,0.323864255426604,0.20163770672304684,0.8767560194478413,0.2393167939518393,-8663,8663,269,12482208,"{""initial_prob"": 0.0, ""scale"": 0.25, ""smooth"": ""none"", ""threshold"": 0.3333333333333333}"
sleep,gru,density_custom,1,objective_e20_bs32_eval5,experiments/sleep/gru/density_custom/seed_1_objective_e20_bs32_eval5,0.5,none,0.25,0.0,0.6476840595383496,0.6880736555479007,0.6672682230517835,0.7791274790652045,0.5006770563989563,0.8357777726504798,0.20163770672304684,0.2542405958945725,0.2393167939518393,-2281,2281,269,12482208,"{""initial_prob"": 0.0, ""scale"": 0.25, ""smooth"": ""none"", ""threshold"": 0.5}"
sleep,gru,density_custom,1,objective_e20_bs32_eval5,experiments/sleep/gru/density_custom/seed_1_objective_e20_bs32_eval5,0.6666666666666666,none,0.25,0.0,0.10281253871887003,0.001388925154709993,0.0027408237070350784,0.43255338111999275,0.001372292459370353,0.7581149905529535,0.20163770672304684,0.0032330017253357738,0.2393167939518393,-9548,9548,269,12482208,"{""initial_prob"": 0.0, ""scale"": 0.25, ""smooth"": ""none"", ""threshold"": 0.6666666666666666}"
sleep,gru,density_custom,1,objective_e20_bs32_eval5,experiments/sleep/gru/density_custom/seed_1_objective_e20_bs32_eval5,0.8333333333333333,none,0.25,0.0,0.0,0.0,0.0,0.4320386560371119,0.0,0.7606832060481608,0.20163770672304684,0.0,0.2393167939518393,-9578,9578,269,12482208,"{""initial_prob"": 0.0, ""scale"": 0.25, ""smooth"": ""none"", ""threshold"": 0.8333333333333333}"
sleep,gru,density_custom,1,objective_e20_bs32_eval5,experiments/sleep/gru/density_custom/seed_1_objective_e20_bs32_eval5,1.0,none,0.25,0.0,0.0,0.0,0.0,0.4320386560371119,0.0,0.7606832060481608,0.20163770672304684,0.0,0.2393167939518393,-9578,9578,269,12482208,"{""initial_prob"": 0.0, ""scale"": 0.25, ""smooth"": ""none"", ""threshold"": 1.0}"
sleep,gru,density_custom,1,objective_e20_bs32_eval5,experiments/sleep/gru/density_custom/seed_1_objective_e20_bs32_eval5,0.0,none,0.25,0.2393167939518393,0.2393167939518393,1.0,0.3862076187779625,0.19310380938898125,0.2393167939518393,0.2393167939518393,0.2044187412488663,1.0,0.2393167939518393,-9578,9578,269,12482208,"{""initial_prob"": 0.2393167939518393, ""scale"": 0.25, ""smooth"": ""none"", ""threshold"": 0.0}"
sleep,gru,density_custom,1,objective_e20_bs32_eval5,experiments/sleep/gru/density_custom/seed_1_objective_e20_bs32_eval5,0.16666666666666666,none,0.25,0.2393167939518393,0.2393167939518393,1.0,0.3862076187779625,0.19310380938898125,0.2393167939518393,0.2393167939518393,0.2044187412488663,1.0,0.2393167939518393,-9578,9578,269,12482208,"{""initial_prob"": 0.2393167939518393, ""scale"": 0.25, ""smooth"": ""none"", ""threshold"": 0.16666666666666666}"
sleep,gru,density_custom,1,objective_e20_bs32_eval5,experiments/sleep/gru/density_custom/seed_1_objective_e20_bs32_eval5,0.3333333333333333,none,0.25,0.2393167939518393,0.251187623236254,0.995904863480943,0.4011875274555039,0.26240417051207277,0.25092844492075894,0.2885171437617447,0.2044187412488663,0.9488395803050229,0.2393167939518393,-8713,8713,269,12482208,"{""initial_prob"": 0.2393167939518393, ""scale"": 0.25, ""smooth"": ""none"", ""threshold"": 0.3333333333333333}"
sleep,gru,density_custom,1,objective_e20_bs32_eval5,experiments/sleep/gru/density_custom/seed_1_objective_e20_bs32_eval5,0.5,none,0.25,0.2393167939518393,0.6431859904240944,0.7625999179164985,0.6978211697703542,0.7954013812917442,0.5358873555387855,0.8419407848355035,0.2044187412488663,0.2837483560600817,0.2393167939518393,-1511,1511,269,12482208,"{""initial_prob"": 0.2393167939518393, ""scale"": 0.25, ""smooth"": ""none"", ""threshold"": 0.5}"
sleep,gru,density_custom,1,objective_e20_bs32_eval5,experiments/sleep/gru/density_custom/seed_1_objective_e20_bs32_eval5,0.6666666666666666,none,0.25,0.2393167939518393,0.11803490328976185,0.0017139784989431582,0.003378892284279671,0.432838314440924,0.001692305200632367,0.7580284673993576,0.2044187412488663,0.0034751063273420857,0.2393167939518393,-9542,9542,269,12482208,"{""initial_prob"": 0.2393167939518393, ""scale"": 0.25, ""smooth"": ""none"", ""threshold"": 0.6666666666666666}"
sleep,gru,density_custom,1,objective_e20_bs32_eval5,experiments/sleep/gru/density_custom/seed_1_objective_e20_bs32_eval5,0.8333333333333333,none,0.25,0.2393167939518393,0.0,0.0,0.0,0.4320386560371119,0.0,0.7606832060481608,0.2044187412488663,0.0,0.2393167939518393,-9578,9578,269,12482208,"{""initial_prob"": 0.2393167939518393, ""scale"": 0.25, ""smooth"": ""none"", ""threshold"": 0.8333333333333333}"
sleep,gru,density_custom,1,objective_e20_bs32_eval5,experiments/sleep/gru/density_custom/seed_1_objective_e20_bs32_eval5,1.0,none,0.25,0.2393167939518393,0.0,0.0,0.0,0.4320386560371119,0.0,0.7606832060481608,0.2044187412488663,0.0,0.2393167939518393,-9578,9578,269,12482208,"{""initial_prob"": 0.2393167939518393, ""scale"": 0.25, ""smooth"": ""none"", ""threshold"": 1.0}"
sleep,gru,density_custom,1,objective_e20_bs32_eval5,experiments/sleep/gru/density_custom/seed_1_objective_e20_bs32_eval5,0.0,none,0.25,1.0,0.2393167939518393,1.0,0.3862076187779625,0.19310380938898125,0.2393167939518393,0.2393167939518393,0.2510535801280672,1.0,0.2393167939518393,-9578,9578,269,12482208,"{""initial_prob"": 1.0, ""scale"": 0.25, ""smooth"": ""none"", ""threshold"": 0.0}"
sleep,gru,density_custom,1,objective_e20_bs32_eval5,experiments/sleep/gru/density_custom/seed_1_objective_e20_bs32_eval5,0.16666666666666666,none,0.25,1.0,0.2393167939518393,1.0,0.3862076187779625,0.19310380938898125,0.2393167939518393,0.2393167939518393,0.2510535801280672,1.0,0.2393167939518393,-9578,9578,269,12482208,"{""initial_prob"": 1.0, ""scale"": 0.25, ""smooth"": ""none"", ""threshold"": 0.16666666666666666}"
sleep,gru,density_custom,1,objective_e20_bs32_eval5,experiments/sleep/gru/density_custom/seed_1_objective_e20_bs32_eval5,0.3333333333333333,none,0.25,1.0,0.23988276332038252,1.0,0.38694426669499143,0.1965641734598129,0.23988276332038252,0.24167615216794977,0.2510535801280672,0.9976406417838896,0.2393167939518393,-9566,9566,269,12482208,"{""initial_prob"": 1.0, ""scale"": 0.25, ""smooth"": ""none"", ""threshold"": 0.3333333333333333}"
sleep,gru,density_custom,1,objective_e20_bs32_eval5,experiments/sleep/gru/density_custom/seed_1_objective_e20_bs32_eval5,0.5,none,0.25,1.0,0.43777584114136087,0.9521304551885008,0.599781024083555,0.6772913425700345,0.428348018702573,0.6959082880208374,0.2510535801280672,0.5204965339465581,0.2393167939518393,-2279,2279,269,12482208,"{""initial_prob"": 1.0, ""scale"": 0.25, ""smooth"": ""none"", ""threshold"": 0.5}"
sleep,gru,density_custom,1,objective_e20_bs32_eval5,experiments/sleep/gru/density_custom/seed_1_objective_e20_bs32_eval5,0.6666666666666666,none,0.25,1.0,0.37958162751890423,0.17552144113454665,0.24004448201639603,0.5394268421840918,0.1363923573997012,0.7340317514337207,0.2510535801280672,0.11066191173869239,0.2393167939518393,-8676,8676,269,12482208,"{""initial_prob"": 1.0, ""scale"": 0.25, ""smooth"": ""none"", ""threshold"": 0.6666666666666666}"
sleep,gru,density_custom,1,objective_e20_bs32_eval5,experiments/sleep/gru/density_custom/seed_1_objective_e20_bs32_eval5,0.8333333333333333,none,0.25,1.0,0.39943437643575475,0.06548368674097031,0.11252062525327682,0.48445804201232884,0.059614227714872764,0.7527920540981211,0.2510535801280672,0.03923384388403078,0.2393167939518393,-9193,9193,269,12482208,"{""initial_prob"": 1.0, ""scale"": 0.25, ""smooth"": ""none"", ""threshold"": 0.8333333333333333}"
sleep,gru,density_custom,1,objective_e20_bs32_eval5,experiments/sleep/gru/density_custom/seed_1_objective_e20_bs32_eval5,1.0,none,0.25,1.0,0.0,0.0,0.0,0.4320386560371119,0.0,0.7606832060481608,0.2510535801280672,0.0,0.2393167939518393,-9578,9578,269,12482208,"{""initial_prob"": 1.0, ""scale"": 0.25, ""smooth"": ""none"", ""threshold"": 1.0}"
sleep,gru,density_custom,1,objective_e20_bs32_eval5,experiments/sleep/gru/density_custom/seed_1_objective_e20_bs32_eval5,0.0,none,1.0,0.0,0.2393167939518393,1.0,0.3862076187779625,0.19310380938898125,0.2393167939518393,0.2393167939518393,0.13591725673444302,1.0,0.2393167939518393,-9578,9578,269,12482208,"{""initial_prob"": 0.0, ""scale"": 1.0, ""smooth"": ""none"", ""threshold"": 0.0}"
sleep,gru,density_custom,1,objective_e20_bs32_eval5,experiments/sleep/gru/density_custom/seed_1_objective_e20_bs32_eval5,0.16666666666666666,none,1.0,0.0,0.24319121227102394,0.9995671534767318,0.3912038808188438,0.2165196794687077,0.24316560448813015,0.2554671417108255,0.13591725673444302,0.9836424773565703,0.2393167939518393,-9285,9285,269,12482208,"{""initial_prob"": 0.0, ""scale"": 1.0, ""smooth"": ""none"", ""threshold"": 0.16666666666666666}"
sleep,gru,density_custom,1,objective_e20_bs32_eval5,experiments/sleep/gru/density_custom/seed_1_objective_e20_bs32_eval5,0.3333333333333333,none,1.0,0.0,0.4167147004764879,0.9951740792889132,0.5874452355117534,0.6530706086069986,0.41587430822519544,0.6654843437955849,0.13591725673444302,0.5715226024113682,0.2393167939518393,-350,350,269,12482208,"{""initial_prob"": 0.0, ""scale"": 1.0, ""smooth"": ""none"", ""threshold"": 0.3333333333333333}"
sleep,gru,density_custom,1,objective_e20_bs32_eval5,experiments/sleep/gru/density_custom/seed_1_objective_e20_bs32_eval5,0.5,none,1.0,0.0,0.6671837534624682,0.9577417262039862,0.7864849529808141,0.849334277266117,0.6481048215369838,0.8755515049901428,0.13591725673444302,0.34353905975609444,0.2393167939518393,986,986,269,12482208,"{""initial_prob"": 0.0, ""scale"": 1.0, ""smooth"": ""none"", ""threshold"": 0.5}"
sleep,gru,density_custom,1,objective_e20_bs32_eval5,experiments/sleep/gru/density_custom/seed_1_objective_e20_bs32_eval5,0.6666666666666666,none,1.0,0.0,0.8879372835624296,0.6995563072065432,0.7825696188405462,0.8616977230692551,0.6428044107912306,0.9069699847975614,0.13591725673444302,0.18854436650951498,0.2393167939518393,-1664,1664,269,12482208,"{""initial_prob"": 0.0, ""scale"": 1.0, ""smooth"": ""none"", ""threshold"": 0.6666666666666666}"
sleep,gru,density_custom,1,objective_e20_bs32_eval5,experiments/sleep/gru/density_custom/seed_1_objective_e20_bs32_eval5,0.8333333333333333,none,1.0,0.0,0.44875019247549147,0.0029268191438007875,0.0058157073321615,0.43484073416270397,0.002916333938415086,0.7605232183280394,0.13591725673444302,0.0015608616680638553,0.2393167939518393,-9504,9504,269,12482208,"{""initial_prob"": 0.0, ""scale"": 1.0, ""smooth"": ""none"", ""threshold"": 0.8333333333333333}"
sleep,gru,density_custom,1,objective_e20_bs32_eval5,experiments/sleep/gru/density_custom/seed_1_objective_e20_bs32_eval5,1.0,none,1.0,0.0,0.0,0.0,0.0,0.4320386560371119,0.0,0.7606832060481608,0.13591725673444302,0.0,0.2393167939518393,-9578,9578,269,12482208,"{""initial_prob"": 0.0, ""scale"": 1.0, ""smooth"": ""none"", ""threshold"": 1.0}"
sleep,gru,density_custom,1,objective_e20_bs32_eval5,experiments/sleep/gru/density_custom/seed_1_objective_e20_bs32_eval5,0.0,none,1.0,0.2393167939518393,0.2393167939518393,1.0,0.3862076187779625,0.19310380938898125,0.2393167939518393,0.2393167939518393,0.13688009591038103,1.0,0.2393167939518393,-9578,9578,269,12482208,"{""initial_prob"": 0.2393167939518393, ""scale"": 1.0, ""smooth"": ""none"", ""threshold"": 0.0}"
sleep,gru,density_custom,1,objective_e20_bs32_eval5,experiments/sleep/gru/density_custom/seed_1_objective_e20_bs32_eval5,0.16666666666666666,none,1.0,0.2393167939518393,0.23969295037773386,0.9999993304771488,0.3866972370474646,0.19540808437848212,0.23969291191181175,0.24088646816332496,0.13688009591038103,0.9984300053323899,0.2393167939518393,-9500,9500,269,12482208,"{""initial_prob"": 0.2393167939518393, ""scale"": 1.0, ""smooth"": ""none"", ""threshold"": 0.16666666666666666}"
sleep,gru,density_custom,1,objective_e20_bs32_eval5,experiments/sleep/gru/density_custom/seed_1_objective_e20_bs32_eval5,0.3333333333333333,none,1.0,0.2393167939518393,0.41244453508109363,0.9966035105761177,0.5834345717970641,0.6476991867385404,0.41186560125021066,0.659421954833632,0.13688009591038103,0.5782691651989776,0.2393167939518393,-396,396,269,12482208,"{""initial_prob"": 0.2393167939518393, ""scale"": 1.0, ""smooth"": ""none"", ""threshold"": 0.3333333333333333}"
sleep,gru,density_custom,1,objective_e20_bs32_eval5,experiments/sleep/gru/density_custom/seed_1_objective_e20_bs32_eval5,0.5,none,1.0,0.2393167939518393,0.6671583440706718,0.9637429942802663,0.7884832332333018,0.8505158981922819,0.6508232117477083,0.8762581107445093,0.13688009591038103,0.34570486247304966,0.2393167939518393,1050,1050,269,12482208,"{""initial_prob"": 0.2393167939518393, ""scale"": 1.0, ""smooth"": ""none"", ""threshold"": 0.5}"
sleep,gru,density_custom,1,objective_e20_bs32_eval5,experiments/sleep/gru/density_custom/seed_1_objective_e20_bs32_eval5,0.6666666666666666,none,1.0,0.2393167939518393,0.8894294788944294,0.7302743503787156,0.8020324742935129,0.8734376673220271,0.6694943369358227,0.9137237578479704,0.13688009591038103,0.19649328067598296,0.2393167939518393,-1338,1338,269,12482208,"{""initial_prob"": 0.2393167939518393, ""scale"": 1.0, ""smooth"": ""none"", ""threshold"": 0.6666666666666666}"
sleep,gru,density_custom,1,objective_e20_bs32_eval5,experiments/sleep/gru/density_custom/seed_1_objective_e20_bs32_eval5,0.8333333333333333,none,1.0,0.2393167939518393,0.47454394287670565,0.0032481901123526296,0.0064522156674532176,0.4351777699340713,0.003236549290747732,0.760599807341778,0.13688009591038103,0.001638091594051309,0.2393167939518393,-9498,9498,269,12482208,"{""initial_prob"": 0.2393167939518393, ""scale"": 1.0, ""smooth"": ""none"", ""threshold"": 0.8333333333333333}"
sleep,gru,density_custom,1,objective_e20_bs32_eval5,experiments/sleep/gru/density_custom/seed_1_objective_e20_bs32_eval5,1.0,none,1.0,0.2393167939518393,0.0,0.0,0.0,0.4320386560371119,0.0,0.7606832060481608,0.13688009591038103,0.0,0.2393167939518393,-9578,9578,269,12482208,"{""initial_prob"": 0.2393167939518393, ""scale"": 1.0, ""smooth"": ""none"", ""threshold"": 1.0}"
sleep,gru,density_custom,1,objective_e20_bs32_eval5,experiments/sleep/gru/density_custom/seed_1_objective_e20_bs32_eval5,0.0,none,1.0,1.0,0.2393167939518393,1.0,0.3862076187779625,0.19310380938898125,0.2393167939518393,0.2393167939518393,0.15173174335298667,1.0,0.2393167939518393,-9578,9578,269,12482208,"{""initial_prob"": 1.0, ""scale"": 1.0, ""smooth"": ""none"", ""threshold"": 0.0}"
sleep,gru,density_custom,1,objective_e20_bs32_eval5,experiments/sleep/gru/density_custom/seed_1_objective_e20_bs32_eval5,0.16666666666666666,none,1.0,1.0,0.2393782128483563,0.9999993304771488,0.3862875422720217,0.19348162401934677,0.23937817448338605,0.23957371964960045,0.15173174335298667,0.9997427538461144,0.2393167939518393,-9570,9570,269,12482208,"{""initial_prob"": 1.0, ""scale"": 1.0, ""smooth"": ""none"", ""threshold"": 0.16666666666666666}"
sleep,gru,density_custom,1,objective_e20_bs32_eval5,experiments/sleep/gru/density_custom/seed_1_objective_e20_bs32_eval5,0.3333333333333333,none,1.0,1.0,0.3879405728405646,0.9973202347882735,0.5585965921486087,0.6146449376133776,0.38753661126781525,0.6227969442585799,0.15173174335298667,0.6152372240552313,0.2393167939518393,-1099,1099,269,12482208,"{""initial_prob"": 1.0, ""scale"": 1.0, ""smooth"": ""none"", ""threshold"": 0.3333333333333333}"
sleep,gru,density_custom,1,objective_e20_bs32_eval5,experiments/sleep/gru/density_custom/seed_1_objective_e20_bs32_eval5,0.5,none,1.0,1.0,0.6257600840211585,0.9681538108236403,0.7601816032419949,0.8275209882457608,0.6131394769022546,0.8538116813948301,0.15173174335298667,0.3702624567704688,0.2393167939518393,761,761,269,12482208,"{""initial_prob"": 1.0, ""scale"": 1.0, ""smooth"": ""none"", ""threshold"": 0.5}"
sleep,gru,density_custom,1,objective_e20_bs32_eval5,experiments/sleep/gru/density_custom/seed_1_objective_e20_bs32_eval5,0.6666666666666666,none,1.0,1.0,0.8194297698897924,0.7625242618343185,0.7899535231492102,0.8634275601933181,0.6528290757931102,0.9029555508128049,0.15173174335298667,0.22269737854071972,0.2393167939518393,-1235,1235,269,12482208,"{""initial_prob"": 1.0, ""scale"": 1.0, ""smooth"": ""none"", ""threshold"": 0.6666666666666666}"
sleep,gru,density_custom,1,objective_e20_bs32_eval5,experiments/sleep/gru/density_custom/seed_1_objective_e20_bs32_eval5,0.8333333333333333,none,1.0,1.0,0.4520714281431201,0.05047633203245044,0.09081289110258557,0.4756591900481149,0.04756626036252227,0.7581218002455976,0.15173174335298667,0.026721073707472266,0.2393167939518393,-9097,9097,269,12482208,"{""initial_prob"": 1.0, ""scale"": 1.0, ""smooth"": ""none"", ""threshold"": 0.8333333333333333}"
sleep,gru,density_custom,1,objective_e20_bs32_eval5,experiments/sleep/gru/density_custom/seed_1_objective_e20_bs32_eval5,1.0,none,1.0,1.0,0.0,0.0,0.0,0.4320386560371119,0.0,0.7606832060481608,0.15173174335298667,0.0,0.2393167939518393,-9578,9578,269,12482208,"{""initial_prob"": 1.0, ""scale"": 1.0, ""smooth"": ""none"", ""threshold"": 1.0}"
sleep,gru,density_custom,1,objective_e20_bs32_eval5,experiments/sleep/gru/density_custom/seed_1_objective_e20_bs32_eval5,0.0,none,4.0,0.0,0.2393167939518393,1.0,0.3862076187779625,0.19310380938898125,0.2393167939518393,0.2393167939518393,0.09881157543320669,1.0,0.2393167939518393,-9578,9578,269,12482208,"{""initial_prob"": 0.0, ""scale"": 4.0, ""smooth"": ""none"", ""threshold"": 0.0}"
sleep,gru,density_custom,1,objective_e20_bs32_eval5,experiments/sleep/gru/density_custom/seed_1_objective_e20_bs32_eval5,0.16666666666666666,none,4.0,0.0,0.41748386132573445,0.9903116695824387,0.5873568009787623,0.6541132454339242,0.415785671417749,0.6669972972730466,0.09881157543320669,0.567682336330239,0.2393167939518393,1227,1227,269,12482208,"{""initial_prob"": 0.0, ""scale"": 4.0, ""smooth"": ""none"", ""threshold"": 0.16666666666666666}"
sleep,gru,density_custom,1,objective_e20_bs32_eval5,experiments/sleep/gru/density_custom/seed_1_objective_e20_bs32_eval5,0.3333333333333333,none,4.0,0.0,0.5119501743584735,0.9755031631607103,0.6714953697980152,0.7482093026680194,0.5054520357192291,0.7715819989540312,0.09881157543320669,0.45600978608912784,0.2393167939518393,1785,1785,269,12482208,"{""initial_prob"": 0.0, ""scale"": 4.0, ""smooth"": ""none"", ""threshold"": 0.3333333333333333}"
sleep,gru,density_custom,1,objective_e20_bs32_eval5,experiments/sleep/gru/density_custom/seed_1_objective_e20_bs32_eval5,0.5,none,4.0,0.0,0.6163434301939849,0.9603297667851053,0.7508124622296994,0.820444426375093,0.6010406280307914,0.8474478233338204,0.09881157543320669,0.3728814645613981,0.2393167939518393,1936,1936,269,12482208,"{""initial_prob"": 0.0, ""scale"": 4.0, ""smooth"": ""none"", ""threshold"": 0.5}"
sleep,gru,density_custom,1,objective_e20_bs32_eval5,experiments/sleep/gru/density_custom/seed_1_objective_e20_bs32_eval5,0.6666666666666666,none,4.0,0.0,0.8121548833838245,0.9385488493915042,0.8707892912517147,0.9129379489890744,0.7711486301940692,0.9333430431539036,0.09881157543320669,0.27656116610138204,0.2393167939518393,1552,1552,269,12482208,"{""initial_prob"": 0.0, ""scale"": 4.0, ""smooth"": ""none"", ""threshold"": 0.6666666666666666}"
sleep,gru,density_custom,1,objective_e20_bs32_eval5,experiments/sleep/gru/density_custom/seed_1_objective_e20_bs32_eval5,0.8333333333333333,none,4.0,0.0,0.8774774064012912,0.8786911631687445,0.878083865347637,0.9198466148902869,0.7826644418655411,0.9416064850064989,0.09881157543320669,0.23964782512837474,0.2393167939518393,935,935,269,12482208,"{""initial_prob"": 0.0, ""scale"": 4.0, ""smooth"": ""none"", ""threshold"": 0.8333333333333333}"
sleep,gru,density_custom,1,objective_e20_bs32_eval5,experiments/sleep/gru/density_custom/seed_1_objective_e20_bs32_eval5,1.0,none,4.0,0.0,0.0,0.0,0.0,0.4320386560371119,0.0,0.7606832060481608,0.09881157543320669,0.0,0.2393167939518393,-9578,9578,269,12482208,"{""initial_prob"": 0.0, ""scale"": 4.0, ""smooth"": ""none"", ""threshold"": 1.0}"
sleep,gru,density_custom,1,objective_e20_bs32_eval5,experiments/sleep/gru/density_custom/seed_1_objective_e20_bs32_eval5,0.0,none,4.0,0.2393167939518393,0.2393167939518393,1.0,0.3862076187779625,0.19310380938898125,0.2393167939518393,0.2393167939518393,0.09956275669039763,1.0,0.2393167939518393,-9578,9578,269,12482208,"{""initial_prob"": 0.2393167939518393, ""scale"": 4.0, ""smooth"": ""none"", ""threshold"": 0.0}"
sleep,gru,density_custom,1,objective_e20_bs32_eval5,experiments/sleep/gru/density_custom/seed_1_objective_e20_bs32_eval5,0.16666666666666666,none,4.0,0.2393167939518393,0.4107630567361009,0.9904840717166097,0.5807030846814178,0.6457480462073084,0.4091484159613427,0.6576910911915584,0.09956275669039763,0.5770710598637677,0.2393167939518393,1148,1148,269,12482208,"{""initial_prob"": 0.2393167939518393, ""scale"": 4.0, ""smooth"": ""none"", ""threshold"": 0.16666666666666666}"
sleep,gru,density_custom,1,objective_e20_bs32_eval5,experiments/sleep/gru/density_custom/seed_1_objective_e20_bs32_eval5,0.3333333333333333,none,4.0,0.2393167939518393,0.5107804773227357,0.9755650940244416,0.6705030297006376,0.7472407664442413,0.5043283622900326,0.7705383534707962,0.09956275669039763,0.4570830737638725,0.2393167939518393,1783,1783,269,12482208,"{""initial_prob"": 0.2393167939518393, ""scale"": 4.0, ""smooth"": ""none"", ""threshold"": 0.3333333333333333}"
sleep,gru,density_custom,1,objective_e20_bs32_eval5,experiments/sleep/gru/density_custom/seed_1_objective_e20_bs32_eval5,0.5,none,4.0,0.2393167939518393,0.615319434948473,0.960467018969591,0.7500940523121705,0.8198392796410132,0.6001203960183974,0.8468395976096537,0.09956275669039763,0.37355538379107284,0.2393167939518393,1938,1938,269,12482208,"{""initial_prob"": 0.2393167939518393, ""scale"": 4.0, ""smooth"": ""none"", ""threshold"": 0.5}"
sleep,gru,density_custom,1,objective_e20_bs32_eval5,experiments/sleep/gru/density_custom/seed_1_objective_e20_bs32_eval5,0.6666666666666666,none,4.0,0.2393167939518393,0.8119209933900605,0.9388487956288192,0.870783870696312,0.9129244351745882,0.7711401281818974,0.9333185282603847,0.09956275669039763,0.27672924533864524,0.2393167939518393,1556,1556,269,12482208,"{""initial_prob"": 0.2393167939518393, ""scale"": 4.0, ""smooth"": ""none"", ""threshold"": 0.6666666666666666}"
sleep,gru,density_custom,1,objective_e20_bs32_eval5,experiments/sleep/gru/density_custom/seed_1_objective_e20_bs32_eval5,0.8333333333333333,none,4.0,0.2393167939518393,0.8773075841166986,0.87909321164086,0.8781994902084848,0.919914415110435,0.7828481824916417,0.9416428567766215,0.09956275669039763,0.23980388726097177,0.2393167939518393,941,941,269,12482208,"{""initial_prob"": 0.2393167939518393, ""scale"": 4.0, ""smooth"": ""none"", ""threshold"": 0.8333333333333333}"
sleep,gru,density_custom,1,objective_e20_bs32_eval5,experiments/sleep/gru/density_custom/seed_1_objective_e20_bs32_eval5,1.0,none,4.0,0.2393167939518393,0.0,0.0,0.0,0.4320386560371119,0.0,0.7606832060481608,0.09956275669039763,0.0,0.2393167939518393,-9578,9578,269,12482208,"{""initial_prob"": 0.2393167939518393, ""scale"": 4.0, ""smooth"": ""none"", ""threshold"": 1.0}"
sleep,gru,density_custom,1,objective_e20_bs32_eval5,experiments/sleep/gru/density_custom/seed_1_objective_e20_bs32_eval5,0.0,none,4.0,1.0,0.2393167939518393,1.0,0.3862076187779625,0.19310380938898125,0.2393167939518393,0.2393167939518393,0.10771429422079233,1.0,0.2393167939518393,-9578,9578,269,12482208,"{""initial_prob"": 1.0, ""scale"": 4.0, ""smooth"": ""none"", ""threshold"": 0.0}"
sleep,gru,density_custom,1,objective_e20_bs32_eval5,experiments/sleep/gru/density_custom/seed_1_objective_e20_bs32_eval5,0.16666666666666666,none,4.0,1.0,0.40873509482689674,0.9905510240017247,0.5786850327153309,0.6431680535029711,0.4071476386552598,0.6548207656850454,0.10771429422079233,0.5799734309827236,0.2393167939518393,998,998,269,12482208,"{""initial_prob"": 1.0, ""scale"": 4.0, ""smooth"": ""none"", ""threshold"": 0.16666666666666666}"
sleep,gru,density_custom,1,objective_e20_bs32_eval5,experiments/sleep/gru/density_custom/seed_1_objective_e20_bs32_eval5,0.3333333333333333,none,4.0,1.0,0.4983160015666374,0.9757910579867046,0.6597245365987856,0.7366408237364431,0.4922305560415199,0.7591048795213154,0.10771429422079233,0.46862470165534814,0.2393167939518393,1608,1608,269,12482208,"{""initial_prob"": 1.0, ""scale"": 4.0, ""smooth"": ""none"", ""threshold"": 0.3333333333333333}"
sleep,gru,density_custom,1,objective_e20_bs32_eval5,experiments/sleep/gru/density_custom/seed_1_objective_e20_bs32_eval5,0.5,none,4.0,1.0,0.5968432893695085,0.9607234462215812,0.7362783612603222,0.8082667353310133,0.5826270111150587,0.8352955662972449,0.10771429422079233,0.3852221497991381,0.2393167939518393,1813,1813,269,12482208,"{""initial_prob"": 1.0, ""scale"": 4.0, ""smooth"": ""none"", ""threshold"": 0.5}"
sleep,gru,density_custom,1,objective_e20_bs32_eval5,experiments/sleep/gru/density_custom/seed_1_objective_e20_bs32_eval5,0.6666666666666666,none,4.0,1.0,0.7820196144997679,0.9392381231667627,0.8534487531171311,0.9005254560899929,0.7443616283505896,0.9228046832739849,0.10771429422079233,0.28742943556140066,0.2393167939518393,1495,1495,269,12482208,"{""initial_prob"": 1.0, ""scale"": 4.0, ""smooth"": ""none"", ""threshold"": 0.6666666666666666}"
sleep,gru,density_custom,1,objective_e20_bs32_eval5,experiments/sleep/gru/density_custom/seed_1_objective_e20_bs32_eval5,0.8333333333333333,none,4.0,1.0,0.8498159952461534,0.8804138454647527,0.8648443700459013,0.9106556585587304,0.7618729513598698,0.9341453851754433,0.10771429422079233,0.24793345856758675,0.2393167939518393,974,974,269,12482208,"{""initial_prob"": 1.0, ""scale"": 4.0, ""smooth"": ""none"", ""threshold"": 0.8333333333333333}"
sleep,gru,density_custom,1,objective_e20_bs32_eval5,experiments/sleep/gru/density_custom/seed_1_objective_e20_bs32_eval5,1.0,none,4.0,1.0,0.0,0.0,0.0,0.4320386560371119,0.0,0.7606832060481608,0.10771429422079233,0.0,0.2393167939518393,-9578,9578,269,12482208,"{""initial_prob"": 1.0, ""scale"": 4.0, ""smooth"": ""none"", ""threshold"": 1.0}"
sleep,gru,density_custom,2,objective_e20_bs32_eval5,experiments/sleep/gru/density_custom/seed_2_objective_e20_bs32_eval5,0.0,none,0.25,0.0,0.2393167939518393,1.0,0.3862076187779625,0.19310380938898125,0.2393167939518393,0.2393167939518393,0.19808684448264746,1.0,0.2393167939518393,-9578,9578,269,12482208,"{""initial_prob"": 0.0, ""scale"": 0.25, ""smooth"": ""none"", ""threshold"": 0.0}"
sleep,gru,density_custom,2,objective_e20_bs32_eval5,experiments/sleep/gru/density_custom/seed_2_objective_e20_bs32_eval5,0.16666666666666666,none,0.25,0.0,0.24615590317336478,0.990398038030237,0.39430924188420896,0.24080068974620428,0.24556985203484255,0.27183980590613455,0.19808684448264746,0.9628811665372023,0.2393167939518393,-9057,9057,269,12482208,"{""initial_prob"": 0.0, ""scale"": 0.25, ""smooth"": ""none"", ""threshold"": 0.16666666666666666}"
sleep,gru,density_custom,2,objective_e20_bs32_eval5,experiments/sleep/gru/density_custom/seed_2_objective_e20_bs32_eval5,0.3333333333333333,none,0.25,0.0,0.25148983784087314,0.9145541546905767,0.39449811076253455,0.3199640452063717,0.24571637903827181,0.3281332116881885,0.19808684448264746,0.8702863307517388,0.2393167939518393,-8618,8618,269,12482208,"{""initial_prob"": 0.0, ""scale"": 0.25, ""smooth"": ""none"", ""threshold"": 0.3333333333333333}"
sleep,gru,density_custom,2,objective_e20_bs32_eval5,experiments/sleep/gru/density_custom/seed_2_objective_e20_bs32_eval5,0.5,none,0.25,0.0,0.7223867417821686,0.6852181405877473,0.7033117122410429,0.8065513567891223,0.5423907340572682,0.8616482756896857,0.19808684448264746,0.2270033474846758,0.2393167939518393,-2310,2310,269,12482208,"{""initial_prob"": 0.0, ""scale"": 0.25, ""smooth"": ""none"", ""threshold"": 0.5}"
sleep,gru,density_custom,2,objective_e20_bs32_eval5,experiments/sleep/gru/density_custom/seed_2_objective_e20_bs32_eval5,0.6666666666666666,none,0.25,0.0,0.011015975775294978,0.00021190398238887093,0.0004158094292178053,0.4307865444729419,0.0002079479479676784,0.7561811179560539,0.19808684448264746,0.004603512455488644,0.2393167939518393,-9527,9527,269,12482208,"{""initial_prob"": 0.0, ""scale"": 0.25, ""smooth"": ""none"", ""threshold"": 0.6666666666666666}"
sleep,gru,density_custom,2,objective_e20_bs32_eval5,experiments/sleep/gru/density_custom/seed_2_objective_e20_bs32_eval5,0.8333333333333333,none,0.25,0.0,0.0,0.0,0.0,0.4320386560371119,0.0,0.7606832060481608,0.19808684448264746,0.0,0.2393167939518393,-9578,9578,269,12482208,"{""initial_prob"": 0.0, ""scale"": 0.25, ""smooth"": ""none"", ""threshold"": 0.8333333333333333}"
sleep,gru,density_custom,2,objective_e20_bs32_eval5,experiments/sleep/gru/density_custom/seed_2_objective_e20_bs32_eval5,1.0,none,0.25,0.0,0.0,0.0,0.0,0.4320386560371119,0.0,0.7606832060481608,0.19808684448264746,0.0,0.2393167939518393,-9578,9578,269,12482208,"{""initial_prob"": 0.0, ""scale"": 0.25, ""smooth"": ""none"", ""threshold"": 1.0}"
sleep,gru,density_custom,2,objective_e20_bs32_eval5,experiments/sleep/gru/density_custom/seed_2_objective_e20_bs32_eval5,0.0,none,0.25,0.2393167939518393,0.2393167939518393,1.0,0.3862076187779625,0.19310380938898125,0.2393167939518393,0.2393167939518393,0.20081591697571846,1.0,0.2393167939518393,-9578,9578,269,12482208,"{""initial_prob"": 0.2393167939518393, ""scale"": 0.25, ""smooth"": ""none"", ""threshold"": 0.0}"
sleep,gru,density_custom,2,objective_e20_bs32_eval5,experiments/sleep/gru/density_custom/seed_2_objective_e20_bs32_eval5,0.16666666666666666,none,0.25,0.2393167939518393,0.2393167939518393,1.0,0.3862076187779625,0.19310380938898125,0.2393167939518393,0.2393167939518393,0.20081591697571846,1.0,0.2393167939518393,-9578,9578,269,12482208,"{""initial_prob"": 0.2393167939518393, ""scale"": 0.25, ""smooth"": ""none"", ""threshold"": 0.16666666666666666}"
sleep,gru,density_custom,2,objective_e20_bs32_eval5,experiments/sleep/gru/density_custom/seed_2_objective_e20_bs32_eval5,0.3333333333333333,none,0.25,0.2393167939518393,0.25171721366238037,0.995133238394993,0.40179985591420814,0.2656277969411276,0.2514077209923211,0.29087770368832183,0.20081591697571846,0.9461096946950411,0.2393167939518393,-8678,8678,269,12482208,"{""initial_prob"": 0.2393167939518393, ""scale"": 0.25, ""smooth"": ""none"", ""threshold"": 0.3333333333333333}"
sleep,gru,density_custom,2,objective_e20_bs32_eval5,experiments/sleep/gru/density_custom/seed_2_objective_e20_bs32_eval5,0.5,none,0.25,0.2393167939518393,0.720192699166565,0.760940505529924,0.7400060910727695,0.8275703617027583,0.5873092606477891,0.872037783699807,0.20081591697571846,0.25285710669138023,0.2393167939518393,-1559,1559,269,12482208,"{""initial_prob"": 0.2393167939518393, ""scale"": 0.25, ""smooth"": ""none"", ""threshold"": 0.5}"
sleep,gru,density_custom,2,objective_e20_bs32_eval5,experiments/sleep/gru/density_custom/seed_2_objective_e20_bs32_eval5,0.6666666666666666,none,0.25,0.2393167939518393,0.010486459790929294,0.00021324302809117026,0.00041798627075864507,0.4307025183469451,0.00020903682264029587,0.7559187445041775,0.20081591697571846,0.004866526819613966,0.2393167939518393,-9525,9525,269,12482208,"{""initial_prob"": 0.2393167939518393, ""scale"": 0.25, ""smooth"": ""none"", ""threshold"": 0.6666666666666666}"
sleep,gru,density_custom,2,objective_e20_bs32_eval5,experiments/sleep/gru/density_custom/seed_2_objective_e20_bs32_eval5,0.8333333333333333,none,0.25,0.2393167939518393,0.0,0.0,0.0,0.4320386560371119,0.0,0.7606832060481608,0.20081591697571846,0.0,0.2393167939518393,-9578,9578,269,12482208,"{""initial_prob"": 0.2393167939518393, ""scale"": 0.25, ""smooth"": ""none"", ""threshold"": 0.8333333333333333}"
sleep,gru,density_custom,2,objective_e20_bs32_eval5,experiments/sleep/gru/density_custom/seed_2_objective_e20_bs32_eval5,1.0,none,0.25,0.2393167939518393,0.0,0.0,0.0,0.4320386560371119,0.0,0.7606832060481608,0.20081591697571846,0.0,0.2393167939518393,-9578,9578,269,12482208,"{""initial_prob"": 0.2393167939518393, ""scale"": 0.25, ""smooth"": ""none"", ""threshold"": 1.0}"
sleep,gru,density_custom,2,objective_e20_bs32_eval5,experiments/sleep/gru/density_custom/seed_2_objective_e20_bs32_eval5,0.0,none,0.25,1.0,0.2393167939518393,1.0,0.3862076187779625,0.19310380938898125,0.2393167939518393,0.2393167939518393,0.24836090995257726,1.0,0.2393167939518393,-9578,9578,269,12482208,"{""initial_prob"": 1.0, ""scale"": 0.25, ""smooth"": ""none"", ""threshold"": 0.0}"
sleep,gru,density_custom,2,objective_e20_bs32_eval5,experiments/sleep/gru/density_custom/seed_2_objective_e20_bs32_eval5,0.16666666666666666,none,0.25,1.0,0.2393167939518393,1.0,0.3862076187779625,0.19310380938898125,0.2393167939518393,0.2393167939518393,0.24836090995257726,1.0,0.2393167939518393,-9578,9578,269,12482208,"{""initial_prob"": 1.0, ""scale"": 0.25, ""smooth"": ""none"", ""threshold"": 0.16666666666666666}"
sleep,gru,density_custom,2,objective_e20_bs32_eval5,experiments/sleep/gru/density_custom/seed_2_objective_e20_bs32_eval5,0.3333333333333333,none,0.25,1.0,0.23991112243345789,1.0,0.3869811603312449,0.19673666810582105,0.23991112243345789,0.24179408002173974,0.24836090995257726,0.9975227139300995,0.2393167939518393,-9539,9539,269,12482208,"{""initial_prob"": 1.0, ""scale"": 0.25, ""smooth"": ""none"", ""threshold"": 0.3333333333333333}"
sleep,gru,density_custom,2,objective_e20_bs32_eval5,experiments/sleep/gru/density_custom/seed_2_objective_e20_bs32_eval5,0.5,none,0.25,1.0,0.46566681205576116,0.9596257635071214,0.6270514246977802,0.7057627312725336,0.456718799216315,0.7268187647570046,0.24836090995257726,0.49317356352337666,0.2393167939518393,-2196,2196,269,12482208,"{""initial_prob"": 1.0, ""scale"": 0.25, ""smooth"": ""none"", ""threshold"": 0.5}"
sleep,gru,density_custom,2,objective_e20_bs32_eval5,experiments/sleep/gru/density_custom/seed_2_objective_e20_bs32_eval5,0.6666666666666666,none,0.25,1.0,0.36877078292368864,0.1744870283295204,0.23688833078596616,0.5367917718706594,0.1343580981978113,0.730963784612466,0.24836090995257726,0.11323477384770386,0.2393167939518393,-8659,8659,269,12482208,"{""initial_prob"": 1.0, ""scale"": 0.25, ""smooth"": ""none"", ""threshold"": 0.6666666666666666}"
sleep,gru,density_custom,2,objective_e20_bs32_eval5,experiments/sleep/gru/density_custom/seed_2_objective_e20_bs32_eval5,0.8333333333333333,none,0.25,1.0,0.4036033159298164,0.06516097672671617,0.11220644015817932,0.4844542047017003,0.05943787633621399,0.7532342034358024,0.24836090995257726,0.038637234694374585,0.2393167939518393,-9187,9187,269,12482208,"{""initial_prob"": 1.0, ""scale"": 0.25, ""smooth"": ""none"", ""threshold"": 0.8333333333333333}"
sleep,gru,density_custom,2,objective_e20_bs32_eval5,experiments/sleep/gru/density_custom/seed_2_objective_e20_bs32_eval5,1.0,none,0.25,1.0,0.0,0.0,0.0,0.4320386560371119,0.0,0.7606832060481608,0.24836090995257726,0.0,0.2393167939518393,-9578,9578,269,12482208,"{""initial_prob"": 1.0, ""scale"": 0.25, ""smooth"": ""none"", ""threshold"": 1.0}"
sleep,gru,density_custom,2,objective_e20_bs32_eval5,experiments/sleep/gru/density_custom/seed_2_objective_e20_bs32_eval5,0.0,none,1.0,0.0,0.2393167939518393,1.0,0.3862076187779625,0.19310380938898125,0.2393167939518393,0.2393167939518393,0.12708462270404572,1.0,0.2393167939518393,-9578,9578,269,12482208,"{""initial_prob"": 0.0, ""scale"": 1.0, ""smooth"": ""none"", ""threshold"": 0.0}"
sleep,gru,density_custom,2,objective_e20_bs32_eval5,experiments/sleep/gru/density_custom/seed_2_objective_e20_bs32_eval5,0.16666666666666666,none,1.0,0.0,0.2435682768464329,0.9995875739236918,0.39169316186200415,0.21866036422110438,0.243543801825455,0.25697961450410056,0.12708462270404572,0.9821397784750903,0.2393167939518393,-9279,9279,269,12482208,"{""initial_prob"": 0.0, ""scale"": 1.0, ""smooth"": ""none"", ""threshold"": 0.16666666666666666}"
sleep,gru,density_custom,2,objective_e20_bs32_eval5,experiments/sleep/gru/density_custom/seed_2_objective_e20_bs32_eval5,0.3333333333333333,none,1.0,0.0,0.4480449326452121,0.9947171299430035,0.6178121549534457,0.6891187596740657,0.4469813254164716,0.7054743039052065,0.12708462270404572,0.5313139309968237,0.2393167939518393,-69,69,269,12482208,"{""initial_prob"": 0.0, ""scale"": 1.0, ""smooth"": ""none"", ""threshold"": 0.3333333333333333}"
sleep,gru,density_custom,2,objective_e20_bs32_eval5,experiments/sleep/gru/density_custom/seed_2_objective_e20_bs32_eval5,0.5,none,1.0,0.0,0.766843098934287,0.9591380161100589,0.8522785819248366,0.8989147559933794,0.7425831464870524,0.9204305840761506,0.12708462270404572,0.2993282919175838,0.2393167939518393,987,987,269,12482208,"{""initial_prob"": 0.0, ""scale"": 1.0, ""smooth"": ""none"", ""threshold"": 0.5}"
sleep,gru,density_custom,2,objective_e20_bs32_eval5,experiments/sleep/gru/density_custom/seed_2_objective_e20_bs32_eval5,0.6666666666666666,none,1.0,0.0,0.8790404885144791,0.691429973600714,0.7740291287604537,0.8562931196362037,0.6313601300966095,0.9033845614493846,0.12708462270404572,0.1882402536474316,0.2393167939518393,-1796,1796,269,12482208,"{""initial_prob"": 0.0, ""scale"": 1.0, ""smooth"": ""none"", ""threshold"": 0.6666666666666666}"
sleep,gru,density_custom,2,objective_e20_bs32_eval5,experiments/sleep/gru/density_custom/seed_2_objective_e20_bs32_eval5,0.8333333333333333,none,1.0,0.0,0.40389849855123366,0.0015399025576442436,0.003068107654561759,0.43348764537232876,0.0015364107640938132,0.7605078364340668,0.12708462270404572,0.0009124187002812323,0.2393167939518393,-9542,9542,269,12482208,"{""initial_prob"": 0.0, ""scale"": 1.0, ""smooth"": ""none"", ""threshold"": 0.8333333333333333}"
sleep,gru,density_custom,2,objective_e20_bs32_eval5,experiments/sleep/gru/density_custom/seed_2_objective_e20_bs32_eval5,1.0,none,1.0,0.0,0.0,0.0,0.0,0.4320386560371119,0.0,0.7606832060481608,0.12708462270404572,0.0,0.2393167939518393,-9578,9578,269,12482208,"{""initial_prob"": 0.0, ""scale"": 1.0, ""smooth"": ""none"", ""threshold"": 1.0}"
sleep,gru,density_custom,2,objective_e20_bs32_eval5,experiments/sleep/gru/density_custom/seed_2_objective_e20_bs32_eval5,0.0,none,1.0,0.2393167939518393,0.2393167939518393,1.0,0.3862076187779625,0.19310380938898125,0.2393167939518393,0.2393167939518393,0.12800072392435483,1.0,0.2393167939518393,-9578,9578,269,12482208,"{""initial_prob"": 0.2393167939518393, ""scale"": 1.0, ""smooth"": ""none"", ""threshold"": 0.0}"
sleep,gru,density_custom,2,objective_e20_bs32_eval5,experiments/sleep/gru/density_custom/seed_2_objective_e20_bs32_eval5,0.16666666666666666,none,1.0,0.2393167939518393,0.23989202938546902,1.0,0.3869563215183621,0.19662054374817092,0.23989202938546902,0.2417146870169124,0.12800072392435483,0.9976021069349269,0.2393167939518393,-9470,9470,269,12482208,"{""initial_prob"": 0.2393167939518393, ""scale"": 1.0, ""smooth"": ""none"", ""threshold"": 0.16666666666666666}"
sleep,gru,density_custom,2,objective_e20_bs32_eval5,experiments/sleep/gru/density_custom/seed_2_objective_e20_bs32_eval5,0.3333333333333333,none,1.0,0.2393167939518393,0.4441211573290845,0.9965690301492836,0.6144241071050799,0.6849039304528857,0.44344312733483493,0.7006686637492341,0.12800072392435483,0.5370059527929674,0.2393167939518393,-89,89,269,12482208,"{""initial_prob"": 0.2393167939518393, ""scale"": 1.0, ""smooth"": ""none"", ""threshold"": 0.3333333333333333}"
sleep,gru,density_custom,2,objective_e20_bs32_eval5,experiments/sleep/gru/density_custom/seed_2_objective_e20_bs32_eval5,0.5,none,1.0,0.2393167939518393,0.7650995260261075,0.9652259873955628,0.8535896162151313,0.8996342582766391,0.744575963623959,0.9207580902353173,0.12800072392435483,0.3019146932978524,0.2393167939518393,1047,1047,269,12482208,"{""initial_prob"": 0.2393167939518393, ""scale"": 1.0, ""smooth"": ""none"", ""threshold"": 0.5}"
sleep,gru,density_custom,2,objective_e20_bs32_eval5,experiments/sleep/gru/density_custom/seed_2_objective_e20_bs32_eval5,0.6666666666666666,none,1.0,0.2393167939518393,0.881551403841576,0.7215230171913383,0.7935497196682852,0.8680668441800562,0.6577558417493159,0.9101548379902017,0.12800072392435483,0.19587351853133678,0.2393167939518393,-1466,1466,269,12482208,"{""initial_prob"": 0.2393167939518393, ""scale"": 1.0, ""smooth"": ""none"", ""threshold"": 0.6666666666666666}"
sleep,gru,density_custom,2,objective_e20_bs32_eval5,experiments/sleep/gru/density_custom/seed_2_objective_e20_bs32_eval5,0.8333333333333333,none,1.0,0.2393167939518393,0.40391537178474235,0.0015402373190698186,0.003068772587676954,0.4334879716432242,0.001536744253157657,0.7605078364340668,0.12800072392435483,0.000912578928343447,0.2393167939518393,-9542,9542,269,12482208,"{""initial_prob"": 0.2393167939518393, ""scale"": 1.0, ""smooth"": ""none"", ""threshold"": 0.8333333333333333}"
sleep,gru,density_custom,2,objective_e20_bs32_eval5,experiments/sleep/gru/density_custom/seed_2_objective_e20_bs32_eval5,1.0,none,1.0,0.2393167939518393,0.0,0.0,0.0,0.4320386560371119,0.0,0.7606832060481608,0.12800072392435483,0.0,0.2393167939518393,-9578,9578,269,12482208,"{""initial_prob"": 0.2393167939518393, ""scale"": 1.0, ""smooth"": ""none"", ""threshold"": 1.0}"
sleep,gru,density_custom,2,objective_e20_bs32_eval5,experiments/sleep/gru/density_custom/seed_2_objective_e20_bs32_eval5,0.0,none,1.0,1.0,0.2393167939518393,1.0,0.3862076187779625,0.19310380938898125,0.2393167939518393,0.2393167939518393,0.14313107888535312,1.0,0.2393167939518393,-9578,9578,269,12482208,"{""initial_prob"": 1.0, ""scale"": 1.0, ""smooth"": ""none"", ""threshold"": 0.0}"
sleep,gru,density_custom,2,objective_e20_bs32_eval5,experiments/sleep/gru/density_custom/seed_2_objective_e20_bs32_eval5,0.16666666666666666,none,1.0,1.0,0.2393871398416802,1.0,0.3862992153884372,0.19353576685706597,0.2393871398416802,0.23961065221794092,0.14313107888535312,0.9997061417338984,0.2393167939518393,-9568,9568,269,12482208,"{""initial_prob"": 1.0, ""scale"": 1.0, ""smooth"": ""none"", ""threshold"": 0.16666666666666666}"
sleep,gru,density_custom,2,objective_e20_bs32_eval5,experiments/sleep/gru/density_custom/seed_2_objective_e20_bs32_eval5,0.3333333333333333,none,1.0,1.0,0.41252542471003434,0.9971113436587148,0.5836025134361462,0.6477872391170578,0.4120330055456056,0.6594838028656469,0.14313107888535312,0.5784503831373423,0.2393167939518393,-870,870,269,12482208,"{""initial_prob"": 1.0, ""scale"": 1.0, ""smooth"": ""none"", ""threshold"": 0.3333333333333333}"
sleep,gru,density_custom,2,objective_e20_bs32_eval5,experiments/sleep/gru/density_custom/seed_2_objective_e20_bs32_eval5,0.5,none,1.0,1.0,0.7104276766430493,0.9695588045267779,0.8200082757679541,0.8744892988179194,0.6949271413760347,0.8981381338942598,0.14313107888535312,0.326608481448154,0.2393167939518393,765,765,269,12482208,"{""initial_prob"": 1.0, ""scale"": 1.0, ""smooth"": ""none"", ""threshold"": 0.5}"
sleep,gru,density_custom,2,objective_e20_bs32_eval5,experiments/sleep/gru/density_custom/seed_2_objective_e20_bs32_eval5,0.6666666666666666,none,1.0,1.0,0.8162354605702461,0.7574412443483902,0.7857400455928767,0.86074398161266,0.6470937650056354,0.9011414486924109,0.14313107888535312,0.2220785777644468,0.2393167939518393,-1273,1273,269,12482208,"{""initial_prob"": 1.0, ""scale"": 1.0, ""smooth"": ""none"", ""threshold"": 0.6666666666666666}"
sleep,gru,density_custom,2,objective_e20_bs32_eval5,experiments/sleep/gru/density_custom/seed_2_objective_e20_bs32_eval5,0.8333333333333333,none,1.0,1.0,0.44062323155278893,0.04795993039640439,0.08650424804655069,0.47337857382692,0.04520744190743055,0.757589843079045,0.14313107888535312,0.02604859653035745,0.2393167939518393,-9135,9135,269,12482208,"{""initial_prob"": 1.0, ""scale"": 1.0, ""smooth"": ""none"", ""threshold"": 0.8333333333333333}"
sleep,gru,density_custom,2,objective_e20_bs32_eval5,experiments/sleep/gru/density_custom/seed_2_objective_e20_bs32_eval5,1.0,none,1.0,1.0,0.0,0.0,0.0,0.4320386560371119,0.0,0.7606832060481608,0.14313107888535312,0.0,0.2393167939518393,-9578,9578,269,12482208,"{""initial_prob"": 1.0, ""scale"": 1.0, ""smooth"": ""none"", ""threshold"": 1.0}"
sleep,gru,density_custom,2,objective_e20_bs32_eval5,experiments/sleep/gru/density_custom/seed_2_objective_e20_bs32_eval5,0.0,none,4.0,0.0,0.2393167939518393,1.0,0.3862076187779625,0.19310380938898125,0.2393167939518393,0.2393167939518393,0.08220831034657754,1.0,0.2393167939518393,-9578,9578,269,12482208,"{""initial_prob"": 0.0, ""scale"": 4.0, ""smooth"": ""none"", ""threshold"": 0.0}"
sleep,gru,density_custom,2,objective_e20_bs32_eval5,experiments/sleep/gru/density_custom/seed_2_objective_e20_bs32_eval5,0.16666666666666666,none,4.0,0.0,0.4503292410425525,0.9905316078390414,0.6191650602944118,0.6914539145002463,0.4483990392265319,0.7083903745234817,0.08220831034657754,0.5263945289166788,0.2393167939518393,1179,1179,269,12482208,"{""initial_prob"": 0.0, ""scale"": 4.0, ""smooth"": ""none"", ""threshold"": 0.16666666666666666}"
sleep,gru,density_custom,2,objective_e20_bs32_eval5,experiments/sleep/gru/density_custom/seed_2_objective_e20_bs32_eval5,0.3333333333333333,none,4.0,0.0,0.5560738709369278,0.9763246676990709,0.7085736818071882,0.7825993798063067,0.5486752684417547,0.8078053978911424,0.08220831034657754,0.42017958681669143,0.2393167939518393,1634,1634,269,12482208,"{""initial_prob"": 0.0, ""scale"": 4.0, ""smooth"": ""none"", ""threshold"": 0.3333333333333333}"
sleep,gru,density_custom,2,objective_e20_bs32_eval5,experiments/sleep/gru/density_custom/seed_2_objective_e20_bs32_eval5,0.5,none,4.0,0.0,0.7109341841402742,0.9616627867817442,0.8175059032444189,0.8730003541674438,0.6913403673535594,0.8972495090612174,0.08220831034657754,0.32371780697773983,0.2393167939518393,1946,1946,269,12482208,"{""initial_prob"": 0.0, ""scale"": 4.0, ""smooth"": ""none"", ""threshold"": 0.5}"
sleep,gru,density_custom,2,objective_e20_bs32_eval5,experiments/sleep/gru/density_custom/seed_2_objective_e20_bs32_eval5,0.6666666666666666,none,4.0,0.0,0.8257980279830108,0.9424012838770194,0.8802549764320965,0.9195031870243937,0.786120909586446,0.9386396220925016,0.08220831034657754,0.27310849170275003,0.2393167939518393,1480,1480,269,12482208,"{""initial_prob"": 0.0, ""scale"": 4.0, ""smooth"": ""none"", ""threshold"": 0.6666666666666666}"
sleep,gru,density_custom,2,objective_e20_bs32_eval5,experiments/sleep/gru/density_custom/seed_2_objective_e20_bs32_eval5,0.8333333333333333,none,4.0,0.0,0.8782167449585552,0.8917712963502301,0.8849421203423166,0.9241879520456802,0.7936288658073865,0.9445044498537438,0.08220831034657754,0.24301045135604213,0.2393167939518393,917,917,269,12482208,"{""initial_prob"": 0.0, ""scale"": 4.0, ""smooth"": ""none"", ""threshold"": 0.8333333333333333}"
sleep,gru,density_custom,2,objective_e20_bs32_eval5,experiments/sleep/gru/density_custom/seed_2_objective_e20_bs32_eval5,1.0,none,4.0,0.0,0.0,0.0,0.0,0.4320386560371119,0.0,0.7606832060481608,0.08220831034657754,0.0,0.2393167939518393,-9578,9578,269,12482208,"{""initial_prob"": 0.0, ""scale"": 4.0, ""smooth"": ""none"", ""threshold"": 1.0}"
sleep,gru,density_custom,2,objective_e20_bs32_eval5,experiments/sleep/gru/density_custom/seed_2_objective_e20_bs32_eval5,0.0,none,4.0,0.2393167939518393,0.2393167939518393,1.0,0.3862076187779625,0.19310380938898125,0.2393167939518393,0.2393167939518393,0.08296937715776065,1.0,0.2393167939518393,-9578,9578,269,12482208,"{""initial_prob"": 0.2393167939518393, ""scale"": 4.0, ""smooth"": ""none"", ""threshold"": 0.0}"
sleep,gru,density_custom,2,objective_e20_bs32_eval5,experiments/sleep/gru/density_custom/seed_2_objective_e20_bs32_eval5,0.16666666666666666,none,4.0,0.2393167939518393,0.4423857704501347,0.9907167309073842,0.6116505747287977,0.6829118808680628,0.4405595332092401,0.6989269045989299,0.08296937715776065,0.5359466049596353,0.2393167939518393,1120,1120,269,12482208,"{""initial_prob"": 0.2393167939518393, ""scale"": 4.0, ""smooth"": ""none"", ""threshold"": 0.16666666666666666}"
sleep,gru,density_custom,2,objective_e20_bs32_eval5,experiments/sleep/gru/density_custom/seed_2_objective_e20_bs32_eval5,0.3333333333333333,none,4.0,0.2393167939518393,0.5545889490715089,0.9763926242684626,0.7073848161253786,0.7815243615289935,0.5472508948912302,0.8066835611135466,0.08296937715776065,0.4213339498909167,0.2393167939518393,1640,1640,269,12482208,"{""initial_prob"": 0.2393167939518393, ""scale"": 4.0, ""smooth"": ""none"", ""threshold"": 0.3333333333333333}"
sleep,gru,density_custom,2,objective_e20_bs32_eval5,experiments/sleep/gru/density_custom/seed_2_objective_e20_bs32_eval5,0.5,none,4.0,0.2393167939518393,0.70977450853236,0.9617839704178024,0.8167823662936902,0.8724462605396106,0.6903061136227338,0.8967377406305038,0.08296937715776065,0.32428757796697505,0.2393167939518393,1950,1950,269,12482208,"{""initial_prob"": 0.2393167939518393, ""scale"": 4.0, ""smooth"": ""none"", ""threshold"": 0.5}"
sleep,gru,density_custom,2,objective_e20_bs32_eval5,experiments/sleep/gru/density_custom/seed_2_objective_e20_bs32_eval5,0.6666666666666666,none,4.0,0.2393167939518393,0.8255564304261896,0.9427614871709379,0.8802747518949754,0.9195065059166203,0.7861524542602883,0.9386276851018666,0.08296937715776065,0.27329283408832794,0.2393167939518393,1492,1492,269,12482208,"{""initial_prob"": 0.2393167939518393, ""scale"": 4.0, ""smooth"": ""none"", ""threshold"": 0.6666666666666666}"
sleep,gru,density_custom,2,objective_e20_bs32_eval5,experiments/sleep/gru/density_custom/seed_2_objective_e20_bs32_eval5,0.8333333333333333,none,4.0,0.2393167939518393,0.8780277078849243,0.892019354566581,0.8849682315162091,0.9241991667996563,0.7936708679785689,0.9445032481432772,0.08296937715776065,0.2431303820606098,0.2393167939518393,923,923,269,12482208,"{""initial_prob"": 0.2393167939518393, ""scale"": 4.0, ""smooth"": ""none"", ""threshold"": 0.8333333333333333}"
sleep,gru,density_custom,2,objective_e20_bs32_eval5,experiments/sleep/gru/density_custom/seed_2_objective_e20_bs32_eval5,1.0,none,4.0,0.2393167939518393,0.0,0.0,0.0,0.4320386560371119,0.0,0.7606832060481608,0.08296937715776065,0.0,0.2393167939518393,-9578,9578,269,12482208,"{""initial_prob"": 0.2393167939518393, ""scale"": 4.0, ""smooth"": ""none"", ""threshold"": 1.0}"
sleep,gru,density_custom,2,objective_e20_bs32_eval5,experiments/sleep/gru/density_custom/seed_2_objective_e20_bs32_eval5,0.0,none,4.0,1.0,0.2393167939518393,1.0,0.3862076187779625,0.19310380938898125,0.2393167939518393,0.2393167939518393,0.09141800066965021,1.0,0.2393167939518393,-9578,9578,269,12482208,"{""initial_prob"": 1.0, ""scale"": 4.0, ""smooth"": ""none"", ""threshold"": 0.0}"
sleep,gru,density_custom,2,objective_e20_bs32_eval5,experiments/sleep/gru/density_custom/seed_2_objective_e20_bs32_eval5,0.16666666666666666,none,4.0,1.0,0.4395765537625226,0.9907609194155601,0.6089685528431329,0.6798203022472421,0.43778201714116916,0.695498905321879,0.09141800066965021,0.5393957543408987,0.2393167939518393,962,962,269,12482208,"{""initial_prob"": 1.0, ""scale"": 4.0, ""smooth"": ""none"", ""threshold"": 0.16666666666666666}"
sleep,gru,density_custom,2,objective_e20_bs32_eval5,experiments/sleep/gru/density_custom/seed_2_objective_e20_bs32_eval5,0.3333333333333333,none,4.0,1.0,0.5400670378816237,0.9765968287380632,0.6955104134928388,0.7707034969087868,0.5331667041935568,0.7953615257813361,0.09141800066965021,0.4327537243410781,0.2393167939518393,1491,1491,269,12482208,"{""initial_prob"": 1.0, ""scale"": 4.0, ""smooth"": ""none"", ""threshold"": 0.3333333333333333}"
sleep,gru,density_custom,2,objective_e20_bs32_eval5,experiments/sleep/gru/density_custom/seed_2_objective_e20_bs32_eval5,0.5,none,4.0,1.0,0.6832600162039414,0.9621224142190585,0.7990601627616601,0.8588601183008839,0.6653623586999703,0.8841969305430578,0.09141800066965021,0.3369903786253201,0.2393167939518393,1853,1853,269,12482208,"{""initial_prob"": 1.0, ""scale"": 4.0, ""smooth"": ""none"", ""threshold"": 0.5}"
sleep,gru,density_custom,2,objective_e20_bs32_eval5,experiments/sleep/gru/density_custom/seed_2_objective_e20_bs32_eval5,0.6666666666666666,none,4.0,1.0,0.7943027672732265,0.9434022205394881,0.8624559400838697,0.9068409904305219,0.7581736571570314,0.9279879809725972,0.09141800066965021,0.2842392147286762,0.2393167939518393,1437,1437,269,12482208,"{""initial_prob"": 1.0, ""scale"": 4.0, ""smooth"": ""none"", ""threshold"": 0.6666666666666666}"
sleep,gru,density_custom,2,objective_e20_bs32_eval5,experiments/sleep/gru/density_custom/seed_2_objective_e20_bs32_eval5,0.8333333333333333,none,4.0,1.0,0.8491735570056844,0.8935103819560913,0.8707779675977196,0.9143584776064831,0.7711308694050603,0.9365353469514368,0.09141800066965021,0.2518119390415542,0.2393167939518393,940,940,269,12482208,"{""initial_prob"": 1.0, ""scale"": 4.0, ""smooth"": ""none"", ""threshold"": 0.8333333333333333}"
sleep,gru,density_custom,2,objective_e20_bs32_eval5,experiments/sleep/gru/density_custom/seed_2_objective_e20_bs32_eval5,1.0,none,4.0,1.0,0.0,0.0,0.0,0.4320386560371119,0.0,0.7606832060481608,0.09141800066965021,0.0,0.2393167939518393,-9578,9578,269,12482208,"{""initial_prob"": 1.0, ""scale"": 4.0, ""smooth"": ""none"", ""threshold"": 1.0}"
sleep,gru,density_gau,0,objective_e20_bs32_eval5,experiments/sleep/gru/density_gau/seed_0_objective_e20_bs32_eval5,0.0,none,0.25,0.0,0.2393167939518393,1.0,0.3862076187779625,0.19310380938898125,0.2393167939518393,0.2393167939518393,0.20231362552013818,1.0,0.2393167939518393,-9578,9578,269,12482208,"{""initial_prob"": 0.0, ""scale"": 0.25, ""smooth"": ""none"", ""threshold"": 0.0}"
sleep,gru,density_gau,0,objective_e20_bs32_eval5,experiments/sleep/gru/density_gau/seed_0_objective_e20_bs32_eval5,0.16666666666666666,none,0.25,0.0,0.24565026493166361,0.9891915578524653,0.3935648497987467,0.23909835482603492,0.24499267819771073,0.27045575590472454,0.20231362552013818,0.9636877546023909,0.2393167939518393,-9111,9111,269,12482208,"{""initial_prob"": 0.0, ""scale"": 0.25, ""smooth"": ""none"", ""threshold"": 0.16666666666666666}"
sleep,gru,density_gau,0,objective_e20_bs32_eval5,experiments/sleep/gru/density_gau/seed_0_objective_e20_bs32_eval5,0.3333333333333333,none,0.25,0.0,0.2517923907932821,0.9175161237840628,0.395145636106959,0.31933860452073815,0.24621899967821273,0.32778143097759627,0.20231362552013818,0.8720558093568062,0.2393167939518393,-8725,8725,269,12482208,"{""initial_prob"": 0.0, ""scale"": 0.25, ""smooth"": ""none"", ""threshold"": 0.3333333333333333}"
sleep,gru,density_gau,0,objective_e20_bs32_eval5,experiments/sleep/gru/density_gau/seed_0_objective_e20_bs32_eval5,0.5,none,0.25,0.0,0.6193582323850523,0.7027917763847239,0.6584424905936496,0.770632557683621,0.49080452084757475,0.8255078748888017,0.20231362552013818,0.27155508063957917,0.2393167939518393,-2678,2678,269,12482208,"{""initial_prob"": 0.0, ""scale"": 0.25, ""smooth"": ""none"", ""threshold"": 0.5}"
sleep,gru,density_gau,0,objective_e20_bs32_eval5,experiments/sleep/gru/density_gau/seed_0_objective_e20_bs32_eval5,0.6666666666666666,none,0.25,0.0,0.07965996359923647,0.0012014587563880848,0.002367214377677874,0.43221917322519826,0.0011850097749273856,0.75764880700594,0.20231362552013818,0.0036094575575090562,0.2393167939518393,-9539,9539,269,12482208,"{""initial_prob"": 0.0, ""scale"": 0.25, ""smooth"": ""none"", ""threshold"": 0.6666666666666666}"
sleep,gru,density_gau,0,objective_e20_bs32_eval5,experiments/sleep/gru/density_gau/seed_0_objective_e20_bs32_eval5,0.8333333333333333,none,0.25,0.0,0.0,0.0,0.0,0.4320386560371119,0.0,0.7606832060481608,0.20231362552013818,0.0,0.2393167939518393,-9578,9578,269,12482208,"{""initial_prob"": 0.0, ""scale"": 0.25, ""smooth"": ""none"", ""threshold"": 0.8333333333333333}"
sleep,gru,density_gau,0,objective_e20_bs32_eval5,experiments/sleep/gru/density_gau/seed_0_objective_e20_bs32_eval5,1.0,none,0.25,0.0,0.0,0.0,0.0,0.4320386560371119,0.0,0.7606832060481608,0.20231362552013818,0.0,0.2393167939518393,-9578,9578,269,12482208,"{""initial_prob"": 0.0, ""scale"": 0.25, ""smooth"": ""none"", ""threshold"": 1.0}"
sleep,gru,density_gau,0,objective_e20_bs32_eval5,experiments/sleep/gru/density_gau/seed_0_objective_e20_bs32_eval5,0.0,none,0.25,0.2393167939518393,0.2393167939518393,1.0,0.3862076187779625,0.19310380938898125,0.2393167939518393,0.2393167939518393,0.20520942403165782,1.0,0.2393167939518393,-9578,9578,269,12482208,"{""initial_prob"": 0.2393167939518393, ""scale"": 0.25, ""smooth"": ""none"", ""threshold"": 0.0}"
sleep,gru,density_gau,0,objective_e20_bs32_eval5,experiments/sleep/gru/density_gau/seed_0_objective_e20_bs32_eval5,0.16666666666666666,none,0.25,0.2393167939518393,0.2393167939518393,1.0,0.3862076187779625,0.19310380938898125,0.2393167939518393,0.2393167939518393,0.20520942403165782,1.0,0.2393167939518393,-9578,9578,269,12482208,"{""initial_prob"": 0.2393167939518393, ""scale"": 0.25, ""smooth"": ""none"", ""threshold"": 0.16666666666666666}"
sleep,gru,density_gau,0,objective_e20_bs32_eval5,experiments/sleep/gru/density_gau/seed_0_objective_e20_bs32_eval5,0.3333333333333333,none,0.25,0.2393167939518393,0.25198663503273805,0.9944684022038014,0.40208870569980215,0.26745991817538006,0.25163393433294196,0.2922024693067124,0.20520942403165782,0.9444667161450923,0.2393167939518393,-8735,8735,269,12482208,"{""initial_prob"": 0.2393167939518393, ""scale"": 0.25, ""smooth"": ""none"", ""threshold"": 0.3333333333333333}"
sleep,gru,density_gau,0,objective_e20_bs32_eval5,experiments/sleep/gru/density_gau/seed_0_objective_e20_bs32_eval5,0.5,none,0.25,0.2393167939518393,0.6229393706417776,0.7757500162359291,0.6909972027000311,0.7887392368153878,0.5278806157827357,0.8339606261969036,0.20520942403165782,0.2980225934385968,0.2393167939518393,-1991,1991,269,12482208,"{""initial_prob"": 0.2393167939518393, ""scale"": 0.25, ""smooth"": ""none"", ""threshold"": 0.5}"
sleep,gru,density_gau,0,objective_e20_bs32_eval5,experiments/sleep/gru/density_gau/seed_0_objective_e20_bs32_eval5,0.6666666666666666,none,0.25,0.2393167939518393,0.0972252051028736,0.0015154649735772806,0.0029844114440015766,0.4325314196952105,0.0014944357275445928,0.7576782889693875,0.20520942403165782,0.00373026951641889,0.2393167939518393,-9533,9533,269,12482208,"{""initial_prob"": 0.2393167939518393, ""scale"": 0.25, ""smooth"": ""none"", ""threshold"": 0.6666666666666666}"
sleep,gru,density_gau,0,objective_e20_bs32_eval5,experiments/sleep/gru/density_gau/seed_0_objective_e20_bs32_eval5,0.8333333333333333,none,0.25,0.2393167939518393,0.0,0.0,0.0,0.4320386560371119,0.0,0.7606832060481608,0.20520942403165782,0.0,0.2393167939518393,-9578,9578,269,12482208,"{""initial_prob"": 0.2393167939518393, ""scale"": 0.25, ""smooth"": ""none"", ""threshold"": 0.8333333333333333}"
sleep,gru,density_gau,0,objective_e20_bs32_eval5,experiments/sleep/gru/density_gau/seed_0_objective_e20_bs32_eval5,1.0,none,0.25,0.2393167939518393,0.0,0.0,0.0,0.4320386560371119,0.0,0.7606832060481608,0.20520942403165782,0.0,0.2393167939518393,-9578,9578,269,12482208,"{""initial_prob"": 0.2393167939518393, ""scale"": 0.25, ""smooth"": ""none"", ""threshold"": 1.0}"
sleep,gru,density_gau,0,objective_e20_bs32_eval5,experiments/sleep/gru/density_gau/seed_0_objective_e20_bs32_eval5,0.0,none,0.25,1.0,0.2393167939518393,1.0,0.3862076187779625,0.19310380938898125,0.2393167939518393,0.2393167939518393,0.25301594431643365,1.0,0.2393167939518393,-9578,9578,269,12482208,"{""initial_prob"": 1.0, ""scale"": 0.25, ""smooth"": ""none"", ""threshold"": 0.0}"
sleep,gru,density_gau,0,objective_e20_bs32_eval5,experiments/sleep/gru/density_gau/seed_0_objective_e20_bs32_eval5,0.16666666666666666,none,0.25,1.0,0.2393167939518393,1.0,0.3862076187779625,0.19310380938898125,0.2393167939518393,0.2393167939518393,0.25301594431643365,1.0,0.2393167939518393,-9578,9578,269,12482208,"{""initial_prob"": 1.0, ""scale"": 0.25, ""smooth"": ""none"", ""threshold"": 0.16666666666666666}"
sleep,gru,density_gau,0,objective_e20_bs32_eval5,experiments/sleep/gru/density_gau/seed_0_objective_e20_bs32_eval5,0.3333333333333333,none,0.25,1.0,0.2404085913178208,1.0,0.38762806546254025,0.19974879215035948,0.2404085913178208,0.24385821803321978,0.25301594431643365,0.9954585759186195,0.2393167939518393,-9562,9562,269,12482208,"{""initial_prob"": 1.0, ""scale"": 0.25, ""smooth"": ""none"", ""threshold"": 0.3333333333333333}"
sleep,gru,density_gau,0,objective_e20_bs32_eval5,experiments/sleep/gru/density_gau/seed_0_objective_e20_bs32_eval5,0.5,none,0.25,1.0,0.41781893457482583,0.9560090010652108,0.5814973649999629,0.6550150068125077,0.4099374584524107,0.6706819017917343,0.25301594431643365,0.5475793225044799,0.2393167939518393,-3032,3032,269,12482208,"{""initial_prob"": 1.0, ""scale"": 0.25, ""smooth"": ""none"", ""threshold"": 0.5}"
sleep,gru,density_gau,0,objective_e20_bs32_eval5,experiments/sleep/gru/density_gau/seed_0_objective_e20_bs32_eval5,0.6666666666666666,none,0.25,1.0,0.37512685426052517,0.18363371476050164,0.24656692534683597,0.541576824583046,0.14061952458357035,0.731425081203582,0.25301594431643365,0.11715138860047837,0.2393167939518393,-8647,8647,269,12482208,"{""initial_prob"": 1.0, ""scale"": 0.25, ""smooth"": ""none"", ""threshold"": 0.6666666666666666}"
sleep,gru,density_gau,0,objective_e20_bs32_eval5,experiments/sleep/gru/density_gau/seed_0_objective_e20_bs32_eval5,0.8333333333333333,none,0.25,1.0,0.4018911012036756,0.0691647233765912,0.1180186525324637,0.48707021135089007,0.06270978864443794,0.7526017832742412,0.25301594431643365,0.04118598248002277,0.2393167939518393,-9173,9173,269,12482208,"{""initial_prob"": 1.0, ""scale"": 0.25, ""smooth"": ""none"", ""threshold"": 0.8333333333333333}"
sleep,gru,density_gau,0,objective_e20_bs32_eval5,experiments/sleep/gru/density_gau/seed_0_objective_e20_bs32_eval5,1.0,none,0.25,1.0,0.0,0.0,0.0,0.4320386560371119,0.0,0.7606832060481608,0.25301594431643365,0.0,0.2393167939518393,-9578,9578,269,12482208,"{""initial_prob"": 1.0, ""scale"": 0.25, ""smooth"": ""none"", ""threshold"": 1.0}"
sleep,gru,density_gau,0,objective_e20_bs32_eval5,experiments/sleep/gru/density_gau/seed_0_objective_e20_bs32_eval5,0.0,none,1.0,0.0,0.2393167939518393,1.0,0.3862076187779625,0.19310380938898125,0.2393167939518393,0.2393167939518393,0.1324431295242111,1.0,0.2393167939518393,-9578,9578,269,12482208,"{""initial_prob"": 0.0, ""scale"": 1.0, ""smooth"": ""none"", ""threshold"": 0.0}"
sleep,gru,density_gau,0,objective_e20_bs32_eval5,experiments/sleep/gru/density_gau/seed_0_objective_e20_bs32_eval5,0.16666666666666666,none,1.0,0.0,0.24383570392692544,0.9994596950591222,0.3920290519695974,0.22029626247320053,0.24380356650708912,0.2581210792193176,0.1324431295242111,0.9809371066401072,0.2393167939518393,-9254,9254,269,12482208,"{""initial_prob"": 0.0, ""scale"": 1.0, ""smooth"": ""none"", ""threshold"": 0.16666666666666666}"
sleep,gru,density_gau,0,objective_e20_bs32_eval5,experiments/sleep/gru/density_gau/seed_0_objective_e20_bs32_eval5,0.3333333333333333,none,1.0,0.0,0.4079182857375003,0.9949517977023314,0.5786124267687205,0.6419715133317707,0.4070757600992282,0.6531839559154918,0.1324431295242111,0.5837165988581507,0.2393167939518393,-1289,1289,269,12482208,"{""initial_prob"": 0.0, ""scale"": 1.0, ""smooth"": ""none"", ""threshold"": 0.3333333333333333}"
sleep,gru,density_gau,0,objective_e20_bs32_eval5,experiments/sleep/gru/density_gau/seed_0_objective_e20_bs32_eval5,0.5,none,1.0,0.0,0.7157736238508691,0.9621237532647609,0.8208640347851965,0.8755135730879682,0.69615723631639,0.8995047190368883,0.1324431295242111,0.3216832310437384,0.2393167939518393,879,879,269,12482208,"{""initial_prob"": 0.0, ""scale"": 1.0, ""smooth"": ""none"", ""threshold"": 0.5}"
sleep,gru,density_gau,0,objective_e20_bs32_eval5,experiments/sleep/gru/density_gau/seed_0_objective_e20_bs32_eval5,0.6666666666666666,none,1.0,0.0,0.8594813737326835,0.7237491806714109,0.7857970379753046,0.8626164443079767,0.6471710764607099,0.9055707932442721,0.1324431295242111,0.20152307989099363,0.2393167939518393,-1614,1614,269,12482208,"{""initial_prob"": 0.0, ""scale"": 1.0, ""smooth"": ""none"", ""threshold"": 0.6666666666666666}"
sleep,gru,density_gau,0,objective_e20_bs32_eval5,experiments/sleep/gru/density_gau/seed_0_objective_e20_bs32_eval5,0.8333333333333333,none,1.0,0.0,0.8268666449298989,0.005093729851546699,0.010125086338719273,0.4373181679272017,0.0050883029225638945,0.7616469778423818,0.1324431295242111,0.0014742584004368458,0.2393167939518393,-9512,9512,269,12482208,"{""initial_prob"": 0.0, ""scale"": 1.0, ""smooth"": ""none"", ""threshold"": 0.8333333333333333}"
sleep,gru,density_gau,0,objective_e20_bs32_eval5,experiments/sleep/gru/density_gau/seed_0_objective_e20_bs32_eval5,1.0,none,1.0,0.0,0.0,0.0,0.0,0.4320386560371119,0.0,0.7606832060481608,0.1324431295242111,0.0,0.2393167939518393,-9578,9578,269,12482208,"{""initial_prob"": 0.0, ""scale"": 1.0, ""smooth"": ""none"", ""threshold"": 1.0}"
sleep,gru,density_gau,0,objective_e20_bs32_eval5,experiments/sleep/gru/density_gau/seed_0_objective_e20_bs32_eval5,0.0,none,1.0,0.2393167939518393,0.2393167939518393,1.0,0.3862076187779625,0.19310380938898125,0.2393167939518393,0.2393167939518393,0.1333541523778138,1.0,0.2393167939518393,-9578,9578,269,12482208,"{""initial_prob"": 0.2393167939518393, ""scale"": 1.0, ""smooth"": ""none"", ""threshold"": 0.0}"
sleep,gru,density_gau,0,objective_e20_bs32_eval5,experiments/sleep/gru/density_gau/seed_0_objective_e20_bs32_eval5,0.16666666666666666,none,1.0,0.2393167939518393,0.240068931392241,0.9999996652385744,0.3871864051370618,0.19769531291603346,0.24006891209890013,0.24244997359441534,0.1333541523778138,0.9968666601293618,0.2393167939518393,-9463,9463,269,12482208,"{""initial_prob"": 0.2393167939518393, ""scale"": 1.0, ""smooth"": ""none"", ""threshold"": 0.16666666666666666}"
sleep,gru,density_gau,0,objective_e20_bs32_eval5,experiments/sleep/gru/density_gau/seed_0_objective_e20_bs32_eval5,0.3333333333333333,none,1.0,0.2393167939518393,0.40382252500448124,0.9962506720335619,0.5746963269764997,0.6365784803739059,0.4032097424946608,0.6471155584012059,0.1333541523778138,0.5904066812538294,0.2393167939518393,-1339,1339,269,12482208,"{""initial_prob"": 0.2393167939518393, ""scale"": 1.0, ""smooth"": ""none"", ""threshold"": 0.3333333333333333}"
sleep,gru,density_gau,0,objective_e20_bs32_eval5,experiments/sleep/gru/density_gau/seed_0_objective_e20_bs32_eval5,0.5,none,1.0,0.2393167939518393,0.7153949906183075,0.9696438339288739,0.8233381111121376,0.8770033014839336,0.6997236154986939,0.900418179219574,0.1333541523778138,0.3243691340506423,0.2393167939518393,957,957,269,12482208,"{""initial_prob"": 0.2393167939518393, ""scale"": 1.0, ""smooth"": ""none"", ""threshold"": 0.5}"
sleep,gru,density_gau,0,objective_e20_bs32_eval5,experiments/sleep/gru/density_gau/seed_0_objective_e20_bs32_eval5,0.6666666666666666,none,1.0,0.2393167939518393,0.8625174346471427,0.7533246830980965,0.8042316337549327,0.8738332235420556,0.6725647344898141,0.9122298715099123,0.1333541523778138,0.20901983046589193,0.2393167939518393,-1298,1298,269,12482208,"{""initial_prob"": 0.2393167939518393, ""scale"": 1.0, ""smooth"": ""none"", ""threshold"": 0.6666666666666666}"
sleep,gru,density_gau,0,objective_e20_bs32_eval5,experiments/sleep/gru/density_gau/seed_0_objective_e20_bs32_eval5,0.8333333333333333,none,1.0,0.2393167939518393,0.8314196518334304,0.005260106280057392,0.01045407323306835,0.43749244495956957,0.005254502091367408,0.7616867945158421,0.1333541523778138,0.0015140750738971824,0.2393167939518393,-9512,9512,269,12482208,"{""initial_prob"": 0.2393167939518393, ""scale"": 1.0, ""smooth"": ""none"", ""threshold"": 0.8333333333333333}"
sleep,gru,density_gau,0,objective_e20_bs32_eval5,experiments/sleep/gru/density_gau/seed_0_objective_e20_bs32_eval5,1.0,none,1.0,0.2393167939518393,0.0,0.0,0.0,0.4320386560371119,0.0,0.7606832060481608,0.1333541523778138,0.0,0.2393167939518393,-9578,9578,269,12482208,"{""initial_prob"": 0.2393167939518393, ""scale"": 1.0, ""smooth"": ""none"", ""threshold"": 1.0}"
sleep,gru,density_gau,0,objective_e20_bs32_eval5,experiments/sleep/gru/density_gau/seed_0_objective_e20_bs32_eval5,0.0,none,1.0,1.0,0.2393167939518393,1.0,0.3862076187779625,0.19310380938898125,0.2393167939518393,0.2393167939518393,0.14819578127513375,1.0,0.2393167939518393,-9578,9578,269,12482208,"{""initial_prob"": 1.0, ""scale"": 1.0, ""smooth"": ""none"", ""threshold"": 0.0}"
sleep,gru,density_gau,0,objective_e20_bs32_eval5,experiments/sleep/gru/density_gau/seed_0_objective_e20_bs32_eval5,0.16666666666666666,none,1.0,1.0,0.2395584403273974,1.0,0.386522220387002,0.19458541958524322,0.2395584403273974,0.24032550971751152,0.14819578127513375,0.9989912842343278,0.2393167939518393,-9549,9549,269,12482208,"{""initial_prob"": 1.0, ""scale"": 1.0, ""smooth"": ""none"", ""threshold"": 0.16666666666666666}"
sleep,gru,density_gau,0,objective_e20_bs32_eval5,experiments/sleep/gru/density_gau/seed_0_objective_e20_bs32_eval5,0.3333333333333333,none,1.0,1.0,0.3795199753291098,0.9969894904998055,0.5497636394530918,0.6022660937512406,0.37908554385284265,0.6091966261097396,0.14819578127513375,0.6286792368786035,0.2393167939518393,-2018,2018,269,12482208,"{""initial_prob"": 1.0, ""scale"": 1.0, ""smooth"": ""none"", ""threshold"": 0.3333333333333333}"
sleep,gru,density_gau,0,objective_e20_bs32_eval5,experiments/sleep/gru/density_gau/seed_0_objective_e20_bs32_eval5,0.5,none,1.0,1.0,0.6677240438520539,0.9729981434131337,0.7919613204759437,0.852659037059072,0.6555761283967837,0.8776637114202872,0.14819578127513375,0.34872908703331973,0.2393167939518393,656,656,269,12482208,"{""initial_prob"": 1.0, ""scale"": 1.0, ""smooth"": ""none"", ""threshold"": 0.5}"
sleep,gru,density_gau,0,objective_e20_bs32_eval5,experiments/sleep/gru/density_gau/seed_0_objective_e20_bs32_eval5,0.6666666666666666,none,1.0,1.0,0.8020846720324853,0.7876671882249677,0.7948105539387259,0.8655084671728249,0.659490137866936,0.9026721073707472,0.14819578127513375,0.2350150710515319,0.2393167939518393,-1155,1155,269,12482208,"{""initial_prob"": 1.0, ""scale"": 1.0, ""smooth"": ""none"", ""threshold"": 0.6666666666666666}"
sleep,gru,density_gau,0,objective_e20_bs32_eval5,experiments/sleep/gru/density_gau/seed_0_objective_e20_bs32_eval5,0.8333333333333333,none,1.0,1.0,0.4892942208070845,0.05267738840560498,0.09511473027716359,0.47842775568676854,0.0499319994694499,0.7601315408299557,0.14819578127513375,0.025764832632175334,0.2393167939518393,-9083,9083,269,12482208,"{""initial_prob"": 1.0, ""scale"": 1.0, ""smooth"": ""none"", ""threshold"": 0.8333333333333333}"
sleep,gru,density_gau,0,objective_e20_bs32_eval5,experiments/sleep/gru/density_gau/seed_0_objective_e20_bs32_eval5,1.0,none,1.0,1.0,0.0,0.0,0.0,0.4320386560371119,0.0,0.7606832060481608,0.14819578127513375,0.0,0.2393167939518393,-9578,9578,269,12482208,"{""initial_prob"": 1.0, ""scale"": 1.0, ""smooth"": ""none"", ""threshold"": 1.0}"
sleep,gru,density_gau,0,objective_e20_bs32_eval5,experiments/sleep/gru/density_gau/seed_0_objective_e20_bs32_eval5,0.0,none,4.0,0.0,0.2393167939518393,1.0,0.3862076187779625,0.19310380938898125,0.2393167939518393,0.2393167939518393,0.0850105087766828,1.0,0.2393167939518393,-9578,9578,269,12482208,"{""initial_prob"": 0.0, ""scale"": 4.0, ""smooth"": ""none"", ""threshold"": 0.0}"
sleep,gru,density_gau,0,objective_e20_bs32_eval5,experiments/sleep/gru/density_gau/seed_0_objective_e20_bs32_eval5,0.16666666666666666,none,4.0,0.0,0.4431888851896157,0.9919516658063298,0.612653516933383,0.68380936024277,0.44160094425666613,0.6998223391246164,0.0850105087766828,0.5356422517554587,0.2393167939518393,1235,1235,269,12482208,"{""initial_prob"": 0.0, ""scale"": 4.0, ""smooth"": ""none"", ""threshold"": 0.16666666666666666}"
sleep,gru,density_gau,0,objective_e20_bs32_eval5,experiments/sleep/gru/density_gau/seed_0_objective_e20_bs32_eval5,0.3333333333333333,none,4.0,0.0,0.5486129438142437,0.9826108177485152,0.704107429470085,0.7778662990487657,0.5433378086133808,0.8023577238898759,0.0850105087766828,0.4286360233702242,0.2393167939518393,1669,1669,269,12482208,"{""initial_prob"": 0.0, ""scale"": 4.0, ""smooth"": ""none"", ""threshold"": 0.3333333333333333}"
sleep,gru,density_gau,0,objective_e20_bs32_eval5,experiments/sleep/gru/density_gau/seed_0_objective_e20_bs32_eval5,0.5,none,4.0,0.0,0.6828913395088958,0.9717170114374588,0.8020957118759539,0.860645356619016,0.6695824698416096,0.8852449021839726,0.0850105087766828,0.34053470347553894,0.2393167939518393,1700,1700,269,12482208,"{""initial_prob"": 0.0, ""scale"": 4.0, ""smooth"": ""none"", ""threshold"": 0.5}"
sleep,gru,density_gau,0,objective_e20_bs32_eval5,experiments/sleep/gru/density_gau/seed_0_objective_e20_bs32_eval5,0.6666666666666666,none,4.0,0.0,0.8237059037459086,0.9553404824983379,0.8846532632379706,0.9222270606989315,0.793164344395908,0.9403797789621836,0.0850105087766828,0.27756146989378805,0.2393167939518393,1480,1480,269,12482208,"{""initial_prob"": 0.0, ""scale"": 4.0, ""smooth"": ""none"", ""threshold"": 0.6666666666666666}"
sleep,gru,density_gau,0,objective_e20_bs32_eval5,experiments/sleep/gru/density_gau/seed_0_objective_e20_bs32_eval5,0.8333333333333333,none,4.0,0.0,0.8750469171961279,0.9045407709287822,0.8895494370535146,0.9270134451897031,0.8010707245653257,0.9462437254690836,0.0850105087766828,0.2473830751738795,0.2393167939518393,926,926,269,12482208,"{""initial_prob"": 0.0, ""scale"": 4.0, ""smooth"": ""none"", ""threshold"": 0.8333333333333333}"
sleep,gru,density_gau,0,objective_e20_bs32_eval5,experiments/sleep/gru/density_gau/seed_0_objective_e20_bs32_eval5,1.0,none,4.0,0.0,0.0,0.0,0.0,0.4320386560371119,0.0,0.7606832060481608,0.0850105087766828,0.0,0.2393167939518393,-9578,9578,269,12482208,"{""initial_prob"": 0.0, ""scale"": 4.0, ""smooth"": ""none"", ""threshold"": 1.0}"
sleep,gru,density_gau,0,objective_e20_bs32_eval5,experiments/sleep/gru/density_gau/seed_0_objective_e20_bs32_eval5,0.0,none,4.0,0.2393167939518393,0.2393167939518393,1.0,0.3862076187779625,0.19310380938898125,0.2393167939518393,0.2393167939518393,0.08571726669679457,1.0,0.2393167939518393,-9578,9578,269,12482208,"{""initial_prob"": 0.2393167939518393, ""scale"": 4.0, ""smooth"": ""none"", ""threshold"": 0.0}"
sleep,gru,density_gau,0,objective_e20_bs32_eval5,experiments/sleep/gru/density_gau/seed_0_objective_e20_bs32_eval5,0.16666666666666666,none,4.0,0.2393167939518393,0.4358463337369205,0.9921294241233101,0.605634892212213,0.6756651368212447,0.4343445549731775,0.6907860372139288,0.08571726669679457,0.5447636347671823,0.2393167939518393,1178,1178,269,12482208,"{""initial_prob"": 0.2393167939518393, ""scale"": 4.0, ""smooth"": ""none"", ""threshold"": 0.16666666666666666}"
sleep,gru,density_gau,0,objective_e20_bs32_eval5,experiments/sleep/gru/density_gau/seed_0_objective_e20_bs32_eval5,0.3333333333333333,none,4.0,0.2393167939518393,0.5473141865280048,0.9827253061560618,0.7030661680186453,0.7769058621282205,0.5420987182858477,0.8013453228787727,0.08571726669679457,0.4297032223786048,0.2393167939518393,1673,1673,269,12482208,"{""initial_prob"": 0.2393167939518393, ""scale"": 4.0, ""smooth"": ""none"", ""threshold"": 0.3333333333333333}"
sleep,gru,density_gau,0,objective_e20_bs32_eval5,experiments/sleep/gru/density_gau/seed_0_objective_e20_bs32_eval5,0.5,none,4.0,0.2393167939518393,0.6825160906734161,0.97185158553054,0.8018826218764816,0.8604722780977947,0.6692855278773968,0.8850749002099628,0.08571726669679457,0.34076911713055896,0.2393167939518393,1694,1694,269,12482208,"{""initial_prob"": 0.2393167939518393, ""scale"": 4.0, ""smooth"": ""none"", ""threshold"": 0.5}"
sleep,gru,density_gau,0,objective_e20_bs32_eval5,experiments/sleep/gru/density_gau/seed_0_objective_e20_bs32_eval5,0.6666666666666666,none,4.0,0.2393167939518393,0.8235614370525656,0.9555674507448777,0.8846672192596153,0.9222304591214372,0.7931867820403808,0.9403737704098506,0.08571726669679457,0.2776761130723026,0.2393167939518393,1484,1484,269,12482208,"{""initial_prob"": 0.2393167939518393, ""scale"": 4.0, ""smooth"": ""none"", ""threshold"": 0.6666666666666666}"
sleep,gru,density_gau,0,objective_e20_bs32_eval5,experiments/sleep/gru/density_gau/seed_0_objective_e20_bs32_eval5,0.8333333333333333,none,4.0,0.2393167939518393,0.8749959945402752,0.9049702698377947,0.8897307517935207,0.9271269092210472,0.8013648520219624,0.9463174303777024,0.08571726669679457,0.24751494286908213,0.2393167939518393,928,928,269,12482208,"{""initial_prob"": 0.2393167939518393, ""scale"": 4.0, ""smooth"": ""none"", ""threshold"": 0.8333333333333333}"
sleep,gru,density_gau,0,objective_e20_bs32_eval5,experiments/sleep/gru/density_gau/seed_0_objective_e20_bs32_eval5,1.0,none,4.0,0.2393167939518393,0.0,0.0,0.0,0.4320386560371119,0.0,0.7606832060481608,0.08571726669679457,0.0,0.2393167939518393,-9578,9578,269,12482208,"{""initial_prob"": 0.2393167939518393, ""scale"": 4.0, ""smooth"": ""none"", ""threshold"": 1.0}"
sleep,gru,density_gau,0,objective_e20_bs32_eval5,experiments/sleep/gru/density_gau/seed_0_objective_e20_bs32_eval5,0.0,none,4.0,1.0,0.2393167939518393,1.0,0.3862076187779625,0.19310380938898125,0.2393167939518393,0.2393167939518393,0.0939375651347773,1.0,0.2393167939518393,-9578,9578,269,12482208,"{""initial_prob"": 1.0, ""scale"": 4.0, ""smooth"": ""none"", ""threshold"": 0.0}"
sleep,gru,density_gau,0,objective_e20_bs32_eval5,experiments/sleep/gru/density_gau/seed_0_objective_e20_bs32_eval5,0.16666666666666666,none,4.0,1.0,0.4330251958056129,0.9922044106826388,0.6029197081776789,0.6724649125248208,0.4315569489504741,0.6872313776536971,0.0939375651347773,0.5483541854133499,0.2393167939518393,1006,1006,269,12482208,"{""initial_prob"": 1.0, ""scale"": 4.0, ""smooth"": ""none"", ""threshold"": 0.16666666666666666}"
sleep,gru,density_gau,0,objective_e20_bs32_eval5,experiments/sleep/gru/density_gau/seed_0_objective_e20_bs32_eval5,0.3333333333333333,none,4.0,1.0,0.53273100304558,0.9829254934885555,0.6909677559033068,0.7657297599773529,0.5278462459724312,0.7895883484716807,0.0939375651347773,0.44155601316690124,0.2393167939518393,1518,1518,269,12482208,"{""initial_prob"": 1.0, ""scale"": 4.0, ""smooth"": ""none"", ""threshold"": 0.3333333333333333}"
sleep,gru,density_gau,0,objective_e20_bs32_eval5,experiments/sleep/gru/density_gau/seed_0_objective_e20_bs32_eval5,0.5,none,4.0,1.0,0.6597122290718919,0.9722358916470999,0.7860493837017627,0.8480459542847408,0.647513476370813,0.8733402776175497,0.0939375651347773,0.35268768153839447,0.2393167939518393,1607,1607,269,12482208,"{""initial_prob"": 1.0, ""scale"": 4.0, ""smooth"": ""none"", ""threshold"": 0.5}"
sleep,gru,density_gau,0,objective_e20_bs32_eval5,experiments/sleep/gru/density_gau/seed_0_objective_e20_bs32_eval5,0.6666666666666666,none,4.0,1.0,0.7955771266224723,0.956172699402317,0.8685134343316707,0.9107390323476261,0.7675861655667741,0.930714181337148,0.0939375651347773,0.28762539448148916,0.2393167939518393,1463,1463,269,12482208,"{""initial_prob"": 1.0, ""scale"": 4.0, ""smooth"": ""none"", ""threshold"": 0.6666666666666666}"
sleep,gru,density_gau,0,objective_e20_bs32_eval5,experiments/sleep/gru/density_gau/seed_0_objective_e20_bs32_eval5,0.8333333333333333,none,4.0,1.0,0.8486211338469029,0.9061851190512058,0.8764589731024588,0.9179201917441773,0.7800863093737167,0.9388636209234776,0.0939375651347773,0.2555502199610838,0.2393167939518393,957,957,269,12482208,"{""initial_prob"": 1.0, ""scale"": 4.0, ""smooth"": ""none"", ""threshold"": 0.8333333333333333}"
sleep,gru,density_gau,0,objective_e20_bs32_eval5,experiments/sleep/gru/density_gau/seed_0_objective_e20_bs32_eval5,1.0,none,4.0,1.0,0.0,0.0,0.0,0.4320386560371119,0.0,0.7606832060481608,0.0939375651347773,0.0,0.2393167939518393,-9578,9578,269,12482208,"{""initial_prob"": 1.0, ""scale"": 4.0, ""smooth"": ""none"", ""threshold"": 1.0}"
sleep,gru,density_gau,1,objective_e20_bs32_eval5,experiments/sleep/gru/density_gau/seed_1_objective_e20_bs32_eval5,0.0,none,0.25,0.0,0.2393167939518393,1.0,0.3862076187779625,0.19310380938898125,0.2393167939518393,0.2393167939518393,0.20141855437578365,1.0,0.2393167939518393,-9578,9578,269,12482208,"{""initial_prob"": 0.0, ""scale"": 0.25, ""smooth"": ""none"", ""threshold"": 0.0}"
sleep,gru,density_gau,1,objective_e20_bs32_eval5,experiments/sleep/gru/density_gau/seed_1_objective_e20_bs32_eval5,0.16666666666666666,none,0.25,0.0,0.24603128508440117,0.9869908362407364,0.39387877898875706,0.24294327677757505,0.24523602193660318,0.27303550782041125,0.20141855437578365,0.9600546634057051,0.2393167939518393,-9065,9065,269,12482208,"{""initial_prob"": 0.0, ""scale"": 0.25, ""smooth"": ""none"", ""threshold"": 0.16666666666666666}"
sleep,gru,density_gau,1,objective_e20_bs32_eval5,experiments/sleep/gru/density_gau/seed_1_objective_e20_bs32_eval5,0.3333333333333333,none,0.25,0.0,0.24998792659924265,0.9097543453706847,0.39220369561516866,0.3169010332001877,0.24393867217230114,0.32520215974609623,0.20141855437578365,0.8709200327377977,0.2393167939518393,-8725,8725,269,12482208,"{""initial_prob"": 0.0, ""scale"": 0.25, ""smooth"": ""none"", ""threshold"": 0.3333333333333333}"
sleep,gru,density_gau,1,objective_e20_bs32_eval5,experiments/sleep/gru/density_gau/seed_1_objective_e20_bs32_eval5,0.5,none,0.25,0.0,0.6319061760267117,0.6558431602549811,0.6436521950252325,0.7643671352013626,0.4745480419288227,0.8262095135732396,0.20141855437578365,0.24838225736984995,0.2393167939518393,-2837,2837,269,12482208,"{""initial_prob"": 0.0, ""scale"": 0.25, ""smooth"": ""none"", ""threshold"": 0.5}"
sleep,gru,density_gau,1,objective_e20_bs32_eval5,experiments/sleep/gru/density_gau/seed_1_objective_e20_bs32_eval5,0.6666666666666666,none,0.25,0.0,0.13574533725985136,0.0009721471798693225,0.0019304692057255963,0.4325827541663535,0.0009661671808579125,0.7594346288733532,0.20141855437578365,0.0017138794674788306,0.2393167939518393,-9553,9553,269,12482208,"{""initial_prob"": 0.0, ""scale"": 0.25, ""smooth"": ""none"", ""threshold"": 0.6666666666666666}"
sleep,gru,density_gau,1,objective_e20_bs32_eval5,experiments/sleep/gru/density_gau/seed_1_objective_e20_bs32_eval5,0.8333333333333333,none,0.25,0.0,0.0,0.0,0.0,0.4320386560371119,0.0,0.7606832060481608,0.20141855437578365,0.0,0.2393167939518393,-9578,9578,269,12482208,"{""initial_prob"": 0.0, ""scale"": 0.25, ""smooth"": ""none"", ""threshold"": 0.8333333333333333}"
sleep,gru,density_gau,1,objective_e20_bs32_eval5,experiments/sleep/gru/density_gau/seed_1_objective_e20_bs32_eval5,1.0,none,0.25,0.0,0.0,0.0,0.0,0.4320386560371119,0.0,0.7606832060481608,0.20141855437578365,0.0,0.2393167939518393,-9578,9578,269,12482208,"{""initial_prob"": 0.0, ""scale"": 0.25, ""smooth"": ""none"", ""threshold"": 1.0}"
sleep,gru,density_gau,1,objective_e20_bs32_eval5,experiments/sleep/gru/density_gau/seed_1_objective_e20_bs32_eval5,0.0,none,0.25,0.2393167939518393,0.2393167939518393,1.0,0.3862076187779625,0.19310380938898125,0.2393167939518393,0.2393167939518393,0.20427975655216435,1.0,0.2393167939518393,-9578,9578,269,12482208,"{""initial_prob"": 0.2393167939518393, ""scale"": 0.25, ""smooth"": ""none"", ""threshold"": 0.0}"
sleep,gru,density_gau,1,objective_e20_bs32_eval5,experiments/sleep/gru/density_gau/seed_1_objective_e20_bs32_eval5,0.16666666666666666,none,0.25,0.2393167939518393,0.2393167939518393,1.0,0.3862076187779625,0.19310380938898125,0.2393167939518393,0.2393167939518393,0.20427975655216435,1.0,0.2393167939518393,-9578,9578,269,12482208,"{""initial_prob"": 0.2393167939518393, ""scale"": 0.25, ""smooth"": ""none"", ""threshold"": 0.16666666666666666}"
sleep,gru,density_gau,1,objective_e20_bs32_eval5,experiments/sleep/gru/density_gau/seed_1_objective_e20_bs32_eval5,0.3333333333333333,none,0.25,0.2393167939518393,0.25176013609944037,0.9938715225820015,0.40175155800948276,0.26679324704000223,0.25136990436175655,0.2916344608261615,0.20427975655216435,0.9447490379907144,0.2393167939518393,-8706,8706,269,12482208,"{""initial_prob"": 0.2393167939518393, ""scale"": 0.25, ""smooth"": ""none"", ""threshold"": 0.3333333333333333}"
sleep,gru,density_gau,1,objective_e20_bs32_eval5,experiments/sleep/gru/density_gau/seed_1_objective_e20_bs32_eval5,0.5,none,0.25,0.2393167939518393,0.6281862240981236,0.7259234561305195,0.6735275901932734,0.7800246773824516,0.5077584616263594,0.8315833224378251,0.20427975655216435,0.27655123196152476,0.2393167939518393,-2115,2115,269,12482208,"{""initial_prob"": 0.2393167939518393, ""scale"": 0.25, ""smooth"": ""none"", ""threshold"": 0.5}"
sleep,gru,density_gau,1,objective_e20_bs32_eval5,experiments/sleep/gru/density_gau/seed_1_objective_e20_bs32_eval5,0.6666666666666666,none,0.25,0.2393167939518393,0.1357841546520792,0.0009805162155086934,0.0019469730684235735,0.4325875367353378,0.0009744351336928996,0.7594243742773714,0.20427975655216435,0.001728139765015933,0.2393167939518393,-9551,9551,269,12482208,"{""initial_prob"": 0.2393167939518393, ""scale"": 0.25, ""smooth"": ""none"", ""threshold"": 0.6666666666666666}"
sleep,gru,density_gau,1,objective_e20_bs32_eval5,experiments/sleep/gru/density_gau/seed_1_objective_e20_bs32_eval5,0.8333333333333333,none,0.25,0.2393167939518393,0.0,0.0,0.0,0.4320386560371119,0.0,0.7606832060481608,0.20427975655216435,0.0,0.2393167939518393,-9578,9578,269,12482208,"{""initial_prob"": 0.2393167939518393, ""scale"": 0.25, ""smooth"": ""none"", ""threshold"": 0.8333333333333333}"
sleep,gru,density_gau,1,objective_e20_bs32_eval5,experiments/sleep/gru/density_gau/seed_1_objective_e20_bs32_eval5,1.0,none,0.25,0.2393167939518393,0.0,0.0,0.0,0.4320386560371119,0.0,0.7606832060481608,0.20427975655216435,0.0,0.2393167939518393,-9578,9578,269,12482208,"{""initial_prob"": 0.2393167939518393, ""scale"": 0.25, ""smooth"": ""none"", ""threshold"": 1.0}"
sleep,gru,density_gau,1,objective_e20_bs32_eval5,experiments/sleep/gru/density_gau/seed_1_objective_e20_bs32_eval5,0.0,none,0.25,1.0,0.2393167939518393,1.0,0.3862076187779625,0.19310380938898125,0.2393167939518393,0.2393167939518393,0.2528001400506256,1.0,0.2393167939518393,-9578,9578,269,12482208,"{""initial_prob"": 1.0, ""scale"": 0.25, ""smooth"": ""none"", ""threshold"": 0.0}"
sleep,gru,density_gau,1,objective_e20_bs32_eval5,experiments/sleep/gru/density_gau/seed_1_objective_e20_bs32_eval5,0.16666666666666666,none,0.25,1.0,0.2393167939518393,1.0,0.3862076187779625,0.19310380938898125,0.2393167939518393,0.2393167939518393,0.2528001400506256,1.0,0.2393167939518393,-9578,9578,269,12482208,"{""initial_prob"": 1.0, ""scale"": 0.25, ""smooth"": ""none"", ""threshold"": 0.16666666666666666}"
sleep,gru,density_gau,1,objective_e20_bs32_eval5,experiments/sleep/gru/density_gau/seed_1_objective_e20_bs32_eval5,0.3333333333333333,none,0.25,1.0,0.23975043883723363,1.0,0.3867720975555313,0.19575818464461336,0.23975043883723363,0.24112552843214918,0.2528001400506256,0.9981912655196901,0.2393167939518393,-9559,9559,269,12482208,"{""initial_prob"": 1.0, ""scale"": 0.25, ""smooth"": ""none"", ""threshold"": 0.3333333333333333}"
sleep,gru,density_gau,1,objective_e20_bs32_eval5,experiments/sleep/gru/density_gau/seed_1_objective_e20_bs32_eval5,0.5,none,0.25,1.0,0.4165972796308471,0.9359413926477017,0.5765611676212964,0.6537777590488529,0.40504808110216234,0.6709990732408881,0.2528001400506256,0.5376571196378077,0.2393167939518393,-2790,2790,269,12482208,"{""initial_prob"": 1.0, ""scale"": 0.25, ""smooth"": ""none"", ""threshold"": 0.5}"
sleep,gru,density_gau,1,objective_e20_bs32_eval5,experiments/sleep/gru/density_gau/seed_1_objective_e20_bs32_eval5,0.6666666666666666,none,0.25,1.0,0.37773130181893666,0.17787715728631676,0.241860141200204,0.5399599703405703,0.1375659279832898,0.7331247003735236,0.2528001400506256,0.1126964876726938,0.2393167939518393,-8721,8721,269,12482208,"{""initial_prob"": 1.0, ""scale"": 0.25, ""smooth"": ""none"", ""threshold"": 0.6666666666666666}"
sleep,gru,density_gau,1,objective_e20_bs32_eval5,experiments/sleep/gru/density_gau/seed_1_objective_e20_bs32_eval5,0.8333333333333333,none,0.25,1.0,0.40690400170922764,0.06821835282649115,0.11684704156779233,0.48670645997068646,0.06204861960075281,0.7532128129894967,0.2528001400506256,0.04012198803288649,0.2393167939518393,-9179,9179,269,12482208,"{""initial_prob"": 1.0, ""scale"": 0.25, ""smooth"": ""none"", ""threshold"": 0.8333333333333333}"
sleep,gru,density_gau,1,objective_e20_bs32_eval5,experiments/sleep/gru/density_gau/seed_1_objective_e20_bs32_eval5,1.0,none,0.25,1.0,0.0,0.0,0.0,0.4320386560371119,0.0,0.7606832060481608,0.2528001400506256,0.0,0.2393167939518393,-9578,9578,269,12482208,"{""initial_prob"": 1.0, ""scale"": 0.25, ""smooth"": ""none"", ""threshold"": 1.0}"
sleep,gru,density_gau,1,objective_e20_bs32_eval5,experiments/sleep/gru/density_gau/seed_1_objective_e20_bs32_eval5,0.0,none,1.0,0.0,0.2393167939518393,1.0,0.3862076187779625,0.19310380938898125,0.2393167939518393,0.2393167939518393,0.13556710352942983,1.0,0.2393167939518393,-9578,9578,269,12482208,"{""initial_prob"": 0.0, ""scale"": 1.0, ""smooth"": ""none"", ""threshold"": 0.0}"
sleep,gru,density_gau,1,objective_e20_bs32_eval5,experiments/sleep/gru/density_gau/seed_1_objective_e20_bs32_eval5,0.16666666666666666,none,1.0,0.0,0.2435305731859542,0.9993954208654119,0.3916296559048606,0.21861570052404702,0.2434947009205081,0.2569244159366676,0.13556710352942983,0.982103006134812,0.2393167939518393,-9257,9257,269,12482208,"{""initial_prob"": 0.0, ""scale"": 1.0, ""smooth"": ""none"", ""threshold"": 0.16666666666666666}"
sleep,gru,density_gau,1,objective_e20_bs32_eval5,experiments/sleep/gru/density_gau/seed_1_objective_e20_bs32_eval5,0.3333333333333333,none,1.0,0.0,0.4103373123253165,0.9944576898381831,0.5809574991952458,0.6450885487439207,0.4094010566038568,0.6566767674437087,0.13556710352942983,0.5799872907101051,0.2393167939518393,-833,833,269,12482208,"{""initial_prob"": 0.0, ""scale"": 1.0, ""smooth"": ""none"", ""threshold"": 0.3333333333333333}"
sleep,gru,density_gau,1,objective_e20_bs32_eval5,experiments/sleep/gru/density_gau/seed_1_objective_e20_bs32_eval5,0.5,none,1.0,0.0,0.6762833206542231,0.953490925622037,0.7913120616142514,0.8533743962604674,0.6546868190569358,0.8796435694710423,0.13556710352942983,0.3374124193411935,0.2393167939518393,825,825,269,12482208,"{""initial_prob"": 0.0, ""scale"": 1.0, ""smooth"": ""none"", ""threshold"": 0.5}"
sleep,gru,density_gau,1,objective_e20_bs32_eval5,experiments/sleep/gru/density_gau/seed_1_objective_e20_bs32_eval5,0.6666666666666666,none,1.0,0.0,0.8827763205529708,0.6587492241903963,0.754484047677244,0.8448163326667513,0.6057602443952732,0.8973986813871392,0.13556710352942983,0.17858402936403558,0.2393167939518393,-2343,2343,269,12482208,"{""initial_prob"": 0.0, ""scale"": 1.0, ""smooth"": ""none"", ""threshold"": 0.6666666666666666}"
sleep,gru,density_gau,1,objective_e20_bs32_eval5,experiments/sleep/gru/density_gau/seed_1_objective_e20_bs32_eval5,0.8333333333333333,none,1.0,0.0,0.6991536458333333,0.003595002949248159,0.0071532244796277305,0.4357070234519092,0.0035894503117330136,0.7611733436904753,0.13556710352942983,0.0012305515178083878,0.2393167939518393,-9522,9522,269,12482208,"{""initial_prob"": 0.0, ""scale"": 1.0, ""smooth"": ""none"", ""threshold"": 0.8333333333333333}"
sleep,gru,density_gau,1,objective_e20_bs32_eval5,experiments/sleep/gru/density_gau/seed_1_objective_e20_bs32_eval5,1.0,none,1.0,0.0,0.0,0.0,0.0,0.4320386560371119,0.0,0.7606832060481608,0.13556710352942983,0.0,0.2393167939518393,-9578,9578,269,12482208,"{""initial_prob"": 0.0, ""scale"": 1.0, ""smooth"": ""none"", ""threshold"": 1.0}"
sleep,gru,density_gau,1,objective_e20_bs32_eval5,experiments/sleep/gru/density_gau/seed_1_objective_e20_bs32_eval5,0.0,none,1.0,0.2393167939518393,0.2393167939518393,1.0,0.3862076187779625,0.19310380938898125,0.2393167939518393,0.2393167939518393,0.13647896620643996,1.0,0.2393167939518393,-9578,9578,269,12482208,"{""initial_prob"": 0.2393167939518393, ""scale"": 1.0, ""smooth"": ""none"", ""threshold"": 0.0}"
sleep,gru,density_gau,1,objective_e20_bs32_eval5,experiments/sleep/gru/density_gau/seed_1_objective_e20_bs32_eval5,0.16666666666666666,none,1.0,0.2393167939518393,0.2400382526469853,0.9999949785786164,0.38714615265032387,0.19751366536790324,0.24003796331980248,0.24232499570588792,0.13647896620643996,0.9969893948250181,0.2393167939518393,-9458,9458,269,12482208,"{""initial_prob"": 0.2393167939518393, ""scale"": 1.0, ""smooth"": ""none"", ""threshold"": 0.16666666666666666}"
sleep,gru,density_gau,1,objective_e20_bs32_eval5,experiments/sleep/gru/density_gau/seed_1_objective_e20_bs32_eval5,0.3333333333333333,none,1.0,0.2393167939518393,0.4055098540178319,0.9959711462432068,0.5763561747092253,0.638805964717456,0.4048457658231379,0.6496034195232125,0.13647896620643996,0.5877850296998736,0.2393167939518393,-877,877,269,12482208,"{""initial_prob"": 0.2393167939518393, ""scale"": 1.0, ""smooth"": ""none"", ""threshold"": 0.3333333333333333}"
sleep,gru,density_gau,1,objective_e20_bs32_eval5,experiments/sleep/gru/density_gau/seed_1_objective_e20_bs32_eval5,0.5,none,1.0,0.2393167939518393,0.6768682945246626,0.9614371575809069,0.7944383366460206,0.8553149771229105,0.6589777701090982,0.8809289991001592,0.13647896620643996,0.3399303232248653,0.2393167939518393,913,913,269,12482208,"{""initial_prob"": 0.2393167939518393, ""scale"": 1.0, ""smooth"": ""none"", ""threshold"": 0.5}"
sleep,gru,density_gau,1,objective_e20_bs32_eval5,experiments/sleep/gru/density_gau/seed_1_objective_e20_bs32_eval5,0.6666666666666666,none,1.0,0.2393167939518393,0.8849798317291047,0.6845198282539983,0.7719482302149475,0.8552580614259476,0.6285958370876029,0.9032091117212596,0.13647896620643996,0.18510827571532215,0.2393167939518393,-2049,2049,269,12482208,"{""initial_prob"": 0.2393167939518393, ""scale"": 1.0, ""smooth"": ""none"", ""threshold"": 0.6666666666666666}"
sleep,gru,density_gau,1,objective_e20_bs32_eval5,experiments/sleep/gru/density_gau/seed_1_objective_e20_bs32_eval5,0.8333333333333333,none,1.0,0.2393167939518393,0.7240040613987935,0.004057978000818157,0.008070720336091372,0.43619298556688163,0.0040517102783152615,0.7612841413954967,0.13647896620643996,0.001341349222829807,0.2393167939518393,-9516,9516,269,12482208,"{""initial_prob"": 0.2393167939518393, ""scale"": 1.0, ""smooth"": ""none"", ""threshold"": 0.8333333333333333}"
sleep,gru,density_gau,1,objective_e20_bs32_eval5,experiments/sleep/gru/density_gau/seed_1_objective_e20_bs32_eval5,1.0,none,1.0,0.2393167939518393,0.0,0.0,0.0,0.4320386560371119,0.0,0.7606832060481608,0.13647896620643996,0.0,0.2393167939518393,-9578,9578,269,12482208,"{""initial_prob"": 0.2393167939518393, ""scale"": 1.0, ""smooth"": ""none"", ""threshold"": 1.0}"
sleep,gru,density_gau,1,objective_e20_bs32_eval5,experiments/sleep/gru/density_gau/seed_1_objective_e20_bs32_eval5,0.0,none,1.0,1.0,0.2393167939518393,1.0,0.3862076187779625,0.19310380938898125,0.2393167939518393,0.2393167939518393,0.15135718859955927,1.0,0.2393167939518393,-9578,9578,269,12482208,"{""initial_prob"": 1.0, ""scale"": 1.0, ""smooth"": ""none"", ""threshold"": 0.0}"
sleep,gru,density_gau,1,objective_e20_bs32_eval5,experiments/sleep/gru/density_gau/seed_1_objective_e20_bs32_eval5,0.16666666666666666,none,1.0,1.0,0.23957706507995896,0.9999949785786164,0.38654608788281053,0.1947041650841063,0.23957677686348106,0.24040578397668105,0.15135718859955927,0.998908606554225,0.2393167939518393,-9550,9550,269,12482208,"{""initial_prob"": 1.0, ""scale"": 1.0, ""smooth"": ""none"", ""threshold"": 0.16666666666666666}"
sleep,gru,density_gau,1,objective_e20_bs32_eval5,experiments/sleep/gru/density_gau/seed_1_objective_e20_bs32_eval5,0.3333333333333333,none,1.0,1.0,0.38033451388089673,0.9967799298473956,0.5505857727239738,0.6035101265073295,0.379867785456145,0.6105745874447854,0.15135718859955927,0.6272009727766114,0.2393167939518393,-1630,1630,269,12482208,"{""initial_prob"": 1.0, ""scale"": 1.0, ""smooth"": ""none"", ""threshold"": 0.3333333333333333}"
sleep,gru,density_gau,1,objective_e20_bs32_eval5,experiments/sleep/gru/density_gau/seed_1_objective_e20_bs32_eval5,0.5,none,1.0,1.0,0.6347010636109531,0.9657693051892707,0.765993319408908,0.8324377373549086,0.6207367686550899,0.8587853206740346,0.15135718859955927,0.3641475130041095,0.2393167939518393,626,626,269,12482208,"{""initial_prob"": 1.0, ""scale"": 1.0, ""smooth"": ""none"", ""threshold"": 0.5}"
sleep,gru,density_gau,1,objective_e20_bs32_eval5,experiments/sleep/gru/density_gau/seed_1_objective_e20_bs32_eval5,0.6666666666666666,none,1.0,1.0,0.8154498278265193,0.7279825736592302,0.7692377894615642,0.8508359286679394,0.625009268951341,0.8954730605354437,0.15135718859955927,0.21364705667458833,0.2393167939518393,-1810,1810,269,12482208,"{""initial_prob"": 1.0, ""scale"": 1.0, ""smooth"": ""none"", ""threshold"": 0.6666666666666666}"
sleep,gru,density_gau,1,objective_e20_bs32_eval5,experiments/sleep/gru/density_gau/seed_1_objective_e20_bs32_eval5,0.8333333333333333,none,1.0,1.0,0.46784637437595766,0.0506962702890531,0.09147971335873228,0.47628190532014586,0.04793227192765341,0.7590155523766308,0.15135718859955927,0.025932591413314054,0.2393167939518393,-9091,9091,269,12482208,"{""initial_prob"": 1.0, ""scale"": 1.0, ""smooth"": ""none"", ""threshold"": 0.8333333333333333}"
sleep,gru,density_gau,1,objective_e20_bs32_eval5,experiments/sleep/gru/density_gau/seed_1_objective_e20_bs32_eval5,1.0,none,1.0,1.0,0.0,0.0,0.0,0.4320386560371119,0.0,0.7606832060481608,0.15135718859955927,0.0,0.2393167939518393,-9578,9578,269,12482208,"{""initial_prob"": 1.0, ""scale"": 1.0, ""smooth"": ""none"", ""threshold"": 1.0}"
sleep,gru,density_gau,1,objective_e20_bs32_eval5,experiments/sleep/gru/density_gau/seed_1_objective_e20_bs32_eval5,0.0,none,4.0,0.0,0.2393167939518393,1.0,0.3862076187779625,0.19310380938898125,0.2393167939518393,0.2393167939518393,0.09280135373519534,1.0,0.2393167939518393,-9578,9578,269,12482208,"{""initial_prob"": 0.0, ""scale"": 4.0, ""smooth"": ""none"", ""threshold"": 0.0}"
sleep,gru,density_gau,1,objective_e20_bs32_eval5,experiments/sleep/gru/density_gau/seed_1_objective_e20_bs32_eval5,0.16666666666666666,none,4.0,0.0,0.4244313344180409,0.9917508089509849,0.5944576002799563,0.6624647833887898,0.42293821972098494,0.6761669890455279,0.09280135373519534,0.5592014649972185,0.2393167939518393,1000,1000,269,12482208,"{""initial_prob"": 0.0, ""scale"": 4.0, ""smooth"": ""none"", ""threshold"": 0.16666666666666666}"
sleep,gru,density_gau,1,objective_e20_bs32_eval5,experiments/sleep/gru/density_gau/seed_1_objective_e20_bs32_eval5,0.3333333333333333,none,4.0,0.0,0.5248408654828903,0.9824337289543861,0.6841770842379316,0.7594121235331144,0.519961368693511,0.7829391242318666,0.09280135373519534,0.4479698623833219,0.2393167939518393,1585,1585,269,12482208,"{""initial_prob"": 0.0, ""scale"": 4.0, ""smooth"": ""none"", ""threshold"": 0.3333333333333333}"
sleep,gru,density_gau,1,objective_e20_bs32_eval5,experiments/sleep/gru/density_gau/seed_1_objective_e20_bs32_eval5,0.5,none,4.0,0.0,0.6335953752325068,0.9707435252118872,0.7667439939788082,0.8326740127688674,0.6217233001382462,0.8586518506982098,0.09280135373519534,0.3666618117563816,0.2393167939518393,1694,1694,269,12482208,"{""initial_prob"": 0.0, ""scale"": 4.0, ""smooth"": ""none"", ""threshold"": 0.5}"
sleep,gru,density_gau,1,objective_e20_bs32_eval5,experiments/sleep/gru/density_gau/seed_1_objective_e20_bs32_eval5,0.6666666666666666,none,4.0,0.0,0.836124763137586,0.9509798801688001,0.889861519898057,0.9260066906759004,0.8015770427274459,0.9436633326411481,0.09280135373519534,0.27219078547641573,0.2393167939518393,1407,1407,269,12482208,"{""initial_prob"": 0.0, ""scale"": 4.0, ""smooth"": ""none"", ""threshold"": 0.6666666666666666}"
sleep,gru,density_gau,1,objective_e20_bs32_eval5,experiments/sleep/gru/density_gau/seed_1_objective_e20_bs32_eval5,0.8333333333333333,none,4.0,0.0,0.882938113587942,0.8831615672458709,0.8830498262808025,0.9231251401319169,0.790590168709533,0.9440166355183314,0.09280135373519534,0.23937736015935643,0.2393167939518393,706,706,269,12482208,"{""initial_prob"": 0.0, ""scale"": 4.0, ""smooth"": ""none"", ""threshold"": 0.8333333333333333}"
sleep,gru,density_gau,1,objective_e20_bs32_eval5,experiments/sleep/gru/density_gau/seed_1_objective_e20_bs32_eval5,1.0,none,4.0,0.0,0.0,0.0,0.0,0.4320386560371119,0.0,0.7606832060481608,0.09280135373519534,0.0,0.2393167939518393,-9578,9578,269,12482208,"{""initial_prob"": 0.0, ""scale"": 4.0, ""smooth"": ""none"", ""threshold"": 1.0}"
sleep,gru,density_gau,1,objective_e20_bs32_eval5,experiments/sleep/gru/density_gau/seed_1_objective_e20_bs32_eval5,0.0,none,4.0,0.2393167939518393,0.2393167939518393,1.0,0.3862076187779625,0.19310380938898125,0.2393167939518393,0.2393167939518393,0.09353746360390548,1.0,0.2393167939518393,-9578,9578,269,12482208,"{""initial_prob"": 0.2393167939518393, ""scale"": 4.0, ""smooth"": ""none"", ""threshold"": 0.0}"
sleep,gru,density_gau,1,objective_e20_bs32_eval5,experiments/sleep/gru/density_gau/seed_1_objective_e20_bs32_eval5,0.16666666666666666,none,4.0,0.2393167939518393,0.4177560011143356,0.9919483181920741,0.5879138724975987,0.6544157261681487,0.4163442024159387,0.6672128841307563,0.09353746360390548,0.5682501044686966,0.2393167939518393,949,949,269,12482208,"{""initial_prob"": 0.2393167939518393, ""scale"": 4.0, ""smooth"": ""none"", ""threshold"": 0.16666666666666666}"
sleep,gru,density_gau,1,objective_e20_bs32_eval5,experiments/sleep/gru/density_gau/seed_1_objective_e20_bs32_eval5,0.3333333333333333,none,4.0,0.2393167939518393,0.5239057968634652,0.9826061310885571,0.6834237931467232,0.7586768199259837,0.5190917089259582,0.7821433515608777,0.09353746360390548,0.44884815250635146,0.2393167939518393,1583,1583,269,12482208,"{""initial_prob"": 0.2393167939518393, ""scale"": 4.0, ""smooth"": ""none"", ""threshold"": 0.3333333333333333}"
sleep,gru,density_gau,1,objective_e20_bs32_eval5,experiments/sleep/gru/density_gau/seed_1_objective_e20_bs32_eval5,0.5,none,4.0,0.2393167939518393,0.6324885209706285,0.9708620307565408,0.7659698488746151,0.8320359652209001,0.6207059431863006,0.8580220742996751,0.09353746360390548,0.36734830888894016,0.2393167939518393,1700,1700,269,12482208,"{""initial_prob"": 0.2393167939518393, ""scale"": 4.0, ""smooth"": ""none"", ""threshold"": 0.5}"
sleep,gru,density_gau,1,objective_e20_bs32_eval5,experiments/sleep/gru/density_gau/seed_1_objective_e20_bs32_eval5,0.6666666666666666,none,4.0,0.2393167939518393,0.8359318367961741,0.9512065136539143,0.8898514297238888,0.9259935626769874,0.8015606681388319,0.9436441052736824,0.09353746360390548,0.27231848724200075,0.2393167939518393,1417,1417,269,12482208,"{""initial_prob"": 0.2393167939518393, ""scale"": 4.0, ""smooth"": ""none"", ""threshold"": 0.6666666666666666}"
sleep,gru,density_gau,1,objective_e20_bs32_eval5,experiments/sleep/gru/density_gau/seed_1_objective_e20_bs32_eval5,0.8333333333333333,none,4.0,0.2393167939518393,0.8828160419182578,0.8839278361490117,0.8833715892131466,0.9233245068325263,0.7911061376189257,0.9441425747752321,0.09353746360390548,0.23961818293686502,0.2393167939518393,718,718,269,12482208,"{""initial_prob"": 0.2393167939518393, ""scale"": 4.0, ""smooth"": ""none"", ""threshold"": 0.8333333333333333}"
sleep,gru,density_gau,1,objective_e20_bs32_eval5,experiments/sleep/gru/density_gau/seed_1_objective_e20_bs32_eval5,1.0,none,4.0,0.2393167939518393,0.0,0.0,0.0,0.4320386560371119,0.0,0.7606832060481608,0.09353746360390548,0.0,0.2393167939518393,-9578,9578,269,12482208,"{""initial_prob"": 0.2393167939518393, ""scale"": 4.0, ""smooth"": ""none"", ""threshold"": 1.0}"
sleep,gru,density_gau,1,objective_e20_bs32_eval5,experiments/sleep/gru/density_gau/seed_1_objective_e20_bs32_eval5,0.0,none,4.0,1.0,0.2393167939518393,1.0,0.3862076187779625,0.19310380938898125,0.2393167939518393,0.2393167939518393,0.10177106025219172,1.0,0.2393167939518393,-9578,9578,269,12482208,"{""initial_prob"": 1.0, ""scale"": 4.0, ""smooth"": ""none"", ""threshold"": 0.0}"
sleep,gru,density_gau,1,objective_e20_bs32_eval5,experiments/sleep/gru/density_gau/seed_1_objective_e20_bs32_eval5,0.16666666666666666,none,4.0,1.0,0.4153748054936813,0.9920052276344218,0.5855617797298348,0.6514815194559732,0.4139889401588635,0.6639497595297242,0.10177106025219172,0.5715404678403052,0.2393167939518393,797,797,269,12482208,"{""initial_prob"": 1.0, ""scale"": 4.0, ""smooth"": ""none"", ""threshold"": 0.16666666666666666}"
sleep,gru,density_gau,1,objective_e20_bs32_eval5,experiments/sleep/gru/density_gau/seed_1_objective_e20_bs32_eval5,0.3333333333333333,none,4.0,1.0,0.5112403044081509,0.9828458202692687,0.6726123588748614,0.7482801251297809,0.5067188649615063,0.7710260876921775,0.10177106025219172,0.46008013966759725,0.2393167939518393,1440,1440,269,12482208,"{""initial_prob"": 1.0, ""scale"": 4.0, ""smooth"": ""none"", ""threshold"": 0.3333333333333333}"
sleep,gru,density_gau,1,objective_e20_bs32_eval5,experiments/sleep/gru/density_gau/seed_1_objective_e20_bs32_eval5,0.5,none,4.0,1.0,0.6141873492833337,0.971303581076874,0.7525270064780275,0.8209593547366967,0.6032411205579921,0.847115350104725,0.10177106025219172,0.3784663738979514,0.2393167939518393,1611,1611,269,12482208,"{""initial_prob"": 1.0, ""scale"": 4.0, ""smooth"": ""none"", ""threshold"": 0.5}"
sleep,gru,density_gau,1,objective_e20_bs32_eval5,experiments/sleep/gru/density_gau/seed_1_objective_e20_bs32_eval5,0.6666666666666666,none,4.0,1.0,0.8053444660561571,0.9518147751641838,0.8724750084193876,0.9137085951423317,0.7737966031212443,0.9334117008785625,0.10177106025219172,0.2828420260261646,0.2393167939518393,1382,1382,269,12482208,"{""initial_prob"": 1.0, ""scale"": 4.0, ""smooth"": ""none"", ""threshold"": 0.6666666666666666}"
sleep,gru,density_gau,1,objective_e20_bs32_eval5,experiments/sleep/gru/density_gau/seed_1_objective_e20_bs32_eval5,0.8333333333333333,none,4.0,1.0,0.8537396556381673,0.8855276610018338,0.8693431689641283,0.9136127897618314,0.7688833119839413,0.9362990105596702,0.10177106025219172,0.2482274770617506,0.2393167939518393,741,741,269,12482208,"{""initial_prob"": 1.0, ""scale"": 4.0, ""smooth"": ""none"", ""threshold"": 0.8333333333333333}"
sleep,gru,density_gau,1,objective_e20_bs32_eval5,experiments/sleep/gru/density_gau/seed_1_objective_e20_bs32_eval5,1.0,none,4.0,1.0,0.0,0.0,0.0,0.4320386560371119,0.0,0.7606832060481608,0.10177106025219172,0.0,0.2393167939518393,-9578,9578,269,12482208,"{""initial_prob"": 1.0, ""scale"": 4.0, ""smooth"": ""none"", ""threshold"": 1.0}"
sleep,gru,density_gau,2,objective_e20_bs32_eval5,experiments/sleep/gru/density_gau/seed_2_objective_e20_bs32_eval5,0.0,none,0.25,0.0,0.2393167939518393,1.0,0.3862076187779625,0.19310380938898125,0.2393167939518393,0.2393167939518393,0.19955049128812422,1.0,0.2393167939518393,-9578,9578,269,12482208,"{""initial_prob"": 0.0, ""scale"": 0.25, ""smooth"": ""none"", ""threshold"": 0.0}"
sleep,gru,density_gau,2,objective_e20_bs32_eval5,experiments/sleep/gru/density_gau/seed_2_objective_e20_bs32_eval5,0.16666666666666666,none,0.25,0.0,0.24571702170246093,0.9904161151472181,0.3937473898326378,0.2384379292795506,0.24513416341879854,0.27011102522886976,0.19955049128812422,0.9646185995298268,0.2393167939518393,-9101,9101,269,12482208,"{""initial_prob"": 0.0, ""scale"": 0.25, ""smooth"": ""none"", ""threshold"": 0.16666666666666666}"
sleep,gru,density_gau,2,objective_e20_bs32_eval5,experiments/sleep/gru/density_gau/seed_2_objective_e20_bs32_eval5,0.3333333333333333,none,0.25,0.0,0.2514316848532166,0.9180889005832213,0.3947542984590284,0.31751867904478953,0.24591518798653694,0.32625934450058836,0.19955049128812422,0.8738520460482633,0.2393167939518393,-8697,8697,269,12482208,"{""initial_prob"": 0.0, ""scale"": 0.25, ""smooth"": ""none"", ""threshold"": 0.3333333333333333}"
sleep,gru,density_gau,2,objective_e20_bs32_eval5,experiments/sleep/gru/density_gau/seed_2_objective_e20_bs32_eval5,0.5,none,0.25,0.0,0.6908132945280279,0.6979688685264672,0.6943726473045849,0.7987821034030925,0.531830652805397,0.8529588675336928,0.19955049128812422,0.2417956823023619,0.2393167939518393,-2392,2392,269,12482208,"{""initial_prob"": 0.0, ""scale"": 0.25, ""smooth"": ""none"", ""threshold"": 0.5}"
sleep,gru,density_gau,2,objective_e20_bs32_eval5,experiments/sleep/gru/density_gau/seed_2_objective_e20_bs32_eval5,0.6666666666666666,none,0.25,0.0,0.02617235513949071,0.0007056770851117534,0.0013742993632130441,0.4307329315267099,0.0006876221809692406,0.7545683423958325,0.19955049128812422,0.006452624407476626,0.2393167939518393,-9553,9553,269,12482208,"{""initial_prob"": 0.0, ""scale"": 0.25, ""smooth"": ""none"", ""threshold"": 0.6666666666666666}"
sleep,gru,density_gau,2,objective_e20_bs32_eval5,experiments/sleep/gru/density_gau/seed_2_objective_e20_bs32_eval5,0.8333333333333333,none,0.25,0.0,0.0,0.0,0.0,0.43167147133487827,0.0,0.7595456669204679,0.19955049128812422,0.0011375391276927929,0.2393167939518393,-9573,9573,269,12482208,"{""initial_prob"": 0.0, ""scale"": 0.25, ""smooth"": ""none"", ""threshold"": 0.8333333333333333}"
sleep,gru,density_gau,2,objective_e20_bs32_eval5,experiments/sleep/gru/density_gau/seed_2_objective_e20_bs32_eval5,1.0,none,0.25,0.0,0.0,0.0,0.0,0.4320386560371119,0.0,0.7606832060481608,0.19955049128812422,0.0,0.2393167939518393,-9578,9578,269,12482208,"{""initial_prob"": 0.0, ""scale"": 0.25, ""smooth"": ""none"", ""threshold"": 1.0}"
sleep,gru,density_gau,2,objective_e20_bs32_eval5,experiments/sleep/gru/density_gau/seed_2_objective_e20_bs32_eval5,0.0,none,0.25,0.2393167939518393,0.2393167939518393,1.0,0.3862076187779625,0.19310380938898125,0.2393167939518393,0.2393167939518393,0.20235991978933351,1.0,0.2393167939518393,-9578,9578,269,12482208,"{""initial_prob"": 0.2393167939518393, ""scale"": 0.25, ""smooth"": ""none"", ""threshold"": 0.0}"
sleep,gru,density_gau,2,objective_e20_bs32_eval5,experiments/sleep/gru/density_gau/seed_2_objective_e20_bs32_eval5,0.16666666666666666,none,0.25,0.2393167939518393,0.2393167939518393,1.0,0.3862076187779625,0.19310380938898125,0.2393167939518393,0.2393167939518393,0.20235991978933351,1.0,0.2393167939518393,-9578,9578,269,12482208,"{""initial_prob"": 0.2393167939518393, ""scale"": 0.25, ""smooth"": ""none"", ""threshold"": 0.16666666666666666}"
sleep,gru,density_gau,2,objective_e20_bs32_eval5,experiments/sleep/gru/density_gau/seed_2_objective_e20_bs32_eval5,0.3333333333333333,none,0.25,0.2393167939518393,0.2519845352001635,0.9954910983589326,0.40216955741283034,0.2666792650065802,0.2516972681792486,0.2917128123485845,0.20235991978933351,0.9454458698332859,0.2393167939518393,-8752,8752,269,12482208,"{""initial_prob"": 0.2393167939518393, ""scale"": 0.25, ""smooth"": ""none"", ""threshold"": 0.3333333333333333}"
sleep,gru,density_gau,2,objective_e20_bs32_eval5,experiments/sleep/gru/density_gau/seed_2_objective_e20_bs32_eval5,0.5,none,0.25,0.2393167939518393,0.6915505194055085,0.7711681366040863,0.7291924844555149,0.818714042102026,0.5738024646030583,0.8629210473018876,0.20235991978933351,0.2668691308460811,0.2393167939518393,-1661,1661,269,12482208,"{""initial_prob"": 0.2393167939518393, ""scale"": 0.25, ""smooth"": ""none"", ""threshold"": 0.5}"
sleep,gru,density_gau,2,objective_e20_bs32_eval5,experiments/sleep/gru/density_gau/seed_2_objective_e20_bs32_eval5,0.6666666666666666,none,0.25,0.2393167939518393,0.03176775328674063,0.0008703797064945725,0.0016943375889445773,0.4308815550596964,0.0008478870979629187,0.7545429462479715,0.20235991978933351,0.006556852761947245,0.2393167939518393,-9543,9543,269,12482208,"{""initial_prob"": 0.2393167939518393, ""scale"": 0.25, ""smooth"": ""none"", ""threshold"": 0.6666666666666666}"
sleep,gru,density_gau,2,objective_e20_bs32_eval5,experiments/sleep/gru/density_gau/seed_2_objective_e20_bs32_eval5,0.8333333333333333,none,0.25,0.2393167939518393,0.0,0.0,0.0,0.43167126432186637,0.0,0.759545026008219,0.20235991978933351,0.0011381800399416513,0.2393167939518393,-9573,9573,269,12482208,"{""initial_prob"": 0.2393167939518393, ""scale"": 0.25, ""smooth"": ""none"", ""threshold"": 0.8333333333333333}"
sleep,gru,density_gau,2,objective_e20_bs32_eval5,experiments/sleep/gru/density_gau/seed_2_objective_e20_bs32_eval5,1.0,none,0.25,0.2393167939518393,0.0,0.0,0.0,0.4320386560371119,0.0,0.7606832060481608,0.20235991978933351,0.0,0.2393167939518393,-9578,9578,269,12482208,"{""initial_prob"": 0.2393167939518393, ""scale"": 0.25, ""smooth"": ""none"", ""threshold"": 1.0}"
sleep,gru,density_gau,2,objective_e20_bs32_eval5,experiments/sleep/gru/density_gau/seed_2_objective_e20_bs32_eval5,0.0,none,0.25,1.0,0.2393167939518393,1.0,0.3862076187779625,0.19310380938898125,0.2393167939518393,0.2393167939518393,0.24976539174965207,1.0,0.2393167939518393,-9578,9578,269,12482208,"{""initial_prob"": 1.0, ""scale"": 0.25, ""smooth"": ""none"", ""threshold"": 0.0}"
sleep,gru,density_gau,2,objective_e20_bs32_eval5,experiments/sleep/gru/density_gau/seed_2_objective_e20_bs32_eval5,0.16666666666666666,none,0.25,1.0,0.2393167939518393,1.0,0.3862076187779625,0.19310380938898125,0.2393167939518393,0.2393167939518393,0.24976539174965207,1.0,0.2393167939518393,-9578,9578,269,12482208,"{""initial_prob"": 1.0, ""scale"": 0.25, ""smooth"": ""none"", ""threshold"": 0.16666666666666666}"
sleep,gru,density_gau,2,objective_e20_bs32_eval5,experiments/sleep/gru/density_gau/seed_2_objective_e20_bs32_eval5,0.3333333333333333,none,0.25,1.0,0.2400804146688778,1.0,0.3872013650549965,0.19776462755864133,0.2400804146688778,0.24249748121486198,0.24976539174965207,0.9968193127369773,0.2393167939518393,-9565,9565,269,12482208,"{""initial_prob"": 1.0, ""scale"": 0.25, ""smooth"": ""none"", ""threshold"": 0.3333333333333333}"
sleep,gru,density_gau,2,objective_e20_bs32_eval5,experiments/sleep/gru/density_gau/seed_2_objective_e20_bs32_eval5,0.5,none,0.25,1.0,0.4479845392403936,0.9566437087281008,0.6102135446750493,0.6880801950844446,0.4390700041269097,0.7075185736369719,0.24976539174965207,0.5110464430652013,0.2393167939518393,-2496,2496,269,12482208,"{""initial_prob"": 1.0, ""scale"": 0.25, ""smooth"": ""none"", ""threshold"": 0.5}"
sleep,gru,density_gau,2,objective_e20_bs32_eval5,experiments/sleep/gru/density_gau/seed_2_objective_e20_bs32_eval5,0.6666666666666666,none,0.25,1.0,0.36965687544986503,0.1800025575772914,0.24211058342273017,0.5390385103183932,0.13772799422965748,0.7303043660224217,0.24976539174965207,0.1165341099907965,0.2393167939518393,-8663,8663,269,12482208,"{""initial_prob"": 1.0, ""scale"": 0.25, ""smooth"": ""none"", ""threshold"": 0.6666666666666666}"
sleep,gru,density_gau,2,objective_e20_bs32_eval5,experiments/sleep/gru/density_gau/seed_2_objective_e20_bs32_eval5,0.8333333333333333,none,0.25,1.0,0.3905336267979084,0.067179922884358,0.11463946807012614,0.48511053633887835,0.060805064139525626,0.7516702974345565,0.24976539174965207,0.04116747613883698,0.2393167939518393,-9182,9182,269,12482208,"{""initial_prob"": 1.0, ""scale"": 0.25, ""smooth"": ""none"", ""threshold"": 0.8333333333333333}"
sleep,gru,density_gau,2,objective_e20_bs32_eval5,experiments/sleep/gru/density_gau/seed_2_objective_e20_bs32_eval5,1.0,none,0.25,1.0,0.0,0.0,0.0,0.4320386560371119,0.0,0.7606832060481608,0.24976539174965207,0.0,0.2393167939518393,-9578,9578,269,12482208,"{""initial_prob"": 1.0, ""scale"": 0.25, ""smooth"": ""none"", ""threshold"": 1.0}"
sleep,gru,density_gau,2,objective_e20_bs32_eval5,experiments/sleep/gru/density_gau/seed_2_objective_e20_bs32_eval5,0.0,none,1.0,0.0,0.2393167939518393,1.0,0.3862076187779625,0.19310380938898125,0.2393167939518393,0.2393167939518393,0.12754360993291225,1.0,0.2393167939518393,-9578,9578,269,12482208,"{""initial_prob"": 0.0, ""scale"": 1.0, ""smooth"": ""none"", ""threshold"": 0.0}"
sleep,gru,density_gau,2,objective_e20_bs32_eval5,experiments/sleep/gru/density_gau/seed_2_objective_e20_bs32_eval5,0.16666666666666666,none,1.0,0.0,0.2439341732265711,0.9996100029392053,0.3921678767662521,0.22072266525966897,0.24391096004320748,0.25844153534374686,0.12754360993291225,0.9806885929156124,0.2393167939518393,-9245,9245,269,12482208,"{""initial_prob"": 0.0, ""scale"": 1.0, ""smooth"": ""none"", ""threshold"": 0.16666666666666666}"
sleep,gru,density_gau,2,objective_e20_bs32_eval5,experiments/sleep/gru/density_gau/seed_2_objective_e20_bs32_eval5,0.3333333333333333,none,1.0,0.0,0.43897963040146587,0.9946354481551632,0.6091240360766098,0.679200115098022,0.4379427439082271,0.6945076544149881,0.12754360993291225,0.5422414848398617,0.2393167939518393,-712,712,269,12482208,"{""initial_prob"": 0.0, ""scale"": 1.0, ""smooth"": ""none"", ""threshold"": 0.3333333333333333}"
sleep,gru,density_gau,2,objective_e20_bs32_eval5,experiments/sleep/gru/density_gau/seed_2_objective_e20_bs32_eval5,0.5,none,1.0,0.0,0.7421646198195836,0.9627728556689504,0.8381960754254847,0.8884287500562553,0.721460874503807,0.9110449849898351,0.12754360993291225,0.3104536473034258,0.2393167939518393,925,925,269,12482208,"{""initial_prob"": 0.0, ""scale"": 1.0, ""smooth"": ""none"", ""threshold"": 0.5}"
sleep,gru,density_gau,2,objective_e20_bs32_eval5,experiments/sleep/gru/density_gau/seed_2_objective_e20_bs32_eval5,0.6666666666666666,none,1.0,0.0,0.8632523698492255,0.7283886392684525,0.7901068336613275,0.8653455707653377,0.6530385125261227,0.9073855362769151,0.12754360993291225,0.20192893757258332,0.2393167939518393,-1669,1669,269,12482208,"{""initial_prob"": 0.0, ""scale"": 1.0, ""smooth"": ""none"", ""threshold"": 0.6666666666666666}"
sleep,gru,density_gau,2,objective_e20_bs32_eval5,experiments/sleep/gru/density_gau/seed_2_objective_e20_bs32_eval5,0.8333333333333333,none,1.0,0.0,0.20634946176002059,0.004292980521571691,0.008410975588560049,0.43521868068116465,0.004223248614781699,0.7577591240267747,0.12754360993291225,0.004978846691226424,0.2393167939518393,-9492,9492,269,12482208,"{""initial_prob"": 0.0, ""scale"": 1.0, ""smooth"": ""none"", ""threshold"": 0.8333333333333333}"
sleep,gru,density_gau,2,objective_e20_bs32_eval5,experiments/sleep/gru/density_gau/seed_2_objective_e20_bs32_eval5,1.0,none,1.0,0.0,0.0,0.0,0.0,0.4320386560371119,0.0,0.7606832060481608,0.12754360993291225,0.0,0.2393167939518393,-9578,9578,269,12482208,"{""initial_prob"": 0.0, ""scale"": 1.0, ""smooth"": ""none"", ""threshold"": 1.0}"
sleep,gru,density_gau,2,objective_e20_bs32_eval5,experiments/sleep/gru/density_gau/seed_2_objective_e20_bs32_eval5,0.0,none,1.0,0.2393167939518393,0.2393167939518393,1.0,0.3862076187779625,0.19310380938898125,0.2393167939518393,0.2393167939518393,0.1284724379891019,1.0,0.2393167939518393,-9578,9578,269,12482208,"{""initial_prob"": 0.2393167939518393, ""scale"": 1.0, ""smooth"": ""none"", ""threshold"": 0.0}"
sleep,gru,density_gau,2,objective_e20_bs32_eval5,experiments/sleep/gru/density_gau/seed_2_objective_e20_bs32_eval5,0.16666666666666666,none,1.0,0.2393167939518393,0.24016713923678967,1.0,0.3873141476472127,0.19829006142917208,0.24016713923678967,0.24285743355662717,0.1284724379891019,0.9964593603952121,0.2393167939518393,-9444,9444,269,12482208,"{""initial_prob"": 0.2393167939518393, ""scale"": 1.0, ""smooth"": ""none"", ""threshold"": 0.16666666666666666}"
sleep,gru,density_gau,2,objective_e20_bs32_eval5,experiments/sleep/gru/density_gau/seed_2_objective_e20_bs32_eval5,0.3333333333333333,none,1.0,0.2393167939518393,0.434288685729931,0.9961485697987615,0.6048724632941119,0.6739201671679211,0.4335606941873639,0.6885410818342396,0.1284724379891019,0.5489322882618204,0.2393167939518393,-754,754,269,12482208,"{""initial_prob"": 0.2393167939518393, ""scale"": 1.0, ""smooth"": ""none"", ""threshold"": 0.3333333333333333}"
sleep,gru,density_gau,2,objective_e20_bs32_eval5,experiments/sleep/gru/density_gau/seed_2_objective_e20_bs32_eval5,0.5,none,1.0,0.2393167939518393,0.7416874370260381,0.9691684727045576,0.8403046410610627,0.889710573727214,0.7245908458492919,0.9118427605116018,0.1284724379891019,0.3127170289102697,0.2393167939518393,985,985,269,12482208,"{""initial_prob"": 0.2393167939518393, ""scale"": 1.0, ""smooth"": ""none"", ""threshold"": 0.5}"
sleep,gru,density_gau,2,objective_e20_bs32_eval5,experiments/sleep/gru/density_gau/seed_2_objective_e20_bs32_eval5,0.6666666666666666,none,1.0,0.2393167939518393,0.8657337188540077,0.7589644088347557,0.8088408165682541,0.8767415452695977,0.6790367129924423,0.9141467599322172,0.1284724379891019,0.2098023042077171,0.2393167939518393,-1355,1355,269,12482208,"{""initial_prob"": 0.2393167939518393, ""scale"": 1.0, ""smooth"": ""none"", ""threshold"": 0.6666666666666666}"
sleep,gru,density_gau,2,objective_e20_bs32_eval5,experiments/sleep/gru/density_gau/seed_2_objective_e20_bs32_eval5,0.8333333333333333,none,1.0,0.2393167939518393,0.22029558207539715,0.004665569988236484,0.00913761728941831,0.43560376268243184,0.004589778464233846,0.7578478903732416,0.1284724379891019,0.005068414178004404,0.2393167939518393,-9486,9486,269,12482208,"{""initial_prob"": 0.2393167939518393, ""scale"": 1.0, ""smooth"": ""none"", ""threshold"": 0.8333333333333333}"
sleep,gru,density_gau,2,objective_e20_bs32_eval5,experiments/sleep/gru/density_gau/seed_2_objective_e20_bs32_eval5,1.0,none,1.0,0.2393167939518393,0.0,0.0,0.0,0.4320386560371119,0.0,0.7606832060481608,0.1284724379891019,0.0,0.2393167939518393,-9578,9578,269,12482208,"{""initial_prob"": 0.2393167939518393, ""scale"": 1.0, ""smooth"": ""none"", ""threshold"": 1.0}"
sleep,gru,density_gau,2,objective_e20_bs32_eval5,experiments/sleep/gru/density_gau/seed_2_objective_e20_bs32_eval5,0.0,none,1.0,1.0,0.2393167939518393,1.0,0.3862076187779625,0.19310380938898125,0.2393167939518393,0.2393167939518393,0.1436343716266694,1.0,0.2393167939518393,-9578,9578,269,12482208,"{""initial_prob"": 1.0, ""scale"": 1.0, ""smooth"": ""none"", ""threshold"": 0.0}"
sleep,gru,density_gau,2,objective_e20_bs32_eval5,experiments/sleep/gru/density_gau/seed_2_objective_e20_bs32_eval5,0.16666666666666666,none,1.0,1.0,0.23961856779551707,1.0,0.3866004818266705,0.19495311157746753,0.23961856779551707,0.2405761865208463,0.1436343716266694,0.998740607430993,0.2393167939518393,-9540,9540,269,12482208,"{""initial_prob"": 1.0, ""scale"": 1.0, ""smooth"": ""none"", ""threshold"": 0.16666666666666666}"
sleep,gru,density_gau,2,objective_e20_bs32_eval5,experiments/sleep/gru/density_gau/seed_2_objective_e20_bs32_eval5,0.3333333333333333,none,1.0,1.0,0.4056426598787011,0.9967310546792617,0.5766175335527334,0.6389500282501561,0.40510372099212305,0.6497112530090831,0.1436343716266694,0.5880409139152304,0.2393167939518393,-1487,1487,269,12482208,"{""initial_prob"": 1.0, ""scale"": 1.0, ""smooth"": ""none"", ""threshold"": 0.3333333333333333}"
sleep,gru,density_gau,2,objective_e20_bs32_eval5,experiments/sleep/gru/density_gau/seed_2_objective_e20_bs32_eval5,0.5,none,1.0,1.0,0.6926137606585457,0.9729783924890248,0.8091995656773762,0.8660572885009704,0.6795425516767486,0.8901929850872538,0.1436343716266694,0.33619035991068247,0.2393167939518393,720,720,269,12482208,"{""initial_prob"": 1.0, ""scale"": 1.0, ""smooth"": ""none"", ""threshold"": 0.5}"
sleep,gru,density_gau,2,objective_e20_bs32_eval5,experiments/sleep/gru/density_gau/seed_2_objective_e20_bs32_eval5,0.6666666666666666,none,1.0,1.0,0.8033452121442531,0.789435398074854,0.7963295676400602,0.8664902804199985,0.6615843890746415,0.9033604471260213,0.1436343716266694,0.23517305592087553,0.2393167939518393,-1236,1236,269,12482208,"{""initial_prob"": 1.0, ""scale"": 1.0, ""smooth"": ""none"", ""threshold"": 0.6666666666666666}"
sleep,gru,density_gau,2,objective_e20_bs32_eval5,experiments/sleep/gru/density_gau/seed_2_objective_e20_bs32_eval5,0.8333333333333333,none,1.0,1.0,0.4151892205531558,0.05174072593684659,0.09201462375270356,0.47541362848435126,0.048226063416524544,0.7556244856679203,0.1436343716266694,0.029823569676134223,0.2393167939518393,-9063,9063,269,12482208,"{""initial_prob"": 1.0, ""scale"": 1.0, ""smooth"": ""none"", ""threshold"": 0.8333333333333333}"
sleep,gru,density_gau,2,objective_e20_bs32_eval5,experiments/sleep/gru/density_gau/seed_2_objective_e20_bs32_eval5,1.0,none,1.0,1.0,0.0,0.0,0.0,0.4320386560371119,0.0,0.7606832060481608,0.1436343716266694,0.0,0.2393167939518393,-9578,9578,269,12482208,"{""initial_prob"": 1.0, ""scale"": 1.0, ""smooth"": ""none"", ""threshold"": 1.0}"
sleep,gru,density_gau,2,objective_e20_bs32_eval5,experiments/sleep/gru/density_gau/seed_2_objective_e20_bs32_eval5,0.0,none,4.0,0.0,0.2393167939518393,1.0,0.3862076187779625,0.19310380938898125,0.2393167939518393,0.2393167939518393,0.08019903096901791,1.0,0.2393167939518393,-9578,9578,269,12482208,"{""initial_prob"": 0.0, ""scale"": 4.0, ""smooth"": ""none"", ""threshold"": 0.0}"
sleep,gru,density_gau,2,objective_e20_bs32_eval5,experiments/sleep/gru/density_gau/seed_2_objective_e20_bs32_eval5,0.16666666666666666,none,4.0,0.0,0.46000307049550315,0.9920052276344218,0.6285438605924453,0.7015438627785755,0.4583040190143924,0.7193990838800315,0.08019903096901791,0.516091143489998,0.2393167939518393,1072,1072,269,12482208,"{""initial_prob"": 0.0, ""scale"": 4.0, ""smooth"": ""none"", ""threshold"": 0.16666666666666666}"
sleep,gru,density_gau,2,objective_e20_bs32_eval5,experiments/sleep/gru/density_gau/seed_2_objective_e20_bs32_eval5,0.3333333333333333,none,4.0,0.0,0.5704945308362452,0.9830142052663329,0.7219840028009359,0.7938053978655406,0.5649256381635726,0.8188221186508028,0.08019903096901791,0.41236470342426595,0.2393167939518393,1590,1590,269,12482208,"{""initial_prob"": 0.0, ""scale"": 4.0, ""smooth"": ""none"", ""threshold"": 0.3333333333333333}"
sleep,gru,density_gau,2,objective_e20_bs32_eval5,experiments/sleep/gru/density_gau/seed_2_objective_e20_bs32_eval5,0.5,none,4.0,0.0,0.7123763327909484,0.9725733311640793,0.8223844757459006,0.8761359523854937,0.6983471759739225,0.8994616978021838,0.08019903096901791,0.32672777124047286,0.2393167939518393,1731,1731,269,12482208,"{""initial_prob"": 0.0, ""scale"": 4.0, ""smooth"": ""none"", ""threshold"": 0.5}"
sleep,gru,density_gau,2,objective_e20_bs32_eval5,experiments/sleep/gru/density_gau/seed_2_objective_e20_bs32_eval5,0.6666666666666666,none,4.0,0.0,0.8246615375594889,0.9557920756614383,0.8853979197764505,0.9227390765222239,0.7943623428361729,0.9407865178981155,0.08019903096901791,0.27737087861378373,0.2393167939518393,1460,1460,269,12482208,"{""initial_prob"": 0.0, ""scale"": 4.0, ""smooth"": ""none"", ""threshold"": 0.6666666666666666}"
sleep,gru,density_gau,2,objective_e20_bs32_eval5,experiments/sleep/gru/density_gau/seed_2_objective_e20_bs32_eval5,0.8333333333333333,none,4.0,0.0,0.8636939432364363,0.9086489631434366,0.8856013169573924,0.9241845571681724,0.7946898452351571,0.9438199555719629,0.08019903096901791,0.25177316385049825,0.2393167939518393,963,963,269,12482208,"{""initial_prob"": 0.0, ""scale"": 4.0, ""smooth"": ""none"", ""threshold"": 0.8333333333333333}"
sleep,gru,density_gau,2,objective_e20_bs32_eval5,experiments/sleep/gru/density_gau/seed_2_objective_e20_bs32_eval5,1.0,none,4.0,0.0,0.0,0.0,0.0,0.4320386560371119,0.0,0.7606832060481608,0.08019903096901791,0.0,0.2393167939518393,-9578,9578,269,12482208,"{""initial_prob"": 0.0, ""scale"": 4.0, ""smooth"": ""none"", ""threshold"": 1.0}"
sleep,gru,density_gau,2,objective_e20_bs32_eval5,experiments/sleep/gru/density_gau/seed_2_objective_e20_bs32_eval5,0.0,none,4.0,0.2393167939518393,0.2393167939518393,1.0,0.3862076187779625,0.19310380938898125,0.2393167939518393,0.2393167939518393,0.08095397320319817,1.0,0.2393167939518393,-9578,9578,269,12482208,"{""initial_prob"": 0.2393167939518393, ""scale"": 4.0, ""smooth"": ""none"", ""threshold"": 0.0}"
sleep,gru,density_gau,2,objective_e20_bs32_eval5,experiments/sleep/gru/density_gau/seed_2_objective_e20_bs32_eval5,0.16666666666666666,none,4.0,0.2393167939518393,0.45199509641635505,0.9922419039623032,0.6210732378857511,0.693256983031062,0.4504033534989822,0.7102434921770251,0.08095397320319817,0.52536001643299,0.2393167939518393,1025,1025,269,12482208,"{""initial_prob"": 0.2393167939518393, ""scale"": 4.0, ""smooth"": ""none"", ""threshold"": 0.16666666666666666}"
sleep,gru,density_gau,2,objective_e20_bs32_eval5,experiments/sleep/gru/density_gau/seed_2_objective_e20_bs32_eval5,0.3333333333333333,none,4.0,0.2393167939518393,0.5689263745028256,0.9831116208411751,0.7207531411662335,0.7927114695349221,0.5634199030383492,0.8176911488736608,0.08095397320319817,0.41354229956751243,0.2393167939518393,1598,1598,269,12482208,"{""initial_prob"": 0.2393167939518393, ""scale"": 4.0, ""smooth"": ""none"", ""threshold"": 0.3333333333333333}"
sleep,gru,density_gau,2,objective_e20_bs32_eval5,experiments/sleep/gru/density_gau/seed_2_objective_e20_bs32_eval5,0.5,none,4.0,0.2393167939518393,0.7116766079854525,0.9726520000990894,0.8219461129594985,0.8758001355019565,0.6977152081085066,0.8991516565017984,0.08095397320319817,0.3270754661354786,0.2393167939518393,1733,1733,269,12482208,"{""initial_prob"": 0.2393167939518393, ""scale"": 4.0, ""smooth"": ""none"", ""threshold"": 0.5}"
sleep,gru,density_gau,2,objective_e20_bs32_eval5,experiments/sleep/gru/density_gau/seed_2_objective_e20_bs32_eval5,0.6666666666666666,none,4.0,0.2393167939518393,0.824512243707814,0.9560659105075586,0.8854293164710956,0.9227534885008142,0.7944128887974053,0.9407878798366442,0.08095397320319817,0.2775005832301465,0.2393167939518393,1464,1464,269,12482208,"{""initial_prob"": 0.2393167939518393, ""scale"": 4.0, ""smooth"": ""none"", ""threshold"": 0.6666666666666666}"
sleep,gru,density_gau,2,objective_e20_bs32_eval5,experiments/sleep/gru/density_gau/seed_2_objective_e20_bs32_eval5,0.8333333333333333,none,4.0,0.2393167939518393,0.8635677967637998,0.9089666517363071,0.8856858375146478,0.9242343041101713,0.7948259721829483,0.9438471943425394,0.08095397320319817,0.25189798151096343,0.2393167939518393,969,969,269,12482208,"{""initial_prob"": 0.2393167939518393, ""scale"": 4.0, ""smooth"": ""none"", ""threshold"": 0.8333333333333333}"
sleep,gru,density_gau,2,objective_e20_bs32_eval5,experiments/sleep/gru/density_gau/seed_2_objective_e20_bs32_eval5,1.0,none,4.0,0.2393167939518393,0.0,0.0,0.0,0.4320386560371119,0.0,0.7606832060481608,0.08095397320319817,0.0,0.2393167939518393,-9578,9578,269,12482208,"{""initial_prob"": 0.2393167939518393, ""scale"": 4.0, ""smooth"": ""none"", ""threshold"": 1.0}"
sleep,gru,density_gau,2,objective_e20_bs32_eval5,experiments/sleep/gru/density_gau/seed_2_objective_e20_bs32_eval5,0.0,none,4.0,1.0,0.2393167939518393,1.0,0.3862076187779625,0.19310380938898125,0.2393167939518393,0.2393167939518393,0.08968349868637035,1.0,0.2393167939518393,-9578,9578,269,12482208,"{""initial_prob"": 1.0, ""scale"": 4.0, ""smooth"": ""none"", ""threshold"": 0.0}"
sleep,gru,density_gau,2,objective_e20_bs32_eval5,experiments/sleep/gru/density_gau/seed_2_objective_e20_bs32_eval5,0.16666666666666666,none,4.0,1.0,0.4490285092416673,0.992290109607586,0.6182762684465767,0.6901156967958206,0.44746735858077097,0.7067699881303051,0.08968349868637035,0.5288565933206689,0.2393167939518393,865,865,269,12482208,"{""initial_prob"": 1.0, ""scale"": 4.0, ""smooth"": ""none"", ""threshold"": 0.16666666666666666}"
sleep,gru,density_gau,2,objective_e20_bs32_eval5,experiments/sleep/gru/density_gau/seed_2_objective_e20_bs32_eval5,0.3333333333333333,none,4.0,1.0,0.553026323864905,0.9833757476059537,0.707930150283891,0.7812435126476459,0.5479039313853163,0.8058135227357212,0.08968349868637035,0.4255463456465395,0.2393167939518393,1435,1435,269,12482208,"{""initial_prob"": 1.0, ""scale"": 4.0, ""smooth"": ""none"", ""threshold"": 0.3333333333333333}"
sleep,gru,density_gau,2,objective_e20_bs32_eval5,experiments/sleep/gru/density_gau/seed_2_objective_e20_bs32_eval5,0.5,none,4.0,1.0,0.6869846683097558,0.9729475944378719,0.8053341638667798,0.8630800125484132,0.6741083066988909,0.8874342584260734,0.08968349868637035,0.3389343455901392,0.2393167939518393,1650,1650,269,12482208,"{""initial_prob"": 1.0, ""scale"": 4.0, ""smooth"": ""none"", ""threshold"": 0.5}"
sleep,gru,density_gau,2,objective_e20_bs32_eval5,experiments/sleep/gru/density_gau/seed_2_objective_e20_bs32_eval5,0.6666666666666666,none,4.0,1.0,0.7940383085684312,0.9567280686073456,0.8678242251629065,0.9102269846236112,0.7665101519132715,0.9302552080529343,0.08968349868637035,0.28835018612091706,0.2393167939518393,1439,1439,269,12482208,"{""initial_prob"": 1.0, ""scale"": 4.0, ""smooth"": ""none"", ""threshold"": 0.6666666666666666}"
sleep,gru,density_gau,2,objective_e20_bs32_eval5,experiments/sleep/gru/density_gau/seed_2_objective_e20_bs32_eval5,0.8333333333333333,none,4.0,1.0,0.8352749349693492,0.9102645217832607,0.8711589260226925,0.9140991330478053,0.7717285861625238,0.9355641245523227,0.08968349868637035,0.2608022554983862,0.2393167939518393,994,994,269,12482208,"{""initial_prob"": 1.0, ""scale"": 4.0, ""smooth"": ""none"", ""threshold"": 0.8333333333333333}"
sleep,gru,density_gau,2,objective_e20_bs32_eval5,experiments/sleep/gru/density_gau/seed_2_objective_e20_bs32_eval5,1.0,none,4.0,1.0,0.0,0.0,0.0,0.4320386560371119,0.0,0.7606832060481608,0.08968349868637035,0.0,0.2393167939518393,-9578,9578,269,12482208,"{""initial_prob"": 1.0, ""scale"": 4.0, ""smooth"": ""none"", ""threshold"": 1.0}"
sleep,gru,density_hard,0,objective_e20_bs32_eval5,experiments/sleep/gru/density_hard/seed_0_objective_e20_bs32_eval5,0.0,none,0.25,0.0,0.2393167939518393,1.0,0.3862076187779625,0.19310380938898125,0.2393167939518393,0.2393167939518393,0.202739062955205,1.0,0.2393167939518393,-9578,9578,269,12482208,"{""initial_prob"": 0.0, ""scale"": 0.25, ""smooth"": ""none"", ""threshold"": 0.0}"
sleep,gru,density_hard,0,objective_e20_bs32_eval5,experiments/sleep/gru/density_hard/seed_0_objective_e20_bs32_eval5,0.16666666666666666,none,0.25,0.0,0.2459947195096952,0.9878220488604387,0.3938980472050426,0.24206672205520546,0.24525096088674606,0.2724819999794908,0.202739062955205,0.9610060175251045,0.2393167939518393,-9083,9083,269,12482208,"{""initial_prob"": 0.0, ""scale"": 0.25, ""smooth"": ""none"", ""threshold"": 0.16666666666666666}"
sleep,gru,density_hard,0,objective_e20_bs32_eval5,experiments/sleep/gru/density_hard/seed_0_objective_e20_bs32_eval5,0.3333333333333333,none,0.25,0.0,0.25048327456358377,0.9132174523182564,0.39313492302822406,0.31672938593200506,0.2446595726438389,0.3252733010057195,0.202739062955205,0.8725064507817848,0.2393167939518393,-8685,8685,269,12482208,"{""initial_prob"": 0.0, ""scale"": 0.25, ""smooth"": ""none"", ""threshold"": 0.3333333333333333}"
sleep,gru,density_hard,0,objective_e20_bs32_eval5,experiments/sleep/gru/density_hard/seed_0_objective_e20_bs32_eval5,0.5,none,0.25,0.0,0.603400011306252,0.675326609984862,0.6373404249437445,0.7570672420626763,0.4677180101401575,0.8160733261294797,0.202739062955205,0.2678438782625638,0.2393167939518393,-3134,3134,269,12482208,"{""initial_prob"": 0.0, ""scale"": 0.25, ""smooth"": ""none"", ""threshold"": 0.5}"
sleep,gru,density_hard,0,objective_e20_bs32_eval5,experiments/sleep/gru/density_hard/seed_0_objective_e20_bs32_eval5,0.6666666666666666,none,0.25,0.0,0.11522895377506241,0.0024876121534466032,0.004870086781394316,0.43314131109587767,0.00244098730069048,0.756707387026398,0.202739062955205,0.00516647375207976,0.2393167939518393,-9514,9514,269,12482208,"{""initial_prob"": 0.0, ""scale"": 0.25, ""smooth"": ""none"", ""threshold"": 0.6666666666666666}"
sleep,gru,density_hard,0,objective_e20_bs32_eval5,experiments/sleep/gru/density_hard/seed_0_objective_e20_bs32_eval5,0.8333333333333333,none,0.25,0.0,0.0,0.0,0.0,0.4320386560371119,0.0,0.7606832060481608,0.202739062955205,0.0,0.2393167939518393,-9578,9578,269,12482208,"{""initial_prob"": 0.0, ""scale"": 0.25, ""smooth"": ""none"", ""threshold"": 0.8333333333333333}"
sleep,gru,density_hard,0,objective_e20_bs32_eval5,experiments/sleep/gru/density_hard/seed_0_objective_e20_bs32_eval5,1.0,none,0.25,0.0,0.0,0.0,0.0,0.4320386560371119,0.0,0.7606832060481608,0.202739062955205,0.0,0.2393167939518393,-9578,9578,269,12482208,"{""initial_prob"": 0.0, ""scale"": 0.25, ""smooth"": ""none"", ""threshold"": 1.0}"
sleep,gru,density_hard,0,objective_e20_bs32_eval5,experiments/sleep/gru/density_hard/seed_0_objective_e20_bs32_eval5,0.0,none,0.25,0.2393167939518393,0.2393167939518393,1.0,0.3862076187779625,0.19310380938898125,0.2393167939518393,0.2393167939518393,0.20568945200043665,1.0,0.2393167939518393,-9578,9578,269,12482208,"{""initial_prob"": 0.2393167939518393, ""scale"": 0.25, ""smooth"": ""none"", ""threshold"": 0.0}"
sleep,gru,density_hard,0,objective_e20_bs32_eval5,experiments/sleep/gru/density_hard/seed_0_objective_e20_bs32_eval5,0.16666666666666666,none,0.25,0.2393167939518393,0.2393167939518393,1.0,0.3862076187779625,0.19310380938898125,0.2393167939518393,0.2393167939518393,0.20568945200043665,1.0,0.2393167939518393,-9578,9578,269,12482208,"{""initial_prob"": 0.2393167939518393, ""scale"": 0.25, ""smooth"": ""none"", ""threshold"": 0.16666666666666666}"
sleep,gru,density_hard,0,objective_e20_bs32_eval5,experiments/sleep/gru/density_hard/seed_0_objective_e20_bs32_eval5,0.3333333333333333,none,0.25,0.2393167939518393,0.25256520957832385,0.9946478343279095,0.4028396591281014,0.27016254233165393,0.2522224280301056,0.2942819090981339,0.20568945200043665,0.9424731585950178,0.2393167939518393,-8672,8672,269,12482208,"{""initial_prob"": 0.2393167939518393, ""scale"": 0.25, ""smooth"": ""none"", ""threshold"": 0.3333333333333333}"
sleep,gru,density_hard,0,objective_e20_bs32_eval5,experiments/sleep/gru/density_hard/seed_0_objective_e20_bs32_eval5,0.5,none,0.25,0.2393167939518393,0.6048195685448703,0.7533240135752454,0.6709527782825747,0.7750267116036541,0.5048374258783328,0.8231719099697746,0.20568945200043665,0.29807747154990527,0.2393167939518393,-2399,2399,269,12482208,"{""initial_prob"": 0.2393167939518393, ""scale"": 0.25, ""smooth"": ""none"", ""threshold"": 0.5}"
sleep,gru,density_hard,0,objective_e20_bs32_eval5,experiments/sleep/gru/density_hard/seed_0_objective_e20_bs32_eval5,0.6666666666666666,none,0.25,0.2393167939518393,0.12408178343587048,0.0029234715295450393,0.005712355151111189,0.433468763155589,0.0028643586926218084,0.756443972092117,0.20568945200043665,0.0056385056233640716,0.2393167939518393,-9504,9504,269,12482208,"{""initial_prob"": 0.2393167939518393, ""scale"": 0.25, ""smooth"": ""none"", ""threshold"": 0.6666666666666666}"
sleep,gru,density_hard,0,objective_e20_bs32_eval5,experiments/sleep/gru/density_hard/seed_0_objective_e20_bs32_eval5,0.8333333333333333,none,0.25,0.2393167939518393,0.0,0.0,0.0,0.4320386560371119,0.0,0.7606832060481608,0.20568945200043665,0.0,0.2393167939518393,-9578,9578,269,12482208,"{""initial_prob"": 0.2393167939518393, ""scale"": 0.25, ""smooth"": ""none"", ""threshold"": 0.8333333333333333}"
sleep,gru,density_hard,0,objective_e20_bs32_eval5,experiments/sleep/gru/density_hard/seed_0_objective_e20_bs32_eval5,1.0,none,0.25,0.2393167939518393,0.0,0.0,0.0,0.4320386560371119,0.0,0.7606832060481608,0.20568945200043665,0.0,0.2393167939518393,-9578,9578,269,12482208,"{""initial_prob"": 0.2393167939518393, ""scale"": 0.25, ""smooth"": ""none"", ""threshold"": 1.0}"
sleep,gru,density_hard,0,objective_e20_bs32_eval5,experiments/sleep/gru/density_hard/seed_0_objective_e20_bs32_eval5,0.0,none,0.25,1.0,0.2393167939518393,1.0,0.3862076187779625,0.19310380938898125,0.2393167939518393,0.2393167939518393,0.2544820202564399,1.0,0.2393167939518393,-9578,9578,269,12482208,"{""initial_prob"": 1.0, ""scale"": 0.25, ""smooth"": ""none"", ""threshold"": 0.0}"
sleep,gru,density_hard,0,objective_e20_bs32_eval5,experiments/sleep/gru/density_hard/seed_0_objective_e20_bs32_eval5,0.16666666666666666,none,0.25,1.0,0.2393167939518393,1.0,0.3862076187779625,0.19310380938898125,0.2393167939518393,0.2393167939518393,0.2544820202564399,1.0,0.2393167939518393,-9578,9578,269,12482208,"{""initial_prob"": 1.0, ""scale"": 0.25, ""smooth"": ""none"", ""threshold"": 0.16666666666666666}"
sleep,gru,density_hard,0,objective_e20_bs32_eval5,experiments/sleep/gru/density_hard/seed_0_objective_e20_bs32_eval5,0.3333333333333333,none,0.25,1.0,0.24051602052855034,1.0,0.3877676975523024,0.20039587321667238,0.24051602052855034,0.24430285090586537,0.2544820202564399,0.9950139430459739,0.2393167939518393,-9509,9509,269,12482208,"{""initial_prob"": 1.0, ""scale"": 0.25, ""smooth"": ""none"", ""threshold"": 0.3333333333333333}"
sleep,gru,density_hard,0,objective_e20_bs32_eval5,experiments/sleep/gru/density_hard/seed_0_objective_e20_bs32_eval5,0.5,none,0.25,1.0,0.4082944149788718,0.9457227867415728,0.5703521808352349,0.643847557889985,0.3989459314311746,0.6590140141872335,0.2544820202564399,0.5543238824413117,0.2393167939518393,-3416,3416,269,12482208,"{""initial_prob"": 1.0, ""scale"": 0.25, ""smooth"": ""none"", ""threshold"": 0.5}"
sleep,gru,density_hard,0,objective_e20_bs32_eval5,experiments/sleep/gru/density_hard/seed_0_objective_e20_bs32_eval5,0.6666666666666666,none,0.25,1.0,0.3756046682854645,0.19143968168205566,0.25361557041872346,0.5445285176479204,0.14522322011284297,0.730336732090989,0.2544820202564399,0.12197593566779211,0.2393167939518393,-8578,8578,269,12482208,"{""initial_prob"": 1.0, ""scale"": 0.25, ""smooth"": ""none"", ""threshold"": 0.6666666666666666}"
sleep,gru,density_hard,0,objective_e20_bs32_eval5,experiments/sleep/gru/density_hard/seed_0_objective_e20_bs32_eval5,0.8333333333333333,none,0.25,1.0,0.4009205780915174,0.07152546094974495,0.12139388113159522,0.4885843574853988,0.06461912367490738,0.7522228439071036,0.2544820202564399,0.04269485014189797,0.2393167939518393,-9161,9161,269,12482208,"{""initial_prob"": 1.0, ""scale"": 0.25, ""smooth"": ""none"", ""threshold"": 0.8333333333333333}"
sleep,gru,density_hard,0,objective_e20_bs32_eval5,experiments/sleep/gru/density_hard/seed_0_objective_e20_bs32_eval5,1.0,none,0.25,1.0,0.0,0.0,0.0,0.4320386560371119,0.0,0.7606832060481608,0.2544820202564399,0.0,0.2393167939518393,-9578,9578,269,12482208,"{""initial_prob"": 1.0, ""scale"": 0.25, ""smooth"": ""none"", ""threshold"": 1.0}"
sleep,gru,density_hard,0,objective_e20_bs32_eval5,experiments/sleep/gru/density_hard/seed_0_objective_e20_bs32_eval5,0.0,none,1.0,0.0,0.2393167939518393,1.0,0.3862076187779625,0.19310380938898125,0.2393167939518393,0.2393167939518393,0.1341076270534792,1.0,0.2393167939518393,-9578,9578,269,12482208,"{""initial_prob"": 0.0, ""scale"": 1.0, ""smooth"": ""none"", ""threshold"": 0.0}"
sleep,gru,density_hard,0,objective_e20_bs32_eval5,experiments/sleep/gru/density_hard/seed_0_objective_e20_bs32_eval5,0.16666666666666666,none,1.0,0.0,0.2436517665494136,0.9993940818197096,0.39178624639449783,0.2193079694301815,0.24361577900707576,0.2574135922106089,0.1341076270534792,0.9816131889486219,0.2393167939518393,-9259,9259,269,12482208,"{""initial_prob"": 0.0, ""scale"": 1.0, ""smooth"": ""none"", ""threshold"": 0.16666666666666666}"
sleep,gru,density_hard,0,objective_e20_bs32_eval5,experiments/sleep/gru/density_hard/seed_0_objective_e20_bs32_eval5,0.3333333333333333,none,1.0,0.0,0.3980748123539151,0.9942518115614545,0.5685255119332163,0.6289838739265299,0.397160771409216,0.6388357732862647,0.1341076270534792,0.5977297446092871,0.2393167939518393,-1682,1682,269,12482208,"{""initial_prob"": 0.0, ""scale"": 1.0, ""smooth"": ""none"", ""threshold"": 0.3333333333333333}"
sleep,gru,density_hard,0,objective_e20_bs32_eval5,experiments/sleep/gru/density_hard/seed_0_objective_e20_bs32_eval5,0.5,none,1.0,0.0,0.7207933088830044,0.963254242598927,0.8245696057780496,0.8782464629785152,0.7015044104962546,0.9019107036191033,0.1341076270534792,0.31981833662762227,0.2393167939518393,763,763,269,12482208,"{""initial_prob"": 0.0, ""scale"": 1.0, ""smooth"": ""none"", ""threshold"": 0.5}"
sleep,gru,density_hard,0,objective_e20_bs32_eval5,experiments/sleep/gru/density_hard/seed_0_objective_e20_bs32_eval5,0.6666666666666666,none,1.0,0.0,0.8591194251799714,0.6763268771244797,0.7568425636727183,0.8453477555410236,0.6088066897694742,0.8959979676672589,0.1341076270534792,0.18839799817468192,0.2393167939518393,-2099,2099,269,12482208,"{""initial_prob"": 0.0, ""scale"": 1.0, ""smooth"": ""none"", ""threshold"": 0.6666666666666666}"
sleep,gru,density_hard,0,objective_e20_bs32_eval5,experiments/sleep/gru/density_hard/seed_0_objective_e20_bs32_eval5,0.8333333333333333,none,1.0,0.0,0.5801700506434977,0.004180165921152972,0.008300525970303035,0.43620088712629107,0.004167559452887254,0.760959679569512,0.1341076270534792,0.001724294291522782,0.2393167939518393,-9487,9487,269,12482208,"{""initial_prob"": 0.0, ""scale"": 1.0, ""smooth"": ""none"", ""threshold"": 0.8333333333333333}"
sleep,gru,density_hard,0,objective_e20_bs32_eval5,experiments/sleep/gru/density_hard/seed_0_objective_e20_bs32_eval5,1.0,none,1.0,0.0,0.0,0.0,0.0,0.4320386560371119,0.0,0.7606832060481608,0.1341076270534792,0.0,0.2393167939518393,-9578,9578,269,12482208,"{""initial_prob"": 0.0, ""scale"": 1.0, ""smooth"": ""none"", ""threshold"": 1.0}"
sleep,gru,density_hard,0,objective_e20_bs32_eval5,experiments/sleep/gru/density_hard/seed_0_objective_e20_bs32_eval5,0.0,none,1.0,0.2393167939518393,0.2393167939518393,1.0,0.3862076187779625,0.19310380938898125,0.2393167939518393,0.2393167939518393,0.1350563458692433,1.0,0.2393167939518393,-9578,9578,269,12482208,"{""initial_prob"": 0.2393167939518393, ""scale"": 1.0, ""smooth"": ""none"", ""threshold"": 0.0}"
sleep,gru,density_hard,0,objective_e20_bs32_eval5,experiments/sleep/gru/density_hard/seed_0_objective_e20_bs32_eval5,0.16666666666666666,none,1.0,0.2393167939518393,0.2400381817435242,0.9999996652385744,0.38714641165539443,0.19750878510718073,0.24003816245512544,0.2423222718288303,0.1350563458692433,0.9969943618949468,0.2393167939518393,-9450,9450,269,12482208,"{""initial_prob"": 0.2393167939518393, ""scale"": 1.0, ""smooth"": ""none"", ""threshold"": 0.16666666666666666}"
sleep,gru,density_hard,0,objective_e20_bs32_eval5,experiments/sleep/gru/density_hard/seed_0_objective_e20_bs32_eval5,0.3333333333333333,none,1.0,0.2393167939518393,0.3932813065192697,0.9958141431346123,0.5638706646975631,0.6223064114721153,0.3926322308420896,0.6313474346846327,0.1350563458692433,0.6059658675772748,0.2393167939518393,-1752,1752,269,12482208,"{""initial_prob"": 0.2393167939518393, ""scale"": 1.0, ""smooth"": ""none"", ""threshold"": 0.3333333333333333}"
sleep,gru,density_hard,0,objective_e20_bs32_eval5,experiments/sleep/gru/density_hard/seed_0_objective_e20_bs32_eval5,0.5,none,1.0,0.2393167939518393,0.7190734152752221,0.9710558576219486,0.8262805255911418,0.8791519595832763,0.7039846774352081,0.9022833940918146,0.1350563458692433,0.3231797611448231,0.2393167939518393,845,845,269,12482208,"{""initial_prob"": 0.2393167939518393, ""scale"": 1.0, ""smooth"": ""none"", ""threshold"": 0.5}"
sleep,gru,density_hard,0,objective_e20_bs32_eval5,experiments/sleep/gru/density_hard/seed_0_objective_e20_bs32_eval5,0.6666666666666666,none,1.0,0.2393167939518393,0.8613719894051701,0.7021855234430079,0.7736753349837857,0.855438425323819,0.6308894838819508,0.9016830996567274,0.1350563458692433,0.19508968285098277,0.2393167939518393,-1805,1805,269,12482208,"{""initial_prob"": 0.2393167939518393, ""scale"": 1.0, ""smooth"": ""none"", ""threshold"": 0.6666666666666666}"
sleep,gru,density_hard,0,objective_e20_bs32_eval5,experiments/sleep/gru/density_hard/seed_0_objective_e20_bs32_eval5,0.8333333333333333,none,1.0,0.2393167939518393,0.588856038207869,0.004333821415491821,0.00860431737874715,0.4363617377536594,0.0043207472296120375,0.760996211567697,0.1350563458692433,0.0017613069738943623,0.2393167939518393,-9485,9485,269,12482208,"{""initial_prob"": 0.2393167939518393, ""scale"": 1.0, ""smooth"": ""none"", ""threshold"": 0.8333333333333333}"
sleep,gru,density_hard,0,objective_e20_bs32_eval5,experiments/sleep/gru/density_hard/seed_0_objective_e20_bs32_eval5,1.0,none,1.0,0.2393167939518393,0.0,0.0,0.0,0.4320386560371119,0.0,0.7606832060481608,0.1350563458692433,0.0,0.2393167939518393,-9578,9578,269,12482208,"{""initial_prob"": 0.2393167939518393, ""scale"": 1.0, ""smooth"": ""none"", ""threshold"": 1.0}"
sleep,gru,density_hard,0,objective_e20_bs32_eval5,experiments/sleep/gru/density_hard/seed_0_objective_e20_bs32_eval5,0.0,none,1.0,1.0,0.2393167939518393,1.0,0.3862076187779625,0.19310380938898125,0.2393167939518393,0.2393167939518393,0.15000991476465533,1.0,0.2393167939518393,-9578,9578,269,12482208,"{""initial_prob"": 1.0, ""scale"": 1.0, ""smooth"": ""none"", ""threshold"": 0.0}"
sleep,gru,density_hard,0,objective_e20_bs32_eval5,experiments/sleep/gru/density_hard/seed_0_objective_e20_bs32_eval5,0.16666666666666666,none,1.0,1.0,0.23941829516790694,0.9999996652385744,0.386339754091311,0.19372722774882262,0.23941827597900217,0.23974091763252142,0.15000991476465533,0.9995757160912556,0.2393167939518393,-9562,9562,269,12482208,"{""initial_prob"": 1.0, ""scale"": 1.0, ""smooth"": ""none"", ""threshold"": 0.16666666666666666}"
sleep,gru,density_hard,0,objective_e20_bs32_eval5,experiments/sleep/gru/density_hard/seed_0_objective_e20_bs32_eval5,0.3333333333333333,none,1.0,1.0,0.3716613424073974,0.9966888747396393,0.5414267787680672,0.5901586980058635,0.37120301599310185,0.5959531358554512,0.15000991476465533,0.6417788423330232,0.2393167939518393,-2419,2419,269,12482208,"{""initial_prob"": 1.0, ""scale"": 1.0, ""smooth"": ""none"", ""threshold"": 0.3333333333333333}"
sleep,gru,density_hard,0,objective_e20_bs32_eval5,experiments/sleep/gru/density_hard/seed_0_objective_e20_bs32_eval5,0.5,none,1.0,1.0,0.6662488727800459,0.9749668753569394,0.791572445538376,0.8522288009137128,0.6550433599563488,0.8771267070697748,0.15000991476465533,0.35020839261771636,0.2393167939518393,532,532,269,12482208,"{""initial_prob"": 1.0, ""scale"": 1.0, ""smooth"": ""none"", ""threshold"": 0.5}"
sleep,gru,density_hard,0,objective_e20_bs32_eval5,experiments/sleep/gru/density_hard/seed_0_objective_e20_bs32_eval5,0.6666666666666666,none,1.0,1.0,0.7960240319316619,0.7431958066444787,0.7687033491812378,0.8495385612793429,0.624303938998032,0.892967173756438,0.15000991476465533,0.22343450774093815,0.2393167939518393,-1600,1600,269,12482208,"{""initial_prob"": 1.0, ""scale"": 1.0, ""smooth"": ""none"", ""threshold"": 0.6666666666666666}"
sleep,gru,density_hard,0,objective_e20_bs32_eval5,experiments/sleep/gru/density_hard/seed_0_objective_e20_bs32_eval5,0.8333333333333333,none,1.0,1.0,0.5007887666875942,0.052603740891978515,0.09520679143152207,0.47866909984492656,0.049982744060219256,0.7607228624935588,0.15000991476465533,0.025138260794885008,0.2393167939518393,-9036,9036,269,12482208,"{""initial_prob"": 1.0, ""scale"": 1.0, ""smooth"": ""none"", ""threshold"": 0.8333333333333333}"
sleep,gru,density_hard,0,objective_e20_bs32_eval5,experiments/sleep/gru/density_hard/seed_0_objective_e20_bs32_eval5,1.0,none,1.0,1.0,0.0,0.0,0.0,0.4320386560371119,0.0,0.7606832060481608,0.15000991476465533,0.0,0.2393167939518393,-9578,9578,269,12482208,"{""initial_prob"": 1.0, ""scale"": 1.0, ""smooth"": ""none"", ""threshold"": 1.0}"
sleep,gru,density_hard,0,objective_e20_bs32_eval5,experiments/sleep/gru/density_hard/seed_0_objective_e20_bs32_eval5,0.0,none,4.0,0.0,0.2393167939518393,1.0,0.3862076187779625,0.19310380938898125,0.2393167939518393,0.2393167939518393,0.0826658078243938,1.0,0.2393167939518393,-9578,9578,269,12482208,"{""initial_prob"": 0.0, ""scale"": 4.0, ""smooth"": ""none"", ""threshold"": 0.0}"
sleep,gru,density_hard,0,objective_e20_bs32_eval5,experiments/sleep/gru/density_hard/seed_0_objective_e20_bs32_eval5,0.16666666666666666,none,4.0,0.0,0.43727527041241404,0.9932224201778119,0.6072174813280925,0.6772804117908117,0.4359743701458192,0.692491184252017,0.0826658078243938,0.5435816323522249,0.2393167939518393,960,960,269,12482208,"{""initial_prob"": 0.0, ""scale"": 4.0, ""smooth"": ""none"", ""threshold"": 0.16666666666666666}"
sleep,gru,density_hard,0,objective_e20_bs32_eval5,experiments/sleep/gru/density_hard/seed_0_objective_e20_bs32_eval5,0.3333333333333333,none,4.0,0.0,0.5556713243202286,0.9856829233510155,0.7106941654792333,0.7834810747557271,0.5512223294509463,0.8079497633751977,0.0826658078243938,0.4245143968118461,0.2393167939518393,1635,1635,269,12482208,"{""initial_prob"": 0.0, ""scale"": 4.0, ""smooth"": ""none"", ""threshold"": 0.3333333333333333}"
sleep,gru,density_hard,0,objective_e20_bs32_eval5,experiments/sleep/gru/density_hard/seed_0_objective_e20_bs32_eval5,0.5,none,4.0,0.0,0.712309167180602,0.9762828225208741,0.8236628012969703,0.8769178020325044,0.7001927697305665,0.8999600871897023,0.0826658078243938,0.3280048690103546,0.2393167939518393,1810,1810,269,12482208,"{""initial_prob"": 0.0, ""scale"": 4.0, ""smooth"": ""none"", ""threshold"": 0.5}"
sleep,gru,density_hard,0,objective_e20_bs32_eval5,experiments/sleep/gru/density_hard/seed_0_objective_e20_bs32_eval5,0.6666666666666666,none,4.0,0.0,0.8271930300852813,0.9587878556589076,0.888142351199899,0.9245883729324604,0.7987914209686537,0.9422025333979372,0.0826658078243938,0.2773887440427206,0.2393167939518393,1485,1485,269,12482208,"{""initial_prob"": 0.0, ""scale"": 4.0, ""smooth"": ""none"", ""threshold"": 0.6666666666666666}"
sleep,gru,density_hard,0,objective_e20_bs32_eval5,experiments/sleep/gru/density_hard/seed_0_objective_e20_bs32_eval5,0.8333333333333333,none,4.0,0.0,0.8798496993030789,0.8941581453145787,0.8869462191741201,0.925498730351867,0.7968583679002563,0.9454486738243747,0.0826658078243938,0.24320865346900164,0.2393167939518393,837,837,269,12482208,"{""initial_prob"": 0.0, ""scale"": 4.0, ""smooth"": ""none"", ""threshold"": 0.8333333333333333}"
sleep,gru,density_hard,0,objective_e20_bs32_eval5,experiments/sleep/gru/density_hard/seed_0_objective_e20_bs32_eval5,1.0,none,4.0,0.0,0.0,0.0,0.0,0.4320386560371119,0.0,0.7606832060481608,0.0826658078243938,0.0,0.2393167939518393,-9578,9578,269,12482208,"{""initial_prob"": 0.0, ""scale"": 4.0, ""smooth"": ""none"", ""threshold"": 1.0}"
sleep,gru,density_hard,0,objective_e20_bs32_eval5,experiments/sleep/gru/density_hard/seed_0_objective_e20_bs32_eval5,0.0,none,4.0,0.2393167939518393,0.2393167939518393,1.0,0.3862076187779625,0.19310380938898125,0.2393167939518393,0.2393167939518393,0.08335898881983718,1.0,0.2393167939518393,-9578,9578,269,12482208,"{""initial_prob"": 0.2393167939518393, ""scale"": 4.0, ""smooth"": ""none"", ""threshold"": 0.0}"
sleep,gru,density_hard,0,objective_e20_bs32_eval5,experiments/sleep/gru/density_hard/seed_0_objective_e20_bs32_eval5,0.16666666666666666,none,4.0,0.2393167939518393,0.4304268385812147,0.9934209337031777,0.60061902711444,0.6694802918109122,0.4292033683121674,0.6838270120158229,0.08335898881983718,0.5523408198293123,0.2393167939518393,921,921,269,12482208,"{""initial_prob"": 0.2393167939518393, ""scale"": 4.0, ""smooth"": ""none"", ""threshold"": 0.16666666666666666}"
sleep,gru,density_hard,0,objective_e20_bs32_eval5,experiments/sleep/gru/density_hard/seed_0_objective_e20_bs32_eval5,0.3333333333333333,none,4.0,0.2393167939518393,0.5545195574460136,0.9857374894633841,0.7097655777806462,0.7826388441507752,0.5501059075448991,0.807070591997826,0.08335898881983718,0.4254196853633588,0.2393167939518393,1629,1629,269,12482208,"{""initial_prob"": 0.2393167939518393, ""scale"": 4.0, ""smooth"": ""none"", ""threshold"": 0.3333333333333333}"
sleep,gru,density_hard,0,objective_e20_bs32_eval5,experiments/sleep/gru/density_hard/seed_0_objective_e20_bs32_eval5,0.5,none,4.0,0.2393167939518393,0.7114228794175194,0.9764391561066175,0.8231255178361391,0.8765030248384312,0.6994165735692552,0.8995736972176718,0.08335898881983718,0.3284660854874394,0.2393167939518393,1828,1828,269,12482208,"{""initial_prob"": 0.2393167939518393, ""scale"": 4.0, ""smooth"": ""none"", ""threshold"": 0.5}"
sleep,gru,density_hard,0,objective_e20_bs32_eval5,experiments/sleep/gru/density_hard/seed_0_objective_e20_bs32_eval5,0.6666666666666666,none,4.0,0.2393167939518393,0.8270799761967528,0.9589251078433932,0.8881360556661827,0.9245801814290454,0.7987812359526749,0.9421905964073023,0.08335898881983718,0.27746637453886364,0.2393167939518393,1489,1489,269,12482208,"{""initial_prob"": 0.2393167939518393, ""scale"": 4.0, ""smooth"": ""none"", ""threshold"": 0.6666666666666666}"
sleep,gru,density_hard,0,objective_e20_bs32_eval5,experiments/sleep/gru/density_hard/seed_0_objective_e20_bs32_eval5,0.8333333333333333,none,4.0,0.2393167939518393,0.8796303853860311,0.8947088278596492,0.8871055378625566,0.9255934002150035,0.7971156008439176,0.9455017894269988,0.08335898881983718,0.24341911302872055,0.2393167939518393,839,839,269,12482208,"{""initial_prob"": 0.2393167939518393, ""scale"": 4.0, ""smooth"": ""none"", ""threshold"": 0.8333333333333333}"
sleep,gru,density_hard,0,objective_e20_bs32_eval5,experiments/sleep/gru/density_hard/seed_0_objective_e20_bs32_eval5,1.0,none,4.0,0.2393167939518393,0.0,0.0,0.0,0.4320386560371119,0.0,0.7606832060481608,0.08335898881983718,0.0,0.2393167939518393,-9578,9578,269,12482208,"{""initial_prob"": 0.2393167939518393, ""scale"": 4.0, ""smooth"": ""none"", ""threshold"": 1.0}"
sleep,gru,density_hard,0,objective_e20_bs32_eval5,experiments/sleep/gru/density_hard/seed_0_objective_e20_bs32_eval5,0.0,none,4.0,1.0,0.2393167939518393,1.0,0.3862076187779625,0.19310380938898125,0.2393167939518393,0.2393167939518393,0.0914180431458998,1.0,0.2393167939518393,-9578,9578,269,12482208,"{""initial_prob"": 1.0, ""scale"": 4.0, ""smooth"": ""none"", ""threshold"": 0.0}"
sleep,gru,density_hard,0,objective_e20_bs32_eval5,experiments/sleep/gru/density_hard/seed_0_objective_e20_bs32_eval5,0.16666666666666666,none,4.0,1.0,0.427446261184184,0.9934684698256094,0.5977197276708397,0.6660089716067179,0.42624840373603684,0.6799716844968454,0.0914180431458998,0.5562188997331241,0.2393167939518393,749,749,269,12482208,"{""initial_prob"": 1.0, ""scale"": 4.0, ""smooth"": ""none"", ""threshold"": 0.16666666666666666}"
sleep,gru,density_hard,0,objective_e20_bs32_eval5,experiments/sleep/gru/density_hard/seed_0_objective_e20_bs32_eval5,0.3333333333333333,none,4.0,1.0,0.5406042251711543,0.9859975990910558,0.6983280900176422,0.7721851823926806,0.5364854881343386,0.7961294988835309,0.0914180431458998,0.43648527568199474,0.2393167939518393,1512,1512,269,12482208,"{""initial_prob"": 1.0, ""scale"": 4.0, ""smooth"": ""none"", ""threshold"": 0.3333333333333333}"
sleep,gru,density_hard,0,objective_e20_bs32_eval5,experiments/sleep/gru/density_hard/seed_0_objective_e20_bs32_eval5,0.5,none,4.0,1.0,0.6880672139713608,0.9768428783858607,0.8074112360831455,0.8644626187931383,0.6770240174252027,0.8884771027689973,0.0914180431458998,0.3397559149791447,0.2393167939518393,1743,1743,269,12482208,"{""initial_prob"": 1.0, ""scale"": 4.0, ""smooth"": ""none"", ""threshold"": 0.5}"
sleep,gru,density_hard,0,objective_e20_bs32_eval5,experiments/sleep/gru/density_hard/seed_0_objective_e20_bs32_eval5,0.6666666666666666,none,4.0,1.0,0.7994927142520855,0.9595822445217966,0.8722527819457813,0.9133003665440373,0.773447070391129,0.9327341765174879,0.0914180431458998,0.28723732211480535,0.2393167939518393,1472,1472,269,12482208,"{""initial_prob"": 1.0, ""scale"": 4.0, ""smooth"": ""none"", ""threshold"": 0.6666666666666666}"
sleep,gru,density_hard,0,objective_e20_bs32_eval5,experiments/sleep/gru/density_hard/seed_0_objective_e20_bs32_eval5,0.8333333333333333,none,4.0,1.0,0.8527733367304692,0.896364892631968,0.874025926122986,0.9165255411286208,0.776239832160161,0.9381635044056308,0.0914180431458998,0.25155004627386435,0.2393167939518393,884,884,269,12482208,"{""initial_prob"": 1.0, ""scale"": 4.0, ""smooth"": ""none"", ""threshold"": 0.8333333333333333}"
sleep,gru,density_hard,0,objective_e20_bs32_eval5,experiments/sleep/gru/density_hard/seed_0_objective_e20_bs32_eval5,1.0,none,4.0,1.0,0.0,0.0,0.0,0.4320386560371119,0.0,0.7606832060481608,0.0914180431458998,0.0,0.2393167939518393,-9578,9578,269,12482208,"{""initial_prob"": 1.0, ""scale"": 4.0, ""smooth"": ""none"", ""threshold"": 1.0}"
sleep,gru,density_hard,1,objective_e20_bs32_eval5,experiments/sleep/gru/density_hard/seed_1_objective_e20_bs32_eval5,0.0,none,0.25,0.0,0.2393167939518393,1.0,0.3862076187779625,0.19310380938898125,0.2393167939518393,0.2393167939518393,0.2043047887908365,1.0,0.2393167939518393,-9578,9578,269,12482208,"{""initial_prob"": 0.0, ""scale"": 0.25, ""smooth"": ""none"", ""threshold"": 0.0}"
sleep,gru,density_hard,1,objective_e20_bs32_eval5,experiments/sleep/gru/density_hard/seed_1_objective_e20_bs32_eval5,0.16666666666666666,none,0.25,0.0,0.24587034771035599,0.9883211781459708,0.39377822101258897,0.24099436843777722,0.2451580635775175,0.27174895659485887,0.2043047887908365,0.9619779609504985,0.2393167939518393,-9073,9073,269,12482208,"{""initial_prob"": 0.0, ""scale"": 0.25, ""smooth"": ""none"", ""threshold"": 0.16666666666666666}"
sleep,gru,density_hard,1,objective_e20_bs32_eval5,experiments/sleep/gru/density_hard/seed_1_objective_e20_bs32_eval5,0.3333333333333333,none,0.25,0.0,0.25036237746817536,0.9121214434109244,0.392884423869866,0.31692904179461223,0.2444655690637477,0.3253750458252258,0.2043047887908365,0.8718801192865877,0.2393167939518393,-8632,8632,269,12482208,"{""initial_prob"": 0.0, ""scale"": 0.25, ""smooth"": ""none"", ""threshold"": 0.3333333333333333}"
sleep,gru,density_hard,1,objective_e20_bs32_eval5,experiments/sleep/gru/density_hard/seed_1_objective_e20_bs32_eval5,0.5,none,0.25,0.0,0.5682420844127567,0.6600504418516057,0.6107151690257738,0.7374488747833697,0.4395896042408483,0.7986233685578705,0.2043047887908365,0.2779821486711325,0.2393167939518393,-3176,3176,269,12482208,"{""initial_prob"": 0.0, ""scale"": 0.25, ""smooth"": ""none"", ""threshold"": 0.5}"
sleep,gru,density_hard,1,objective_e20_bs32_eval5,experiments/sleep/gru/density_hard/seed_1_objective_e20_bs32_eval5,0.6666666666666666,none,0.25,0.0,0.13943998496603935,0.001738750844435696,0.0034346729373363957,0.4330284620789415,0.0017202907867730373,0.7585312630585871,0.2043047887908365,0.0029841675447164475,0.2393167939518393,-9543,9543,269,12482208,"{""initial_prob"": 0.0, ""scale"": 0.25, ""smooth"": ""none"", ""threshold"": 0.6666666666666666}"
sleep,gru,density_hard,1,objective_e20_bs32_eval5,experiments/sleep/gru/density_hard/seed_1_objective_e20_bs32_eval5,0.8333333333333333,none,0.25,0.0,0.0,0.0,0.0,0.4320386560371119,0.0,0.7606832060481608,0.2043047887908365,0.0,0.2393167939518393,-9578,9578,269,12482208,"{""initial_prob"": 0.0, ""scale"": 0.25, ""smooth"": ""none"", ""threshold"": 0.8333333333333333}"
sleep,gru,density_hard,1,objective_e20_bs32_eval5,experiments/sleep/gru/density_hard/seed_1_objective_e20_bs32_eval5,1.0,none,0.25,0.0,0.0,0.0,0.0,0.4320386560371119,0.0,0.7606832060481608,0.2043047887908365,0.0,0.2393167939518393,-9578,9578,269,12482208,"{""initial_prob"": 0.0, ""scale"": 0.25, ""smooth"": ""none"", ""threshold"": 1.0}"
sleep,gru,density_hard,1,objective_e20_bs32_eval5,experiments/sleep/gru/density_hard/seed_1_objective_e20_bs32_eval5,0.0,none,0.25,0.2393167939518393,0.2393167939518393,1.0,0.3862076187779625,0.19310380938898125,0.2393167939518393,0.2393167939518393,0.20717377754303545,1.0,0.2393167939518393,-9578,9578,269,12482208,"{""initial_prob"": 0.2393167939518393, ""scale"": 0.25, ""smooth"": ""none"", ""threshold"": 0.0}"
sleep,gru,density_hard,1,objective_e20_bs32_eval5,experiments/sleep/gru/density_hard/seed_1_objective_e20_bs32_eval5,0.16666666666666666,none,0.25,0.2393167939518393,0.2393167939518393,1.0,0.3862076187779625,0.19310380938898125,0.2393167939518393,0.2393167939518393,0.20717377754303545,1.0,0.2393167939518393,-9578,9578,269,12482208,"{""initial_prob"": 0.2393167939518393, ""scale"": 0.25, ""smooth"": ""none"", ""threshold"": 0.16666666666666666}"
sleep,gru,density_hard,1,objective_e20_bs32_eval5,experiments/sleep/gru/density_hard/seed_1_objective_e20_bs32_eval5,0.3333333333333333,none,0.25,0.2393167939518393,0.2518799208133045,0.994330145735039,0.4019415427508224,0.2670382527243862,0.25151867312958354,0.2918675125426527,0.20717377754303545,0.9447354987194573,0.2393167939518393,-8671,8671,269,12482208,"{""initial_prob"": 0.2393167939518393, ""scale"": 0.25, ""smooth"": ""none"", ""threshold"": 0.3333333333333333}"
sleep,gru,density_hard,1,objective_e20_bs32_eval5,experiments/sleep/gru/density_hard/seed_1_objective_e20_bs32_eval5,0.5,none,0.25,0.2393167939518393,0.5699677256568341,0.7293530869355337,0.6398846476291395,0.7524034317618183,0.4704635136378222,0.8035369223137445,0.20717377754303545,0.30623916858299427,0.2393167939518393,-2477,2477,269,12482208,"{""initial_prob"": 0.2393167939518393, ""scale"": 0.25, ""smooth"": ""none"", ""threshold"": 0.5}"
sleep,gru,density_hard,1,objective_e20_bs32_eval5,experiments/sleep/gru/density_hard/seed_1_objective_e20_bs32_eval5,0.6666666666666666,none,0.25,0.2393167939518393,0.13364592573818274,0.001765196997056108,0.003484372361982213,0.4329997271176018,0.0017452266908145407,0.7583671895228793,0.20717377754303545,0.003160899097339189,0.2393167939518393,-9545,9545,269,12482208,"{""initial_prob"": 0.2393167939518393, ""scale"": 0.25, ""smooth"": ""none"", ""threshold"": 0.6666666666666666}"
sleep,gru,density_hard,1,objective_e20_bs32_eval5,experiments/sleep/gru/density_hard/seed_1_objective_e20_bs32_eval5,0.8333333333333333,none,0.25,0.2393167939518393,0.0,0.0,0.0,0.4320386560371119,0.0,0.7606832060481608,0.20717377754303545,0.0,0.2393167939518393,-9578,9578,269,12482208,"{""initial_prob"": 0.2393167939518393, ""scale"": 0.25, ""smooth"": ""none"", ""threshold"": 0.8333333333333333}"
sleep,gru,density_hard,1,objective_e20_bs32_eval5,experiments/sleep/gru/density_hard/seed_1_objective_e20_bs32_eval5,1.0,none,0.25,0.2393167939518393,0.0,0.0,0.0,0.4320386560371119,0.0,0.7606832060481608,0.20717377754303545,0.0,0.2393167939518393,-9578,9578,269,12482208,"{""initial_prob"": 0.2393167939518393, ""scale"": 0.25, ""smooth"": ""none"", ""threshold"": 1.0}"
sleep,gru,density_hard,1,objective_e20_bs32_eval5,experiments/sleep/gru/density_hard/seed_1_objective_e20_bs32_eval5,0.0,none,0.25,1.0,0.2393167939518393,1.0,0.3862076187779625,0.19310380938898125,0.2393167939518393,0.2393167939518393,0.25521720537105813,1.0,0.2393167939518393,-9578,9578,269,12482208,"{""initial_prob"": 1.0, ""scale"": 0.25, ""smooth"": ""none"", ""threshold"": 0.0}"
sleep,gru,density_hard,1,objective_e20_bs32_eval5,experiments/sleep/gru/density_hard/seed_1_objective_e20_bs32_eval5,0.16666666666666666,none,0.25,1.0,0.2393167939518393,1.0,0.3862076187779625,0.19310380938898125,0.2393167939518393,0.2393167939518393,0.25521720537105813,1.0,0.2393167939518393,-9578,9578,269,12482208,"{""initial_prob"": 1.0, ""scale"": 0.25, ""smooth"": ""none"", ""threshold"": 0.16666666666666666}"
sleep,gru,density_hard,1,objective_e20_bs32_eval5,experiments/sleep/gru/density_hard/seed_1_objective_e20_bs32_eval5,0.3333333333333333,none,0.25,1.0,0.23977576570134143,0.9999923004872118,0.3868044775212019,0.19591994152228956,0.23977532303514412,0.24123496419864177,0.25521720537105813,0.9980781445077666,0.2393167939518393,-9536,9536,269,12482208,"{""initial_prob"": 1.0, ""scale"": 0.25, ""smooth"": ""none"", ""threshold"": 0.3333333333333333}"
sleep,gru,density_hard,1,objective_e20_bs32_eval5,experiments/sleep/gru/density_hard/seed_1_objective_e20_bs32_eval5,0.5,none,0.25,1.0,0.39973331679484,0.9277842609907198,0.5587365261626355,0.6338752145394974,0.387671328875767,0.6492957015297294,0.25521720537105813,0.5554562141569824,0.2393167939518393,-3432,3432,269,12482208,"{""initial_prob"": 1.0, ""scale"": 0.25, ""smooth"": ""none"", ""threshold"": 0.5}"
sleep,gru,density_hard,1,objective_e20_bs32_eval5,experiments/sleep/gru/density_hard/seed_1_objective_e20_bs32_eval5,0.6666666666666666,none,0.25,1.0,0.37145581656320864,0.1821721463764419,0.24445623385070958,0.5402321172748052,0.1392481569325462,0.7305093778280253,0.25521720537105813,0.11736753625640592,0.2393167939518393,-8693,8693,269,12482208,"{""initial_prob"": 1.0, ""scale"": 0.25, ""smooth"": ""none"", ""threshold"": 0.6666666666666666}"
sleep,gru,density_hard,1,objective_e20_bs32_eval5,experiments/sleep/gru/density_hard/seed_1_objective_e20_bs32_eval5,0.8333333333333333,none,0.25,1.0,0.3982873034138857,0.06951890096484938,0.11837592294594826,0.48710335074694905,0.0629115689948454,0.752185831224732,0.25521720537105813,0.041771455819355034,0.2393167939518393,-9193,9193,269,12482208,"{""initial_prob"": 1.0, ""scale"": 0.25, ""smooth"": ""none"", ""threshold"": 0.8333333333333333}"
sleep,gru,density_hard,1,objective_e20_bs32_eval5,experiments/sleep/gru/density_hard/seed_1_objective_e20_bs32_eval5,1.0,none,0.25,1.0,0.0,0.0,0.0,0.4320386560371119,0.0,0.7606832060481608,0.25521720537105813,0.0,0.2393167939518393,-9578,9578,269,12482208,"{""initial_prob"": 1.0, ""scale"": 0.25, ""smooth"": ""none"", ""threshold"": 1.0}"
sleep,gru,density_hard,1,objective_e20_bs32_eval5,experiments/sleep/gru/density_hard/seed_1_objective_e20_bs32_eval5,0.0,none,1.0,0.0,0.2393167939518393,1.0,0.3862076187779625,0.19310380938898125,0.2393167939518393,0.2393167939518393,0.13916289748767313,1.0,0.2393167939518393,-9578,9578,269,12482208,"{""initial_prob"": 0.0, ""scale"": 1.0, ""smooth"": ""none"", ""threshold"": 0.0}"
sleep,gru,density_hard,1,objective_e20_bs32_eval5,experiments/sleep/gru/density_hard/seed_1_objective_e20_bs32_eval5,0.16666666666666666,none,1.0,0.0,0.24354653787277467,0.9993214385903598,0.3916446174489424,0.2187724581620651,0.24350626838935552,0.2570260806421428,0.13916289748767313,0.9819659310275874,0.2393167939518393,-9237,9237,269,12482208,"{""initial_prob"": 0.0, ""scale"": 1.0, ""smooth"": ""none"", ""threshold"": 0.16666666666666666}"
sleep,gru,density_hard,1,objective_e20_bs32_eval5,experiments/sleep/gru/density_hard/seed_1_objective_e20_bs32_eval5,0.3333333333333333,none,1.0,0.0,0.3916727519656747,0.9940121223807429,0.5619278533926982,0.6201674833257756,0.3907508080998563,0.6290973520069526,0.13916289748767313,0.6073534425960535,0.2393167939518393,-1479,1479,269,12482208,"{""initial_prob"": 0.0, ""scale"": 1.0, ""smooth"": ""none"", ""threshold"": 0.3333333333333333}"
sleep,gru,density_hard,1,objective_e20_bs32_eval5,experiments/sleep/gru/density_hard/seed_1_objective_e20_bs32_eval5,0.5,none,1.0,0.0,0.6594633126784998,0.9569496806710761,0.7808316427527014,0.8449364288603125,0.6404625235809954,0.8714379699489064,0.13916289748767313,0.3472734952021309,0.2393167939518393,769,769,269,12482208,"{""initial_prob"": 0.0, ""scale"": 1.0, ""smooth"": ""none"", ""threshold"": 0.5}"
sleep,gru,density_hard,1,objective_e20_bs32_eval5,experiments/sleep/gru/density_hard/seed_1_objective_e20_bs32_eval5,0.6666666666666666,none,1.0,0.0,0.8613038194307733,0.6590786294331619,0.7467422966637841,0.8394619385336535,0.5958409788153944,0.8930126785261069,0.13916289748767313,0.18312769663828707,0.2393167939518393,-2245,2245,269,12482208,"{""initial_prob"": 0.0, ""scale"": 1.0, ""smooth"": ""none"", ""threshold"": 0.6666666666666666}"
sleep,gru,density_hard,1,objective_e20_bs32_eval5,experiments/sleep/gru/density_hard/seed_1_objective_e20_bs32_eval5,0.8333333333333333,none,1.0,0.0,0.6825336102306263,0.004180835444004122,0.008310763600066544,0.43628950900376223,0.004172721049137474,0.7612183677759576,0.13916289748767313,0.0014659265412016848,0.2393167939518393,-9510,9510,269,12482208,"{""initial_prob"": 0.0, ""scale"": 1.0, ""smooth"": ""none"", ""threshold"": 0.8333333333333333}"
sleep,gru,density_hard,1,objective_e20_bs32_eval5,experiments/sleep/gru/density_hard/seed_1_objective_e20_bs32_eval5,1.0,none,1.0,0.0,0.0,0.0,0.0,0.4320386560371119,0.0,0.7606832060481608,0.13916289748767313,0.0,0.2393167939518393,-9578,9578,269,12482208,"{""initial_prob"": 0.0, ""scale"": 1.0, ""smooth"": ""none"", ""threshold"": 1.0}"
sleep,gru,density_hard,1,objective_e20_bs32_eval5,experiments/sleep/gru/density_hard/seed_1_objective_e20_bs32_eval5,0.0,none,1.0,0.2393167939518393,0.2393167939518393,1.0,0.3862076187779625,0.19310380938898125,0.2393167939518393,0.2393167939518393,0.14011915153205062,1.0,0.2393167939518393,-9578,9578,269,12482208,"{""initial_prob"": 0.2393167939518393, ""scale"": 1.0, ""smooth"": ""none"", ""threshold"": 0.0}"
sleep,gru,density_hard,1,objective_e20_bs32_eval5,experiments/sleep/gru/density_hard/seed_1_objective_e20_bs32_eval5,0.16666666666666666,none,1.0,0.2393167939518393,0.24020013441359536,0.9999949785786164,0.38735667597976176,0.19849451395182688,0.24019984469603675,0.242996912084785,0.14011915153205062,0.9963174784461211,0.2393167939518393,-9428,9428,269,12482208,"{""initial_prob"": 0.2393167939518393, ""scale"": 1.0, ""smooth"": ""none"", ""threshold"": 0.16666666666666666}"
sleep,gru,density_hard,1,objective_e20_bs32_eval5,experiments/sleep/gru/density_hard/seed_1_objective_e20_bs32_eval5,0.3333333333333333,none,1.0,0.2393167939518393,0.3872463825493977,0.9954090818096667,0.5575771781530497,0.6137813307096458,0.38655598740395697,0.6219603935457573,0.14011915153205062,0.6151590327608705,0.2393167939518393,-1571,1571,269,12482208,"{""initial_prob"": 0.2393167939518393, ""scale"": 1.0, ""smooth"": ""none"", ""threshold"": 0.3333333333333333}"
sleep,gru,density_hard,1,objective_e20_bs32_eval5,experiments/sleep/gru/density_hard/seed_1_objective_e20_bs32_eval5,0.5,none,1.0,0.2393167939518393,0.6579602004256978,0.9641390170467213,0.7821532666574784,0.8454989262343193,0.6422427759121775,0.8714707365876294,0.14011915153205062,0.3506817864275295,0.2393167939518393,839,839,269,12482208,"{""initial_prob"": 0.2393167939518393, ""scale"": 1.0, ""smooth"": ""none"", ""threshold"": 0.5}"
sleep,gru,density_hard,1,objective_e20_bs32_eval5,experiments/sleep/gru/density_hard/seed_1_objective_e20_bs32_eval5,0.6666666666666666,none,1.0,0.2393167939518393,0.8630669915418009,0.6832433829382814,0.7626991588951287,0.848971199393468,0.6164217573909204,0.8982522963885876,0.14011915153205062,0.18945414144676967,0.2393167939518393,-1999,1999,269,12482208,"{""initial_prob"": 0.2393167939518393, ""scale"": 1.0, ""smooth"": ""none"", ""threshold"": 0.6666666666666666}"
sleep,gru,density_hard,1,objective_e20_bs32_eval5,experiments/sleep/gru/density_hard/seed_1_objective_e20_bs32_eval5,0.8333333333333333,none,1.0,0.2393167939518393,0.6910357294768184,0.004350894248196138,0.008647343155877726,0.4364677443307607,0.00434244689214514,0.7612589054756979,0.14011915153205062,0.0015067846970664165,0.2393167939518393,-9508,9508,269,12482208,"{""initial_prob"": 0.2393167939518393, ""scale"": 1.0, ""smooth"": ""none"", ""threshold"": 0.8333333333333333}"
sleep,gru,density_hard,1,objective_e20_bs32_eval5,experiments/sleep/gru/density_hard/seed_1_objective_e20_bs32_eval5,1.0,none,1.0,0.2393167939518393,0.0,0.0,0.0,0.4320386560371119,0.0,0.7606832060481608,0.14011915153205062,0.0,0.2393167939518393,-9578,9578,269,12482208,"{""initial_prob"": 0.2393167939518393, ""scale"": 1.0, ""smooth"": ""none"", ""threshold"": 1.0}"
sleep,gru,density_hard,1,objective_e20_bs32_eval5,experiments/sleep/gru/density_hard/seed_1_objective_e20_bs32_eval5,0.0,none,1.0,1.0,0.2393167939518393,1.0,0.3862076187779625,0.19310380938898125,0.2393167939518393,0.2393167939518393,0.15483286120456022,1.0,0.2393167939518393,-9578,9578,269,12482208,"{""initial_prob"": 1.0, ""scale"": 1.0, ""smooth"": ""none"", ""threshold"": 0.0}"
sleep,gru,density_hard,1,objective_e20_bs32_eval5,experiments/sleep/gru/density_hard/seed_1_objective_e20_bs32_eval5,0.16666666666666666,none,1.0,1.0,0.23968865425998537,0.9999966523857442,0.38669144594988103,0.19538441942421175,0.23968846193687765,0.24086996467291685,0.15483286120456022,0.9984452269983003,0.2393167939518393,-9528,9528,269,12482208,"{""initial_prob"": 1.0, ""scale"": 1.0, ""smooth"": ""none"", ""threshold"": 0.16666666666666666}"
sleep,gru,density_hard,1,objective_e20_bs32_eval5,experiments/sleep/gru/density_hard/seed_1_objective_e20_bs32_eval5,0.3333333333333333,none,1.0,1.0,0.366391133358753,0.9962305863480273,0.5357467128841223,0.5817433541071481,0.3658839065605763,0.5868017100820624,0.15483286120456022,0.6507109158892401,0.2393167939518393,-2244,2244,269,12482208,"{""initial_prob"": 1.0, ""scale"": 1.0, ""smooth"": ""none"", ""threshold"": 0.3333333333333333}"
sleep,gru,density_hard,1,objective_e20_bs32_eval5,experiments/sleep/gru/density_hard/seed_1_objective_e20_bs32_eval5,0.5,none,1.0,1.0,0.6158156383872617,0.9681199999196572,0.752787450913428,0.8214368860235591,0.603575911310988,0.8478294865780157,0.15483286120456022,0.3762284685529996,0.2393167939518393,540,540,269,12482208,"{""initial_prob"": 1.0, ""scale"": 1.0, ""smooth"": ""none"", ""threshold"": 0.5}"
sleep,gru,density_hard,1,objective_e20_bs32_eval5,experiments/sleep/gru/density_hard/seed_1_objective_e20_bs32_eval5,0.6666666666666666,none,1.0,1.0,0.795251505503636,0.7241224396609268,0.7580220289310631,0.8431537135524286,0.6103345200870625,0.889360760532111,0.15483286120456022,0.21791176689252414,0.2393167939518393,-1793,1793,269,12482208,"{""initial_prob"": 1.0, ""scale"": 1.0, ""smooth"": ""none"", ""threshold"": 0.6666666666666666}"
sleep,gru,density_hard,1,objective_e20_bs32_eval5,experiments/sleep/gru/density_hard/seed_1_objective_e20_bs32_eval5,0.8333333333333333,none,1.0,1.0,0.5006305885913912,0.053154088675623545,0.09610436616282822,0.4791049276503324,0.050477749123851084,0.7607152516606036,0.15483286120456022,0.02540928656212106,0.2393167939518393,-9059,9059,269,12482208,"{""initial_prob"": 1.0, ""scale"": 1.0, ""smooth"": ""none"", ""threshold"": 0.8333333333333333}"
sleep,gru,density_hard,1,objective_e20_bs32_eval5,experiments/sleep/gru/density_hard/seed_1_objective_e20_bs32_eval5,1.0,none,1.0,1.0,0.0,0.0,0.0,0.4320386560371119,0.0,0.7606832060481608,0.15483286120456022,0.0,0.2393167939518393,-9578,9578,269,12482208,"{""initial_prob"": 1.0, ""scale"": 1.0, ""smooth"": ""none"", ""threshold"": 1.0}"
sleep,gru,density_hard,1,objective_e20_bs32_eval5,experiments/sleep/gru/density_hard/seed_1_objective_e20_bs32_eval5,0.0,none,4.0,0.0,0.2393167939518393,1.0,0.3862076187779625,0.19310380938898125,0.2393167939518393,0.2393167939518393,0.09306590670467695,1.0,0.2393167939518393,-9578,9578,269,12482208,"{""initial_prob"": 0.0, ""scale"": 4.0, ""smooth"": ""none"", ""threshold"": 0.0}"
sleep,gru,density_hard,1,objective_e20_bs32_eval5,experiments/sleep/gru/density_hard/seed_1_objective_e20_bs32_eval5,0.16666666666666666,none,4.0,0.0,0.41920798300533196,0.9929562848444798,0.5895280186007261,0.6561709819689714,0.41796506869698924,0.6690881132568853,0.09306590670467695,0.5668573220378958,0.2393167939518393,933,933,269,12482208,"{""initial_prob"": 0.0, ""scale"": 4.0, ""smooth"": ""none"", ""threshold"": 0.16666666666666666}"
sleep,gru,density_hard,1,objective_e20_bs32_eval5,experiments/sleep/gru/density_hard/seed_1_objective_e20_bs32_eval5,0.3333333333333333,none,4.0,0.0,0.5231892476375855,0.9862700948914737,0.6836963333496163,0.7584628073775365,0.5194062363203985,0.7816063472103654,0.09306590670467695,0.45113885299780293,0.2393167939518393,1617,1617,269,12482208,"{""initial_prob"": 0.0, ""scale"": 4.0, ""smooth"": ""none"", ""threshold"": 0.3333333333333333}"
sleep,gru,density_hard,1,objective_e20_bs32_eval5,experiments/sleep/gru/density_hard/seed_1_objective_e20_bs32_eval5,0.5,none,4.0,0.0,0.6331092616883085,0.9760966951682545,0.7680506716760245,0.8333357743773071,0.6234433949657093,0.8589090167380643,0.09306590670467695,0.36896685265940127,0.2393167939518393,1829,1829,269,12482208,"{""initial_prob"": 0.0, ""scale"": 4.0, ""smooth"": ""none"", ""threshold"": 0.5}"
sleep,gru,density_hard,1,objective_e20_bs32_eval5,experiments/sleep/gru/density_hard/seed_1_objective_e20_bs32_eval5,0.6666666666666666,none,4.0,0.0,0.8251914033319363,0.9570169677176167,0.8862287793411074,0.9232900540567445,0.7957009149660252,0.9411956602549806,0.09306590670467695,0.277548010736562,0.2393167939518393,1596,1596,269,12482208,"{""initial_prob"": 0.0, ""scale"": 4.0, ""smooth"": ""none"", ""threshold"": 0.6666666666666666}"
sleep,gru,density_hard,1,objective_e20_bs32_eval5,experiments/sleep/gru/density_hard/seed_1_objective_e20_bs32_eval5,0.8333333333333333,none,4.0,0.0,0.8812512632245111,0.8903575988500275,0.8857810270708804,0.924801194734971,0.7949793071125785,0.9450485042389936,0.09306590670467695,0.24178975386405996,0.2393167939518393,767,767,269,12482208,"{""initial_prob"": 0.0, ""scale"": 4.0, ""smooth"": ""none"", ""threshold"": 0.8333333333333333}"
sleep,gru,density_hard,1,objective_e20_bs32_eval5,experiments/sleep/gru/density_hard/seed_1_objective_e20_bs32_eval5,1.0,none,4.0,0.0,0.0,0.0,0.0,0.4320386560371119,0.0,0.7606832060481608,0.09306590670467695,0.0,0.2393167939518393,-9578,9578,269,12482208,"{""initial_prob"": 0.0, ""scale"": 4.0, ""smooth"": ""none"", ""threshold"": 1.0}"
sleep,gru,density_hard,1,objective_e20_bs32_eval5,experiments/sleep/gru/density_hard/seed_1_objective_e20_bs32_eval5,0.0,none,4.0,0.2393167939518393,0.2393167939518393,1.0,0.3862076187779625,0.19310380938898125,0.2393167939518393,0.2393167939518393,0.09376691858863143,1.0,0.2393167939518393,-9578,9578,269,12482208,"{""initial_prob"": 0.2393167939518393, ""scale"": 4.0, ""smooth"": ""none"", ""threshold"": 0.0}"
sleep,gru,density_hard,1,objective_e20_bs32_eval5,experiments/sleep/gru/density_hard/seed_1_objective_e20_bs32_eval5,0.16666666666666666,none,4.0,0.2393167939518393,0.41289649436603487,0.9931718712025501,0.583296223660734,0.6483619300869683,0.4117277255856265,0.6604014289779501,0.09376691858863143,0.5756471931888973,0.2393167939518393,896,896,269,12482208,"{""initial_prob"": 0.2393167939518393, ""scale"": 4.0, ""smooth"": ""none"", ""threshold"": 0.16666666666666666}"
sleep,gru,density_hard,1,objective_e20_bs32_eval5,experiments/sleep/gru/density_hard/seed_1_objective_e20_bs32_eval5,0.3333333333333333,none,4.0,0.2393167939518393,0.5222630141143255,0.9863484290650582,0.6829237652404505,0.7577181871140384,0.5185149858581478,0.7808078506623187,0.09376691858863143,0.4519748429124078,0.2393167939518393,1615,1615,269,12482208,"{""initial_prob"": 0.2393167939518393, ""scale"": 4.0, ""smooth"": ""none"", ""threshold"": 0.3333333333333333}"
sleep,gru,density_hard,1,objective_e20_bs32_eval5,experiments/sleep/gru/density_hard/seed_1_objective_e20_bs32_eval5,0.5,none,4.0,0.2393167939518393,0.6323823530240896,0.9762389687741237,0.7675595092785085,0.8329254771304577,0.6227964068505784,0.8584991533549192,0.09376691858863143,0.3694448129689875,0.2393167939518393,1823,1823,269,12482208,"{""initial_prob"": 0.2393167939518393, ""scale"": 4.0, ""smooth"": ""none"", ""threshold"": 0.5}"
sleep,gru,density_hard,1,objective_e20_bs32_eval5,experiments/sleep/gru/density_hard/seed_1_objective_e20_bs32_eval5,0.6666666666666666,none,4.0,0.2393167939518393,0.8249340841731909,0.9572020907859595,0.8861597011791523,0.9232362177239977,0.795589549163622,0.9411439867049163,0.09376691858863143,0.2776882904050309,0.2393167939518393,1604,1604,269,12482208,"{""initial_prob"": 0.2393167939518393, ""scale"": 4.0, ""smooth"": ""none"", ""threshold"": 0.6666666666666666}"
sleep,gru,density_hard,1,objective_e20_bs32_eval5,experiments/sleep/gru/density_hard/seed_1_objective_e20_bs32_eval5,0.8333333333333333,none,4.0,0.2393167939518393,0.8810195608412353,0.8907870977590401,0.8858764062786619,0.9248550720103601,0.7951329738199902,0.9450738202728235,0.09376691858863143,0.24197001043405142,0.2393167939518393,779,779,269,12482208,"{""initial_prob"": 0.2393167939518393, ""scale"": 4.0, ""smooth"": ""none"", ""threshold"": 0.8333333333333333}"
sleep,gru,density_hard,1,objective_e20_bs32_eval5,experiments/sleep/gru/density_hard/seed_1_objective_e20_bs32_eval5,1.0,none,4.0,0.2393167939518393,0.0,0.0,0.0,0.4320386560371119,0.0,0.7606832060481608,0.09376691858863143,0.0,0.2393167939518393,-9578,9578,269,12482208,"{""initial_prob"": 0.2393167939518393, ""scale"": 4.0, ""smooth"": ""none"", ""threshold"": 1.0}"
sleep,gru,density_hard,1,objective_e20_bs32_eval5,experiments/sleep/gru/density_hard/seed_1_objective_e20_bs32_eval5,0.0,none,4.0,1.0,0.2393167939518393,1.0,0.3862076187779625,0.19310380938898125,0.2393167939518393,0.2393167939518393,0.10168579256959341,1.0,0.2393167939518393,-9578,9578,269,12482208,"{""initial_prob"": 1.0, ""scale"": 4.0, ""smooth"": ""none"", ""threshold"": 0.0}"
sleep,gru,density_hard,1,objective_e20_bs32_eval5,experiments/sleep/gru/density_hard/seed_1_objective_e20_bs32_eval5,0.16666666666666666,none,4.0,1.0,0.4103897720623934,0.993223089700663,0.5807991768860972,0.6451930857460682,0.40924382753087163,0.6568799366265968,0.10168579256959341,0.5791932004337694,0.2393167939518393,718,718,269,12482208,"{""initial_prob"": 1.0, ""scale"": 4.0, ""smooth"": ""none"", ""threshold"": 0.16666666666666666}"
sleep,gru,density_hard,1,objective_e20_bs32_eval5,experiments/sleep/gru/density_hard/seed_1_objective_e20_bs32_eval5,0.3333333333333333,none,4.0,1.0,0.5098710759335225,0.9865720496973422,0.67229357915365,0.7474555109595131,0.5063571047017267,0.7698250982518478,0.10168579256959341,0.46306462766843814,0.2393167939518393,1478,1478,269,12482208,"{""initial_prob"": 1.0, ""scale"": 4.0, ""smooth"": ""none"", ""threshold"": 0.3333333333333333}"
sleep,gru,density_hard,1,objective_e20_bs32_eval5,experiments/sleep/gru/density_hard/seed_1_objective_e20_bs32_eval5,0.5,none,4.0,1.0,0.6154795187555221,0.9766329829720253,0.7550943764440785,0.8226528523188719,0.6065474861357307,0.8483885222870825,0.10168579256959341,0.3797440324660509,0.2393167939518393,1746,1746,269,12482208,"{""initial_prob"": 1.0, ""scale"": 4.0, ""smooth"": ""none"", ""threshold"": 0.5}"
sleep,gru,density_hard,1,objective_e20_bs32_eval5,experiments/sleep/gru/density_hard/seed_1_objective_e20_bs32_eval5,0.6666666666666666,none,4.0,1.0,0.7975694721283525,0.9577454085796675,0.8703492556801277,0.9120000292573053,0.7704587104080014,0.9317135237611807,0.10168579256959341,0.28737880349374084,0.2393167939518393,1569,1569,269,12482208,"{""initial_prob"": 1.0, ""scale"": 4.0, ""smooth"": ""none"", ""threshold"": 0.6666666666666666}"
sleep,gru,density_hard,1,objective_e20_bs32_eval5,experiments/sleep/gru/density_hard/seed_1_objective_e20_bs32_eval5,0.8333333333333333,none,4.0,1.0,0.8541593039443899,0.892421737800122,0.872871412394157,0.915844891473496,0.7744204361351893,0.9377891315382663,0.10168579256959341,0.2500370927964027,0.2393167939518393,822,822,269,12482208,"{""initial_prob"": 1.0, ""scale"": 4.0, ""smooth"": ""none"", ""threshold"": 0.8333333333333333}"
sleep,gru,density_hard,1,objective_e20_bs32_eval5,experiments/sleep/gru/density_hard/seed_1_objective_e20_bs32_eval5,1.0,none,4.0,1.0,0.0,0.0,0.0,0.4320386560371119,0.0,0.7606832060481608,0.10168579256959341,0.0,0.2393167939518393,-9578,9578,269,12482208,"{""initial_prob"": 1.0, ""scale"": 4.0, ""smooth"": ""none"", ""threshold"": 1.0}"
sleep,gru,density_hard,2,objective_e20_bs32_eval5,experiments/sleep/gru/density_hard/seed_2_objective_e20_bs32_eval5,0.0,none,0.25,0.0,0.2393167939518393,1.0,0.3862076187779625,0.19310380938898125,0.2393167939518393,0.2393167939518393,0.20211291755690522,1.0,0.2393167939518393,-9578,9578,269,12482208,"{""initial_prob"": 0.0, ""scale"": 0.25, ""smooth"": ""none"", ""threshold"": 0.0}"
sleep,gru,density_hard,2,objective_e20_bs32_eval5,experiments/sleep/gru/density_hard/seed_2_objective_e20_bs32_eval5,0.16666666666666666,none,0.25,0.0,0.24563155233877498,0.9885638801795125,0.39349113451031736,0.2395193347564495,0.2449355512211112,0.27069345423501995,0.20211291755690522,0.963149628655443,0.2393167939518393,-9103,9103,269,12482208,"{""initial_prob"": 0.0, ""scale"": 0.25, ""smooth"": ""none"", ""threshold"": 0.16666666666666666}"
sleep,gru,density_hard,2,objective_e20_bs32_eval5,experiments/sleep/gru/density_hard/seed_2_objective_e20_bs32_eval5,0.3333333333333333,none,0.25,0.0,0.25005440604639556,0.9131528433631204,0.39260053097615155,0.31502132073494754,0.2442457762005934,0.32380777503467334,0.20211291755690522,0.8739410527368234,0.2393167939518393,-8724,8724,269,12482208,"{""initial_prob"": 0.0, ""scale"": 0.25, ""smooth"": ""none"", ""threshold"": 0.3333333333333333}"
sleep,gru,density_hard,2,objective_e20_bs32_eval5,experiments/sleep/gru/density_hard/seed_2_objective_e20_bs32_eval5,0.5,none,0.25,0.0,0.6604656186618921,0.6714075579756575,0.6658916418336115,0.7798154770503771,0.49912860357821276,0.8387598572303875,0.20211291755690522,0.2432815572373093,0.2393167939518393,-2898,2898,269,12482208,"{""initial_prob"": 0.0, ""scale"": 0.25, ""smooth"": ""none"", ""threshold"": 0.5}"
sleep,gru,density_hard,2,objective_e20_bs32_eval5,experiments/sleep/gru/density_hard/seed_2_objective_e20_bs32_eval5,0.6666666666666666,none,0.25,0.0,0.049684338989415384,0.0014173798758838538,0.002756133601525833,0.43139924897163484,0.001379968489524429,0.7545344541606741,0.20211291755690522,0.006827157502903332,0.2393167939518393,-9546,9546,269,12482208,"{""initial_prob"": 0.0, ""scale"": 0.25, ""smooth"": ""none"", ""threshold"": 0.6666666666666666}"
sleep,gru,density_hard,2,objective_e20_bs32_eval5,experiments/sleep/gru/density_hard/seed_2_objective_e20_bs32_eval5,0.8333333333333333,none,0.25,0.0,0.0,0.0,0.0,0.4313883177711012,0.0,0.7586694597622472,0.20211291755690522,0.002013746285913518,0.2393167939518393,-9577,9577,269,12482208,"{""initial_prob"": 0.0, ""scale"": 0.25, ""smooth"": ""none"", ""threshold"": 0.8333333333333333}"
sleep,gru,density_hard,2,objective_e20_bs32_eval5,experiments/sleep/gru/density_hard/seed_2_objective_e20_bs32_eval5,1.0,none,0.25,0.0,0.0,0.0,0.0,0.4320386560371119,0.0,0.7606832060481608,0.20211291755690522,0.0,0.2393167939518393,-9578,9578,269,12482208,"{""initial_prob"": 0.0, ""scale"": 0.25, ""smooth"": ""none"", ""threshold"": 1.0}"
sleep,gru,density_hard,2,objective_e20_bs32_eval5,experiments/sleep/gru/density_hard/seed_2_objective_e20_bs32_eval5,0.0,none,0.25,0.2393167939518393,0.2393167939518393,1.0,0.3862076187779625,0.19310380938898125,0.2393167939518393,0.2393167939518393,0.20492804657699643,1.0,0.2393167939518393,-9578,9578,269,12482208,"{""initial_prob"": 0.2393167939518393, ""scale"": 0.25, ""smooth"": ""none"", ""threshold"": 0.0}"
sleep,gru,density_hard,2,objective_e20_bs32_eval5,experiments/sleep/gru/density_hard/seed_2_objective_e20_bs32_eval5,0.16666666666666666,none,0.25,0.2393167939518393,0.2393167939518393,1.0,0.3862076187779625,0.19310380938898125,0.2393167939518393,0.2393167939518393,0.20492804657699643,1.0,0.2393167939518393,-9578,9578,269,12482208,"{""initial_prob"": 0.2393167939518393, ""scale"": 0.25, ""smooth"": ""none"", ""threshold"": 0.16666666666666666}"
sleep,gru,density_hard,2,objective_e20_bs32_eval5,experiments/sleep/gru/density_hard/seed_2_objective_e20_bs32_eval5,0.3333333333333333,none,0.25,0.2393167939518393,0.2505781176280939,0.9949390767681596,0.40033162469836225,0.2600870919150622,0.25025913550542916,0.28666931363425446,0.20492804657699643,0.950225152473024,0.2393167939518393,-8729,8729,269,12482208,"{""initial_prob"": 0.2393167939518393, ""scale"": 0.25, ""smooth"": ""none"", ""threshold"": 0.3333333333333333}"
sleep,gru,density_hard,2,objective_e20_bs32_eval5,experiments/sleep/gru/density_hard/seed_2_objective_e20_bs32_eval5,0.5,none,0.25,0.2393167939518393,0.6607960373621491,0.7487518420247442,0.7020297180579214,0.7999544202410216,0.5408673278771179,0.8478897323294083,0.20492804657699643,0.271171254316544,0.2393167939518393,-2177,2177,269,12482208,"{""initial_prob"": 0.2393167939518393, ""scale"": 0.25, ""smooth"": ""none"", ""threshold"": 0.5}"
sleep,gru,density_hard,2,objective_e20_bs32_eval5,experiments/sleep/gru/density_hard/seed_2_objective_e20_bs32_eval5,0.6666666666666666,none,0.25,0.2393167939518393,0.058532657389450286,0.0017277037173917265,0.0033563386578872494,0.4316647548536361,0.001680990315333068,0.7544462486124249,0.20492804657699643,0.0070638944648254536,0.2393167939518393,-9544,9544,269,12482208,"{""initial_prob"": 0.2393167939518393, ""scale"": 0.25, ""smooth"": ""none"", ""threshold"": 0.6666666666666666}"
sleep,gru,density_hard,2,objective_e20_bs32_eval5,experiments/sleep/gru/density_hard/seed_2_objective_e20_bs32_eval5,0.8333333333333333,none,0.25,0.2393167939518393,0.0,0.0,0.0,0.4313883177711012,0.0,0.7586694597622472,0.20492804657699643,0.002013746285913518,0.2393167939518393,-9577,9577,269,12482208,"{""initial_prob"": 0.2393167939518393, ""scale"": 0.25, ""smooth"": ""none"", ""threshold"": 0.8333333333333333}"
sleep,gru,density_hard,2,objective_e20_bs32_eval5,experiments/sleep/gru/density_hard/seed_2_objective_e20_bs32_eval5,1.0,none,0.25,0.2393167939518393,0.0,0.0,0.0,0.4320386560371119,0.0,0.7606832060481608,0.20492804657699643,0.0,0.2393167939518393,-9578,9578,269,12482208,"{""initial_prob"": 0.2393167939518393, ""scale"": 0.25, ""smooth"": ""none"", ""threshold"": 1.0}"
sleep,gru,density_hard,2,objective_e20_bs32_eval5,experiments/sleep/gru/density_hard/seed_2_objective_e20_bs32_eval5,0.0,none,0.25,1.0,0.2393167939518393,1.0,0.3862076187779625,0.19310380938898125,0.2393167939518393,0.2393167939518393,0.2529843528907486,1.0,0.2393167939518393,-9578,9578,269,12482208,"{""initial_prob"": 1.0, ""scale"": 0.25, ""smooth"": ""none"", ""threshold"": 0.0}"
sleep,gru,density_hard,2,objective_e20_bs32_eval5,experiments/sleep/gru/density_hard/seed_2_objective_e20_bs32_eval5,0.16666666666666666,none,0.25,1.0,0.2393167939518393,1.0,0.3862076187779625,0.19310380938898125,0.2393167939518393,0.2393167939518393,0.2529843528907486,1.0,0.2393167939518393,-9578,9578,269,12482208,"{""initial_prob"": 1.0, ""scale"": 0.25, ""smooth"": ""none"", ""threshold"": 0.16666666666666666}"
sleep,gru,density_hard,2,objective_e20_bs32_eval5,experiments/sleep/gru/density_hard/seed_2_objective_e20_bs32_eval5,0.3333333333333333,none,0.25,1.0,0.2393398800288823,1.0,0.3862376800515845,0.19324562744940652,0.2393398800288823,0.2394132512452925,0.2529843528907486,0.9999035427065468,0.2393167939518393,-9576,9576,269,12482208,"{""initial_prob"": 1.0, ""scale"": 0.25, ""smooth"": ""none"", ""threshold"": 0.3333333333333333}"
sleep,gru,density_hard,2,objective_e20_bs32_eval5,experiments/sleep/gru/density_hard/seed_2_objective_e20_bs32_eval5,0.5,none,0.25,1.0,0.4347580529275441,0.9449581916455599,0.5955256163920436,0.6739481828018118,0.42402027644121,0.6928105187800108,0.2529843528907486,0.5201614169544363,0.2393167939518393,-2996,2996,269,12482208,"{""initial_prob"": 1.0, ""scale"": 0.25, ""smooth"": ""none"", ""threshold"": 0.5}"
sleep,gru,density_hard,2,objective_e20_bs32_eval5,experiments/sleep/gru/density_hard/seed_2_objective_e20_bs32_eval5,0.6666666666666666,none,0.25,1.0,0.3644050364956215,0.18325576911102764,0.24387111346032916,0.5390394277524498,0.13886857355946133,0.7280454708013198,0.2529843528907486,0.12035010152050021,0.2393167939518393,-8686,8686,269,12482208,"{""initial_prob"": 1.0, ""scale"": 0.25, ""smooth"": ""none"", ""threshold"": 0.6666666666666666}"
sleep,gru,density_hard,2,objective_e20_bs32_eval5,experiments/sleep/gru/density_hard/seed_2_objective_e20_bs32_eval5,0.8333333333333333,none,0.25,1.0,0.3871601270323501,0.06962267700677759,0.11802162531480644,0.48651944277672954,0.06271146730607274,0.7509708218289585,0.2529843528907486,0.043036135914415144,0.2393167939518393,-9158,9158,269,12482208,"{""initial_prob"": 1.0, ""scale"": 0.25, ""smooth"": ""none"", ""threshold"": 0.8333333333333333}"
sleep,gru,density_hard,2,objective_e20_bs32_eval5,experiments/sleep/gru/density_hard/seed_2_objective_e20_bs32_eval5,1.0,none,0.25,1.0,0.0,0.0,0.0,0.4320386560371119,0.0,0.7606832060481608,0.2529843528907486,0.0,0.2393167939518393,-9578,9578,269,12482208,"{""initial_prob"": 1.0, ""scale"": 0.25, ""smooth"": ""none"", ""threshold"": 1.0}"
sleep,gru,density_hard,2,objective_e20_bs32_eval5,experiments/sleep/gru/density_hard/seed_2_objective_e20_bs32_eval5,0.0,none,1.0,0.0,0.2393167939518393,1.0,0.3862076187779625,0.19310380938898125,0.2393167939518393,0.2393167939518393,0.13245077004734454,1.0,0.2393167939518393,-9578,9578,269,12482208,"{""initial_prob"": 0.0, ""scale"": 1.0, ""smooth"": ""none"", ""threshold"": 0.0}"
sleep,gru,density_hard,2,objective_e20_bs32_eval5,experiments/sleep/gru/density_hard/seed_2_objective_e20_bs32_eval5,0.16666666666666666,none,1.0,0.0,0.24367078894488442,0.9992668724779911,0.3918010608906278,0.2195289144433071,0.24362723501584263,0.25755427244923335,0.13245077004734454,0.9814116220463559,0.2393167939518393,-9265,9265,269,12482208,"{""initial_prob"": 0.0, ""scale"": 1.0, ""smooth"": ""none"", ""threshold"": 0.16666666666666666}"
sleep,gru,density_hard,2,objective_e20_bs32_eval5,experiments/sleep/gru/density_hard/seed_2_objective_e20_bs32_eval5,0.3333333333333333,none,1.0,0.0,0.4160136143417032,0.993634176731269,0.5864803219828116,0.6522365756511792,0.41490778735071837,0.664669984669379,0.13245077004734454,0.5715999124513869,0.2393167939518393,-1192,1192,269,12482208,"{""initial_prob"": 0.0, ""scale"": 1.0, ""smooth"": ""none"", ""threshold"": 0.3333333333333333}"
sleep,gru,density_hard,2,objective_e20_bs32_eval5,experiments/sleep/gru/density_hard/seed_2_objective_e20_bs32_eval5,0.5,none,1.0,0.0,0.7326962322401107,0.962837799385512,0.8321480014078454,0.8839355485615374,0.7125457698501176,0.9070429686799002,0.13245077004734454,0.31448674785743036,0.2393167939518393,832,832,269,12482208,"{""initial_prob"": 0.0, ""scale"": 1.0, ""smooth"": ""none"", ""threshold"": 0.5}"
sleep,gru,density_hard,2,objective_e20_bs32_eval5,experiments/sleep/gru/density_hard/seed_2_objective_e20_bs32_eval5,0.6666666666666666,none,1.0,0.0,0.8519120297614291,0.674527534462015,0.7529130330238093,0.8427396425869795,0.6037373919875019,0.8940483126062312,0.13245077004734454,0.18948642740130592,0.2393167939518393,-2156,2156,269,12482208,"{""initial_prob"": 0.0, ""scale"": 1.0, ""smooth"": ""none"", ""threshold"": 0.6666666666666666}"
sleep,gru,density_hard,2,objective_e20_bs32_eval5,experiments/sleep/gru/density_hard/seed_2_objective_e20_bs32_eval5,0.8333333333333333,none,1.0,0.0,0.20741630385827953,0.004625063855741928,0.009048363160535094,0.4354667516709871,0.004544742822030029,0.7575605213436597,0.13245077004734454,0.0053363956120583795,0.2393167939518393,-9482,9482,269,12482208,"{""initial_prob"": 0.0, ""scale"": 1.0, ""smooth"": ""none"", ""threshold"": 0.8333333333333333}"
sleep,gru,density_hard,2,objective_e20_bs32_eval5,experiments/sleep/gru/density_hard/seed_2_objective_e20_bs32_eval5,1.0,none,1.0,0.0,0.0,0.0,0.0,0.4320386560371119,0.0,0.7606832060481608,0.13245077004734454,0.0,0.2393167939518393,-9578,9578,269,12482208,"{""initial_prob"": 0.0, ""scale"": 1.0, ""smooth"": ""none"", ""threshold"": 1.0}"
sleep,gru,density_hard,2,objective_e20_bs32_eval5,experiments/sleep/gru/density_hard/seed_2_objective_e20_bs32_eval5,0.0,none,1.0,0.2393167939518393,0.2393167939518393,1.0,0.3862076187779625,0.19310380938898125,0.2393167939518393,0.2393167939518393,0.13336270048825088,1.0,0.2393167939518393,-9578,9578,269,12482208,"{""initial_prob"": 0.2393167939518393, ""scale"": 1.0, ""smooth"": ""none"", ""threshold"": 0.0}"
sleep,gru,density_hard,2,objective_e20_bs32_eval5,experiments/sleep/gru/density_hard/seed_2_objective_e20_bs32_eval5,0.16666666666666666,none,1.0,0.2393167939518393,0.24002880572591748,0.9999651848117402,0.3871316327489397,0.19748463444316267,0.24002679983659106,0.24230120183864906,0.13336270048825088,0.9969989283947199,0.2393167939518393,-9456,9456,269,12482208,"{""initial_prob"": 0.2393167939518393, ""scale"": 1.0, ""smooth"": ""none"", ""threshold"": 0.16666666666666666}"
sleep,gru,density_hard,2,objective_e20_bs32_eval5,experiments/sleep/gru/density_hard/seed_2_objective_e20_bs32_eval5,0.3333333333333333,none,1.0,0.2393167939518393,0.41096423484713285,0.9951938302130221,0.5817113753005935,0.6458638489375452,0.41015020861771484,0.6574851981316127,0.13336270048825088,0.5795312015310112,0.2393167939518393,-1262,1262,269,12482208,"{""initial_prob"": 0.2393167939518393, ""scale"": 1.0, ""smooth"": ""none"", ""threshold"": 0.3333333333333333}"
sleep,gru,density_hard,2,objective_e20_bs32_eval5,experiments/sleep/gru/density_hard/seed_2_objective_e20_bs32_eval5,0.5,none,1.0,0.2393167939518393,0.7322612103006677,0.9702822239674451,0.8346336679052816,0.8854467948206657,0.7161985419683847,0.9079863113961889,0.13336270048825088,0.3171065567886707,0.2393167939518393,906,906,269,12482208,"{""initial_prob"": 0.2393167939518393, ""scale"": 1.0, ""smooth"": ""none"", ""threshold"": 0.5}"
sleep,gru,density_hard,2,objective_e20_bs32_eval5,experiments/sleep/gru/density_hard/seed_2_objective_e20_bs32_eval5,0.6666666666666666,none,1.0,0.2393167939518393,0.8546872414532336,0.7020201512987739,0.7708676265709947,0.8535066006961771,0.6271640412663171,0.9001244010675035,0.13336270048825088,0.1965692287774727,0.2393167939518393,-1886,1886,269,12482208,"{""initial_prob"": 0.2393167939518393, ""scale"": 1.0, ""smooth"": ""none"", ""threshold"": 0.6666666666666666}"
sleep,gru,density_hard,2,objective_e20_bs32_eval5,experiments/sleep/gru/density_hard/seed_2_objective_e20_bs32_eval5,0.8333333333333333,none,1.0,0.2393167939518393,0.21840441753393833,0.004938735311505549,0.00965905240721748,0.4357904742600942,0.004852963719055079,0.7576354279627451,0.13336270048825088,0.00541162268726815,0.2393167939518393,-9478,9478,269,12482208,"{""initial_prob"": 0.2393167939518393, ""scale"": 1.0, ""smooth"": ""none"", ""threshold"": 0.8333333333333333}"
sleep,gru,density_hard,2,objective_e20_bs32_eval5,experiments/sleep/gru/density_hard/seed_2_objective_e20_bs32_eval5,1.0,none,1.0,0.2393167939518393,0.0,0.0,0.0,0.4320386560371119,0.0,0.7606832060481608,0.13336270048825088,0.0,0.2393167939518393,-9578,9578,269,12482208,"{""initial_prob"": 0.2393167939518393, ""scale"": 1.0, ""smooth"": ""none"", ""threshold"": 1.0}"
sleep,gru,density_hard,2,objective_e20_bs32_eval5,experiments/sleep/gru/density_hard/seed_2_objective_e20_bs32_eval5,0.0,none,1.0,1.0,0.2393167939518393,1.0,0.3862076187779625,0.19310380938898125,0.2393167939518393,0.2393167939518393,0.1482784168416889,1.0,0.2393167939518393,-9578,9578,269,12482208,"{""initial_prob"": 1.0, ""scale"": 1.0, ""smooth"": ""none"", ""threshold"": 0.0}"
sleep,gru,density_hard,2,objective_e20_bs32_eval5,experiments/sleep/gru/density_hard/seed_2_objective_e20_bs32_eval5,0.16666666666666666,none,1.0,1.0,0.23948612460429713,0.9999993304771488,0.38642803476403464,0.19414332595623573,0.23948608620472916,0.2400242008465169,0.1482784168416889,0.999292272649198,0.2393167939518393,-9562,9562,269,12482208,"{""initial_prob"": 1.0, ""scale"": 1.0, ""smooth"": ""none"", ""threshold"": 0.16666666666666666}"
sleep,gru,density_hard,2,objective_e20_bs32_eval5,experiments/sleep/gru/density_hard/seed_2_objective_e20_bs32_eval5,0.3333333333333333,none,1.0,1.0,0.38608721382194117,0.9959045287195175,0.556451956824101,0.6120695960004332,0.3854751904203137,0.6200435051234525,0.1482784168416889,0.617313058715253,0.2393167939518393,-1967,1967,269,12482208,"{""initial_prob"": 1.0, ""scale"": 1.0, ""smooth"": ""none"", ""threshold"": 0.3333333333333333}"
sleep,gru,density_hard,2,objective_e20_bs32_eval5,experiments/sleep/gru/density_hard/seed_2_objective_e20_bs32_eval5,0.5,none,1.0,1.0,0.681693009779812,0.9744613856043214,0.8021999841539411,0.8605654118909875,0.6697278122736638,0.8849963884594777,0.1482784168416889,0.3420967668540694,0.2393167939518393,635,635,269,12482208,"{""initial_prob"": 1.0, ""scale"": 1.0, ""smooth"": ""none"", ""threshold"": 0.5}"
sleep,gru,density_hard,2,objective_e20_bs32_eval5,experiments/sleep/gru/density_hard/seed_2_objective_e20_bs32_eval5,0.6666666666666666,none,1.0,1.0,0.792995,0.7432995826864068,0.7673435280123279,0.8485668212339761,0.6225120667844936,0.8921320650961753,0.1482784168416889,0.22431928710048735,0.2393167939518393,-1647,1647,269,12482208,"{""initial_prob"": 1.0, ""scale"": 1.0, ""smooth"": ""none"", ""threshold"": 0.6666666666666666}"
sleep,gru,density_hard,2,objective_e20_bs32_eval5,experiments/sleep/gru/density_hard/seed_2_objective_e20_bs32_eval5,0.8333333333333333,none,1.0,1.0,0.4110333349650007,0.0505978504299341,0.0901039785103925,0.47442025020274653,0.04717742615125018,0.755441344992809,0.1482784168416889,0.02945969174684479,0.2393167939518393,-9047,9047,269,12482208,"{""initial_prob"": 1.0, ""scale"": 1.0, ""smooth"": ""none"", ""threshold"": 0.8333333333333333}"
sleep,gru,density_hard,2,objective_e20_bs32_eval5,experiments/sleep/gru/density_hard/seed_2_objective_e20_bs32_eval5,1.0,none,1.0,1.0,0.0,0.0,0.0,0.4320386560371119,0.0,0.7606832060481608,0.1482784168416889,0.0,0.2393167939518393,-9578,9578,269,12482208,"{""initial_prob"": 1.0, ""scale"": 1.0, ""smooth"": ""none"", ""threshold"": 1.0}"
sleep,gru,density_hard,2,objective_e20_bs32_eval5,experiments/sleep/gru/density_hard/seed_2_objective_e20_bs32_eval5,0.0,none,4.0,0.0,0.2393167939518393,1.0,0.3862076187779625,0.19310380938898125,0.2393167939518393,0.2393167939518393,0.0817949822304864,1.0,0.2393167939518393,-9578,9578,269,12482208,"{""initial_prob"": 0.0, ""scale"": 4.0, ""smooth"": ""none"", ""threshold"": 0.0}"
sleep,gru,density_hard,2,objective_e20_bs32_eval5,experiments/sleep/gru/density_hard/seed_2_objective_e20_bs32_eval5,0.16666666666666666,none,4.0,0.0,0.4495965413237058,0.9929295039304339,0.6189388014366667,0.6907358473937837,0.4481617484297769,0.7074038503444262,0.0817949822304864,0.5285287667053777,0.2393167939518393,863,863,269,12482208,"{""initial_prob"": 0.0, ""scale"": 4.0, ""smooth"": ""none"", ""threshold"": 0.16666666666666666}"
sleep,gru,density_hard,2,objective_e20_bs32_eval5,experiments/sleep/gru/density_hard/seed_2_objective_e20_bs32_eval5,0.3333333333333333,none,4.0,0.0,0.5639388209992662,0.9856106148830913,0.71740091054924,0.7894858093867168,0.5593337126540833,0.8141693360661831,0.0817949822304864,0.41826021485942233,0.2393167939518393,1568,1568,269,12482208,"{""initial_prob"": 0.0, ""scale"": 4.0, ""smooth"": ""none"", ""threshold"": 0.3333333333333333}"
sleep,gru,density_hard,2,objective_e20_bs32_eval5,experiments/sleep/gru/density_hard/seed_2_objective_e20_bs32_eval5,0.5,none,4.0,0.0,0.7069668937228315,0.9763414057703497,0.8201005734460739,0.8742120299374339,0.6950597271169977,0.8974896909264771,0.0817949822304864,0.33050330518446736,0.2393167939518393,1682,1682,269,12482208,"{""initial_prob"": 0.0, ""scale"": 4.0, ""smooth"": ""none"", ""threshold"": 0.5}"
sleep,gru,density_hard,2,objective_e20_bs32_eval5,experiments/sleep/gru/density_hard/seed_2_objective_e20_bs32_eval5,0.6666666666666666,none,4.0,0.0,0.8200269724303393,0.9615754140496692,0.8851781761524355,0.922420668874229,0.7940086543134184,0.9402991842468896,0.0817949822304864,0.2806263122678295,0.2393167939518393,1482,1482,269,12482208,"{""initial_prob"": 0.0, ""scale"": 4.0, ""smooth"": ""none"", ""threshold"": 0.6666666666666666}"
sleep,gru,density_hard,2,objective_e20_bs32_eval5,experiments/sleep/gru/density_hard/seed_2_objective_e20_bs32_eval5,0.8333333333333333,none,4.0,0.0,0.8695413456073015,0.9023447359770113,0.8856393919202195,0.9243815913986572,0.794751165375736,0.9442307002094501,0.0817949822304864,0.24834500434538503,0.2393167939518393,918,918,269,12482208,"{""initial_prob"": 0.0, ""scale"": 4.0, ""smooth"": ""none"", ""threshold"": 0.8333333333333333}"
sleep,gru,density_hard,2,objective_e20_bs32_eval5,experiments/sleep/gru/density_hard/seed_2_objective_e20_bs32_eval5,1.0,none,4.0,0.0,0.0,0.0,0.0,0.4320386560371119,0.0,0.7606832060481608,0.0817949822304864,0.0,0.2393167939518393,-9578,9578,269,12482208,"{""initial_prob"": 0.0, ""scale"": 4.0, ""smooth"": ""none"", ""threshold"": 1.0}"
sleep,gru,density_hard,2,objective_e20_bs32_eval5,experiments/sleep/gru/density_hard/seed_2_objective_e20_bs32_eval5,0.0,none,4.0,0.2393167939518393,0.2393167939518393,1.0,0.3862076187779625,0.19310380938898125,0.2393167939518393,0.2393167939518393,0.0825023048632805,1.0,0.2393167939518393,-9578,9578,269,12482208,"{""initial_prob"": 0.2393167939518393, ""scale"": 4.0, ""smooth"": ""none"", ""threshold"": 0.0}"
sleep,gru,density_hard,2,objective_e20_bs32_eval5,experiments/sleep/gru/density_hard/seed_2_objective_e20_bs32_eval5,0.16666666666666666,none,4.0,0.2393167939518393,0.44196125114091445,0.9931718712025501,0.6117111729368777,0.6824832383828905,0.44062241301108207,0.6982577922111216,0.0825023048632805,0.5377908299557258,0.2393167939518393,828,828,269,12482208,"{""initial_prob"": 0.2393167939518393, ""scale"": 4.0, ""smooth"": ""none"", ""threshold"": 0.16666666666666666}"
sleep,gru,density_hard,2,objective_e20_bs32_eval5,experiments/sleep/gru/density_hard/seed_2_objective_e20_bs32_eval5,0.3333333333333333,none,4.0,0.2393167939518393,0.5624952361558151,0.9857110433107638,0.716258257626389,0.7884587378655261,0.5579457565211229,0.8131012558034604,0.0825023048632805,0.4193763635408094,0.2393167939518393,1574,1574,269,12482208,"{""initial_prob"": 0.2393167939518393, ""scale"": 4.0, ""smooth"": ""none"", ""threshold"": 0.3333333333333333}"
sleep,gru,density_hard,2,objective_e20_bs32_eval5,experiments/sleep/gru/density_hard/seed_2_objective_e20_bs32_eval5,0.5,none,4.0,0.2393167939518393,0.7064029959456135,0.9766118930022141,0.8198163564960201,0.8739819805110443,0.694651515472605,0.8972636892447233,0.0825023048632805,0.3308587711404905,0.2393167939518393,1678,1678,269,12482208,"{""initial_prob"": 0.2393167939518393, ""scale"": 4.0, ""smooth"": ""none"", ""threshold"": 0.5}"
sleep,gru,density_hard,2,objective_e20_bs32_eval5,experiments/sleep/gru/density_hard/seed_2_objective_e20_bs32_eval5,0.6666666666666666,none,4.0,0.2393167939518393,0.819845189292364,0.9616520744161259,0.8851047296495783,0.922366607222556,0.7938904695248926,0.9402512760562874,0.0825023048632805,0.28071091268467885,0.2393167939518393,1490,1490,269,12482208,"{""initial_prob"": 0.2393167939518393, ""scale"": 4.0, ""smooth"": ""none"", ""threshold"": 0.6666666666666666}"
sleep,gru,density_hard,2,objective_e20_bs32_eval5,experiments/sleep/gru/density_hard/seed_2_objective_e20_bs32_eval5,0.8333333333333333,none,4.0,0.2393167939518393,0.8695581676322267,0.9030253059552049,0.8859757998112779,0.9245949342105163,0.7952931360568185,0.94437394409707,0.0825023048632805,0.2485275041082475,0.2393167939518393,912,912,269,12482208,"{""initial_prob"": 0.2393167939518393, ""scale"": 4.0, ""smooth"": ""none"", ""threshold"": 0.8333333333333333}"
sleep,gru,density_hard,2,objective_e20_bs32_eval5,experiments/sleep/gru/density_hard/seed_2_objective_e20_bs32_eval5,1.0,none,4.0,0.2393167939518393,0.0,0.0,0.0,0.4320386560371119,0.0,0.7606832060481608,0.0825023048632805,0.0,0.2393167939518393,-9578,9578,269,12482208,"{""initial_prob"": 0.2393167939518393, ""scale"": 4.0, ""smooth"": ""none"", ""threshold"": 1.0}"
sleep,gru,density_hard,2,objective_e20_bs32_eval5,experiments/sleep/gru/density_hard/seed_2_objective_e20_bs32_eval5,0.0,none,4.0,1.0,0.2393167939518393,1.0,0.3862076187779625,0.19310380938898125,0.2393167939518393,0.2393167939518393,0.09096789744881385,1.0,0.2393167939518393,-9578,9578,269,12482208,"{""initial_prob"": 1.0, ""scale"": 4.0, ""smooth"": ""none"", ""threshold"": 0.0}"
sleep,gru,density_hard,2,objective_e20_bs32_eval5,experiments/sleep/gru/density_hard/seed_2_objective_e20_bs32_eval5,0.16666666666666666,none,4.0,1.0,0.4391087999654275,0.9932304544520256,0.6089845427310113,0.6793291349627113,0.4377985446162073,0.6947604141831317,0.09096789744881385,0.5413162478946033,0.2393167939518393,660,660,269,12482208,"{""initial_prob"": 1.0, ""scale"": 4.0, ""smooth"": ""none"", ""threshold"": 0.16666666666666666}"
sleep,gru,density_hard,2,objective_e20_bs32_eval5,experiments/sleep/gru/density_hard/seed_2_objective_e20_bs32_eval5,0.3333333333333333,none,4.0,1.0,0.5477748254138708,0.9859755048369678,0.7042770252392947,0.7776387504157668,0.5435398144185571,0.8018423503277625,0.09096789744881385,0.4307618491856569,0.2393167939518393,1459,1459,269,12482208,"{""initial_prob"": 1.0, ""scale"": 4.0, ""smooth"": ""none"", ""threshold"": 0.3333333333333333}"
sleep,gru,density_hard,2,objective_e20_bs32_eval5,experiments/sleep/gru/density_hard/seed_2_objective_e20_bs32_eval5,0.5,none,4.0,1.0,0.6841440630486813,0.977000216255881,0.804757185605296,0.8624007910552443,0.6733001662200679,0.8865490784963685,0.09096789744881385,0.3417592464410143,0.2393167939518393,1619,1619,269,12482208,"{""initial_prob"": 1.0, ""scale"": 4.0, ""smooth"": ""none"", ""threshold"": 0.5}"
sleep,gru,density_hard,2,objective_e20_bs32_eval5,experiments/sleep/gru/density_hard/seed_2_objective_e20_bs32_eval5,0.6666666666666666,none,4.0,1.0,0.7910364806931901,0.9624313990148641,0.8683573341669631,0.9104175079870724,0.7673423425827962,0.9301653201100318,0.09096789744881385,0.2911698795597702,0.2393167939518393,1465,1465,269,12482208,"{""initial_prob"": 1.0, ""scale"": 4.0, ""smooth"": ""none"", ""threshold"": 0.6666666666666666}"
sleep,gru,density_hard,2,objective_e20_bs32_eval5,experiments/sleep/gru/density_hard/seed_2_objective_e20_bs32_eval5,0.8333333333333333,none,4.0,1.0,0.8417260788927111,0.9050355483157818,0.8722335222806341,0.9150130855487355,0.7734167839821899,0.9365468833719163,0.09096789744881385,0.25731673434700014,0.2393167939518393,935,935,269,12482208,"{""initial_prob"": 1.0, ""scale"": 4.0, ""smooth"": ""none"", ""threshold"": 0.8333333333333333}"
sleep,gru,density_hard,2,objective_e20_bs32_eval5,experiments/sleep/gru/density_hard/seed_2_objective_e20_bs32_eval5,1.0,none,4.0,1.0,0.0,0.0,0.0,0.4320386560371119,0.0,0.7606832060481608,0.09096789744881385,0.0,0.2393167939518393,-9578,9578,269,12482208,"{""initial_prob"": 1.0, ""scale"": 4.0, ""smooth"": ""none"", ""threshold"": 1.0}"
