dataset,model,objective,seed,sequence_length,downsample,agg_feats,folds,epochs,batch_size,normalize,use_cat,device,run_tag,tune_cutoff_steps,tune_smooth_values,tune_alternating,wandb_enabled,wandb_project,wandb_entity,wandb_group,wandb_name,wandb_mode,wandb_tags,wandb_log_artifacts,postprocess_objectives,prediction_dir,row_type,stage,postprocess_objective,optimized_metric,metric,tolerance,score,params,source_path,run_id,run_dir,density_prior,best_metric,lr,weight_decay,clip_grad_norm,score_after_train,eval_every,gaussian_sigma,tolerances,target_tolerances,runtime_sec
sleep,gru,custom,0,120960,10,stat,4,20,32,True,True,cuda,objective_e20_bs32_eval5,3,"['none', 10]",True,True,event-detection-pdf,,P2-gru-objective-sweep-score,,offline,"paper-density-likelihood-rewrite,sleep,P2,score",True,['custom'],experiments/sleep/gru/custom/seed_0_objective_e20_bs32_eval5/predictions,summary,default,custom,,mAP,,0.5417169307271179,{},experiments/sleep/gru/custom/seed_0_objective_e20_bs32_eval5/results/scores.csv,seed_0_objective_e20_bs32_eval5,experiments/sleep/gru/custom/seed_0_objective_e20_bs32_eval5,,,,,,,,,,,
sleep,gru,custom,0,120960,10,stat,4,20,32,True,True,cuda,objective_e20_bs32_eval5,3,"['none', 10]",True,True,event-detection-pdf,,P2-gru-objective-sweep-score,,offline,"paper-density-likelihood-rewrite,sleep,P2,score",True,['custom'],experiments/sleep/gru/custom/seed_0_objective_e20_bs32_eval5/predictions,summary,default,custom,,mf1,,0.6516258781823758,{},experiments/sleep/gru/custom/seed_0_objective_e20_bs32_eval5/results/scores.csv,seed_0_objective_e20_bs32_eval5,experiments/sleep/gru/custom/seed_0_objective_e20_bs32_eval5,,,,,,,,,,,
sleep,gru,custom,0,120960,10,stat,4,20,32,True,True,cuda,objective_e20_bs32_eval5,3,"['none', 10]",True,True,event-detection-pdf,,P2-gru-objective-sweep-score,,offline,"paper-density-likelihood-rewrite,sleep,P2,score",True,['custom'],experiments/sleep/gru/custom/seed_0_objective_e20_bs32_eval5/predictions,summary,tuned,custom,mAP,mAP,,0.545348128498409,"{""alternating"": 0, ""cutoff"": 0.0, ""smooth"": 10}",experiments/sleep/gru/custom/seed_0_objective_e20_bs32_eval5/results/scores.csv,seed_0_objective_e20_bs32_eval5,experiments/sleep/gru/custom/seed_0_objective_e20_bs32_eval5,,,,,,,,,,,
sleep,gru,custom,0,120960,10,stat,4,20,32,True,True,cuda,objective_e20_bs32_eval5,3,"['none', 10]",True,True,event-detection-pdf,,P2-gru-objective-sweep-score,,offline,"paper-density-likelihood-rewrite,sleep,P2,score",True,['custom'],experiments/sleep/gru/custom/seed_0_objective_e20_bs32_eval5/predictions,summary,tuned,custom,mAP,mf1,,0.6528981551983104,"{""alternating"": 0, ""cutoff"": 0.0, ""smooth"": 10}",experiments/sleep/gru/custom/seed_0_objective_e20_bs32_eval5/results/scores.csv,seed_0_objective_e20_bs32_eval5,experiments/sleep/gru/custom/seed_0_objective_e20_bs32_eval5,,,,,,,,,,,
sleep,gru,custom,0,120960,10,stat,4,20,32,True,True,cuda,objective_e20_bs32_eval5,3,"['none', 10]",True,True,event-detection-pdf,,P2-gru-objective-sweep-score,,offline,"paper-density-likelihood-rewrite,sleep,P2,score",True,['custom'],experiments/sleep/gru/custom/seed_0_objective_e20_bs32_eval5/predictions,tolerance,tuned,custom,mAP,mAP,12.0,0.0216744842697953,"{""alternating"": 0, ""cutoff"": 0.0, ""smooth"": 10}",experiments/sleep/gru/custom/seed_0_objective_e20_bs32_eval5/results/scores.csv,seed_0_objective_e20_bs32_eval5,experiments/sleep/gru/custom/seed_0_objective_e20_bs32_eval5,,,,,,,,,,,
sleep,gru,custom,0,120960,10,stat,4,20,32,True,True,cuda,objective_e20_bs32_eval5,3,"['none', 10]",True,True,event-detection-pdf,,P2-gru-objective-sweep-score,,offline,"paper-density-likelihood-rewrite,sleep,P2,score",True,['custom'],experiments/sleep/gru/custom/seed_0_objective_e20_bs32_eval5/predictions,tolerance,tuned,custom,mAP,mAP,36.0,0.2150702873727711,"{""alternating"": 0, ""cutoff"": 0.0, ""smooth"": 10}",experiments/sleep/gru/custom/seed_0_objective_e20_bs32_eval5/results/scores.csv,seed_0_objective_e20_bs32_eval5,experiments/sleep/gru/custom/seed_0_objective_e20_bs32_eval5,,,,,,,,,,,
sleep,gru,custom,0,120960,10,stat,4,20,32,True,True,cuda,objective_e20_bs32_eval5,3,"['none', 10]",True,True,event-detection-pdf,,P2-gru-objective-sweep-score,,offline,"paper-density-likelihood-rewrite,sleep,P2,score",True,['custom'],experiments/sleep/gru/custom/seed_0_objective_e20_bs32_eval5/predictions,tolerance,tuned,custom,mAP,mAP,60.0,0.4109543311177709,"{""alternating"": 0, ""cutoff"": 0.0, ""smooth"": 10}",experiments/sleep/gru/custom/seed_0_objective_e20_bs32_eval5/results/scores.csv,seed_0_objective_e20_bs32_eval5,experiments/sleep/gru/custom/seed_0_objective_e20_bs32_eval5,,,,,,,,,,,
sleep,gru,custom,0,120960,10,stat,4,20,32,True,True,cuda,objective_e20_bs32_eval5,3,"['none', 10]",True,True,event-detection-pdf,,P2-gru-objective-sweep-score,,offline,"paper-density-likelihood-rewrite,sleep,P2,score",True,['custom'],experiments/sleep/gru/custom/seed_0_objective_e20_bs32_eval5/predictions,tolerance,tuned,custom,mAP,mAP,90.0,0.5290562861077697,"{""alternating"": 0, ""cutoff"": 0.0, ""smooth"": 10}",experiments/sleep/gru/custom/seed_0_objective_e20_bs32_eval5/results/scores.csv,seed_0_objective_e20_bs32_eval5,experiments/sleep/gru/custom/seed_0_objective_e20_bs32_eval5,,,,,,,,,,,
sleep,gru,custom,0,120960,10,stat,4,20,32,True,True,cuda,objective_e20_bs32_eval5,3,"['none', 10]",True,True,event-detection-pdf,,P2-gru-objective-sweep-score,,offline,"paper-density-likelihood-rewrite,sleep,P2,score",True,['custom'],experiments/sleep/gru/custom/seed_0_objective_e20_bs32_eval5/predictions,tolerance,tuned,custom,mAP,mAP,120.0,0.6054375858545631,"{""alternating"": 0, ""cutoff"": 0.0, ""smooth"": 10}",experiments/sleep/gru/custom/seed_0_objective_e20_bs32_eval5/results/scores.csv,seed_0_objective_e20_bs32_eval5,experiments/sleep/gru/custom/seed_0_objective_e20_bs32_eval5,,,,,,,,,,,
sleep,gru,custom,0,120960,10,stat,4,20,32,True,True,cuda,objective_e20_bs32_eval5,3,"['none', 10]",True,True,event-detection-pdf,,P2-gru-objective-sweep-score,,offline,"paper-density-likelihood-rewrite,sleep,P2,score",True,['custom'],experiments/sleep/gru/custom/seed_0_objective_e20_bs32_eval5/predictions,tolerance,tuned,custom,mAP,mAP,150.0,0.6622535937770071,"{""alternating"": 0, ""cutoff"": 0.0, ""smooth"": 10}",experiments/sleep/gru/custom/seed_0_objective_e20_bs32_eval5/results/scores.csv,seed_0_objective_e20_bs32_eval5,experiments/sleep/gru/custom/seed_0_objective_e20_bs32_eval5,,,,,,,,,,,
sleep,gru,custom,0,120960,10,stat,4,20,32,True,True,cuda,objective_e20_bs32_eval5,3,"['none', 10]",True,True,event-detection-pdf,,P2-gru-objective-sweep-score,,offline,"paper-density-likelihood-rewrite,sleep,P2,score",True,['custom'],experiments/sleep/gru/custom/seed_0_objective_e20_bs32_eval5/predictions,tolerance,tuned,custom,mAP,mAP,180.0,0.6995876309850046,"{""alternating"": 0, ""cutoff"": 0.0, ""smooth"": 10}",experiments/sleep/gru/custom/seed_0_objective_e20_bs32_eval5/results/scores.csv,seed_0_objective_e20_bs32_eval5,experiments/sleep/gru/custom/seed_0_objective_e20_bs32_eval5,,,,,,,,,,,
sleep,gru,custom,0,120960,10,stat,4,20,32,True,True,cuda,objective_e20_bs32_eval5,3,"['none', 10]",True,True,event-detection-pdf,,P2-gru-objective-sweep-score,,offline,"paper-density-likelihood-rewrite,sleep,P2,score",True,['custom'],experiments/sleep/gru/custom/seed_0_objective_e20_bs32_eval5/predictions,tolerance,tuned,custom,mAP,mAP,240.0,0.745579631463926,"{""alternating"": 0, ""cutoff"": 0.0, ""smooth"": 10}",experiments/sleep/gru/custom/seed_0_objective_e20_bs32_eval5/results/scores.csv,seed_0_objective_e20_bs32_eval5,experiments/sleep/gru/custom/seed_0_objective_e20_bs32_eval5,,,,,,,,,,,
sleep,gru,custom,0,120960,10,stat,4,20,32,True,True,cuda,objective_e20_bs32_eval5,3,"['none', 10]",True,True,event-detection-pdf,,P2-gru-objective-sweep-score,,offline,"paper-density-likelihood-rewrite,sleep,P2,score",True,['custom'],experiments/sleep/gru/custom/seed_0_objective_e20_bs32_eval5/predictions,tolerance,tuned,custom,mAP,mAP,300.0,0.773688850544904,"{""alternating"": 0, ""cutoff"": 0.0, ""smooth"": 10}",experiments/sleep/gru/custom/seed_0_objective_e20_bs32_eval5/results/scores.csv,seed_0_objective_e20_bs32_eval5,experiments/sleep/gru/custom/seed_0_objective_e20_bs32_eval5,,,,,,,,,,,
sleep,gru,custom,0,120960,10,stat,4,20,32,True,True,cuda,objective_e20_bs32_eval5,3,"['none', 10]",True,True,event-detection-pdf,,P2-gru-objective-sweep-score,,offline,"paper-density-likelihood-rewrite,sleep,P2,score",True,['custom'],experiments/sleep/gru/custom/seed_0_objective_e20_bs32_eval5/predictions,tolerance,tuned,custom,mAP,mAP,360.0,0.7901786034905777,"{""alternating"": 0, ""cutoff"": 0.0, ""smooth"": 10}",experiments/sleep/gru/custom/seed_0_objective_e20_bs32_eval5/results/scores.csv,seed_0_objective_e20_bs32_eval5,experiments/sleep/gru/custom/seed_0_objective_e20_bs32_eval5,,,,,,,,,,,
sleep,gru,custom,0,120960,10,stat,4,20,32,True,True,cuda,objective_e20_bs32_eval5,3,"['none', 10]",True,True,event-detection-pdf,,P2-gru-objective-sweep-score,,offline,"paper-density-likelihood-rewrite,sleep,P2,score",True,['custom'],experiments/sleep/gru/custom/seed_0_objective_e20_bs32_eval5/predictions,summary,tuned,custom,mf1,mAP,,0.541192071276724,"{""alternating"": 1, ""cutoff"": 0.0, ""smooth"": 10}",experiments/sleep/gru/custom/seed_0_objective_e20_bs32_eval5/results/scores.csv,seed_0_objective_e20_bs32_eval5,experiments/sleep/gru/custom/seed_0_objective_e20_bs32_eval5,,,,,,,,,,,
sleep,gru,custom,0,120960,10,stat,4,20,32,True,True,cuda,objective_e20_bs32_eval5,3,"['none', 10]",True,True,event-detection-pdf,,P2-gru-objective-sweep-score,,offline,"paper-density-likelihood-rewrite,sleep,P2,score",True,['custom'],experiments/sleep/gru/custom/seed_0_objective_e20_bs32_eval5/predictions,summary,tuned,custom,mf1,mf1,,0.6534702333814045,"{""alternating"": 1, ""cutoff"": 0.0, ""smooth"": 10}",experiments/sleep/gru/custom/seed_0_objective_e20_bs32_eval5/results/scores.csv,seed_0_objective_e20_bs32_eval5,experiments/sleep/gru/custom/seed_0_objective_e20_bs32_eval5,,,,,,,,,,,
sleep,gru,custom,0,120960,10,stat,4,20,32,True,True,cuda,objective_e20_bs32_eval5,3,"['none', 10]",True,True,event-detection-pdf,,P2-gru-objective-sweep-score,,offline,"paper-density-likelihood-rewrite,sleep,P2,score",True,['custom'],experiments/sleep/gru/custom/seed_0_objective_e20_bs32_eval5/predictions,tolerance,tuned,custom,mf1,mf1,12.0,0.1375311044200363,"{""alternating"": 1, ""cutoff"": 0.0, ""smooth"": 10}",experiments/sleep/gru/custom/seed_0_objective_e20_bs32_eval5/results/scores.csv,seed_0_objective_e20_bs32_eval5,experiments/sleep/gru/custom/seed_0_objective_e20_bs32_eval5,,,,,,,,,,,
sleep,gru,custom,0,120960,10,stat,4,20,32,True,True,cuda,objective_e20_bs32_eval5,3,"['none', 10]",True,True,event-detection-pdf,,P2-gru-objective-sweep-score,,offline,"paper-density-likelihood-rewrite,sleep,P2,score",True,['custom'],experiments/sleep/gru/custom/seed_0_objective_e20_bs32_eval5/predictions,tolerance,tuned,custom,mf1,mf1,36.0,0.4359510120779941,"{""alternating"": 1, ""cutoff"": 0.0, ""smooth"": 10}",experiments/sleep/gru/custom/seed_0_objective_e20_bs32_eval5/results/scores.csv,seed_0_objective_e20_bs32_eval5,experiments/sleep/gru/custom/seed_0_objective_e20_bs32_eval5,,,,,,,,,,,
sleep,gru,custom,0,120960,10,stat,4,20,32,True,True,cuda,objective_e20_bs32_eval5,3,"['none', 10]",True,True,event-detection-pdf,,P2-gru-objective-sweep-score,,offline,"paper-density-likelihood-rewrite,sleep,P2,score",True,['custom'],experiments/sleep/gru/custom/seed_0_objective_e20_bs32_eval5/predictions,tolerance,tuned,custom,mf1,mf1,60.0,0.5864812256911021,"{""alternating"": 1, ""cutoff"": 0.0, ""smooth"": 10}",experiments/sleep/gru/custom/seed_0_objective_e20_bs32_eval5/results/scores.csv,seed_0_objective_e20_bs32_eval5,experiments/sleep/gru/custom/seed_0_objective_e20_bs32_eval5,,,,,,,,,,,
sleep,gru,custom,0,120960,10,stat,4,20,32,True,True,cuda,objective_e20_bs32_eval5,3,"['none', 10]",True,True,event-detection-pdf,,P2-gru-objective-sweep-score,,offline,"paper-density-likelihood-rewrite,sleep,P2,score",True,['custom'],experiments/sleep/gru/custom/seed_0_objective_e20_bs32_eval5/predictions,tolerance,tuned,custom,mf1,mf1,90.0,0.6685370255857166,"{""alternating"": 1, ""cutoff"": 0.0, ""smooth"": 10}",experiments/sleep/gru/custom/seed_0_objective_e20_bs32_eval5/results/scores.csv,seed_0_objective_e20_bs32_eval5,experiments/sleep/gru/custom/seed_0_objective_e20_bs32_eval5,,,,,,,,,,,
sleep,gru,custom,0,120960,10,stat,4,20,32,True,True,cuda,objective_e20_bs32_eval5,3,"['none', 10]",True,True,event-detection-pdf,,P2-gru-objective-sweep-score,,offline,"paper-density-likelihood-rewrite,sleep,P2,score",True,['custom'],experiments/sleep/gru/custom/seed_0_objective_e20_bs32_eval5/predictions,tolerance,tuned,custom,mf1,mf1,120.0,0.7199548214944516,"{""alternating"": 1, ""cutoff"": 0.0, ""smooth"": 10}",experiments/sleep/gru/custom/seed_0_objective_e20_bs32_eval5/results/scores.csv,seed_0_objective_e20_bs32_eval5,experiments/sleep/gru/custom/seed_0_objective_e20_bs32_eval5,,,,,,,,,,,
sleep,gru,custom,0,120960,10,stat,4,20,32,True,True,cuda,objective_e20_bs32_eval5,3,"['none', 10]",True,True,event-detection-pdf,,P2-gru-objective-sweep-score,,offline,"paper-density-likelihood-rewrite,sleep,P2,score",True,['custom'],experiments/sleep/gru/custom/seed_0_objective_e20_bs32_eval5/predictions,tolerance,tuned,custom,mf1,mf1,150.0,0.7547800393791574,"{""alternating"": 1, ""cutoff"": 0.0, ""smooth"": 10}",experiments/sleep/gru/custom/seed_0_objective_e20_bs32_eval5/results/scores.csv,seed_0_objective_e20_bs32_eval5,experiments/sleep/gru/custom/seed_0_objective_e20_bs32_eval5,,,,,,,,,,,
sleep,gru,custom,0,120960,10,stat,4,20,32,True,True,cuda,objective_e20_bs32_eval5,3,"['none', 10]",True,True,event-detection-pdf,,P2-gru-objective-sweep-score,,offline,"paper-density-likelihood-rewrite,sleep,P2,score",True,['custom'],experiments/sleep/gru/custom/seed_0_objective_e20_bs32_eval5/predictions,tolerance,tuned,custom,mf1,mf1,180.0,0.7773464425635084,"{""alternating"": 1, ""cutoff"": 0.0, ""smooth"": 10}",experiments/sleep/gru/custom/seed_0_objective_e20_bs32_eval5/results/scores.csv,seed_0_objective_e20_bs32_eval5,experiments/sleep/gru/custom/seed_0_objective_e20_bs32_eval5,,,,,,,,,,,
sleep,gru,custom,0,120960,10,stat,4,20,32,True,True,cuda,objective_e20_bs32_eval5,3,"['none', 10]",True,True,event-detection-pdf,,P2-gru-objective-sweep-score,,offline,"paper-density-likelihood-rewrite,sleep,P2,score",True,['custom'],experiments/sleep/gru/custom/seed_0_objective_e20_bs32_eval5/predictions,tolerance,tuned,custom,mf1,mf1,240.0,0.8040652344311183,"{""alternating"": 1, ""cutoff"": 0.0, ""smooth"": 10}",experiments/sleep/gru/custom/seed_0_objective_e20_bs32_eval5/results/scores.csv,seed_0_objective_e20_bs32_eval5,experiments/sleep/gru/custom/seed_0_objective_e20_bs32_eval5,,,,,,,,,,,
sleep,gru,custom,0,120960,10,stat,4,20,32,True,True,cuda,objective_e20_bs32_eval5,3,"['none', 10]",True,True,event-detection-pdf,,P2-gru-objective-sweep-score,,offline,"paper-density-likelihood-rewrite,sleep,P2,score",True,['custom'],experiments/sleep/gru/custom/seed_0_objective_e20_bs32_eval5/predictions,tolerance,tuned,custom,mf1,mf1,300.0,0.8202543844716658,"{""alternating"": 1, ""cutoff"": 0.0, ""smooth"": 10}",experiments/sleep/gru/custom/seed_0_objective_e20_bs32_eval5/results/scores.csv,seed_0_objective_e20_bs32_eval5,experiments/sleep/gru/custom/seed_0_objective_e20_bs32_eval5,,,,,,,,,,,
sleep,gru,custom,0,120960,10,stat,4,20,32,True,True,cuda,objective_e20_bs32_eval5,3,"['none', 10]",True,True,event-detection-pdf,,P2-gru-objective-sweep-score,,offline,"paper-density-likelihood-rewrite,sleep,P2,score",True,['custom'],experiments/sleep/gru/custom/seed_0_objective_e20_bs32_eval5/predictions,tolerance,tuned,custom,mf1,mf1,360.0,0.8298010436992951,"{""alternating"": 1, ""cutoff"": 0.0, ""smooth"": 10}",experiments/sleep/gru/custom/seed_0_objective_e20_bs32_eval5/results/scores.csv,seed_0_objective_e20_bs32_eval5,experiments/sleep/gru/custom/seed_0_objective_e20_bs32_eval5,,,,,,,,,,,
sleep,gru,density_custom,0,120960,10,stat,2,2,10,True,True,cuda,lr3e3_e2,3,"['none', 10]",True,,,,,,,,,['density_custom'],experiments/sleep/gru/density_custom/seed_0_lr3e3_e2/predictions,summary,default,density_custom,,mAP,,0.0332659705324627,{},experiments/sleep/gru/density_custom/seed_0_lr3e3_e2/results/scores.csv,seed_0_lr3e3_e2,experiments/sleep/gru/density_custom/seed_0_lr3e3_e2,,,,,,,,,,,
sleep,gru,density_custom,0,120960,10,stat,2,2,10,True,True,cuda,lr3e3_e2,3,"['none', 10]",True,,,,,,,,,['density_custom'],experiments/sleep/gru/density_custom/seed_0_lr3e3_e2/predictions,summary,default,density_custom,,mf1,,0.0791698903784621,{},experiments/sleep/gru/density_custom/seed_0_lr3e3_e2/results/scores.csv,seed_0_lr3e3_e2,experiments/sleep/gru/density_custom/seed_0_lr3e3_e2,,,,,,,,,,,
sleep,gru,density_custom,0,120960,10,stat,2,2,10,True,True,cuda,lr3e3_e2,3,"['none', 10]",True,,,,,,,,,['density_custom'],experiments/sleep/gru/density_custom/seed_0_lr3e3_e2/predictions,summary,tuned,density_custom,mAP,mAP,,0.0332659705324627,"{""alternating"": 0, ""cutoff"": 0.0, ""smooth"": null}",experiments/sleep/gru/density_custom/seed_0_lr3e3_e2/results/scores.csv,seed_0_lr3e3_e2,experiments/sleep/gru/density_custom/seed_0_lr3e3_e2,,,,,,,,,,,
sleep,gru,density_custom,0,120960,10,stat,2,2,10,True,True,cuda,lr3e3_e2,3,"['none', 10]",True,,,,,,,,,['density_custom'],experiments/sleep/gru/density_custom/seed_0_lr3e3_e2/predictions,summary,tuned,density_custom,mAP,mf1,,0.0791698903784621,"{""alternating"": 0, ""cutoff"": 0.0, ""smooth"": null}",experiments/sleep/gru/density_custom/seed_0_lr3e3_e2/results/scores.csv,seed_0_lr3e3_e2,experiments/sleep/gru/density_custom/seed_0_lr3e3_e2,,,,,,,,,,,
sleep,gru,density_custom,0,120960,10,stat,2,2,10,True,True,cuda,lr3e3_e2,3,"['none', 10]",True,,,,,,,,,['density_custom'],experiments/sleep/gru/density_custom/seed_0_lr3e3_e2/predictions,tolerance,tuned,density_custom,mAP,mAP,12.0,0.0013620277713384,"{""alternating"": 0, ""cutoff"": 0.0, ""smooth"": null}",experiments/sleep/gru/density_custom/seed_0_lr3e3_e2/results/scores.csv,seed_0_lr3e3_e2,experiments/sleep/gru/density_custom/seed_0_lr3e3_e2,,,,,,,,,,,
sleep,gru,density_custom,0,120960,10,stat,2,2,10,True,True,cuda,lr3e3_e2,3,"['none', 10]",True,,,,,,,,,['density_custom'],experiments/sleep/gru/density_custom/seed_0_lr3e3_e2/predictions,tolerance,tuned,density_custom,mAP,mAP,36.0,0.0065435780329964,"{""alternating"": 0, ""cutoff"": 0.0, ""smooth"": null}",experiments/sleep/gru/density_custom/seed_0_lr3e3_e2/results/scores.csv,seed_0_lr3e3_e2,experiments/sleep/gru/density_custom/seed_0_lr3e3_e2,,,,,,,,,,,
sleep,gru,density_custom,0,120960,10,stat,2,2,10,True,True,cuda,lr3e3_e2,3,"['none', 10]",True,,,,,,,,,['density_custom'],experiments/sleep/gru/density_custom/seed_0_lr3e3_e2/predictions,tolerance,tuned,density_custom,mAP,mAP,60.0,0.0138051260419705,"{""alternating"": 0, ""cutoff"": 0.0, ""smooth"": null}",experiments/sleep/gru/density_custom/seed_0_lr3e3_e2/results/scores.csv,seed_0_lr3e3_e2,experiments/sleep/gru/density_custom/seed_0_lr3e3_e2,,,,,,,,,,,
sleep,gru,density_custom,0,120960,10,stat,2,2,10,True,True,cuda,lr3e3_e2,3,"['none', 10]",True,,,,,,,,,['density_custom'],experiments/sleep/gru/density_custom/seed_0_lr3e3_e2/predictions,tolerance,tuned,density_custom,mAP,mAP,90.0,0.0208994010987241,"{""alternating"": 0, ""cutoff"": 0.0, ""smooth"": null}",experiments/sleep/gru/density_custom/seed_0_lr3e3_e2/results/scores.csv,seed_0_lr3e3_e2,experiments/sleep/gru/density_custom/seed_0_lr3e3_e2,,,,,,,,,,,
sleep,gru,density_custom,0,120960,10,stat,2,2,10,True,True,cuda,lr3e3_e2,3,"['none', 10]",True,,,,,,,,,['density_custom'],experiments/sleep/gru/density_custom/seed_0_lr3e3_e2/predictions,tolerance,tuned,density_custom,mAP,mAP,120.0,0.027349180605287,"{""alternating"": 0, ""cutoff"": 0.0, ""smooth"": null}",experiments/sleep/gru/density_custom/seed_0_lr3e3_e2/results/scores.csv,seed_0_lr3e3_e2,experiments/sleep/gru/density_custom/seed_0_lr3e3_e2,,,,,,,,,,,
sleep,gru,density_custom,0,120960,10,stat,2,2,10,True,True,cuda,lr3e3_e2,3,"['none', 10]",True,,,,,,,,,['density_custom'],experiments/sleep/gru/density_custom/seed_0_lr3e3_e2/predictions,tolerance,tuned,density_custom,mAP,mAP,150.0,0.0345111353333763,"{""alternating"": 0, ""cutoff"": 0.0, ""smooth"": null}",experiments/sleep/gru/density_custom/seed_0_lr3e3_e2/results/scores.csv,seed_0_lr3e3_e2,experiments/sleep/gru/density_custom/seed_0_lr3e3_e2,,,,,,,,,,,
sleep,gru,density_custom,0,120960,10,stat,2,2,10,True,True,cuda,lr3e3_e2,3,"['none', 10]",True,,,,,,,,,['density_custom'],experiments/sleep/gru/density_custom/seed_0_lr3e3_e2/predictions,tolerance,tuned,density_custom,mAP,mAP,180.0,0.0415428173003003,"{""alternating"": 0, ""cutoff"": 0.0, ""smooth"": null}",experiments/sleep/gru/density_custom/seed_0_lr3e3_e2/results/scores.csv,seed_0_lr3e3_e2,experiments/sleep/gru/density_custom/seed_0_lr3e3_e2,,,,,,,,,,,
sleep,gru,density_custom,0,120960,10,stat,2,2,10,True,True,cuda,lr3e3_e2,3,"['none', 10]",True,,,,,,,,,['density_custom'],experiments/sleep/gru/density_custom/seed_0_lr3e3_e2/predictions,tolerance,tuned,density_custom,mAP,mAP,240.0,0.0532173655235408,"{""alternating"": 0, ""cutoff"": 0.0, ""smooth"": null}",experiments/sleep/gru/density_custom/seed_0_lr3e3_e2/results/scores.csv,seed_0_lr3e3_e2,experiments/sleep/gru/density_custom/seed_0_lr3e3_e2,,,,,,,,,,,
sleep,gru,density_custom,0,120960,10,stat,2,2,10,True,True,cuda,lr3e3_e2,3,"['none', 10]",True,,,,,,,,,['density_custom'],experiments/sleep/gru/density_custom/seed_0_lr3e3_e2/predictions,tolerance,tuned,density_custom,mAP,mAP,300.0,0.0625062697760747,"{""alternating"": 0, ""cutoff"": 0.0, ""smooth"": null}",experiments/sleep/gru/density_custom/seed_0_lr3e3_e2/results/scores.csv,seed_0_lr3e3_e2,experiments/sleep/gru/density_custom/seed_0_lr3e3_e2,,,,,,,,,,,
sleep,gru,density_custom,0,120960,10,stat,2,2,10,True,True,cuda,lr3e3_e2,3,"['none', 10]",True,,,,,,,,,['density_custom'],experiments/sleep/gru/density_custom/seed_0_lr3e3_e2/predictions,tolerance,tuned,density_custom,mAP,mAP,360.0,0.0709228038410183,"{""alternating"": 0, ""cutoff"": 0.0, ""smooth"": null}",experiments/sleep/gru/density_custom/seed_0_lr3e3_e2/results/scores.csv,seed_0_lr3e3_e2,experiments/sleep/gru/density_custom/seed_0_lr3e3_e2,,,,,,,,,,,
sleep,gru,density_custom,0,120960,10,stat,2,2,10,True,True,cuda,lr3e3_e2,3,"['none', 10]",True,,,,,,,,,['density_custom'],experiments/sleep/gru/density_custom/seed_0_lr3e3_e2/predictions,summary,tuned,density_custom,mf1,mAP,,0.0315607820241536,"{""alternating"": 1, ""cutoff"": 0.0, ""smooth"": 10}",experiments/sleep/gru/density_custom/seed_0_lr3e3_e2/results/scores.csv,seed_0_lr3e3_e2,experiments/sleep/gru/density_custom/seed_0_lr3e3_e2,,,,,,,,,,,
sleep,gru,density_custom,0,120960,10,stat,2,2,10,True,True,cuda,lr3e3_e2,3,"['none', 10]",True,,,,,,,,,['density_custom'],experiments/sleep/gru/density_custom/seed_0_lr3e3_e2/predictions,summary,tuned,density_custom,mf1,mf1,,0.0840699075282284,"{""alternating"": 1, ""cutoff"": 0.0, ""smooth"": 10}",experiments/sleep/gru/density_custom/seed_0_lr3e3_e2/results/scores.csv,seed_0_lr3e3_e2,experiments/sleep/gru/density_custom/seed_0_lr3e3_e2,,,,,,,,,,,
sleep,gru,density_custom,0,120960,10,stat,2,2,10,True,True,cuda,lr3e3_e2,3,"['none', 10]",True,,,,,,,,,['density_custom'],experiments/sleep/gru/density_custom/seed_0_lr3e3_e2/predictions,tolerance,tuned,density_custom,mf1,mf1,12.0,0.0148949650058095,"{""alternating"": 1, ""cutoff"": 0.0, ""smooth"": 10}",experiments/sleep/gru/density_custom/seed_0_lr3e3_e2/results/scores.csv,seed_0_lr3e3_e2,experiments/sleep/gru/density_custom/seed_0_lr3e3_e2,,,,,,,,,,,
sleep,gru,density_custom,0,120960,10,stat,2,2,10,True,True,cuda,lr3e3_e2,3,"['none', 10]",True,,,,,,,,,['density_custom'],experiments/sleep/gru/density_custom/seed_0_lr3e3_e2/predictions,tolerance,tuned,density_custom,mf1,mf1,36.0,0.0389713081585116,"{""alternating"": 1, ""cutoff"": 0.0, ""smooth"": 10}",experiments/sleep/gru/density_custom/seed_0_lr3e3_e2/results/scores.csv,seed_0_lr3e3_e2,experiments/sleep/gru/density_custom/seed_0_lr3e3_e2,,,,,,,,,,,
sleep,gru,density_custom,0,120960,10,stat,2,2,10,True,True,cuda,lr3e3_e2,3,"['none', 10]",True,,,,,,,,,['density_custom'],experiments/sleep/gru/density_custom/seed_0_lr3e3_e2/predictions,tolerance,tuned,density_custom,mf1,mf1,60.0,0.0602718055300384,"{""alternating"": 1, ""cutoff"": 0.0, ""smooth"": 10}",experiments/sleep/gru/density_custom/seed_0_lr3e3_e2/results/scores.csv,seed_0_lr3e3_e2,experiments/sleep/gru/density_custom/seed_0_lr3e3_e2,,,,,,,,,,,
sleep,gru,density_custom,0,120960,10,stat,2,2,10,True,True,cuda,lr3e3_e2,3,"['none', 10]",True,,,,,,,,,['density_custom'],experiments/sleep/gru/density_custom/seed_0_lr3e3_e2/predictions,tolerance,tuned,density_custom,mf1,mf1,90.0,0.0753730670174998,"{""alternating"": 1, ""cutoff"": 0.0, ""smooth"": 10}",experiments/sleep/gru/density_custom/seed_0_lr3e3_e2/results/scores.csv,seed_0_lr3e3_e2,experiments/sleep/gru/density_custom/seed_0_lr3e3_e2,,,,,,,,,,,
sleep,gru,density_custom,0,120960,10,stat,2,2,10,True,True,cuda,lr3e3_e2,3,"['none', 10]",True,,,,,,,,,['density_custom'],experiments/sleep/gru/density_custom/seed_0_lr3e3_e2/predictions,tolerance,tuned,density_custom,mf1,mf1,120.0,0.0844311201531421,"{""alternating"": 1, ""cutoff"": 0.0, ""smooth"": 10}",experiments/sleep/gru/density_custom/seed_0_lr3e3_e2/results/scores.csv,seed_0_lr3e3_e2,experiments/sleep/gru/density_custom/seed_0_lr3e3_e2,,,,,,,,,,,
sleep,gru,density_custom,0,120960,10,stat,2,2,10,True,True,cuda,lr3e3_e2,3,"['none', 10]",True,,,,,,,,,['density_custom'],experiments/sleep/gru/density_custom/seed_0_lr3e3_e2/predictions,tolerance,tuned,density_custom,mf1,mf1,150.0,0.0930717604174661,"{""alternating"": 1, ""cutoff"": 0.0, ""smooth"": 10}",experiments/sleep/gru/density_custom/seed_0_lr3e3_e2/results/scores.csv,seed_0_lr3e3_e2,experiments/sleep/gru/density_custom/seed_0_lr3e3_e2,,,,,,,,,,,
sleep,gru,density_custom,0,120960,10,stat,2,2,10,True,True,cuda,lr3e3_e2,3,"['none', 10]",True,,,,,,,,,['density_custom'],experiments/sleep/gru/density_custom/seed_0_lr3e3_e2/predictions,tolerance,tuned,density_custom,mf1,mf1,180.0,0.1009985057669647,"{""alternating"": 1, ""cutoff"": 0.0, ""smooth"": 10}",experiments/sleep/gru/density_custom/seed_0_lr3e3_e2/results/scores.csv,seed_0_lr3e3_e2,experiments/sleep/gru/density_custom/seed_0_lr3e3_e2,,,,,,,,,,,
sleep,gru,density_custom,0,120960,10,stat,2,2,10,True,True,cuda,lr3e3_e2,3,"['none', 10]",True,,,,,,,,,['density_custom'],experiments/sleep/gru/density_custom/seed_0_lr3e3_e2/predictions,tolerance,tuned,density_custom,mf1,mf1,240.0,0.1138845668280448,"{""alternating"": 1, ""cutoff"": 0.0, ""smooth"": 10}",experiments/sleep/gru/density_custom/seed_0_lr3e3_e2/results/scores.csv,seed_0_lr3e3_e2,experiments/sleep/gru/density_custom/seed_0_lr3e3_e2,,,,,,,,,,,
sleep,gru,density_custom,0,120960,10,stat,2,2,10,True,True,cuda,lr3e3_e2,3,"['none', 10]",True,,,,,,,,,['density_custom'],experiments/sleep/gru/density_custom/seed_0_lr3e3_e2/predictions,tolerance,tuned,density_custom,mf1,mf1,300.0,0.1247115508486825,"{""alternating"": 1, ""cutoff"": 0.0, ""smooth"": 10}",experiments/sleep/gru/density_custom/seed_0_lr3e3_e2/results/scores.csv,seed_0_lr3e3_e2,experiments/sleep/gru/density_custom/seed_0_lr3e3_e2,,,,,,,,,,,
sleep,gru,density_custom,0,120960,10,stat,2,2,10,True,True,cuda,lr3e3_e2,3,"['none', 10]",True,,,,,,,,,['density_custom'],experiments/sleep/gru/density_custom/seed_0_lr3e3_e2/predictions,tolerance,tuned,density_custom,mf1,mf1,360.0,0.1340904255561244,"{""alternating"": 1, ""cutoff"": 0.0, ""smooth"": 10}",experiments/sleep/gru/density_custom/seed_0_lr3e3_e2/results/scores.csv,seed_0_lr3e3_e2,experiments/sleep/gru/density_custom/seed_0_lr3e3_e2,,,,,,,,,,,
sleep,gru,density_custom,0,120960,10,stat,4,20,32,True,True,cuda,lr3e3_e20_gpu_bs32_eval5,3,"['none', 10]",True,True,event-detection-pdf,,P1-density-candidate-score,,offline,"paper-density-likelihood-rewrite,sleep,P1,score",True,['density_custom'],experiments/sleep/gru/density_custom/seed_0_lr3e3_e20_gpu_bs32_eval5/predictions,summary,default,density_custom,,mAP,,0.5787665967956307,{},experiments/sleep/gru/density_custom/seed_0_lr3e3_e20_gpu_bs32_eval5/results/scores.csv,seed_0_lr3e3_e20_gpu_bs32_eval5,experiments/sleep/gru/density_custom/seed_0_lr3e3_e20_gpu_bs32_eval5,,,,,,,,,,,
sleep,gru,density_custom,0,120960,10,stat,4,20,32,True,True,cuda,lr3e3_e20_gpu_bs32_eval5,3,"['none', 10]",True,True,event-detection-pdf,,P1-density-candidate-score,,offline,"paper-density-likelihood-rewrite,sleep,P1,score",True,['density_custom'],experiments/sleep/gru/density_custom/seed_0_lr3e3_e20_gpu_bs32_eval5/predictions,summary,default,density_custom,,mf1,,0.6654635470385091,{},experiments/sleep/gru/density_custom/seed_0_lr3e3_e20_gpu_bs32_eval5/results/scores.csv,seed_0_lr3e3_e20_gpu_bs32_eval5,experiments/sleep/gru/density_custom/seed_0_lr3e3_e20_gpu_bs32_eval5,,,,,,,,,,,
sleep,gru,density_custom,0,120960,10,stat,4,20,32,True,True,cuda,lr3e3_e20_gpu_bs32_eval5,3,"['none', 10]",True,True,event-detection-pdf,,P1-density-candidate-score,,offline,"paper-density-likelihood-rewrite,sleep,P1,score",True,['density_custom'],experiments/sleep/gru/density_custom/seed_0_lr3e3_e20_gpu_bs32_eval5/predictions,summary,tuned,density_custom,mAP,mAP,,0.5952504561796061,"{""alternating"": 0, ""cutoff"": 0.0, ""smooth"": 10}",experiments/sleep/gru/density_custom/seed_0_lr3e3_e20_gpu_bs32_eval5/results/scores.csv,seed_0_lr3e3_e20_gpu_bs32_eval5,experiments/sleep/gru/density_custom/seed_0_lr3e3_e20_gpu_bs32_eval5,,,,,,,,,,,
sleep,gru,density_custom,0,120960,10,stat,4,20,32,True,True,cuda,lr3e3_e20_gpu_bs32_eval5,3,"['none', 10]",True,True,event-detection-pdf,,P1-density-candidate-score,,offline,"paper-density-likelihood-rewrite,sleep,P1,score",True,['density_custom'],experiments/sleep/gru/density_custom/seed_0_lr3e3_e20_gpu_bs32_eval5/predictions,summary,tuned,density_custom,mAP,mf1,,0.6745204800033334,"{""alternating"": 0, ""cutoff"": 0.0, ""smooth"": 10}",experiments/sleep/gru/density_custom/seed_0_lr3e3_e20_gpu_bs32_eval5/results/scores.csv,seed_0_lr3e3_e20_gpu_bs32_eval5,experiments/sleep/gru/density_custom/seed_0_lr3e3_e20_gpu_bs32_eval5,,,,,,,,,,,
sleep,gru,density_custom,0,120960,10,stat,4,20,32,True,True,cuda,lr3e3_e20_gpu_bs32_eval5,3,"['none', 10]",True,True,event-detection-pdf,,P1-density-candidate-score,,offline,"paper-density-likelihood-rewrite,sleep,P1,score",True,['density_custom'],experiments/sleep/gru/density_custom/seed_0_lr3e3_e20_gpu_bs32_eval5/predictions,tolerance,tuned,density_custom,mAP,mAP,12.0,0.0338463201817284,"{""alternating"": 0, ""cutoff"": 0.0, ""smooth"": 10}",experiments/sleep/gru/density_custom/seed_0_lr3e3_e20_gpu_bs32_eval5/results/scores.csv,seed_0_lr3e3_e20_gpu_bs32_eval5,experiments/sleep/gru/density_custom/seed_0_lr3e3_e20_gpu_bs32_eval5,,,,,,,,,,,
sleep,gru,density_custom,0,120960,10,stat,4,20,32,True,True,cuda,lr3e3_e20_gpu_bs32_eval5,3,"['none', 10]",True,True,event-detection-pdf,,P1-density-candidate-score,,offline,"paper-density-likelihood-rewrite,sleep,P1,score",True,['density_custom'],experiments/sleep/gru/density_custom/seed_0_lr3e3_e20_gpu_bs32_eval5/predictions,tolerance,tuned,density_custom,mAP,mAP,36.0,0.2685350661121803,"{""alternating"": 0, ""cutoff"": 0.0, ""smooth"": 10}",experiments/sleep/gru/density_custom/seed_0_lr3e3_e20_gpu_bs32_eval5/results/scores.csv,seed_0_lr3e3_e20_gpu_bs32_eval5,experiments/sleep/gru/density_custom/seed_0_lr3e3_e20_gpu_bs32_eval5,,,,,,,,,,,
sleep,gru,density_custom,0,120960,10,stat,4,20,32,True,True,cuda,lr3e3_e20_gpu_bs32_eval5,3,"['none', 10]",True,True,event-detection-pdf,,P1-density-candidate-score,,offline,"paper-density-likelihood-rewrite,sleep,P1,score",True,['density_custom'],experiments/sleep/gru/density_custom/seed_0_lr3e3_e20_gpu_bs32_eval5/predictions,tolerance,tuned,density_custom,mAP,mAP,60.0,0.4497948490147597,"{""alternating"": 0, ""cutoff"": 0.0, ""smooth"": 10}",experiments/sleep/gru/density_custom/seed_0_lr3e3_e20_gpu_bs32_eval5/results/scores.csv,seed_0_lr3e3_e20_gpu_bs32_eval5,experiments/sleep/gru/density_custom/seed_0_lr3e3_e20_gpu_bs32_eval5,,,,,,,,,,,
sleep,gru,density_custom,0,120960,10,stat,4,20,32,True,True,cuda,lr3e3_e20_gpu_bs32_eval5,3,"['none', 10]",True,True,event-detection-pdf,,P1-density-candidate-score,,offline,"paper-density-likelihood-rewrite,sleep,P1,score",True,['density_custom'],experiments/sleep/gru/density_custom/seed_0_lr3e3_e20_gpu_bs32_eval5/predictions,tolerance,tuned,density_custom,mAP,mAP,90.0,0.5767407516969832,"{""alternating"": 0, ""cutoff"": 0.0, ""smooth"": 10}",experiments/sleep/gru/density_custom/seed_0_lr3e3_e20_gpu_bs32_eval5/results/scores.csv,seed_0_lr3e3_e20_gpu_bs32_eval5,experiments/sleep/gru/density_custom/seed_0_lr3e3_e20_gpu_bs32_eval5,,,,,,,,,,,
sleep,gru,density_custom,0,120960,10,stat,4,20,32,True,True,cuda,lr3e3_e20_gpu_bs32_eval5,3,"['none', 10]",True,True,event-detection-pdf,,P1-density-candidate-score,,offline,"paper-density-likelihood-rewrite,sleep,P1,score",True,['density_custom'],experiments/sleep/gru/density_custom/seed_0_lr3e3_e20_gpu_bs32_eval5/predictions,tolerance,tuned,density_custom,mAP,mAP,120.0,0.66286514324878,"{""alternating"": 0, ""cutoff"": 0.0, ""smooth"": 10}",experiments/sleep/gru/density_custom/seed_0_lr3e3_e20_gpu_bs32_eval5/results/scores.csv,seed_0_lr3e3_e20_gpu_bs32_eval5,experiments/sleep/gru/density_custom/seed_0_lr3e3_e20_gpu_bs32_eval5,,,,,,,,,,,
sleep,gru,density_custom,0,120960,10,stat,4,20,32,True,True,cuda,lr3e3_e20_gpu_bs32_eval5,3,"['none', 10]",True,True,event-detection-pdf,,P1-density-candidate-score,,offline,"paper-density-likelihood-rewrite,sleep,P1,score",True,['density_custom'],experiments/sleep/gru/density_custom/seed_0_lr3e3_e20_gpu_bs32_eval5/predictions,tolerance,tuned,density_custom,mAP,mAP,150.0,0.724534446959042,"{""alternating"": 0, ""cutoff"": 0.0, ""smooth"": 10}",experiments/sleep/gru/density_custom/seed_0_lr3e3_e20_gpu_bs32_eval5/results/scores.csv,seed_0_lr3e3_e20_gpu_bs32_eval5,experiments/sleep/gru/density_custom/seed_0_lr3e3_e20_gpu_bs32_eval5,,,,,,,,,,,
sleep,gru,density_custom,0,120960,10,stat,4,20,32,True,True,cuda,lr3e3_e20_gpu_bs32_eval5,3,"['none', 10]",True,True,event-detection-pdf,,P1-density-candidate-score,,offline,"paper-density-likelihood-rewrite,sleep,P1,score",True,['density_custom'],experiments/sleep/gru/density_custom/seed_0_lr3e3_e20_gpu_bs32_eval5/predictions,tolerance,tuned,density_custom,mAP,mAP,180.0,0.7591072482207741,"{""alternating"": 0, ""cutoff"": 0.0, ""smooth"": 10}",experiments/sleep/gru/density_custom/seed_0_lr3e3_e20_gpu_bs32_eval5/results/scores.csv,seed_0_lr3e3_e20_gpu_bs32_eval5,experiments/sleep/gru/density_custom/seed_0_lr3e3_e20_gpu_bs32_eval5,,,,,,,,,,,
sleep,gru,density_custom,0,120960,10,stat,4,20,32,True,True,cuda,lr3e3_e20_gpu_bs32_eval5,3,"['none', 10]",True,True,event-detection-pdf,,P1-density-candidate-score,,offline,"paper-density-likelihood-rewrite,sleep,P1,score",True,['density_custom'],experiments/sleep/gru/density_custom/seed_0_lr3e3_e20_gpu_bs32_eval5/predictions,tolerance,tuned,density_custom,mAP,mAP,240.0,0.8031767933268972,"{""alternating"": 0, ""cutoff"": 0.0, ""smooth"": 10}",experiments/sleep/gru/density_custom/seed_0_lr3e3_e20_gpu_bs32_eval5/results/scores.csv,seed_0_lr3e3_e20_gpu_bs32_eval5,experiments/sleep/gru/density_custom/seed_0_lr3e3_e20_gpu_bs32_eval5,,,,,,,,,,,
sleep,gru,density_custom,0,120960,10,stat,4,20,32,True,True,cuda,lr3e3_e20_gpu_bs32_eval5,3,"['none', 10]",True,True,event-detection-pdf,,P1-density-candidate-score,,offline,"paper-density-likelihood-rewrite,sleep,P1,score",True,['density_custom'],experiments/sleep/gru/density_custom/seed_0_lr3e3_e20_gpu_bs32_eval5/predictions,tolerance,tuned,density_custom,mAP,mAP,300.0,0.8278257550788723,"{""alternating"": 0, ""cutoff"": 0.0, ""smooth"": 10}",experiments/sleep/gru/density_custom/seed_0_lr3e3_e20_gpu_bs32_eval5/results/scores.csv,seed_0_lr3e3_e20_gpu_bs32_eval5,experiments/sleep/gru/density_custom/seed_0_lr3e3_e20_gpu_bs32_eval5,,,,,,,,,,,
sleep,gru,density_custom,0,120960,10,stat,4,20,32,True,True,cuda,lr3e3_e20_gpu_bs32_eval5,3,"['none', 10]",True,True,event-detection-pdf,,P1-density-candidate-score,,offline,"paper-density-likelihood-rewrite,sleep,P1,score",True,['density_custom'],experiments/sleep/gru/density_custom/seed_0_lr3e3_e20_gpu_bs32_eval5/predictions,tolerance,tuned,density_custom,mAP,mAP,360.0,0.8460781879560442,"{""alternating"": 0, ""cutoff"": 0.0, ""smooth"": 10}",experiments/sleep/gru/density_custom/seed_0_lr3e3_e20_gpu_bs32_eval5/results/scores.csv,seed_0_lr3e3_e20_gpu_bs32_eval5,experiments/sleep/gru/density_custom/seed_0_lr3e3_e20_gpu_bs32_eval5,,,,,,,,,,,
sleep,gru,density_custom,0,120960,10,stat,4,20,32,True,True,cuda,lr3e3_e20_gpu_bs32_eval5,3,"['none', 10]",True,True,event-detection-pdf,,P1-density-candidate-score,,offline,"paper-density-likelihood-rewrite,sleep,P1,score",True,['density_custom'],experiments/sleep/gru/density_custom/seed_0_lr3e3_e20_gpu_bs32_eval5/predictions,summary,tuned,density_custom,mf1,mAP,,0.5936897641057137,"{""alternating"": 1, ""cutoff"": 0.0, ""smooth"": 10}",experiments/sleep/gru/density_custom/seed_0_lr3e3_e20_gpu_bs32_eval5/results/scores.csv,seed_0_lr3e3_e20_gpu_bs32_eval5,experiments/sleep/gru/density_custom/seed_0_lr3e3_e20_gpu_bs32_eval5,,,,,,,,,,,
sleep,gru,density_custom,0,120960,10,stat,4,20,32,True,True,cuda,lr3e3_e20_gpu_bs32_eval5,3,"['none', 10]",True,True,event-detection-pdf,,P1-density-candidate-score,,offline,"paper-density-likelihood-rewrite,sleep,P1,score",True,['density_custom'],experiments/sleep/gru/density_custom/seed_0_lr3e3_e20_gpu_bs32_eval5/predictions,summary,tuned,density_custom,mf1,mf1,,0.675230738695638,"{""alternating"": 1, ""cutoff"": 0.0, ""smooth"": 10}",experiments/sleep/gru/density_custom/seed_0_lr3e3_e20_gpu_bs32_eval5/results/scores.csv,seed_0_lr3e3_e20_gpu_bs32_eval5,experiments/sleep/gru/density_custom/seed_0_lr3e3_e20_gpu_bs32_eval5,,,,,,,,,,,
sleep,gru,density_custom,0,120960,10,stat,4,20,32,True,True,cuda,lr3e3_e20_gpu_bs32_eval5,3,"['none', 10]",True,True,event-detection-pdf,,P1-density-candidate-score,,offline,"paper-density-likelihood-rewrite,sleep,P1,score",True,['density_custom'],experiments/sleep/gru/density_custom/seed_0_lr3e3_e20_gpu_bs32_eval5/predictions,tolerance,tuned,density_custom,mf1,mf1,12.0,0.1651283427918337,"{""alternating"": 1, ""cutoff"": 0.0, ""smooth"": 10}",experiments/sleep/gru/density_custom/seed_0_lr3e3_e20_gpu_bs32_eval5/results/scores.csv,seed_0_lr3e3_e20_gpu_bs32_eval5,experiments/sleep/gru/density_custom/seed_0_lr3e3_e20_gpu_bs32_eval5,,,,,,,,,,,
sleep,gru,density_custom,0,120960,10,stat,4,20,32,True,True,cuda,lr3e3_e20_gpu_bs32_eval5,3,"['none', 10]",True,True,event-detection-pdf,,P1-density-candidate-score,,offline,"paper-density-likelihood-rewrite,sleep,P1,score",True,['density_custom'],experiments/sleep/gru/density_custom/seed_0_lr3e3_e20_gpu_bs32_eval5/predictions,tolerance,tuned,density_custom,mf1,mf1,36.0,0.4693051191097548,"{""alternating"": 1, ""cutoff"": 0.0, ""smooth"": 10}",experiments/sleep/gru/density_custom/seed_0_lr3e3_e20_gpu_bs32_eval5/results/scores.csv,seed_0_lr3e3_e20_gpu_bs32_eval5,experiments/sleep/gru/density_custom/seed_0_lr3e3_e20_gpu_bs32_eval5,,,,,,,,,,,
sleep,gru,density_custom,0,120960,10,stat,4,20,32,True,True,cuda,lr3e3_e20_gpu_bs32_eval5,3,"['none', 10]",True,True,event-detection-pdf,,P1-density-candidate-score,,offline,"paper-density-likelihood-rewrite,sleep,P1,score",True,['density_custom'],experiments/sleep/gru/density_custom/seed_0_lr3e3_e20_gpu_bs32_eval5/predictions,tolerance,tuned,density_custom,mf1,mf1,60.0,0.6107014603930274,"{""alternating"": 1, ""cutoff"": 0.0, ""smooth"": 10}",experiments/sleep/gru/density_custom/seed_0_lr3e3_e20_gpu_bs32_eval5/results/scores.csv,seed_0_lr3e3_e20_gpu_bs32_eval5,experiments/sleep/gru/density_custom/seed_0_lr3e3_e20_gpu_bs32_eval5,,,,,,,,,,,
sleep,gru,density_custom,0,120960,10,stat,4,20,32,True,True,cuda,lr3e3_e20_gpu_bs32_eval5,3,"['none', 10]",True,True,event-detection-pdf,,P1-density-candidate-score,,offline,"paper-density-likelihood-rewrite,sleep,P1,score",True,['density_custom'],experiments/sleep/gru/density_custom/seed_0_lr3e3_e20_gpu_bs32_eval5/predictions,tolerance,tuned,density_custom,mf1,mf1,90.0,0.692475652485849,"{""alternating"": 1, ""cutoff"": 0.0, ""smooth"": 10}",experiments/sleep/gru/density_custom/seed_0_lr3e3_e20_gpu_bs32_eval5/results/scores.csv,seed_0_lr3e3_e20_gpu_bs32_eval5,experiments/sleep/gru/density_custom/seed_0_lr3e3_e20_gpu_bs32_eval5,,,,,,,,,,,
sleep,gru,density_custom,0,120960,10,stat,4,20,32,True,True,cuda,lr3e3_e20_gpu_bs32_eval5,3,"['none', 10]",True,True,event-detection-pdf,,P1-density-candidate-score,,offline,"paper-density-likelihood-rewrite,sleep,P1,score",True,['density_custom'],experiments/sleep/gru/density_custom/seed_0_lr3e3_e20_gpu_bs32_eval5/predictions,tolerance,tuned,density_custom,mf1,mf1,120.0,0.7411486969350667,"{""alternating"": 1, ""cutoff"": 0.0, ""smooth"": 10}",experiments/sleep/gru/density_custom/seed_0_lr3e3_e20_gpu_bs32_eval5/results/scores.csv,seed_0_lr3e3_e20_gpu_bs32_eval5,experiments/sleep/gru/density_custom/seed_0_lr3e3_e20_gpu_bs32_eval5,,,,,,,,,,,
sleep,gru,density_custom,0,120960,10,stat,4,20,32,True,True,cuda,lr3e3_e20_gpu_bs32_eval5,3,"['none', 10]",True,True,event-detection-pdf,,P1-density-candidate-score,,offline,"paper-density-likelihood-rewrite,sleep,P1,score",True,['density_custom'],experiments/sleep/gru/density_custom/seed_0_lr3e3_e20_gpu_bs32_eval5/predictions,tolerance,tuned,density_custom,mf1,mf1,150.0,0.7751180467005188,"{""alternating"": 1, ""cutoff"": 0.0, ""smooth"": 10}",experiments/sleep/gru/density_custom/seed_0_lr3e3_e20_gpu_bs32_eval5/results/scores.csv,seed_0_lr3e3_e20_gpu_bs32_eval5,experiments/sleep/gru/density_custom/seed_0_lr3e3_e20_gpu_bs32_eval5,,,,,,,,,,,
sleep,gru,density_custom,0,120960,10,stat,4,20,32,True,True,cuda,lr3e3_e20_gpu_bs32_eval5,3,"['none', 10]",True,True,event-detection-pdf,,P1-density-candidate-score,,offline,"paper-density-likelihood-rewrite,sleep,P1,score",True,['density_custom'],experiments/sleep/gru/density_custom/seed_0_lr3e3_e20_gpu_bs32_eval5/predictions,tolerance,tuned,density_custom,mf1,mf1,180.0,0.7945470460782746,"{""alternating"": 1, ""cutoff"": 0.0, ""smooth"": 10}",experiments/sleep/gru/density_custom/seed_0_lr3e3_e20_gpu_bs32_eval5/results/scores.csv,seed_0_lr3e3_e20_gpu_bs32_eval5,experiments/sleep/gru/density_custom/seed_0_lr3e3_e20_gpu_bs32_eval5,,,,,,,,,,,
sleep,gru,density_custom,0,120960,10,stat,4,20,32,True,True,cuda,lr3e3_e20_gpu_bs32_eval5,3,"['none', 10]",True,True,event-detection-pdf,,P1-density-candidate-score,,offline,"paper-density-likelihood-rewrite,sleep,P1,score",True,['density_custom'],experiments/sleep/gru/density_custom/seed_0_lr3e3_e20_gpu_bs32_eval5/predictions,tolerance,tuned,density_custom,mf1,mf1,240.0,0.8204414951665289,"{""alternating"": 1, ""cutoff"": 0.0, ""smooth"": 10}",experiments/sleep/gru/density_custom/seed_0_lr3e3_e20_gpu_bs32_eval5/results/scores.csv,seed_0_lr3e3_e20_gpu_bs32_eval5,experiments/sleep/gru/density_custom/seed_0_lr3e3_e20_gpu_bs32_eval5,,,,,,,,,,,
sleep,gru,density_custom,0,120960,10,stat,4,20,32,True,True,cuda,lr3e3_e20_gpu_bs32_eval5,3,"['none', 10]",True,True,event-detection-pdf,,P1-density-candidate-score,,offline,"paper-density-likelihood-rewrite,sleep,P1,score",True,['density_custom'],experiments/sleep/gru/density_custom/seed_0_lr3e3_e20_gpu_bs32_eval5/predictions,tolerance,tuned,density_custom,mf1,mf1,300.0,0.8363366834980632,"{""alternating"": 1, ""cutoff"": 0.0, ""smooth"": 10}",experiments/sleep/gru/density_custom/seed_0_lr3e3_e20_gpu_bs32_eval5/results/scores.csv,seed_0_lr3e3_e20_gpu_bs32_eval5,experiments/sleep/gru/density_custom/seed_0_lr3e3_e20_gpu_bs32_eval5,,,,,,,,,,,
sleep,gru,density_custom,0,120960,10,stat,4,20,32,True,True,cuda,lr3e3_e20_gpu_bs32_eval5,3,"['none', 10]",True,True,event-detection-pdf,,P1-density-candidate-score,,offline,"paper-density-likelihood-rewrite,sleep,P1,score",True,['density_custom'],experiments/sleep/gru/density_custom/seed_0_lr3e3_e20_gpu_bs32_eval5/predictions,tolerance,tuned,density_custom,mf1,mf1,360.0,0.8471048437974631,"{""alternating"": 1, ""cutoff"": 0.0, ""smooth"": 10}",experiments/sleep/gru/density_custom/seed_0_lr3e3_e20_gpu_bs32_eval5/results/scores.csv,seed_0_lr3e3_e20_gpu_bs32_eval5,experiments/sleep/gru/density_custom/seed_0_lr3e3_e20_gpu_bs32_eval5,,,,,,,,,,,
sleep,gru,density_gau,0,120960,10,stat,4,20,32,True,True,cuda,objective_e20_bs32_eval5,3,"['none', 10]",True,True,event-detection-pdf,,P2-gru-objective-sweep-score,,offline,"paper-density-likelihood-rewrite,sleep,P2,score",True,['density_gau'],experiments/sleep/gru/density_gau/seed_0_objective_e20_bs32_eval5/predictions,summary,default,density_gau,,mAP,,0.6441557344416964,{},experiments/sleep/gru/density_gau/seed_0_objective_e20_bs32_eval5/results/scores.csv,seed_0_objective_e20_bs32_eval5,experiments/sleep/gru/density_gau/seed_0_objective_e20_bs32_eval5,,,,,,,,,,,
sleep,gru,density_gau,0,120960,10,stat,4,20,32,True,True,cuda,objective_e20_bs32_eval5,3,"['none', 10]",True,True,event-detection-pdf,,P2-gru-objective-sweep-score,,offline,"paper-density-likelihood-rewrite,sleep,P2,score",True,['density_gau'],experiments/sleep/gru/density_gau/seed_0_objective_e20_bs32_eval5/predictions,summary,default,density_gau,,mf1,,0.705854042638351,{},experiments/sleep/gru/density_gau/seed_0_objective_e20_bs32_eval5/results/scores.csv,seed_0_objective_e20_bs32_eval5,experiments/sleep/gru/density_gau/seed_0_objective_e20_bs32_eval5,,,,,,,,,,,
sleep,gru,density_gau,0,120960,10,stat,4,20,32,True,True,cuda,objective_e20_bs32_eval5,3,"['none', 10]",True,True,event-detection-pdf,,P2-gru-objective-sweep-score,,offline,"paper-density-likelihood-rewrite,sleep,P2,score",True,['density_gau'],experiments/sleep/gru/density_gau/seed_0_objective_e20_bs32_eval5/predictions,summary,tuned,density_gau,mAP,mAP,,0.6514676993362588,"{""alternating"": 0, ""cutoff"": 0.0, ""smooth"": 10}",experiments/sleep/gru/density_gau/seed_0_objective_e20_bs32_eval5/results/scores.csv,seed_0_objective_e20_bs32_eval5,experiments/sleep/gru/density_gau/seed_0_objective_e20_bs32_eval5,,,,,,,,,,,
sleep,gru,density_gau,0,120960,10,stat,4,20,32,True,True,cuda,objective_e20_bs32_eval5,3,"['none', 10]",True,True,event-detection-pdf,,P2-gru-objective-sweep-score,,offline,"paper-density-likelihood-rewrite,sleep,P2,score",True,['density_gau'],experiments/sleep/gru/density_gau/seed_0_objective_e20_bs32_eval5/predictions,summary,tuned,density_gau,mAP,mf1,,0.7089770172779496,"{""alternating"": 0, ""cutoff"": 0.0, ""smooth"": 10}",experiments/sleep/gru/density_gau/seed_0_objective_e20_bs32_eval5/results/scores.csv,seed_0_objective_e20_bs32_eval5,experiments/sleep/gru/density_gau/seed_0_objective_e20_bs32_eval5,,,,,,,,,,,
sleep,gru,density_gau,0,120960,10,stat,4,20,32,True,True,cuda,objective_e20_bs32_eval5,3,"['none', 10]",True,True,event-detection-pdf,,P2-gru-objective-sweep-score,,offline,"paper-density-likelihood-rewrite,sleep,P2,score",True,['density_gau'],experiments/sleep/gru/density_gau/seed_0_objective_e20_bs32_eval5/predictions,tolerance,tuned,density_gau,mAP,mAP,12.0,0.0867197419072523,"{""alternating"": 0, ""cutoff"": 0.0, ""smooth"": 10}",experiments/sleep/gru/density_gau/seed_0_objective_e20_bs32_eval5/results/scores.csv,seed_0_objective_e20_bs32_eval5,experiments/sleep/gru/density_gau/seed_0_objective_e20_bs32_eval5,,,,,,,,,,,
sleep,gru,density_gau,0,120960,10,stat,4,20,32,True,True,cuda,objective_e20_bs32_eval5,3,"['none', 10]",True,True,event-detection-pdf,,P2-gru-objective-sweep-score,,offline,"paper-density-likelihood-rewrite,sleep,P2,score",True,['density_gau'],experiments/sleep/gru/density_gau/seed_0_objective_e20_bs32_eval5/predictions,tolerance,tuned,density_gau,mAP,mAP,36.0,0.4419013143031124,"{""alternating"": 0, ""cutoff"": 0.0, ""smooth"": 10}",experiments/sleep/gru/density_gau/seed_0_objective_e20_bs32_eval5/results/scores.csv,seed_0_objective_e20_bs32_eval5,experiments/sleep/gru/density_gau/seed_0_objective_e20_bs32_eval5,,,,,,,,,,,
sleep,gru,density_gau,0,120960,10,stat,4,20,32,True,True,cuda,objective_e20_bs32_eval5,3,"['none', 10]",True,True,event-detection-pdf,,P2-gru-objective-sweep-score,,offline,"paper-density-likelihood-rewrite,sleep,P2,score",True,['density_gau'],experiments/sleep/gru/density_gau/seed_0_objective_e20_bs32_eval5/predictions,tolerance,tuned,density_gau,mAP,mAP,60.0,0.5864589723535633,"{""alternating"": 0, ""cutoff"": 0.0, ""smooth"": 10}",experiments/sleep/gru/density_gau/seed_0_objective_e20_bs32_eval5/results/scores.csv,seed_0_objective_e20_bs32_eval5,experiments/sleep/gru/density_gau/seed_0_objective_e20_bs32_eval5,,,,,,,,,,,
sleep,gru,density_gau,0,120960,10,stat,4,20,32,True,True,cuda,objective_e20_bs32_eval5,3,"['none', 10]",True,True,event-detection-pdf,,P2-gru-objective-sweep-score,,offline,"paper-density-likelihood-rewrite,sleep,P2,score",True,['density_gau'],experiments/sleep/gru/density_gau/seed_0_objective_e20_bs32_eval5/predictions,tolerance,tuned,density_gau,mAP,mAP,90.0,0.6677316753690772,"{""alternating"": 0, ""cutoff"": 0.0, ""smooth"": 10}",experiments/sleep/gru/density_gau/seed_0_objective_e20_bs32_eval5/results/scores.csv,seed_0_objective_e20_bs32_eval5,experiments/sleep/gru/density_gau/seed_0_objective_e20_bs32_eval5,,,,,,,,,,,
sleep,gru,density_gau,0,120960,10,stat,4,20,32,True,True,cuda,objective_e20_bs32_eval5,3,"['none', 10]",True,True,event-detection-pdf,,P2-gru-objective-sweep-score,,offline,"paper-density-likelihood-rewrite,sleep,P2,score",True,['density_gau'],experiments/sleep/gru/density_gau/seed_0_objective_e20_bs32_eval5/predictions,tolerance,tuned,density_gau,mAP,mAP,120.0,0.7184715830259469,"{""alternating"": 0, ""cutoff"": 0.0, ""smooth"": 10}",experiments/sleep/gru/density_gau/seed_0_objective_e20_bs32_eval5/results/scores.csv,seed_0_objective_e20_bs32_eval5,experiments/sleep/gru/density_gau/seed_0_objective_e20_bs32_eval5,,,,,,,,,,,
sleep,gru,density_gau,0,120960,10,stat,4,20,32,True,True,cuda,objective_e20_bs32_eval5,3,"['none', 10]",True,True,event-detection-pdf,,P2-gru-objective-sweep-score,,offline,"paper-density-likelihood-rewrite,sleep,P2,score",True,['density_gau'],experiments/sleep/gru/density_gau/seed_0_objective_e20_bs32_eval5/predictions,tolerance,tuned,density_gau,mAP,mAP,150.0,0.7536170469993477,"{""alternating"": 0, ""cutoff"": 0.0, ""smooth"": 10}",experiments/sleep/gru/density_gau/seed_0_objective_e20_bs32_eval5/results/scores.csv,seed_0_objective_e20_bs32_eval5,experiments/sleep/gru/density_gau/seed_0_objective_e20_bs32_eval5,,,,,,,,,,,
sleep,gru,density_gau,0,120960,10,stat,4,20,32,True,True,cuda,objective_e20_bs32_eval5,3,"['none', 10]",True,True,event-detection-pdf,,P2-gru-objective-sweep-score,,offline,"paper-density-likelihood-rewrite,sleep,P2,score",True,['density_gau'],experiments/sleep/gru/density_gau/seed_0_objective_e20_bs32_eval5/predictions,tolerance,tuned,density_gau,mAP,mAP,180.0,0.7799724072309557,"{""alternating"": 0, ""cutoff"": 0.0, ""smooth"": 10}",experiments/sleep/gru/density_gau/seed_0_objective_e20_bs32_eval5/results/scores.csv,seed_0_objective_e20_bs32_eval5,experiments/sleep/gru/density_gau/seed_0_objective_e20_bs32_eval5,,,,,,,,,,,
sleep,gru,density_gau,0,120960,10,stat,4,20,32,True,True,cuda,objective_e20_bs32_eval5,3,"['none', 10]",True,True,event-detection-pdf,,P2-gru-objective-sweep-score,,offline,"paper-density-likelihood-rewrite,sleep,P2,score",True,['density_gau'],experiments/sleep/gru/density_gau/seed_0_objective_e20_bs32_eval5/predictions,tolerance,tuned,density_gau,mAP,mAP,240.0,0.8084140383196134,"{""alternating"": 0, ""cutoff"": 0.0, ""smooth"": 10}",experiments/sleep/gru/density_gau/seed_0_objective_e20_bs32_eval5/results/scores.csv,seed_0_objective_e20_bs32_eval5,experiments/sleep/gru/density_gau/seed_0_objective_e20_bs32_eval5,,,,,,,,,,,
sleep,gru,density_gau,0,120960,10,stat,4,20,32,True,True,cuda,objective_e20_bs32_eval5,3,"['none', 10]",True,True,event-detection-pdf,,P2-gru-objective-sweep-score,,offline,"paper-density-likelihood-rewrite,sleep,P2,score",True,['density_gau'],experiments/sleep/gru/density_gau/seed_0_objective_e20_bs32_eval5/predictions,tolerance,tuned,density_gau,mAP,mAP,300.0,0.8274375793443919,"{""alternating"": 0, ""cutoff"": 0.0, ""smooth"": 10}",experiments/sleep/gru/density_gau/seed_0_objective_e20_bs32_eval5/results/scores.csv,seed_0_objective_e20_bs32_eval5,experiments/sleep/gru/density_gau/seed_0_objective_e20_bs32_eval5,,,,,,,,,,,
sleep,gru,density_gau,0,120960,10,stat,4,20,32,True,True,cuda,objective_e20_bs32_eval5,3,"['none', 10]",True,True,event-detection-pdf,,P2-gru-objective-sweep-score,,offline,"paper-density-likelihood-rewrite,sleep,P2,score",True,['density_gau'],experiments/sleep/gru/density_gau/seed_0_objective_e20_bs32_eval5/predictions,tolerance,tuned,density_gau,mAP,mAP,360.0,0.8439526345093276,"{""alternating"": 0, ""cutoff"": 0.0, ""smooth"": 10}",experiments/sleep/gru/density_gau/seed_0_objective_e20_bs32_eval5/results/scores.csv,seed_0_objective_e20_bs32_eval5,experiments/sleep/gru/density_gau/seed_0_objective_e20_bs32_eval5,,,,,,,,,,,
sleep,gru,density_gau,0,120960,10,stat,4,20,32,True,True,cuda,objective_e20_bs32_eval5,3,"['none', 10]",True,True,event-detection-pdf,,P2-gru-objective-sweep-score,,offline,"paper-density-likelihood-rewrite,sleep,P2,score",True,['density_gau'],experiments/sleep/gru/density_gau/seed_0_objective_e20_bs32_eval5/predictions,summary,tuned,density_gau,mf1,mAP,,0.6496327041595138,"{""alternating"": 1, ""cutoff"": 0.0, ""smooth"": 10}",experiments/sleep/gru/density_gau/seed_0_objective_e20_bs32_eval5/results/scores.csv,seed_0_objective_e20_bs32_eval5,experiments/sleep/gru/density_gau/seed_0_objective_e20_bs32_eval5,,,,,,,,,,,
sleep,gru,density_gau,0,120960,10,stat,4,20,32,True,True,cuda,objective_e20_bs32_eval5,3,"['none', 10]",True,True,event-detection-pdf,,P2-gru-objective-sweep-score,,offline,"paper-density-likelihood-rewrite,sleep,P2,score",True,['density_gau'],experiments/sleep/gru/density_gau/seed_0_objective_e20_bs32_eval5/predictions,summary,tuned,density_gau,mf1,mf1,,0.7094910672214901,"{""alternating"": 1, ""cutoff"": 0.0, ""smooth"": 10}",experiments/sleep/gru/density_gau/seed_0_objective_e20_bs32_eval5/results/scores.csv,seed_0_objective_e20_bs32_eval5,experiments/sleep/gru/density_gau/seed_0_objective_e20_bs32_eval5,,,,,,,,,,,
sleep,gru,density_gau,0,120960,10,stat,4,20,32,True,True,cuda,objective_e20_bs32_eval5,3,"['none', 10]",True,True,event-detection-pdf,,P2-gru-objective-sweep-score,,offline,"paper-density-likelihood-rewrite,sleep,P2,score",True,['density_gau'],experiments/sleep/gru/density_gau/seed_0_objective_e20_bs32_eval5/predictions,tolerance,tuned,density_gau,mf1,mf1,12.0,0.2579234027208125,"{""alternating"": 1, ""cutoff"": 0.0, ""smooth"": 10}",experiments/sleep/gru/density_gau/seed_0_objective_e20_bs32_eval5/results/scores.csv,seed_0_objective_e20_bs32_eval5,experiments/sleep/gru/density_gau/seed_0_objective_e20_bs32_eval5,,,,,,,,,,,
sleep,gru,density_gau,0,120960,10,stat,4,20,32,True,True,cuda,objective_e20_bs32_eval5,3,"['none', 10]",True,True,event-detection-pdf,,P2-gru-objective-sweep-score,,offline,"paper-density-likelihood-rewrite,sleep,P2,score",True,['density_gau'],experiments/sleep/gru/density_gau/seed_0_objective_e20_bs32_eval5/predictions,tolerance,tuned,density_gau,mf1,mf1,36.0,0.587184605850793,"{""alternating"": 1, ""cutoff"": 0.0, ""smooth"": 10}",experiments/sleep/gru/density_gau/seed_0_objective_e20_bs32_eval5/results/scores.csv,seed_0_objective_e20_bs32_eval5,experiments/sleep/gru/density_gau/seed_0_objective_e20_bs32_eval5,,,,,,,,,,,
sleep,gru,density_gau,0,120960,10,stat,4,20,32,True,True,cuda,objective_e20_bs32_eval5,3,"['none', 10]",True,True,event-detection-pdf,,P2-gru-objective-sweep-score,,offline,"paper-density-likelihood-rewrite,sleep,P2,score",True,['density_gau'],experiments/sleep/gru/density_gau/seed_0_objective_e20_bs32_eval5/predictions,tolerance,tuned,density_gau,mf1,mf1,60.0,0.6819652933483169,"{""alternating"": 1, ""cutoff"": 0.0, ""smooth"": 10}",experiments/sleep/gru/density_gau/seed_0_objective_e20_bs32_eval5/results/scores.csv,seed_0_objective_e20_bs32_eval5,experiments/sleep/gru/density_gau/seed_0_objective_e20_bs32_eval5,,,,,,,,,,,
sleep,gru,density_gau,0,120960,10,stat,4,20,32,True,True,cuda,objective_e20_bs32_eval5,3,"['none', 10]",True,True,event-detection-pdf,,P2-gru-objective-sweep-score,,offline,"paper-density-likelihood-rewrite,sleep,P2,score",True,['density_gau'],experiments/sleep/gru/density_gau/seed_0_objective_e20_bs32_eval5/predictions,tolerance,tuned,density_gau,mf1,mf1,90.0,0.7328766400468641,"{""alternating"": 1, ""cutoff"": 0.0, ""smooth"": 10}",experiments/sleep/gru/density_gau/seed_0_objective_e20_bs32_eval5/results/scores.csv,seed_0_objective_e20_bs32_eval5,experiments/sleep/gru/density_gau/seed_0_objective_e20_bs32_eval5,,,,,,,,,,,
sleep,gru,density_gau,0,120960,10,stat,4,20,32,True,True,cuda,objective_e20_bs32_eval5,3,"['none', 10]",True,True,event-detection-pdf,,P2-gru-objective-sweep-score,,offline,"paper-density-likelihood-rewrite,sleep,P2,score",True,['density_gau'],experiments/sleep/gru/density_gau/seed_0_objective_e20_bs32_eval5/predictions,tolerance,tuned,density_gau,mf1,mf1,120.0,0.7629985013905323,"{""alternating"": 1, ""cutoff"": 0.0, ""smooth"": 10}",experiments/sleep/gru/density_gau/seed_0_objective_e20_bs32_eval5/results/scores.csv,seed_0_objective_e20_bs32_eval5,experiments/sleep/gru/density_gau/seed_0_objective_e20_bs32_eval5,,,,,,,,,,,
sleep,gru,density_gau,0,120960,10,stat,4,20,32,True,True,cuda,objective_e20_bs32_eval5,3,"['none', 10]",True,True,event-detection-pdf,,P2-gru-objective-sweep-score,,offline,"paper-density-likelihood-rewrite,sleep,P2,score",True,['density_gau'],experiments/sleep/gru/density_gau/seed_0_objective_e20_bs32_eval5/predictions,tolerance,tuned,density_gau,mf1,mf1,150.0,0.7840664236363313,"{""alternating"": 1, ""cutoff"": 0.0, ""smooth"": 10}",experiments/sleep/gru/density_gau/seed_0_objective_e20_bs32_eval5/results/scores.csv,seed_0_objective_e20_bs32_eval5,experiments/sleep/gru/density_gau/seed_0_objective_e20_bs32_eval5,,,,,,,,,,,
sleep,gru,density_gau,0,120960,10,stat,4,20,32,True,True,cuda,objective_e20_bs32_eval5,3,"['none', 10]",True,True,event-detection-pdf,,P2-gru-objective-sweep-score,,offline,"paper-density-likelihood-rewrite,sleep,P2,score",True,['density_gau'],experiments/sleep/gru/density_gau/seed_0_objective_e20_bs32_eval5/predictions,tolerance,tuned,density_gau,mf1,mf1,180.0,0.7997276930675719,"{""alternating"": 1, ""cutoff"": 0.0, ""smooth"": 10}",experiments/sleep/gru/density_gau/seed_0_objective_e20_bs32_eval5/results/scores.csv,seed_0_objective_e20_bs32_eval5,experiments/sleep/gru/density_gau/seed_0_objective_e20_bs32_eval5,,,,,,,,,,,
sleep,gru,density_gau,0,120960,10,stat,4,20,32,True,True,cuda,objective_e20_bs32_eval5,3,"['none', 10]",True,True,event-detection-pdf,,P2-gru-objective-sweep-score,,offline,"paper-density-likelihood-rewrite,sleep,P2,score",True,['density_gau'],experiments/sleep/gru/density_gau/seed_0_objective_e20_bs32_eval5/predictions,tolerance,tuned,density_gau,mf1,mf1,240.0,0.8185856528644553,"{""alternating"": 1, ""cutoff"": 0.0, ""smooth"": 10}",experiments/sleep/gru/density_gau/seed_0_objective_e20_bs32_eval5/results/scores.csv,seed_0_objective_e20_bs32_eval5,experiments/sleep/gru/density_gau/seed_0_objective_e20_bs32_eval5,,,,,,,,,,,
sleep,gru,density_gau,0,120960,10,stat,4,20,32,True,True,cuda,objective_e20_bs32_eval5,3,"['none', 10]",True,True,event-detection-pdf,,P2-gru-objective-sweep-score,,offline,"paper-density-likelihood-rewrite,sleep,P2,score",True,['density_gau'],experiments/sleep/gru/density_gau/seed_0_objective_e20_bs32_eval5/predictions,tolerance,tuned,density_gau,mf1,mf1,300.0,0.8301812205295552,"{""alternating"": 1, ""cutoff"": 0.0, ""smooth"": 10}",experiments/sleep/gru/density_gau/seed_0_objective_e20_bs32_eval5/results/scores.csv,seed_0_objective_e20_bs32_eval5,experiments/sleep/gru/density_gau/seed_0_objective_e20_bs32_eval5,,,,,,,,,,,
sleep,gru,density_gau,0,120960,10,stat,4,20,32,True,True,cuda,objective_e20_bs32_eval5,3,"['none', 10]",True,True,event-detection-pdf,,P2-gru-objective-sweep-score,,offline,"paper-density-likelihood-rewrite,sleep,P2,score",True,['density_gau'],experiments/sleep/gru/density_gau/seed_0_objective_e20_bs32_eval5/predictions,tolerance,tuned,density_gau,mf1,mf1,360.0,0.8394012387596688,"{""alternating"": 1, ""cutoff"": 0.0, ""smooth"": 10}",experiments/sleep/gru/density_gau/seed_0_objective_e20_bs32_eval5/results/scores.csv,seed_0_objective_e20_bs32_eval5,experiments/sleep/gru/density_gau/seed_0_objective_e20_bs32_eval5,,,,,,,,,,,
sleep,gru,density_hard,0,120960,10,stat,4,20,32,True,True,cuda,objective_e20_bs32_eval5,3,"['none', 10]",True,True,event-detection-pdf,,P2-gru-objective-sweep-score,,offline,"paper-density-likelihood-rewrite,sleep,P2,score",True,['density_hard'],experiments/sleep/gru/density_hard/seed_0_objective_e20_bs32_eval5/predictions,summary,default,density_hard,,mAP,,0.6656981568430258,{},experiments/sleep/gru/density_hard/seed_0_objective_e20_bs32_eval5/results/scores.csv,seed_0_objective_e20_bs32_eval5,experiments/sleep/gru/density_hard/seed_0_objective_e20_bs32_eval5,,,,,,,,,,,
sleep,gru,density_hard,0,120960,10,stat,4,20,32,True,True,cuda,objective_e20_bs32_eval5,3,"['none', 10]",True,True,event-detection-pdf,,P2-gru-objective-sweep-score,,offline,"paper-density-likelihood-rewrite,sleep,P2,score",True,['density_hard'],experiments/sleep/gru/density_hard/seed_0_objective_e20_bs32_eval5/predictions,summary,default,density_hard,,mf1,,0.7204548850598926,{},experiments/sleep/gru/density_hard/seed_0_objective_e20_bs32_eval5/results/scores.csv,seed_0_objective_e20_bs32_eval5,experiments/sleep/gru/density_hard/seed_0_objective_e20_bs32_eval5,,,,,,,,,,,
sleep,gru,density_hard,0,120960,10,stat,4,20,32,True,True,cuda,objective_e20_bs32_eval5,3,"['none', 10]",True,True,event-detection-pdf,,P2-gru-objective-sweep-score,,offline,"paper-density-likelihood-rewrite,sleep,P2,score",True,['density_hard'],experiments/sleep/gru/density_hard/seed_0_objective_e20_bs32_eval5/predictions,summary,tuned,density_hard,mAP,mAP,,0.670474923063441,"{""alternating"": 0, ""cutoff"": 0.0, ""smooth"": 10}",experiments/sleep/gru/density_hard/seed_0_objective_e20_bs32_eval5/results/scores.csv,seed_0_objective_e20_bs32_eval5,experiments/sleep/gru/density_hard/seed_0_objective_e20_bs32_eval5,,,,,,,,,,,
sleep,gru,density_hard,0,120960,10,stat,4,20,32,True,True,cuda,objective_e20_bs32_eval5,3,"['none', 10]",True,True,event-detection-pdf,,P2-gru-objective-sweep-score,,offline,"paper-density-likelihood-rewrite,sleep,P2,score",True,['density_hard'],experiments/sleep/gru/density_hard/seed_0_objective_e20_bs32_eval5/predictions,summary,tuned,density_hard,mAP,mf1,,0.723547847391744,"{""alternating"": 0, ""cutoff"": 0.0, ""smooth"": 10}",experiments/sleep/gru/density_hard/seed_0_objective_e20_bs32_eval5/results/scores.csv,seed_0_objective_e20_bs32_eval5,experiments/sleep/gru/density_hard/seed_0_objective_e20_bs32_eval5,,,,,,,,,,,
sleep,gru,density_hard,0,120960,10,stat,4,20,32,True,True,cuda,objective_e20_bs32_eval5,3,"['none', 10]",True,True,event-detection-pdf,,P2-gru-objective-sweep-score,,offline,"paper-density-likelihood-rewrite,sleep,P2,score",True,['density_hard'],experiments/sleep/gru/density_hard/seed_0_objective_e20_bs32_eval5/predictions,tolerance,tuned,density_hard,mAP,mAP,12.0,0.2101019272141396,"{""alternating"": 0, ""cutoff"": 0.0, ""smooth"": 10}",experiments/sleep/gru/density_hard/seed_0_objective_e20_bs32_eval5/results/scores.csv,seed_0_objective_e20_bs32_eval5,experiments/sleep/gru/density_hard/seed_0_objective_e20_bs32_eval5,,,,,,,,,,,
sleep,gru,density_hard,0,120960,10,stat,4,20,32,True,True,cuda,objective_e20_bs32_eval5,3,"['none', 10]",True,True,event-detection-pdf,,P2-gru-objective-sweep-score,,offline,"paper-density-likelihood-rewrite,sleep,P2,score",True,['density_hard'],experiments/sleep/gru/density_hard/seed_0_objective_e20_bs32_eval5/predictions,tolerance,tuned,density_hard,mAP,mAP,36.0,0.5177012038010398,"{""alternating"": 0, ""cutoff"": 0.0, ""smooth"": 10}",experiments/sleep/gru/density_hard/seed_0_objective_e20_bs32_eval5/results/scores.csv,seed_0_objective_e20_bs32_eval5,experiments/sleep/gru/density_hard/seed_0_objective_e20_bs32_eval5,,,,,,,,,,,
sleep,gru,density_hard,0,120960,10,stat,4,20,32,True,True,cuda,objective_e20_bs32_eval5,3,"['none', 10]",True,True,event-detection-pdf,,P2-gru-objective-sweep-score,,offline,"paper-density-likelihood-rewrite,sleep,P2,score",True,['density_hard'],experiments/sleep/gru/density_hard/seed_0_objective_e20_bs32_eval5/predictions,tolerance,tuned,density_hard,mAP,mAP,60.0,0.6137422292876709,"{""alternating"": 0, ""cutoff"": 0.0, ""smooth"": 10}",experiments/sleep/gru/density_hard/seed_0_objective_e20_bs32_eval5/results/scores.csv,seed_0_objective_e20_bs32_eval5,experiments/sleep/gru/density_hard/seed_0_objective_e20_bs32_eval5,,,,,,,,,,,
sleep,gru,density_hard,0,120960,10,stat,4,20,32,True,True,cuda,objective_e20_bs32_eval5,3,"['none', 10]",True,True,event-detection-pdf,,P2-gru-objective-sweep-score,,offline,"paper-density-likelihood-rewrite,sleep,P2,score",True,['density_hard'],experiments/sleep/gru/density_hard/seed_0_objective_e20_bs32_eval5/predictions,tolerance,tuned,density_hard,mAP,mAP,90.0,0.6761598323425655,"{""alternating"": 0, ""cutoff"": 0.0, ""smooth"": 10}",experiments/sleep/gru/density_hard/seed_0_objective_e20_bs32_eval5/results/scores.csv,seed_0_objective_e20_bs32_eval5,experiments/sleep/gru/density_hard/seed_0_objective_e20_bs32_eval5,,,,,,,,,,,
sleep,gru,density_hard,0,120960,10,stat,4,20,32,True,True,cuda,objective_e20_bs32_eval5,3,"['none', 10]",True,True,event-detection-pdf,,P2-gru-objective-sweep-score,,offline,"paper-density-likelihood-rewrite,sleep,P2,score",True,['density_hard'],experiments/sleep/gru/density_hard/seed_0_objective_e20_bs32_eval5/predictions,tolerance,tuned,density_hard,mAP,mAP,120.0,0.7173695901879331,"{""alternating"": 0, ""cutoff"": 0.0, ""smooth"": 10}",experiments/sleep/gru/density_hard/seed_0_objective_e20_bs32_eval5/results/scores.csv,seed_0_objective_e20_bs32_eval5,experiments/sleep/gru/density_hard/seed_0_objective_e20_bs32_eval5,,,,,,,,,,,
sleep,gru,density_hard,0,120960,10,stat,4,20,32,True,True,cuda,objective_e20_bs32_eval5,3,"['none', 10]",True,True,event-detection-pdf,,P2-gru-objective-sweep-score,,offline,"paper-density-likelihood-rewrite,sleep,P2,score",True,['density_hard'],experiments/sleep/gru/density_hard/seed_0_objective_e20_bs32_eval5/predictions,tolerance,tuned,density_hard,mAP,mAP,150.0,0.7469158093513023,"{""alternating"": 0, ""cutoff"": 0.0, ""smooth"": 10}",experiments/sleep/gru/density_hard/seed_0_objective_e20_bs32_eval5/results/scores.csv,seed_0_objective_e20_bs32_eval5,experiments/sleep/gru/density_hard/seed_0_objective_e20_bs32_eval5,,,,,,,,,,,
sleep,gru,density_hard,0,120960,10,stat,4,20,32,True,True,cuda,objective_e20_bs32_eval5,3,"['none', 10]",True,True,event-detection-pdf,,P2-gru-objective-sweep-score,,offline,"paper-density-likelihood-rewrite,sleep,P2,score",True,['density_hard'],experiments/sleep/gru/density_hard/seed_0_objective_e20_bs32_eval5/predictions,tolerance,tuned,density_hard,mAP,mAP,180.0,0.7736426761802941,"{""alternating"": 0, ""cutoff"": 0.0, ""smooth"": 10}",experiments/sleep/gru/density_hard/seed_0_objective_e20_bs32_eval5/results/scores.csv,seed_0_objective_e20_bs32_eval5,experiments/sleep/gru/density_hard/seed_0_objective_e20_bs32_eval5,,,,,,,,,,,
sleep,gru,density_hard,0,120960,10,stat,4,20,32,True,True,cuda,objective_e20_bs32_eval5,3,"['none', 10]",True,True,event-detection-pdf,,P2-gru-objective-sweep-score,,offline,"paper-density-likelihood-rewrite,sleep,P2,score",True,['density_hard'],experiments/sleep/gru/density_hard/seed_0_objective_e20_bs32_eval5/predictions,tolerance,tuned,density_hard,mAP,mAP,240.0,0.7994341417076088,"{""alternating"": 0, ""cutoff"": 0.0, ""smooth"": 10}",experiments/sleep/gru/density_hard/seed_0_objective_e20_bs32_eval5/results/scores.csv,seed_0_objective_e20_bs32_eval5,experiments/sleep/gru/density_hard/seed_0_objective_e20_bs32_eval5,,,,,,,,,,,
sleep,gru,density_hard,0,120960,10,stat,4,20,32,True,True,cuda,objective_e20_bs32_eval5,3,"['none', 10]",True,True,event-detection-pdf,,P2-gru-objective-sweep-score,,offline,"paper-density-likelihood-rewrite,sleep,P2,score",True,['density_hard'],experiments/sleep/gru/density_hard/seed_0_objective_e20_bs32_eval5/predictions,tolerance,tuned,density_hard,mAP,mAP,300.0,0.8175750026767926,"{""alternating"": 0, ""cutoff"": 0.0, ""smooth"": 10}",experiments/sleep/gru/density_hard/seed_0_objective_e20_bs32_eval5/results/scores.csv,seed_0_objective_e20_bs32_eval5,experiments/sleep/gru/density_hard/seed_0_objective_e20_bs32_eval5,,,,,,,,,,,
sleep,gru,density_hard,0,120960,10,stat,4,20,32,True,True,cuda,objective_e20_bs32_eval5,3,"['none', 10]",True,True,event-detection-pdf,,P2-gru-objective-sweep-score,,offline,"paper-density-likelihood-rewrite,sleep,P2,score",True,['density_hard'],experiments/sleep/gru/density_hard/seed_0_objective_e20_bs32_eval5/predictions,tolerance,tuned,density_hard,mAP,mAP,360.0,0.832106817885063,"{""alternating"": 0, ""cutoff"": 0.0, ""smooth"": 10}",experiments/sleep/gru/density_hard/seed_0_objective_e20_bs32_eval5/results/scores.csv,seed_0_objective_e20_bs32_eval5,experiments/sleep/gru/density_hard/seed_0_objective_e20_bs32_eval5,,,,,,,,,,,
sleep,gru,density_hard,0,120960,10,stat,4,20,32,True,True,cuda,objective_e20_bs32_eval5,3,"['none', 10]",True,True,event-detection-pdf,,P2-gru-objective-sweep-score,,offline,"paper-density-likelihood-rewrite,sleep,P2,score",True,['density_hard'],experiments/sleep/gru/density_hard/seed_0_objective_e20_bs32_eval5/predictions,summary,tuned,density_hard,mf1,mAP,,0.6700820530429936,"{""alternating"": 1, ""cutoff"": 0.0, ""smooth"": 10}",experiments/sleep/gru/density_hard/seed_0_objective_e20_bs32_eval5/results/scores.csv,seed_0_objective_e20_bs32_eval5,experiments/sleep/gru/density_hard/seed_0_objective_e20_bs32_eval5,,,,,,,,,,,
sleep,gru,density_hard,0,120960,10,stat,4,20,32,True,True,cuda,objective_e20_bs32_eval5,3,"['none', 10]",True,True,event-detection-pdf,,P2-gru-objective-sweep-score,,offline,"paper-density-likelihood-rewrite,sleep,P2,score",True,['density_hard'],experiments/sleep/gru/density_hard/seed_0_objective_e20_bs32_eval5/predictions,summary,tuned,density_hard,mf1,mf1,,0.7246725255898652,"{""alternating"": 1, ""cutoff"": 0.0, ""smooth"": 10}",experiments/sleep/gru/density_hard/seed_0_objective_e20_bs32_eval5/results/scores.csv,seed_0_objective_e20_bs32_eval5,experiments/sleep/gru/density_hard/seed_0_objective_e20_bs32_eval5,,,,,,,,,,,
sleep,gru,density_hard,0,120960,10,stat,4,20,32,True,True,cuda,objective_e20_bs32_eval5,3,"['none', 10]",True,True,event-detection-pdf,,P2-gru-objective-sweep-score,,offline,"paper-density-likelihood-rewrite,sleep,P2,score",True,['density_hard'],experiments/sleep/gru/density_hard/seed_0_objective_e20_bs32_eval5/predictions,tolerance,tuned,density_hard,mf1,mf1,12.0,0.3973238341740286,"{""alternating"": 1, ""cutoff"": 0.0, ""smooth"": 10}",experiments/sleep/gru/density_hard/seed_0_objective_e20_bs32_eval5/results/scores.csv,seed_0_objective_e20_bs32_eval5,experiments/sleep/gru/density_hard/seed_0_objective_e20_bs32_eval5,,,,,,,,,,,
sleep,gru,density_hard,0,120960,10,stat,4,20,32,True,True,cuda,objective_e20_bs32_eval5,3,"['none', 10]",True,True,event-detection-pdf,,P2-gru-objective-sweep-score,,offline,"paper-density-likelihood-rewrite,sleep,P2,score",True,['density_hard'],experiments/sleep/gru/density_hard/seed_0_objective_e20_bs32_eval5/predictions,tolerance,tuned,density_hard,mf1,mf1,36.0,0.6276627191692863,"{""alternating"": 1, ""cutoff"": 0.0, ""smooth"": 10}",experiments/sleep/gru/density_hard/seed_0_objective_e20_bs32_eval5/results/scores.csv,seed_0_objective_e20_bs32_eval5,experiments/sleep/gru/density_hard/seed_0_objective_e20_bs32_eval5,,,,,,,,,,,
sleep,gru,density_hard,0,120960,10,stat,4,20,32,True,True,cuda,objective_e20_bs32_eval5,3,"['none', 10]",True,True,event-detection-pdf,,P2-gru-objective-sweep-score,,offline,"paper-density-likelihood-rewrite,sleep,P2,score",True,['density_hard'],experiments/sleep/gru/density_hard/seed_0_objective_e20_bs32_eval5/predictions,tolerance,tuned,density_hard,mf1,mf1,60.0,0.6936107180918739,"{""alternating"": 1, ""cutoff"": 0.0, ""smooth"": 10}",experiments/sleep/gru/density_hard/seed_0_objective_e20_bs32_eval5/results/scores.csv,seed_0_objective_e20_bs32_eval5,experiments/sleep/gru/density_hard/seed_0_objective_e20_bs32_eval5,,,,,,,,,,,
sleep,gru,density_hard,0,120960,10,stat,4,20,32,True,True,cuda,objective_e20_bs32_eval5,3,"['none', 10]",True,True,event-detection-pdf,,P2-gru-objective-sweep-score,,offline,"paper-density-likelihood-rewrite,sleep,P2,score",True,['density_hard'],experiments/sleep/gru/density_hard/seed_0_objective_e20_bs32_eval5/predictions,tolerance,tuned,density_hard,mf1,mf1,90.0,0.7344989402643318,"{""alternating"": 1, ""cutoff"": 0.0, ""smooth"": 10}",experiments/sleep/gru/density_hard/seed_0_objective_e20_bs32_eval5/results/scores.csv,seed_0_objective_e20_bs32_eval5,experiments/sleep/gru/density_hard/seed_0_objective_e20_bs32_eval5,,,,,,,,,,,
sleep,gru,density_hard,0,120960,10,stat,4,20,32,True,True,cuda,objective_e20_bs32_eval5,3,"['none', 10]",True,True,event-detection-pdf,,P2-gru-objective-sweep-score,,offline,"paper-density-likelihood-rewrite,sleep,P2,score",True,['density_hard'],experiments/sleep/gru/density_hard/seed_0_objective_e20_bs32_eval5/predictions,tolerance,tuned,density_hard,mf1,mf1,120.0,0.7601012320535177,"{""alternating"": 1, ""cutoff"": 0.0, ""smooth"": 10}",experiments/sleep/gru/density_hard/seed_0_objective_e20_bs32_eval5/results/scores.csv,seed_0_objective_e20_bs32_eval5,experiments/sleep/gru/density_hard/seed_0_objective_e20_bs32_eval5,,,,,,,,,,,
sleep,gru,density_hard,0,120960,10,stat,4,20,32,True,True,cuda,objective_e20_bs32_eval5,3,"['none', 10]",True,True,event-detection-pdf,,P2-gru-objective-sweep-score,,offline,"paper-density-likelihood-rewrite,sleep,P2,score",True,['density_hard'],experiments/sleep/gru/density_hard/seed_0_objective_e20_bs32_eval5/predictions,tolerance,tuned,density_hard,mf1,mf1,150.0,0.7775065258915869,"{""alternating"": 1, ""cutoff"": 0.0, ""smooth"": 10}",experiments/sleep/gru/density_hard/seed_0_objective_e20_bs32_eval5/results/scores.csv,seed_0_objective_e20_bs32_eval5,experiments/sleep/gru/density_hard/seed_0_objective_e20_bs32_eval5,,,,,,,,,,,
sleep,gru,density_hard,0,120960,10,stat,4,20,32,True,True,cuda,objective_e20_bs32_eval5,3,"['none', 10]",True,True,event-detection-pdf,,P2-gru-objective-sweep-score,,offline,"paper-density-likelihood-rewrite,sleep,P2,score",True,['density_hard'],experiments/sleep/gru/density_hard/seed_0_objective_e20_bs32_eval5/predictions,tolerance,tuned,density_hard,mf1,mf1,180.0,0.7942012103398879,"{""alternating"": 1, ""cutoff"": 0.0, ""smooth"": 10}",experiments/sleep/gru/density_hard/seed_0_objective_e20_bs32_eval5/results/scores.csv,seed_0_objective_e20_bs32_eval5,experiments/sleep/gru/density_hard/seed_0_objective_e20_bs32_eval5,,,,,,,,,,,
sleep,gru,density_hard,0,120960,10,stat,4,20,32,True,True,cuda,objective_e20_bs32_eval5,3,"['none', 10]",True,True,event-detection-pdf,,P2-gru-objective-sweep-score,,offline,"paper-density-likelihood-rewrite,sleep,P2,score",True,['density_hard'],experiments/sleep/gru/density_hard/seed_0_objective_e20_bs32_eval5/predictions,tolerance,tuned,density_hard,mf1,mf1,240.0,0.8091579349297908,"{""alternating"": 1, ""cutoff"": 0.0, ""smooth"": 10}",experiments/sleep/gru/density_hard/seed_0_objective_e20_bs32_eval5/results/scores.csv,seed_0_objective_e20_bs32_eval5,experiments/sleep/gru/density_hard/seed_0_objective_e20_bs32_eval5,,,,,,,,,,,
sleep,gru,density_hard,0,120960,10,stat,4,20,32,True,True,cuda,objective_e20_bs32_eval5,3,"['none', 10]",True,True,event-detection-pdf,,P2-gru-objective-sweep-score,,offline,"paper-density-likelihood-rewrite,sleep,P2,score",True,['density_hard'],experiments/sleep/gru/density_hard/seed_0_objective_e20_bs32_eval5/predictions,tolerance,tuned,density_hard,mf1,mf1,300.0,0.8213479257267442,"{""alternating"": 1, ""cutoff"": 0.0, ""smooth"": 10}",experiments/sleep/gru/density_hard/seed_0_objective_e20_bs32_eval5/results/scores.csv,seed_0_objective_e20_bs32_eval5,experiments/sleep/gru/density_hard/seed_0_objective_e20_bs32_eval5,,,,,,,,,,,
sleep,gru,density_hard,0,120960,10,stat,4,20,32,True,True,cuda,objective_e20_bs32_eval5,3,"['none', 10]",True,True,event-detection-pdf,,P2-gru-objective-sweep-score,,offline,"paper-density-likelihood-rewrite,sleep,P2,score",True,['density_hard'],experiments/sleep/gru/density_hard/seed_0_objective_e20_bs32_eval5/predictions,tolerance,tuned,density_hard,mf1,mf1,360.0,0.8313142152576045,"{""alternating"": 1, ""cutoff"": 0.0, ""smooth"": 10}",experiments/sleep/gru/density_hard/seed_0_objective_e20_bs32_eval5/results/scores.csv,seed_0_objective_e20_bs32_eval5,experiments/sleep/gru/density_hard/seed_0_objective_e20_bs32_eval5,,,,,,,,,,,
sleep,gru,density_hard,1,120960,10,stat,4,20,32,True,True,cuda,objective_e20_bs32_eval5,3,"['none', 10]",True,True,event-detection-pdf,,P3-gru-main-seeds,,offline,"paper-density-likelihood-rewrite,sleep,P3,main-seeds",True,['density_hard'],experiments/sleep/gru/density_hard/seed_1_objective_e20_bs32_eval5/predictions,summary,default,density_hard,,mAP,,0.6770143252532718,{},experiments/sleep/gru/density_hard/seed_1_objective_e20_bs32_eval5/results/scores.csv,seed_1_objective_e20_bs32_eval5,experiments/sleep/gru/density_hard/seed_1_objective_e20_bs32_eval5,sparse,mAP,0.003,0.0,0.1,True,5.0,50.0,"[12, 36, 60, 90, 120, 150, 180, 240, 300, 360]","[12, 36, 60, 90, 120, 150, 180, 240, 300, 360]",808.1135439950012
sleep,gru,density_hard,1,120960,10,stat,4,20,32,True,True,cuda,objective_e20_bs32_eval5,3,"['none', 10]",True,True,event-detection-pdf,,P3-gru-main-seeds,,offline,"paper-density-likelihood-rewrite,sleep,P3,main-seeds",True,['density_hard'],experiments/sleep/gru/density_hard/seed_1_objective_e20_bs32_eval5/predictions,summary,default,density_hard,,mf1,,0.7230171485425505,{},experiments/sleep/gru/density_hard/seed_1_objective_e20_bs32_eval5/results/scores.csv,seed_1_objective_e20_bs32_eval5,experiments/sleep/gru/density_hard/seed_1_objective_e20_bs32_eval5,sparse,mAP,0.003,0.0,0.1,True,5.0,50.0,"[12, 36, 60, 90, 120, 150, 180, 240, 300, 360]","[12, 36, 60, 90, 120, 150, 180, 240, 300, 360]",808.1135439950012
sleep,gru,density_hard,1,120960,10,stat,4,20,32,True,True,cuda,objective_e20_bs32_eval5,3,"['none', 10]",True,True,event-detection-pdf,,P3-gru-main-seeds,,offline,"paper-density-likelihood-rewrite,sleep,P3,main-seeds",True,['density_hard'],experiments/sleep/gru/density_hard/seed_1_objective_e20_bs32_eval5/predictions,summary,tuned,density_hard,mAP,mAP,,0.6855994376120669,"{""alternating"": 0, ""cutoff"": 0.0, ""smooth"": 10}",experiments/sleep/gru/density_hard/seed_1_objective_e20_bs32_eval5/results/scores.csv,seed_1_objective_e20_bs32_eval5,experiments/sleep/gru/density_hard/seed_1_objective_e20_bs32_eval5,sparse,mAP,0.003,0.0,0.1,True,5.0,50.0,"[12, 36, 60, 90, 120, 150, 180, 240, 300, 360]","[12, 36, 60, 90, 120, 150, 180, 240, 300, 360]",808.1135439950012
sleep,gru,density_hard,1,120960,10,stat,4,20,32,True,True,cuda,objective_e20_bs32_eval5,3,"['none', 10]",True,True,event-detection-pdf,,P3-gru-main-seeds,,offline,"paper-density-likelihood-rewrite,sleep,P3,main-seeds",True,['density_hard'],experiments/sleep/gru/density_hard/seed_1_objective_e20_bs32_eval5/predictions,summary,tuned,density_hard,mAP,mf1,,0.7261896430868044,"{""alternating"": 0, ""cutoff"": 0.0, ""smooth"": 10}",experiments/sleep/gru/density_hard/seed_1_objective_e20_bs32_eval5/results/scores.csv,seed_1_objective_e20_bs32_eval5,experiments/sleep/gru/density_hard/seed_1_objective_e20_bs32_eval5,sparse,mAP,0.003,0.0,0.1,True,5.0,50.0,"[12, 36, 60, 90, 120, 150, 180, 240, 300, 360]","[12, 36, 60, 90, 120, 150, 180, 240, 300, 360]",808.1135439950012
sleep,gru,density_hard,1,120960,10,stat,4,20,32,True,True,cuda,objective_e20_bs32_eval5,3,"['none', 10]",True,True,event-detection-pdf,,P3-gru-main-seeds,,offline,"paper-density-likelihood-rewrite,sleep,P3,main-seeds",True,['density_hard'],experiments/sleep/gru/density_hard/seed_1_objective_e20_bs32_eval5/predictions,tolerance,tuned,density_hard,mAP,mAP,12.0,0.2234461221556859,"{""alternating"": 0, ""cutoff"": 0.0, ""smooth"": 10}",experiments/sleep/gru/density_hard/seed_1_objective_e20_bs32_eval5/results/scores.csv,seed_1_objective_e20_bs32_eval5,experiments/sleep/gru/density_hard/seed_1_objective_e20_bs32_eval5,sparse,mAP,0.003,0.0,0.1,True,5.0,50.0,"[12, 36, 60, 90, 120, 150, 180, 240, 300, 360]","[12, 36, 60, 90, 120, 150, 180, 240, 300, 360]",808.1135439950012
sleep,gru,density_hard,1,120960,10,stat,4,20,32,True,True,cuda,objective_e20_bs32_eval5,3,"['none', 10]",True,True,event-detection-pdf,,P3-gru-main-seeds,,offline,"paper-density-likelihood-rewrite,sleep,P3,main-seeds",True,['density_hard'],experiments/sleep/gru/density_hard/seed_1_objective_e20_bs32_eval5/predictions,tolerance,tuned,density_hard,mAP,mAP,36.0,0.5319069592772561,"{""alternating"": 0, ""cutoff"": 0.0, ""smooth"": 10}",experiments/sleep/gru/density_hard/seed_1_objective_e20_bs32_eval5/results/scores.csv,seed_1_objective_e20_bs32_eval5,experiments/sleep/gru/density_hard/seed_1_objective_e20_bs32_eval5,sparse,mAP,0.003,0.0,0.1,True,5.0,50.0,"[12, 36, 60, 90, 120, 150, 180, 240, 300, 360]","[12, 36, 60, 90, 120, 150, 180, 240, 300, 360]",808.1135439950012
sleep,gru,density_hard,1,120960,10,stat,4,20,32,True,True,cuda,objective_e20_bs32_eval5,3,"['none', 10]",True,True,event-detection-pdf,,P3-gru-main-seeds,,offline,"paper-density-likelihood-rewrite,sleep,P3,main-seeds",True,['density_hard'],experiments/sleep/gru/density_hard/seed_1_objective_e20_bs32_eval5/predictions,tolerance,tuned,density_hard,mAP,mAP,60.0,0.6325818878296587,"{""alternating"": 0, ""cutoff"": 0.0, ""smooth"": 10}",experiments/sleep/gru/density_hard/seed_1_objective_e20_bs32_eval5/results/scores.csv,seed_1_objective_e20_bs32_eval5,experiments/sleep/gru/density_hard/seed_1_objective_e20_bs32_eval5,sparse,mAP,0.003,0.0,0.1,True,5.0,50.0,"[12, 36, 60, 90, 120, 150, 180, 240, 300, 360]","[12, 36, 60, 90, 120, 150, 180, 240, 300, 360]",808.1135439950012
sleep,gru,density_hard,1,120960,10,stat,4,20,32,True,True,cuda,objective_e20_bs32_eval5,3,"['none', 10]",True,True,event-detection-pdf,,P3-gru-main-seeds,,offline,"paper-density-likelihood-rewrite,sleep,P3,main-seeds",True,['density_hard'],experiments/sleep/gru/density_hard/seed_1_objective_e20_bs32_eval5/predictions,tolerance,tuned,density_hard,mAP,mAP,90.0,0.6936527906005867,"{""alternating"": 0, ""cutoff"": 0.0, ""smooth"": 10}",experiments/sleep/gru/density_hard/seed_1_objective_e20_bs32_eval5/results/scores.csv,seed_1_objective_e20_bs32_eval5,experiments/sleep/gru/density_hard/seed_1_objective_e20_bs32_eval5,sparse,mAP,0.003,0.0,0.1,True,5.0,50.0,"[12, 36, 60, 90, 120, 150, 180, 240, 300, 360]","[12, 36, 60, 90, 120, 150, 180, 240, 300, 360]",808.1135439950012
sleep,gru,density_hard,1,120960,10,stat,4,20,32,True,True,cuda,objective_e20_bs32_eval5,3,"['none', 10]",True,True,event-detection-pdf,,P3-gru-main-seeds,,offline,"paper-density-likelihood-rewrite,sleep,P3,main-seeds",True,['density_hard'],experiments/sleep/gru/density_hard/seed_1_objective_e20_bs32_eval5/predictions,tolerance,tuned,density_hard,mAP,mAP,120.0,0.7339925086526832,"{""alternating"": 0, ""cutoff"": 0.0, ""smooth"": 10}",experiments/sleep/gru/density_hard/seed_1_objective_e20_bs32_eval5/results/scores.csv,seed_1_objective_e20_bs32_eval5,experiments/sleep/gru/density_hard/seed_1_objective_e20_bs32_eval5,sparse,mAP,0.003,0.0,0.1,True,5.0,50.0,"[12, 36, 60, 90, 120, 150, 180, 240, 300, 360]","[12, 36, 60, 90, 120, 150, 180, 240, 300, 360]",808.1135439950012
sleep,gru,density_hard,1,120960,10,stat,4,20,32,True,True,cuda,objective_e20_bs32_eval5,3,"['none', 10]",True,True,event-detection-pdf,,P3-gru-main-seeds,,offline,"paper-density-likelihood-rewrite,sleep,P3,main-seeds",True,['density_hard'],experiments/sleep/gru/density_hard/seed_1_objective_e20_bs32_eval5/predictions,tolerance,tuned,density_hard,mAP,mAP,150.0,0.7618255233800735,"{""alternating"": 0, ""cutoff"": 0.0, ""smooth"": 10}",experiments/sleep/gru/density_hard/seed_1_objective_e20_bs32_eval5/results/scores.csv,seed_1_objective_e20_bs32_eval5,experiments/sleep/gru/density_hard/seed_1_objective_e20_bs32_eval5,sparse,mAP,0.003,0.0,0.1,True,5.0,50.0,"[12, 36, 60, 90, 120, 150, 180, 240, 300, 360]","[12, 36, 60, 90, 120, 150, 180, 240, 300, 360]",808.1135439950012
sleep,gru,density_hard,1,120960,10,stat,4,20,32,True,True,cuda,objective_e20_bs32_eval5,3,"['none', 10]",True,True,event-detection-pdf,,P3-gru-main-seeds,,offline,"paper-density-likelihood-rewrite,sleep,P3,main-seeds",True,['density_hard'],experiments/sleep/gru/density_hard/seed_1_objective_e20_bs32_eval5/predictions,tolerance,tuned,density_hard,mAP,mAP,180.0,0.7877380804145995,"{""alternating"": 0, ""cutoff"": 0.0, ""smooth"": 10}",experiments/sleep/gru/density_hard/seed_1_objective_e20_bs32_eval5/results/scores.csv,seed_1_objective_e20_bs32_eval5,experiments/sleep/gru/density_hard/seed_1_objective_e20_bs32_eval5,sparse,mAP,0.003,0.0,0.1,True,5.0,50.0,"[12, 36, 60, 90, 120, 150, 180, 240, 300, 360]","[12, 36, 60, 90, 120, 150, 180, 240, 300, 360]",808.1135439950012
sleep,gru,density_hard,1,120960,10,stat,4,20,32,True,True,cuda,objective_e20_bs32_eval5,3,"['none', 10]",True,True,event-detection-pdf,,P3-gru-main-seeds,,offline,"paper-density-likelihood-rewrite,sleep,P3,main-seeds",True,['density_hard'],experiments/sleep/gru/density_hard/seed_1_objective_e20_bs32_eval5/predictions,tolerance,tuned,density_hard,mAP,mAP,240.0,0.813272600021083,"{""alternating"": 0, ""cutoff"": 0.0, ""smooth"": 10}",experiments/sleep/gru/density_hard/seed_1_objective_e20_bs32_eval5/results/scores.csv,seed_1_objective_e20_bs32_eval5,experiments/sleep/gru/density_hard/seed_1_objective_e20_bs32_eval5,sparse,mAP,0.003,0.0,0.1,True,5.0,50.0,"[12, 36, 60, 90, 120, 150, 180, 240, 300, 360]","[12, 36, 60, 90, 120, 150, 180, 240, 300, 360]",808.1135439950012
sleep,gru,density_hard,1,120960,10,stat,4,20,32,True,True,cuda,objective_e20_bs32_eval5,3,"['none', 10]",True,True,event-detection-pdf,,P3-gru-main-seeds,,offline,"paper-density-likelihood-rewrite,sleep,P3,main-seeds",True,['density_hard'],experiments/sleep/gru/density_hard/seed_1_objective_e20_bs32_eval5/predictions,tolerance,tuned,density_hard,mAP,mAP,300.0,0.8324477258777867,"{""alternating"": 0, ""cutoff"": 0.0, ""smooth"": 10}",experiments/sleep/gru/density_hard/seed_1_objective_e20_bs32_eval5/results/scores.csv,seed_1_objective_e20_bs32_eval5,experiments/sleep/gru/density_hard/seed_1_objective_e20_bs32_eval5,sparse,mAP,0.003,0.0,0.1,True,5.0,50.0,"[12, 36, 60, 90, 120, 150, 180, 240, 300, 360]","[12, 36, 60, 90, 120, 150, 180, 240, 300, 360]",808.1135439950012
sleep,gru,density_hard,1,120960,10,stat,4,20,32,True,True,cuda,objective_e20_bs32_eval5,3,"['none', 10]",True,True,event-detection-pdf,,P3-gru-main-seeds,,offline,"paper-density-likelihood-rewrite,sleep,P3,main-seeds",True,['density_hard'],experiments/sleep/gru/density_hard/seed_1_objective_e20_bs32_eval5/predictions,tolerance,tuned,density_hard,mAP,mAP,360.0,0.8451301779112547,"{""alternating"": 0, ""cutoff"": 0.0, ""smooth"": 10}",experiments/sleep/gru/density_hard/seed_1_objective_e20_bs32_eval5/results/scores.csv,seed_1_objective_e20_bs32_eval5,experiments/sleep/gru/density_hard/seed_1_objective_e20_bs32_eval5,sparse,mAP,0.003,0.0,0.1,True,5.0,50.0,"[12, 36, 60, 90, 120, 150, 180, 240, 300, 360]","[12, 36, 60, 90, 120, 150, 180, 240, 300, 360]",808.1135439950012
sleep,gru,density_hard,1,120960,10,stat,4,20,32,True,True,cuda,objective_e20_bs32_eval5,3,"['none', 10]",True,True,event-detection-pdf,,P3-gru-main-seeds,,offline,"paper-density-likelihood-rewrite,sleep,P3,main-seeds",True,['density_hard'],experiments/sleep/gru/density_hard/seed_1_objective_e20_bs32_eval5/predictions,summary,tuned,density_hard,mf1,mAP,,0.6854421245960249,"{""alternating"": 1, ""cutoff"": 0.0, ""smooth"": 10}",experiments/sleep/gru/density_hard/seed_1_objective_e20_bs32_eval5/results/scores.csv,seed_1_objective_e20_bs32_eval5,experiments/sleep/gru/density_hard/seed_1_objective_e20_bs32_eval5,sparse,mAP,0.003,0.0,0.1,True,5.0,50.0,"[12, 36, 60, 90, 120, 150, 180, 240, 300, 360]","[12, 36, 60, 90, 120, 150, 180, 240, 300, 360]",808.1135439950012
sleep,gru,density_hard,1,120960,10,stat,4,20,32,True,True,cuda,objective_e20_bs32_eval5,3,"['none', 10]",True,True,event-detection-pdf,,P3-gru-main-seeds,,offline,"paper-density-likelihood-rewrite,sleep,P3,main-seeds",True,['density_hard'],experiments/sleep/gru/density_hard/seed_1_objective_e20_bs32_eval5/predictions,summary,tuned,density_hard,mf1,mf1,,0.7269868482755788,"{""alternating"": 1, ""cutoff"": 0.0, ""smooth"": 10}",experiments/sleep/gru/density_hard/seed_1_objective_e20_bs32_eval5/results/scores.csv,seed_1_objective_e20_bs32_eval5,experiments/sleep/gru/density_hard/seed_1_objective_e20_bs32_eval5,sparse,mAP,0.003,0.0,0.1,True,5.0,50.0,"[12, 36, 60, 90, 120, 150, 180, 240, 300, 360]","[12, 36, 60, 90, 120, 150, 180, 240, 300, 360]",808.1135439950012
sleep,gru,density_hard,1,120960,10,stat,4,20,32,True,True,cuda,objective_e20_bs32_eval5,3,"['none', 10]",True,True,event-detection-pdf,,P3-gru-main-seeds,,offline,"paper-density-likelihood-rewrite,sleep,P3,main-seeds",True,['density_hard'],experiments/sleep/gru/density_hard/seed_1_objective_e20_bs32_eval5/predictions,tolerance,tuned,density_hard,mf1,mf1,12.0,0.3988217142536693,"{""alternating"": 1, ""cutoff"": 0.0, ""smooth"": 10}",experiments/sleep/gru/density_hard/seed_1_objective_e20_bs32_eval5/results/scores.csv,seed_1_objective_e20_bs32_eval5,experiments/sleep/gru/density_hard/seed_1_objective_e20_bs32_eval5,sparse,mAP,0.003,0.0,0.1,True,5.0,50.0,"[12, 36, 60, 90, 120, 150, 180, 240, 300, 360]","[12, 36, 60, 90, 120, 150, 180, 240, 300, 360]",808.1135439950012
sleep,gru,density_hard,1,120960,10,stat,4,20,32,True,True,cuda,objective_e20_bs32_eval5,3,"['none', 10]",True,True,event-detection-pdf,,P3-gru-main-seeds,,offline,"paper-density-likelihood-rewrite,sleep,P3,main-seeds",True,['density_hard'],experiments/sleep/gru/density_hard/seed_1_objective_e20_bs32_eval5/predictions,tolerance,tuned,density_hard,mf1,mf1,36.0,0.629767889419688,"{""alternating"": 1, ""cutoff"": 0.0, ""smooth"": 10}",experiments/sleep/gru/density_hard/seed_1_objective_e20_bs32_eval5/results/scores.csv,seed_1_objective_e20_bs32_eval5,experiments/sleep/gru/density_hard/seed_1_objective_e20_bs32_eval5,sparse,mAP,0.003,0.0,0.1,True,5.0,50.0,"[12, 36, 60, 90, 120, 150, 180, 240, 300, 360]","[12, 36, 60, 90, 120, 150, 180, 240, 300, 360]",808.1135439950012
sleep,gru,density_hard,1,120960,10,stat,4,20,32,True,True,cuda,objective_e20_bs32_eval5,3,"['none', 10]",True,True,event-detection-pdf,,P3-gru-main-seeds,,offline,"paper-density-likelihood-rewrite,sleep,P3,main-seeds",True,['density_hard'],experiments/sleep/gru/density_hard/seed_1_objective_e20_bs32_eval5/predictions,tolerance,tuned,density_hard,mf1,mf1,60.0,0.6972501849885864,"{""alternating"": 1, ""cutoff"": 0.0, ""smooth"": 10}",experiments/sleep/gru/density_hard/seed_1_objective_e20_bs32_eval5/results/scores.csv,seed_1_objective_e20_bs32_eval5,experiments/sleep/gru/density_hard/seed_1_objective_e20_bs32_eval5,sparse,mAP,0.003,0.0,0.1,True,5.0,50.0,"[12, 36, 60, 90, 120, 150, 180, 240, 300, 360]","[12, 36, 60, 90, 120, 150, 180, 240, 300, 360]",808.1135439950012
sleep,gru,density_hard,1,120960,10,stat,4,20,32,True,True,cuda,objective_e20_bs32_eval5,3,"['none', 10]",True,True,event-detection-pdf,,P3-gru-main-seeds,,offline,"paper-density-likelihood-rewrite,sleep,P3,main-seeds",True,['density_hard'],experiments/sleep/gru/density_hard/seed_1_objective_e20_bs32_eval5/predictions,tolerance,tuned,density_hard,mf1,mf1,90.0,0.738420620056309,"{""alternating"": 1, ""cutoff"": 0.0, ""smooth"": 10}",experiments/sleep/gru/density_hard/seed_1_objective_e20_bs32_eval5/results/scores.csv,seed_1_objective_e20_bs32_eval5,experiments/sleep/gru/density_hard/seed_1_objective_e20_bs32_eval5,sparse,mAP,0.003,0.0,0.1,True,5.0,50.0,"[12, 36, 60, 90, 120, 150, 180, 240, 300, 360]","[12, 36, 60, 90, 120, 150, 180, 240, 300, 360]",808.1135439950012
sleep,gru,density_hard,1,120960,10,stat,4,20,32,True,True,cuda,objective_e20_bs32_eval5,3,"['none', 10]",True,True,event-detection-pdf,,P3-gru-main-seeds,,offline,"paper-density-likelihood-rewrite,sleep,P3,main-seeds",True,['density_hard'],experiments/sleep/gru/density_hard/seed_1_objective_e20_bs32_eval5/predictions,tolerance,tuned,density_hard,mf1,mf1,120.0,0.7634737981046298,"{""alternating"": 1, ""cutoff"": 0.0, ""smooth"": 10}",experiments/sleep/gru/density_hard/seed_1_objective_e20_bs32_eval5/results/scores.csv,seed_1_objective_e20_bs32_eval5,experiments/sleep/gru/density_hard/seed_1_objective_e20_bs32_eval5,sparse,mAP,0.003,0.0,0.1,True,5.0,50.0,"[12, 36, 60, 90, 120, 150, 180, 240, 300, 360]","[12, 36, 60, 90, 120, 150, 180, 240, 300, 360]",808.1135439950012
sleep,gru,density_hard,1,120960,10,stat,4,20,32,True,True,cuda,objective_e20_bs32_eval5,3,"['none', 10]",True,True,event-detection-pdf,,P3-gru-main-seeds,,offline,"paper-density-likelihood-rewrite,sleep,P3,main-seeds",True,['density_hard'],experiments/sleep/gru/density_hard/seed_1_objective_e20_bs32_eval5/predictions,tolerance,tuned,density_hard,mf1,mf1,150.0,0.7799229057752793,"{""alternating"": 1, ""cutoff"": 0.0, ""smooth"": 10}",experiments/sleep/gru/density_hard/seed_1_objective_e20_bs32_eval5/results/scores.csv,seed_1_objective_e20_bs32_eval5,experiments/sleep/gru/density_hard/seed_1_objective_e20_bs32_eval5,sparse,mAP,0.003,0.0,0.1,True,5.0,50.0,"[12, 36, 60, 90, 120, 150, 180, 240, 300, 360]","[12, 36, 60, 90, 120, 150, 180, 240, 300, 360]",808.1135439950012
sleep,gru,density_hard,1,120960,10,stat,4,20,32,True,True,cuda,objective_e20_bs32_eval5,3,"['none', 10]",True,True,event-detection-pdf,,P3-gru-main-seeds,,offline,"paper-density-likelihood-rewrite,sleep,P3,main-seeds",True,['density_hard'],experiments/sleep/gru/density_hard/seed_1_objective_e20_bs32_eval5/predictions,tolerance,tuned,density_hard,mf1,mf1,180.0,0.7955687406506622,"{""alternating"": 1, ""cutoff"": 0.0, ""smooth"": 10}",experiments/sleep/gru/density_hard/seed_1_objective_e20_bs32_eval5/results/scores.csv,seed_1_objective_e20_bs32_eval5,experiments/sleep/gru/density_hard/seed_1_objective_e20_bs32_eval5,sparse,mAP,0.003,0.0,0.1,True,5.0,50.0,"[12, 36, 60, 90, 120, 150, 180, 240, 300, 360]","[12, 36, 60, 90, 120, 150, 180, 240, 300, 360]",808.1135439950012
sleep,gru,density_hard,1,120960,10,stat,4,20,32,True,True,cuda,objective_e20_bs32_eval5,3,"['none', 10]",True,True,event-detection-pdf,,P3-gru-main-seeds,,offline,"paper-density-likelihood-rewrite,sleep,P3,main-seeds",True,['density_hard'],experiments/sleep/gru/density_hard/seed_1_objective_e20_bs32_eval5/predictions,tolerance,tuned,density_hard,mf1,mf1,240.0,0.8110841767463904,"{""alternating"": 1, ""cutoff"": 0.0, ""smooth"": 10}",experiments/sleep/gru/density_hard/seed_1_objective_e20_bs32_eval5/results/scores.csv,seed_1_objective_e20_bs32_eval5,experiments/sleep/gru/density_hard/seed_1_objective_e20_bs32_eval5,sparse,mAP,0.003,0.0,0.1,True,5.0,50.0,"[12, 36, 60, 90, 120, 150, 180, 240, 300, 360]","[12, 36, 60, 90, 120, 150, 180, 240, 300, 360]",808.1135439950012
sleep,gru,density_hard,1,120960,10,stat,4,20,32,True,True,cuda,objective_e20_bs32_eval5,3,"['none', 10]",True,True,event-detection-pdf,,P3-gru-main-seeds,,offline,"paper-density-likelihood-rewrite,sleep,P3,main-seeds",True,['density_hard'],experiments/sleep/gru/density_hard/seed_1_objective_e20_bs32_eval5/predictions,tolerance,tuned,density_hard,mf1,mf1,300.0,0.8237446890520557,"{""alternating"": 1, ""cutoff"": 0.0, ""smooth"": 10}",experiments/sleep/gru/density_hard/seed_1_objective_e20_bs32_eval5/results/scores.csv,seed_1_objective_e20_bs32_eval5,experiments/sleep/gru/density_hard/seed_1_objective_e20_bs32_eval5,sparse,mAP,0.003,0.0,0.1,True,5.0,50.0,"[12, 36, 60, 90, 120, 150, 180, 240, 300, 360]","[12, 36, 60, 90, 120, 150, 180, 240, 300, 360]",808.1135439950012
sleep,gru,density_hard,1,120960,10,stat,4,20,32,True,True,cuda,objective_e20_bs32_eval5,3,"['none', 10]",True,True,event-detection-pdf,,P3-gru-main-seeds,,offline,"paper-density-likelihood-rewrite,sleep,P3,main-seeds",True,['density_hard'],experiments/sleep/gru/density_hard/seed_1_objective_e20_bs32_eval5/predictions,tolerance,tuned,density_hard,mf1,mf1,360.0,0.8318137637085187,"{""alternating"": 1, ""cutoff"": 0.0, ""smooth"": 10}",experiments/sleep/gru/density_hard/seed_1_objective_e20_bs32_eval5/results/scores.csv,seed_1_objective_e20_bs32_eval5,experiments/sleep/gru/density_hard/seed_1_objective_e20_bs32_eval5,sparse,mAP,0.003,0.0,0.1,True,5.0,50.0,"[12, 36, 60, 90, 120, 150, 180, 240, 300, 360]","[12, 36, 60, 90, 120, 150, 180, 240, 300, 360]",808.1135439950012
sleep,gru,density_hard,2,120960,10,stat,4,20,32,True,True,cuda,objective_e20_bs32_eval5,3,"['none', 10]",True,True,event-detection-pdf,,P3-gru-main-seeds,,offline,"paper-density-likelihood-rewrite,sleep,P3,main-seeds",True,['density_hard'],experiments/sleep/gru/density_hard/seed_2_objective_e20_bs32_eval5/predictions,summary,default,density_hard,,mAP,,0.6781195564846524,{},experiments/sleep/gru/density_hard/seed_2_objective_e20_bs32_eval5/results/scores.csv,seed_2_objective_e20_bs32_eval5,experiments/sleep/gru/density_hard/seed_2_objective_e20_bs32_eval5,sparse,mAP,0.003,0.0,0.1,True,5.0,50.0,"[12, 36, 60, 90, 120, 150, 180, 240, 300, 360]","[12, 36, 60, 90, 120, 150, 180, 240, 300, 360]",793.473116191999
sleep,gru,density_hard,2,120960,10,stat,4,20,32,True,True,cuda,objective_e20_bs32_eval5,3,"['none', 10]",True,True,event-detection-pdf,,P3-gru-main-seeds,,offline,"paper-density-likelihood-rewrite,sleep,P3,main-seeds",True,['density_hard'],experiments/sleep/gru/density_hard/seed_2_objective_e20_bs32_eval5/predictions,summary,default,density_hard,,mf1,,0.7301493388124913,{},experiments/sleep/gru/density_hard/seed_2_objective_e20_bs32_eval5/results/scores.csv,seed_2_objective_e20_bs32_eval5,experiments/sleep/gru/density_hard/seed_2_objective_e20_bs32_eval5,sparse,mAP,0.003,0.0,0.1,True,5.0,50.0,"[12, 36, 60, 90, 120, 150, 180, 240, 300, 360]","[12, 36, 60, 90, 120, 150, 180, 240, 300, 360]",793.473116191999
sleep,gru,density_hard,2,120960,10,stat,4,20,32,True,True,cuda,objective_e20_bs32_eval5,3,"['none', 10]",True,True,event-detection-pdf,,P3-gru-main-seeds,,offline,"paper-density-likelihood-rewrite,sleep,P3,main-seeds",True,['density_hard'],experiments/sleep/gru/density_hard/seed_2_objective_e20_bs32_eval5/predictions,summary,tuned,density_hard,mAP,mAP,,0.683004424421913,"{""alternating"": 1, ""cutoff"": 0.0, ""smooth"": 10}",experiments/sleep/gru/density_hard/seed_2_objective_e20_bs32_eval5/results/scores.csv,seed_2_objective_e20_bs32_eval5,experiments/sleep/gru/density_hard/seed_2_objective_e20_bs32_eval5,sparse,mAP,0.003,0.0,0.1,True,5.0,50.0,"[12, 36, 60, 90, 120, 150, 180, 240, 300, 360]","[12, 36, 60, 90, 120, 150, 180, 240, 300, 360]",793.473116191999
sleep,gru,density_hard,2,120960,10,stat,4,20,32,True,True,cuda,objective_e20_bs32_eval5,3,"['none', 10]",True,True,event-detection-pdf,,P3-gru-main-seeds,,offline,"paper-density-likelihood-rewrite,sleep,P3,main-seeds",True,['density_hard'],experiments/sleep/gru/density_hard/seed_2_objective_e20_bs32_eval5/predictions,summary,tuned,density_hard,mAP,mf1,,0.7325707001877424,"{""alternating"": 1, ""cutoff"": 0.0, ""smooth"": 10}",experiments/sleep/gru/density_hard/seed_2_objective_e20_bs32_eval5/results/scores.csv,seed_2_objective_e20_bs32_eval5,experiments/sleep/gru/density_hard/seed_2_objective_e20_bs32_eval5,sparse,mAP,0.003,0.0,0.1,True,5.0,50.0,"[12, 36, 60, 90, 120, 150, 180, 240, 300, 360]","[12, 36, 60, 90, 120, 150, 180, 240, 300, 360]",793.473116191999
sleep,gru,density_hard,2,120960,10,stat,4,20,32,True,True,cuda,objective_e20_bs32_eval5,3,"['none', 10]",True,True,event-detection-pdf,,P3-gru-main-seeds,,offline,"paper-density-likelihood-rewrite,sleep,P3,main-seeds",True,['density_hard'],experiments/sleep/gru/density_hard/seed_2_objective_e20_bs32_eval5/predictions,tolerance,tuned,density_hard,mAP,mAP,12.0,0.2240539876115175,"{""alternating"": 1, ""cutoff"": 0.0, ""smooth"": 10}",experiments/sleep/gru/density_hard/seed_2_objective_e20_bs32_eval5/results/scores.csv,seed_2_objective_e20_bs32_eval5,experiments/sleep/gru/density_hard/seed_2_objective_e20_bs32_eval5,sparse,mAP,0.003,0.0,0.1,True,5.0,50.0,"[12, 36, 60, 90, 120, 150, 180, 240, 300, 360]","[12, 36, 60, 90, 120, 150, 180, 240, 300, 360]",793.473116191999
sleep,gru,density_hard,2,120960,10,stat,4,20,32,True,True,cuda,objective_e20_bs32_eval5,3,"['none', 10]",True,True,event-detection-pdf,,P3-gru-main-seeds,,offline,"paper-density-likelihood-rewrite,sleep,P3,main-seeds",True,['density_hard'],experiments/sleep/gru/density_hard/seed_2_objective_e20_bs32_eval5/predictions,tolerance,tuned,density_hard,mAP,mAP,36.0,0.5400432334424935,"{""alternating"": 1, ""cutoff"": 0.0, ""smooth"": 10}",experiments/sleep/gru/density_hard/seed_2_objective_e20_bs32_eval5/results/scores.csv,seed_2_objective_e20_bs32_eval5,experiments/sleep/gru/density_hard/seed_2_objective_e20_bs32_eval5,sparse,mAP,0.003,0.0,0.1,True,5.0,50.0,"[12, 36, 60, 90, 120, 150, 180, 240, 300, 360]","[12, 36, 60, 90, 120, 150, 180, 240, 300, 360]",793.473116191999
sleep,gru,density_hard,2,120960,10,stat,4,20,32,True,True,cuda,objective_e20_bs32_eval5,3,"['none', 10]",True,True,event-detection-pdf,,P3-gru-main-seeds,,offline,"paper-density-likelihood-rewrite,sleep,P3,main-seeds",True,['density_hard'],experiments/sleep/gru/density_hard/seed_2_objective_e20_bs32_eval5/predictions,tolerance,tuned,density_hard,mAP,mAP,60.0,0.6332468998292099,"{""alternating"": 1, ""cutoff"": 0.0, ""smooth"": 10}",experiments/sleep/gru/density_hard/seed_2_objective_e20_bs32_eval5/results/scores.csv,seed_2_objective_e20_bs32_eval5,experiments/sleep/gru/density_hard/seed_2_objective_e20_bs32_eval5,sparse,mAP,0.003,0.0,0.1,True,5.0,50.0,"[12, 36, 60, 90, 120, 150, 180, 240, 300, 360]","[12, 36, 60, 90, 120, 150, 180, 240, 300, 360]",793.473116191999
sleep,gru,density_hard,2,120960,10,stat,4,20,32,True,True,cuda,objective_e20_bs32_eval5,3,"['none', 10]",True,True,event-detection-pdf,,P3-gru-main-seeds,,offline,"paper-density-likelihood-rewrite,sleep,P3,main-seeds",True,['density_hard'],experiments/sleep/gru/density_hard/seed_2_objective_e20_bs32_eval5/predictions,tolerance,tuned,density_hard,mAP,mAP,90.0,0.6913514913384785,"{""alternating"": 1, ""cutoff"": 0.0, ""smooth"": 10}",experiments/sleep/gru/density_hard/seed_2_objective_e20_bs32_eval5/results/scores.csv,seed_2_objective_e20_bs32_eval5,experiments/sleep/gru/density_hard/seed_2_objective_e20_bs32_eval5,sparse,mAP,0.003,0.0,0.1,True,5.0,50.0,"[12, 36, 60, 90, 120, 150, 180, 240, 300, 360]","[12, 36, 60, 90, 120, 150, 180, 240, 300, 360]",793.473116191999
sleep,gru,density_hard,2,120960,10,stat,4,20,32,True,True,cuda,objective_e20_bs32_eval5,3,"['none', 10]",True,True,event-detection-pdf,,P3-gru-main-seeds,,offline,"paper-density-likelihood-rewrite,sleep,P3,main-seeds",True,['density_hard'],experiments/sleep/gru/density_hard/seed_2_objective_e20_bs32_eval5/predictions,tolerance,tuned,density_hard,mAP,mAP,120.0,0.72917895073263,"{""alternating"": 1, ""cutoff"": 0.0, ""smooth"": 10}",experiments/sleep/gru/density_hard/seed_2_objective_e20_bs32_eval5/results/scores.csv,seed_2_objective_e20_bs32_eval5,experiments/sleep/gru/density_hard/seed_2_objective_e20_bs32_eval5,sparse,mAP,0.003,0.0,0.1,True,5.0,50.0,"[12, 36, 60, 90, 120, 150, 180, 240, 300, 360]","[12, 36, 60, 90, 120, 150, 180, 240, 300, 360]",793.473116191999
sleep,gru,density_hard,2,120960,10,stat,4,20,32,True,True,cuda,objective_e20_bs32_eval5,3,"['none', 10]",True,True,event-detection-pdf,,P3-gru-main-seeds,,offline,"paper-density-likelihood-rewrite,sleep,P3,main-seeds",True,['density_hard'],experiments/sleep/gru/density_hard/seed_2_objective_e20_bs32_eval5/predictions,tolerance,tuned,density_hard,mAP,mAP,150.0,0.7572001760218636,"{""alternating"": 1, ""cutoff"": 0.0, ""smooth"": 10}",experiments/sleep/gru/density_hard/seed_2_objective_e20_bs32_eval5/results/scores.csv,seed_2_objective_e20_bs32_eval5,experiments/sleep/gru/density_hard/seed_2_objective_e20_bs32_eval5,sparse,mAP,0.003,0.0,0.1,True,5.0,50.0,"[12, 36, 60, 90, 120, 150, 180, 240, 300, 360]","[12, 36, 60, 90, 120, 150, 180, 240, 300, 360]",793.473116191999
sleep,gru,density_hard,2,120960,10,stat,4,20,32,True,True,cuda,objective_e20_bs32_eval5,3,"['none', 10]",True,True,event-detection-pdf,,P3-gru-main-seeds,,offline,"paper-density-likelihood-rewrite,sleep,P3,main-seeds",True,['density_hard'],experiments/sleep/gru/density_hard/seed_2_objective_e20_bs32_eval5/predictions,tolerance,tuned,density_hard,mAP,mAP,180.0,0.7825730127127074,"{""alternating"": 1, ""cutoff"": 0.0, ""smooth"": 10}",experiments/sleep/gru/density_hard/seed_2_objective_e20_bs32_eval5/results/scores.csv,seed_2_objective_e20_bs32_eval5,experiments/sleep/gru/density_hard/seed_2_objective_e20_bs32_eval5,sparse,mAP,0.003,0.0,0.1,True,5.0,50.0,"[12, 36, 60, 90, 120, 150, 180, 240, 300, 360]","[12, 36, 60, 90, 120, 150, 180, 240, 300, 360]",793.473116191999
sleep,gru,density_hard,2,120960,10,stat,4,20,32,True,True,cuda,objective_e20_bs32_eval5,3,"['none', 10]",True,True,event-detection-pdf,,P3-gru-main-seeds,,offline,"paper-density-likelihood-rewrite,sleep,P3,main-seeds",True,['density_hard'],experiments/sleep/gru/density_hard/seed_2_objective_e20_bs32_eval5/predictions,tolerance,tuned,density_hard,mAP,mAP,240.0,0.8080295599756256,"{""alternating"": 1, ""cutoff"": 0.0, ""smooth"": 10}",experiments/sleep/gru/density_hard/seed_2_objective_e20_bs32_eval5/results/scores.csv,seed_2_objective_e20_bs32_eval5,experiments/sleep/gru/density_hard/seed_2_objective_e20_bs32_eval5,sparse,mAP,0.003,0.0,0.1,True,5.0,50.0,"[12, 36, 60, 90, 120, 150, 180, 240, 300, 360]","[12, 36, 60, 90, 120, 150, 180, 240, 300, 360]",793.473116191999
sleep,gru,density_hard,2,120960,10,stat,4,20,32,True,True,cuda,objective_e20_bs32_eval5,3,"['none', 10]",True,True,event-detection-pdf,,P3-gru-main-seeds,,offline,"paper-density-likelihood-rewrite,sleep,P3,main-seeds",True,['density_hard'],experiments/sleep/gru/density_hard/seed_2_objective_e20_bs32_eval5/predictions,tolerance,tuned,density_hard,mAP,mAP,300.0,0.8262245293156804,"{""alternating"": 1, ""cutoff"": 0.0, ""smooth"": 10}",experiments/sleep/gru/density_hard/seed_2_objective_e20_bs32_eval5/results/scores.csv,seed_2_objective_e20_bs32_eval5,experiments/sleep/gru/density_hard/seed_2_objective_e20_bs32_eval5,sparse,mAP,0.003,0.0,0.1,True,5.0,50.0,"[12, 36, 60, 90, 120, 150, 180, 240, 300, 360]","[12, 36, 60, 90, 120, 150, 180, 240, 300, 360]",793.473116191999
sleep,gru,density_hard,2,120960,10,stat,4,20,32,True,True,cuda,objective_e20_bs32_eval5,3,"['none', 10]",True,True,event-detection-pdf,,P3-gru-main-seeds,,offline,"paper-density-likelihood-rewrite,sleep,P3,main-seeds",True,['density_hard'],experiments/sleep/gru/density_hard/seed_2_objective_e20_bs32_eval5/predictions,tolerance,tuned,density_hard,mAP,mAP,360.0,0.8381424032389235,"{""alternating"": 1, ""cutoff"": 0.0, ""smooth"": 10}",experiments/sleep/gru/density_hard/seed_2_objective_e20_bs32_eval5/results/scores.csv,seed_2_objective_e20_bs32_eval5,experiments/sleep/gru/density_hard/seed_2_objective_e20_bs32_eval5,sparse,mAP,0.003,0.0,0.1,True,5.0,50.0,"[12, 36, 60, 90, 120, 150, 180, 240, 300, 360]","[12, 36, 60, 90, 120, 150, 180, 240, 300, 360]",793.473116191999
sleep,gru,density_hard,2,120960,10,stat,4,20,32,True,True,cuda,objective_e20_bs32_eval5,3,"['none', 10]",True,True,event-detection-pdf,,P3-gru-main-seeds,,offline,"paper-density-likelihood-rewrite,sleep,P3,main-seeds",True,['density_hard'],experiments/sleep/gru/density_hard/seed_2_objective_e20_bs32_eval5/predictions,summary,tuned,density_hard,mf1,mAP,,0.683004424421913,"{""alternating"": 1, ""cutoff"": 0.0, ""smooth"": 10}",experiments/sleep/gru/density_hard/seed_2_objective_e20_bs32_eval5/results/scores.csv,seed_2_objective_e20_bs32_eval5,experiments/sleep/gru/density_hard/seed_2_objective_e20_bs32_eval5,sparse,mAP,0.003,0.0,0.1,True,5.0,50.0,"[12, 36, 60, 90, 120, 150, 180, 240, 300, 360]","[12, 36, 60, 90, 120, 150, 180, 240, 300, 360]",793.473116191999
sleep,gru,density_hard,2,120960,10,stat,4,20,32,True,True,cuda,objective_e20_bs32_eval5,3,"['none', 10]",True,True,event-detection-pdf,,P3-gru-main-seeds,,offline,"paper-density-likelihood-rewrite,sleep,P3,main-seeds",True,['density_hard'],experiments/sleep/gru/density_hard/seed_2_objective_e20_bs32_eval5/predictions,summary,tuned,density_hard,mf1,mf1,,0.7325707001877424,"{""alternating"": 1, ""cutoff"": 0.0, ""smooth"": 10}",experiments/sleep/gru/density_hard/seed_2_objective_e20_bs32_eval5/results/scores.csv,seed_2_objective_e20_bs32_eval5,experiments/sleep/gru/density_hard/seed_2_objective_e20_bs32_eval5,sparse,mAP,0.003,0.0,0.1,True,5.0,50.0,"[12, 36, 60, 90, 120, 150, 180, 240, 300, 360]","[12, 36, 60, 90, 120, 150, 180, 240, 300, 360]",793.473116191999
sleep,gru,density_hard,2,120960,10,stat,4,20,32,True,True,cuda,objective_e20_bs32_eval5,3,"['none', 10]",True,True,event-detection-pdf,,P3-gru-main-seeds,,offline,"paper-density-likelihood-rewrite,sleep,P3,main-seeds",True,['density_hard'],experiments/sleep/gru/density_hard/seed_2_objective_e20_bs32_eval5/predictions,tolerance,tuned,density_hard,mf1,mf1,12.0,0.4080121076268755,"{""alternating"": 1, ""cutoff"": 0.0, ""smooth"": 10}",experiments/sleep/gru/density_hard/seed_2_objective_e20_bs32_eval5/results/scores.csv,seed_2_objective_e20_bs32_eval5,experiments/sleep/gru/density_hard/seed_2_objective_e20_bs32_eval5,sparse,mAP,0.003,0.0,0.1,True,5.0,50.0,"[12, 36, 60, 90, 120, 150, 180, 240, 300, 360]","[12, 36, 60, 90, 120, 150, 180, 240, 300, 360]",793.473116191999
sleep,gru,density_hard,2,120960,10,stat,4,20,32,True,True,cuda,objective_e20_bs32_eval5,3,"['none', 10]",True,True,event-detection-pdf,,P3-gru-main-seeds,,offline,"paper-density-likelihood-rewrite,sleep,P3,main-seeds",True,['density_hard'],experiments/sleep/gru/density_hard/seed_2_objective_e20_bs32_eval5/predictions,tolerance,tuned,density_hard,mf1,mf1,36.0,0.6406328763203051,"{""alternating"": 1, ""cutoff"": 0.0, ""smooth"": 10}",experiments/sleep/gru/density_hard/seed_2_objective_e20_bs32_eval5/results/scores.csv,seed_2_objective_e20_bs32_eval5,experiments/sleep/gru/density_hard/seed_2_objective_e20_bs32_eval5,sparse,mAP,0.003,0.0,0.1,True,5.0,50.0,"[12, 36, 60, 90, 120, 150, 180, 240, 300, 360]","[12, 36, 60, 90, 120, 150, 180, 240, 300, 360]",793.473116191999
sleep,gru,density_hard,2,120960,10,stat,4,20,32,True,True,cuda,objective_e20_bs32_eval5,3,"['none', 10]",True,True,event-detection-pdf,,P3-gru-main-seeds,,offline,"paper-density-likelihood-rewrite,sleep,P3,main-seeds",True,['density_hard'],experiments/sleep/gru/density_hard/seed_2_objective_e20_bs32_eval5/predictions,tolerance,tuned,density_hard,mf1,mf1,60.0,0.7033033508525677,"{""alternating"": 1, ""cutoff"": 0.0, ""smooth"": 10}",experiments/sleep/gru/density_hard/seed_2_objective_e20_bs32_eval5/results/scores.csv,seed_2_objective_e20_bs32_eval5,experiments/sleep/gru/density_hard/seed_2_objective_e20_bs32_eval5,sparse,mAP,0.003,0.0,0.1,True,5.0,50.0,"[12, 36, 60, 90, 120, 150, 180, 240, 300, 360]","[12, 36, 60, 90, 120, 150, 180, 240, 300, 360]",793.473116191999
sleep,gru,density_hard,2,120960,10,stat,4,20,32,True,True,cuda,objective_e20_bs32_eval5,3,"['none', 10]",True,True,event-detection-pdf,,P3-gru-main-seeds,,offline,"paper-density-likelihood-rewrite,sleep,P3,main-seeds",True,['density_hard'],experiments/sleep/gru/density_hard/seed_2_objective_e20_bs32_eval5/predictions,tolerance,tuned,density_hard,mf1,mf1,90.0,0.7424621178195421,"{""alternating"": 1, ""cutoff"": 0.0, ""smooth"": 10}",experiments/sleep/gru/density_hard/seed_2_objective_e20_bs32_eval5/results/scores.csv,seed_2_objective_e20_bs32_eval5,experiments/sleep/gru/density_hard/seed_2_objective_e20_bs32_eval5,sparse,mAP,0.003,0.0,0.1,True,5.0,50.0,"[12, 36, 60, 90, 120, 150, 180, 240, 300, 360]","[12, 36, 60, 90, 120, 150, 180, 240, 300, 360]",793.473116191999
sleep,gru,density_hard,2,120960,10,stat,4,20,32,True,True,cuda,objective_e20_bs32_eval5,3,"['none', 10]",True,True,event-detection-pdf,,P3-gru-main-seeds,,offline,"paper-density-likelihood-rewrite,sleep,P3,main-seeds",True,['density_hard'],experiments/sleep/gru/density_hard/seed_2_objective_e20_bs32_eval5/predictions,tolerance,tuned,density_hard,mf1,mf1,120.0,0.7672541880351726,"{""alternating"": 1, ""cutoff"": 0.0, ""smooth"": 10}",experiments/sleep/gru/density_hard/seed_2_objective_e20_bs32_eval5/results/scores.csv,seed_2_objective_e20_bs32_eval5,experiments/sleep/gru/density_hard/seed_2_objective_e20_bs32_eval5,sparse,mAP,0.003,0.0,0.1,True,5.0,50.0,"[12, 36, 60, 90, 120, 150, 180, 240, 300, 360]","[12, 36, 60, 90, 120, 150, 180, 240, 300, 360]",793.473116191999
sleep,gru,density_hard,2,120960,10,stat,4,20,32,True,True,cuda,objective_e20_bs32_eval5,3,"['none', 10]",True,True,event-detection-pdf,,P3-gru-main-seeds,,offline,"paper-density-likelihood-rewrite,sleep,P3,main-seeds",True,['density_hard'],experiments/sleep/gru/density_hard/seed_2_objective_e20_bs32_eval5/predictions,tolerance,tuned,density_hard,mf1,mf1,150.0,0.7846967806673348,"{""alternating"": 1, ""cutoff"": 0.0, ""smooth"": 10}",experiments/sleep/gru/density_hard/seed_2_objective_e20_bs32_eval5/results/scores.csv,seed_2_objective_e20_bs32_eval5,experiments/sleep/gru/density_hard/seed_2_objective_e20_bs32_eval5,sparse,mAP,0.003,0.0,0.1,True,5.0,50.0,"[12, 36, 60, 90, 120, 150, 180, 240, 300, 360]","[12, 36, 60, 90, 120, 150, 180, 240, 300, 360]",793.473116191999
sleep,gru,density_hard,2,120960,10,stat,4,20,32,True,True,cuda,objective_e20_bs32_eval5,3,"['none', 10]",True,True,event-detection-pdf,,P3-gru-main-seeds,,offline,"paper-density-likelihood-rewrite,sleep,P3,main-seeds",True,['density_hard'],experiments/sleep/gru/density_hard/seed_2_objective_e20_bs32_eval5/predictions,tolerance,tuned,density_hard,mf1,mf1,180.0,0.800381378624561,"{""alternating"": 1, ""cutoff"": 0.0, ""smooth"": 10}",experiments/sleep/gru/density_hard/seed_2_objective_e20_bs32_eval5/results/scores.csv,seed_2_objective_e20_bs32_eval5,experiments/sleep/gru/density_hard/seed_2_objective_e20_bs32_eval5,sparse,mAP,0.003,0.0,0.1,True,5.0,50.0,"[12, 36, 60, 90, 120, 150, 180, 240, 300, 360]","[12, 36, 60, 90, 120, 150, 180, 240, 300, 360]",793.473116191999
sleep,gru,density_hard,2,120960,10,stat,4,20,32,True,True,cuda,objective_e20_bs32_eval5,3,"['none', 10]",True,True,event-detection-pdf,,P3-gru-main-seeds,,offline,"paper-density-likelihood-rewrite,sleep,P3,main-seeds",True,['density_hard'],experiments/sleep/gru/density_hard/seed_2_objective_e20_bs32_eval5/predictions,tolerance,tuned,density_hard,mf1,mf1,240.0,0.8154736531392123,"{""alternating"": 1, ""cutoff"": 0.0, ""smooth"": 10}",experiments/sleep/gru/density_hard/seed_2_objective_e20_bs32_eval5/results/scores.csv,seed_2_objective_e20_bs32_eval5,experiments/sleep/gru/density_hard/seed_2_objective_e20_bs32_eval5,sparse,mAP,0.003,0.0,0.1,True,5.0,50.0,"[12, 36, 60, 90, 120, 150, 180, 240, 300, 360]","[12, 36, 60, 90, 120, 150, 180, 240, 300, 360]",793.473116191999
sleep,gru,density_hard,2,120960,10,stat,4,20,32,True,True,cuda,objective_e20_bs32_eval5,3,"['none', 10]",True,True,event-detection-pdf,,P3-gru-main-seeds,,offline,"paper-density-likelihood-rewrite,sleep,P3,main-seeds",True,['density_hard'],experiments/sleep/gru/density_hard/seed_2_objective_e20_bs32_eval5/predictions,tolerance,tuned,density_hard,mf1,mf1,300.0,0.8276377079980578,"{""alternating"": 1, ""cutoff"": 0.0, ""smooth"": 10}",experiments/sleep/gru/density_hard/seed_2_objective_e20_bs32_eval5/results/scores.csv,seed_2_objective_e20_bs32_eval5,experiments/sleep/gru/density_hard/seed_2_objective_e20_bs32_eval5,sparse,mAP,0.003,0.0,0.1,True,5.0,50.0,"[12, 36, 60, 90, 120, 150, 180, 240, 300, 360]","[12, 36, 60, 90, 120, 150, 180, 240, 300, 360]",793.473116191999
sleep,gru,density_hard,2,120960,10,stat,4,20,32,True,True,cuda,objective_e20_bs32_eval5,3,"['none', 10]",True,True,event-detection-pdf,,P3-gru-main-seeds,,offline,"paper-density-likelihood-rewrite,sleep,P3,main-seeds",True,['density_hard'],experiments/sleep/gru/density_hard/seed_2_objective_e20_bs32_eval5/predictions,tolerance,tuned,density_hard,mf1,mf1,360.0,0.8358528407937957,"{""alternating"": 1, ""cutoff"": 0.0, ""smooth"": 10}",experiments/sleep/gru/density_hard/seed_2_objective_e20_bs32_eval5/results/scores.csv,seed_2_objective_e20_bs32_eval5,experiments/sleep/gru/density_hard/seed_2_objective_e20_bs32_eval5,sparse,mAP,0.003,0.0,0.1,True,5.0,50.0,"[12, 36, 60, 90, 120, 150, 180, 240, 300, 360]","[12, 36, 60, 90, 120, 150, 180, 240, 300, 360]",793.473116191999
sleep,gru,gau,0,120960,10,stat,4,20,32,True,True,cuda,objective_e20_bs32_eval5,3,"['none', 10]",True,True,event-detection-pdf,,P2-gru-objective-sweep-score,,offline,"paper-density-likelihood-rewrite,sleep,P2,score",True,['gau'],experiments/sleep/gru/gau/seed_0_objective_e20_bs32_eval5/predictions,summary,default,gau,,mAP,,0.581313101728671,{},experiments/sleep/gru/gau/seed_0_objective_e20_bs32_eval5/results/scores.csv,seed_0_objective_e20_bs32_eval5,experiments/sleep/gru/gau/seed_0_objective_e20_bs32_eval5,,,,,,,,,,,
sleep,gru,gau,0,120960,10,stat,4,20,32,True,True,cuda,objective_e20_bs32_eval5,3,"['none', 10]",True,True,event-detection-pdf,,P2-gru-objective-sweep-score,,offline,"paper-density-likelihood-rewrite,sleep,P2,score",True,['gau'],experiments/sleep/gru/gau/seed_0_objective_e20_bs32_eval5/predictions,summary,default,gau,,mf1,,0.6780563280598458,{},experiments/sleep/gru/gau/seed_0_objective_e20_bs32_eval5/results/scores.csv,seed_0_objective_e20_bs32_eval5,experiments/sleep/gru/gau/seed_0_objective_e20_bs32_eval5,,,,,,,,,,,
sleep,gru,gau,0,120960,10,stat,4,20,32,True,True,cuda,objective_e20_bs32_eval5,3,"['none', 10]",True,True,event-detection-pdf,,P2-gru-objective-sweep-score,,offline,"paper-density-likelihood-rewrite,sleep,P2,score",True,['gau'],experiments/sleep/gru/gau/seed_0_objective_e20_bs32_eval5/predictions,summary,tuned,gau,mAP,mAP,,0.5834302570919555,"{""alternating"": 0, ""cutoff"": 0.0, ""smooth"": 10}",experiments/sleep/gru/gau/seed_0_objective_e20_bs32_eval5/results/scores.csv,seed_0_objective_e20_bs32_eval5,experiments/sleep/gru/gau/seed_0_objective_e20_bs32_eval5,,,,,,,,,,,
sleep,gru,gau,0,120960,10,stat,4,20,32,True,True,cuda,objective_e20_bs32_eval5,3,"['none', 10]",True,True,event-detection-pdf,,P2-gru-objective-sweep-score,,offline,"paper-density-likelihood-rewrite,sleep,P2,score",True,['gau'],experiments/sleep/gru/gau/seed_0_objective_e20_bs32_eval5/predictions,summary,tuned,gau,mAP,mf1,,0.6793197469889245,"{""alternating"": 0, ""cutoff"": 0.0, ""smooth"": 10}",experiments/sleep/gru/gau/seed_0_objective_e20_bs32_eval5/results/scores.csv,seed_0_objective_e20_bs32_eval5,experiments/sleep/gru/gau/seed_0_objective_e20_bs32_eval5,,,,,,,,,,,
sleep,gru,gau,0,120960,10,stat,4,20,32,True,True,cuda,objective_e20_bs32_eval5,3,"['none', 10]",True,True,event-detection-pdf,,P2-gru-objective-sweep-score,,offline,"paper-density-likelihood-rewrite,sleep,P2,score",True,['gau'],experiments/sleep/gru/gau/seed_0_objective_e20_bs32_eval5/predictions,tolerance,tuned,gau,mAP,mAP,12.0,0.0561714076519694,"{""alternating"": 0, ""cutoff"": 0.0, ""smooth"": 10}",experiments/sleep/gru/gau/seed_0_objective_e20_bs32_eval5/results/scores.csv,seed_0_objective_e20_bs32_eval5,experiments/sleep/gru/gau/seed_0_objective_e20_bs32_eval5,,,,,,,,,,,
sleep,gru,gau,0,120960,10,stat,4,20,32,True,True,cuda,objective_e20_bs32_eval5,3,"['none', 10]",True,True,event-detection-pdf,,P2-gru-objective-sweep-score,,offline,"paper-density-likelihood-rewrite,sleep,P2,score",True,['gau'],experiments/sleep/gru/gau/seed_0_objective_e20_bs32_eval5/predictions,tolerance,tuned,gau,mAP,mAP,36.0,0.346715352676006,"{""alternating"": 0, ""cutoff"": 0.0, ""smooth"": 10}",experiments/sleep/gru/gau/seed_0_objective_e20_bs32_eval5/results/scores.csv,seed_0_objective_e20_bs32_eval5,experiments/sleep/gru/gau/seed_0_objective_e20_bs32_eval5,,,,,,,,,,,
sleep,gru,gau,0,120960,10,stat,4,20,32,True,True,cuda,objective_e20_bs32_eval5,3,"['none', 10]",True,True,event-detection-pdf,,P2-gru-objective-sweep-score,,offline,"paper-density-likelihood-rewrite,sleep,P2,score",True,['gau'],experiments/sleep/gru/gau/seed_0_objective_e20_bs32_eval5/predictions,tolerance,tuned,gau,mAP,mAP,60.0,0.5054856773232699,"{""alternating"": 0, ""cutoff"": 0.0, ""smooth"": 10}",experiments/sleep/gru/gau/seed_0_objective_e20_bs32_eval5/results/scores.csv,seed_0_objective_e20_bs32_eval5,experiments/sleep/gru/gau/seed_0_objective_e20_bs32_eval5,,,,,,,,,,,
sleep,gru,gau,0,120960,10,stat,4,20,32,True,True,cuda,objective_e20_bs32_eval5,3,"['none', 10]",True,True,event-detection-pdf,,P2-gru-objective-sweep-score,,offline,"paper-density-likelihood-rewrite,sleep,P2,score",True,['gau'],experiments/sleep/gru/gau/seed_0_objective_e20_bs32_eval5/predictions,tolerance,tuned,gau,mAP,mAP,90.0,0.5957855571774262,"{""alternating"": 0, ""cutoff"": 0.0, ""smooth"": 10}",experiments/sleep/gru/gau/seed_0_objective_e20_bs32_eval5/results/scores.csv,seed_0_objective_e20_bs32_eval5,experiments/sleep/gru/gau/seed_0_objective_e20_bs32_eval5,,,,,,,,,,,
sleep,gru,gau,0,120960,10,stat,4,20,32,True,True,cuda,objective_e20_bs32_eval5,3,"['none', 10]",True,True,event-detection-pdf,,P2-gru-objective-sweep-score,,offline,"paper-density-likelihood-rewrite,sleep,P2,score",True,['gau'],experiments/sleep/gru/gau/seed_0_objective_e20_bs32_eval5/predictions,tolerance,tuned,gau,mAP,mAP,120.0,0.6472764748146109,"{""alternating"": 0, ""cutoff"": 0.0, ""smooth"": 10}",experiments/sleep/gru/gau/seed_0_objective_e20_bs32_eval5/results/scores.csv,seed_0_objective_e20_bs32_eval5,experiments/sleep/gru/gau/seed_0_objective_e20_bs32_eval5,,,,,,,,,,,
sleep,gru,gau,0,120960,10,stat,4,20,32,True,True,cuda,objective_e20_bs32_eval5,3,"['none', 10]",True,True,event-detection-pdf,,P2-gru-objective-sweep-score,,offline,"paper-density-likelihood-rewrite,sleep,P2,score",True,['gau'],experiments/sleep/gru/gau/seed_0_objective_e20_bs32_eval5/predictions,tolerance,tuned,gau,mAP,mAP,150.0,0.6816715592276057,"{""alternating"": 0, ""cutoff"": 0.0, ""smooth"": 10}",experiments/sleep/gru/gau/seed_0_objective_e20_bs32_eval5/results/scores.csv,seed_0_objective_e20_bs32_eval5,experiments/sleep/gru/gau/seed_0_objective_e20_bs32_eval5,,,,,,,,,,,
sleep,gru,gau,0,120960,10,stat,4,20,32,True,True,cuda,objective_e20_bs32_eval5,3,"['none', 10]",True,True,event-detection-pdf,,P2-gru-objective-sweep-score,,offline,"paper-density-likelihood-rewrite,sleep,P2,score",True,['gau'],experiments/sleep/gru/gau/seed_0_objective_e20_bs32_eval5/predictions,tolerance,tuned,gau,mAP,mAP,180.0,0.7120856491572767,"{""alternating"": 0, ""cutoff"": 0.0, ""smooth"": 10}",experiments/sleep/gru/gau/seed_0_objective_e20_bs32_eval5/results/scores.csv,seed_0_objective_e20_bs32_eval5,experiments/sleep/gru/gau/seed_0_objective_e20_bs32_eval5,,,,,,,,,,,
sleep,gru,gau,0,120960,10,stat,4,20,32,True,True,cuda,objective_e20_bs32_eval5,3,"['none', 10]",True,True,event-detection-pdf,,P2-gru-objective-sweep-score,,offline,"paper-density-likelihood-rewrite,sleep,P2,score",True,['gau'],experiments/sleep/gru/gau/seed_0_objective_e20_bs32_eval5/predictions,tolerance,tuned,gau,mAP,mAP,240.0,0.7429995132088758,"{""alternating"": 0, ""cutoff"": 0.0, ""smooth"": 10}",experiments/sleep/gru/gau/seed_0_objective_e20_bs32_eval5/results/scores.csv,seed_0_objective_e20_bs32_eval5,experiments/sleep/gru/gau/seed_0_objective_e20_bs32_eval5,,,,,,,,,,,
sleep,gru,gau,0,120960,10,stat,4,20,32,True,True,cuda,objective_e20_bs32_eval5,3,"['none', 10]",True,True,event-detection-pdf,,P2-gru-objective-sweep-score,,offline,"paper-density-likelihood-rewrite,sleep,P2,score",True,['gau'],experiments/sleep/gru/gau/seed_0_objective_e20_bs32_eval5/predictions,tolerance,tuned,gau,mAP,mAP,300.0,0.7646405669187718,"{""alternating"": 0, ""cutoff"": 0.0, ""smooth"": 10}",experiments/sleep/gru/gau/seed_0_objective_e20_bs32_eval5/results/scores.csv,seed_0_objective_e20_bs32_eval5,experiments/sleep/gru/gau/seed_0_objective_e20_bs32_eval5,,,,,,,,,,,
sleep,gru,gau,0,120960,10,stat,4,20,32,True,True,cuda,objective_e20_bs32_eval5,3,"['none', 10]",True,True,event-detection-pdf,,P2-gru-objective-sweep-score,,offline,"paper-density-likelihood-rewrite,sleep,P2,score",True,['gau'],experiments/sleep/gru/gau/seed_0_objective_e20_bs32_eval5/predictions,tolerance,tuned,gau,mAP,mAP,360.0,0.7814708127637431,"{""alternating"": 0, ""cutoff"": 0.0, ""smooth"": 10}",experiments/sleep/gru/gau/seed_0_objective_e20_bs32_eval5/results/scores.csv,seed_0_objective_e20_bs32_eval5,experiments/sleep/gru/gau/seed_0_objective_e20_bs32_eval5,,,,,,,,,,,
sleep,gru,gau,0,120960,10,stat,4,20,32,True,True,cuda,objective_e20_bs32_eval5,3,"['none', 10]",True,True,event-detection-pdf,,P2-gru-objective-sweep-score,,offline,"paper-density-likelihood-rewrite,sleep,P2,score",True,['gau'],experiments/sleep/gru/gau/seed_0_objective_e20_bs32_eval5/predictions,summary,tuned,gau,mf1,mAP,,0.5804886078593238,"{""alternating"": 1, ""cutoff"": 0.0, ""smooth"": 10}",experiments/sleep/gru/gau/seed_0_objective_e20_bs32_eval5/results/scores.csv,seed_0_objective_e20_bs32_eval5,experiments/sleep/gru/gau/seed_0_objective_e20_bs32_eval5,,,,,,,,,,,
sleep,gru,gau,0,120960,10,stat,4,20,32,True,True,cuda,objective_e20_bs32_eval5,3,"['none', 10]",True,True,event-detection-pdf,,P2-gru-objective-sweep-score,,offline,"paper-density-likelihood-rewrite,sleep,P2,score",True,['gau'],experiments/sleep/gru/gau/seed_0_objective_e20_bs32_eval5/predictions,summary,tuned,gau,mf1,mf1,,0.6804184729763307,"{""alternating"": 1, ""cutoff"": 0.0, ""smooth"": 10}",experiments/sleep/gru/gau/seed_0_objective_e20_bs32_eval5/results/scores.csv,seed_0_objective_e20_bs32_eval5,experiments/sleep/gru/gau/seed_0_objective_e20_bs32_eval5,,,,,,,,,,,
sleep,gru,gau,0,120960,10,stat,4,20,32,True,True,cuda,objective_e20_bs32_eval5,3,"['none', 10]",True,True,event-detection-pdf,,P2-gru-objective-sweep-score,,offline,"paper-density-likelihood-rewrite,sleep,P2,score",True,['gau'],experiments/sleep/gru/gau/seed_0_objective_e20_bs32_eval5/predictions,tolerance,tuned,gau,mf1,mf1,12.0,0.2051083201285761,"{""alternating"": 1, ""cutoff"": 0.0, ""smooth"": 10}",experiments/sleep/gru/gau/seed_0_objective_e20_bs32_eval5/results/scores.csv,seed_0_objective_e20_bs32_eval5,experiments/sleep/gru/gau/seed_0_objective_e20_bs32_eval5,,,,,,,,,,,
sleep,gru,gau,0,120960,10,stat,4,20,32,True,True,cuda,objective_e20_bs32_eval5,3,"['none', 10]",True,True,event-detection-pdf,,P2-gru-objective-sweep-score,,offline,"paper-density-likelihood-rewrite,sleep,P2,score",True,['gau'],experiments/sleep/gru/gau/seed_0_objective_e20_bs32_eval5/predictions,tolerance,tuned,gau,mf1,mf1,36.0,0.5262881765389207,"{""alternating"": 1, ""cutoff"": 0.0, ""smooth"": 10}",experiments/sleep/gru/gau/seed_0_objective_e20_bs32_eval5/results/scores.csv,seed_0_objective_e20_bs32_eval5,experiments/sleep/gru/gau/seed_0_objective_e20_bs32_eval5,,,,,,,,,,,
sleep,gru,gau,0,120960,10,stat,4,20,32,True,True,cuda,objective_e20_bs32_eval5,3,"['none', 10]",True,True,event-detection-pdf,,P2-gru-objective-sweep-score,,offline,"paper-density-likelihood-rewrite,sleep,P2,score",True,['gau'],experiments/sleep/gru/gau/seed_0_objective_e20_bs32_eval5/predictions,tolerance,tuned,gau,mf1,mf1,60.0,0.6485211277783849,"{""alternating"": 1, ""cutoff"": 0.0, ""smooth"": 10}",experiments/sleep/gru/gau/seed_0_objective_e20_bs32_eval5/results/scores.csv,seed_0_objective_e20_bs32_eval5,experiments/sleep/gru/gau/seed_0_objective_e20_bs32_eval5,,,,,,,,,,,
sleep,gru,gau,0,120960,10,stat,4,20,32,True,True,cuda,objective_e20_bs32_eval5,3,"['none', 10]",True,True,event-detection-pdf,,P2-gru-objective-sweep-score,,offline,"paper-density-likelihood-rewrite,sleep,P2,score",True,['gau'],experiments/sleep/gru/gau/seed_0_objective_e20_bs32_eval5/predictions,tolerance,tuned,gau,mf1,mf1,90.0,0.7075253185410553,"{""alternating"": 1, ""cutoff"": 0.0, ""smooth"": 10}",experiments/sleep/gru/gau/seed_0_objective_e20_bs32_eval5/results/scores.csv,seed_0_objective_e20_bs32_eval5,experiments/sleep/gru/gau/seed_0_objective_e20_bs32_eval5,,,,,,,,,,,
sleep,gru,gau,0,120960,10,stat,4,20,32,True,True,cuda,objective_e20_bs32_eval5,3,"['none', 10]",True,True,event-detection-pdf,,P2-gru-objective-sweep-score,,offline,"paper-density-likelihood-rewrite,sleep,P2,score",True,['gau'],experiments/sleep/gru/gau/seed_0_objective_e20_bs32_eval5/predictions,tolerance,tuned,gau,mf1,mf1,120.0,0.7413165091832803,"{""alternating"": 1, ""cutoff"": 0.0, ""smooth"": 10}",experiments/sleep/gru/gau/seed_0_objective_e20_bs32_eval5/results/scores.csv,seed_0_objective_e20_bs32_eval5,experiments/sleep/gru/gau/seed_0_objective_e20_bs32_eval5,,,,,,,,,,,
sleep,gru,gau,0,120960,10,stat,4,20,32,True,True,cuda,objective_e20_bs32_eval5,3,"['none', 10]",True,True,event-detection-pdf,,P2-gru-objective-sweep-score,,offline,"paper-density-likelihood-rewrite,sleep,P2,score",True,['gau'],experiments/sleep/gru/gau/seed_0_objective_e20_bs32_eval5/predictions,tolerance,tuned,gau,mf1,mf1,150.0,0.7630609098057475,"{""alternating"": 1, ""cutoff"": 0.0, ""smooth"": 10}",experiments/sleep/gru/gau/seed_0_objective_e20_bs32_eval5/results/scores.csv,seed_0_objective_e20_bs32_eval5,experiments/sleep/gru/gau/seed_0_objective_e20_bs32_eval5,,,,,,,,,,,
sleep,gru,gau,0,120960,10,stat,4,20,32,True,True,cuda,objective_e20_bs32_eval5,3,"['none', 10]",True,True,event-detection-pdf,,P2-gru-objective-sweep-score,,offline,"paper-density-likelihood-rewrite,sleep,P2,score",True,['gau'],experiments/sleep/gru/gau/seed_0_objective_e20_bs32_eval5/predictions,tolerance,tuned,gau,mf1,mf1,180.0,0.7801842554011907,"{""alternating"": 1, ""cutoff"": 0.0, ""smooth"": 10}",experiments/sleep/gru/gau/seed_0_objective_e20_bs32_eval5/results/scores.csv,seed_0_objective_e20_bs32_eval5,experiments/sleep/gru/gau/seed_0_objective_e20_bs32_eval5,,,,,,,,,,,
sleep,gru,gau,0,120960,10,stat,4,20,32,True,True,cuda,objective_e20_bs32_eval5,3,"['none', 10]",True,True,event-detection-pdf,,P2-gru-objective-sweep-score,,offline,"paper-density-likelihood-rewrite,sleep,P2,score",True,['gau'],experiments/sleep/gru/gau/seed_0_objective_e20_bs32_eval5/predictions,tolerance,tuned,gau,mf1,mf1,240.0,0.798893304890218,"{""alternating"": 1, ""cutoff"": 0.0, ""smooth"": 10}",experiments/sleep/gru/gau/seed_0_objective_e20_bs32_eval5/results/scores.csv,seed_0_objective_e20_bs32_eval5,experiments/sleep/gru/gau/seed_0_objective_e20_bs32_eval5,,,,,,,,,,,
sleep,gru,gau,0,120960,10,stat,4,20,32,True,True,cuda,objective_e20_bs32_eval5,3,"['none', 10]",True,True,event-detection-pdf,,P2-gru-objective-sweep-score,,offline,"paper-density-likelihood-rewrite,sleep,P2,score",True,['gau'],experiments/sleep/gru/gau/seed_0_objective_e20_bs32_eval5/predictions,tolerance,tuned,gau,mf1,mf1,300.0,0.8117116954178152,"{""alternating"": 1, ""cutoff"": 0.0, ""smooth"": 10}",experiments/sleep/gru/gau/seed_0_objective_e20_bs32_eval5/results/scores.csv,seed_0_objective_e20_bs32_eval5,experiments/sleep/gru/gau/seed_0_objective_e20_bs32_eval5,,,,,,,,,,,
sleep,gru,gau,0,120960,10,stat,4,20,32,True,True,cuda,objective_e20_bs32_eval5,3,"['none', 10]",True,True,event-detection-pdf,,P2-gru-objective-sweep-score,,offline,"paper-density-likelihood-rewrite,sleep,P2,score",True,['gau'],experiments/sleep/gru/gau/seed_0_objective_e20_bs32_eval5/predictions,tolerance,tuned,gau,mf1,mf1,360.0,0.8215751120781172,"{""alternating"": 1, ""cutoff"": 0.0, ""smooth"": 10}",experiments/sleep/gru/gau/seed_0_objective_e20_bs32_eval5/results/scores.csv,seed_0_objective_e20_bs32_eval5,experiments/sleep/gru/gau/seed_0_objective_e20_bs32_eval5,,,,,,,,,,,
sleep,gru,hard,0,120960,10,stat,4,20,32,True,True,cuda,objective_e20_bs32_eval5,3,"['none', 10]",True,True,event-detection-pdf,,P2-gru-objective-sweep-score,,offline,"paper-density-likelihood-rewrite,sleep,P2,score",True,['hard'],experiments/sleep/gru/hard/seed_0_objective_e20_bs32_eval5/predictions,summary,default,hard,,mAP,,0.5535573947387356,{},experiments/sleep/gru/hard/seed_0_objective_e20_bs32_eval5/results/scores.csv,seed_0_objective_e20_bs32_eval5,experiments/sleep/gru/hard/seed_0_objective_e20_bs32_eval5,,,,,,,,,,,
sleep,gru,hard,0,120960,10,stat,4,20,32,True,True,cuda,objective_e20_bs32_eval5,3,"['none', 10]",True,True,event-detection-pdf,,P2-gru-objective-sweep-score,,offline,"paper-density-likelihood-rewrite,sleep,P2,score",True,['hard'],experiments/sleep/gru/hard/seed_0_objective_e20_bs32_eval5/predictions,summary,default,hard,,mf1,,0.6827217225178397,{},experiments/sleep/gru/hard/seed_0_objective_e20_bs32_eval5/results/scores.csv,seed_0_objective_e20_bs32_eval5,experiments/sleep/gru/hard/seed_0_objective_e20_bs32_eval5,,,,,,,,,,,
sleep,gru,hard,0,120960,10,stat,4,20,32,True,True,cuda,objective_e20_bs32_eval5,3,"['none', 10]",True,True,event-detection-pdf,,P2-gru-objective-sweep-score,,offline,"paper-density-likelihood-rewrite,sleep,P2,score",True,['hard'],experiments/sleep/gru/hard/seed_0_objective_e20_bs32_eval5/predictions,summary,tuned,hard,mAP,mAP,,0.5855950637607844,"{""alternating"": 0, ""cutoff"": 0.0, ""smooth"": 10}",experiments/sleep/gru/hard/seed_0_objective_e20_bs32_eval5/results/scores.csv,seed_0_objective_e20_bs32_eval5,experiments/sleep/gru/hard/seed_0_objective_e20_bs32_eval5,,,,,,,,,,,
sleep,gru,hard,0,120960,10,stat,4,20,32,True,True,cuda,objective_e20_bs32_eval5,3,"['none', 10]",True,True,event-detection-pdf,,P2-gru-objective-sweep-score,,offline,"paper-density-likelihood-rewrite,sleep,P2,score",True,['hard'],experiments/sleep/gru/hard/seed_0_objective_e20_bs32_eval5/predictions,summary,tuned,hard,mAP,mf1,,0.6897055331455744,"{""alternating"": 0, ""cutoff"": 0.0, ""smooth"": 10}",experiments/sleep/gru/hard/seed_0_objective_e20_bs32_eval5/results/scores.csv,seed_0_objective_e20_bs32_eval5,experiments/sleep/gru/hard/seed_0_objective_e20_bs32_eval5,,,,,,,,,,,
sleep,gru,hard,0,120960,10,stat,4,20,32,True,True,cuda,objective_e20_bs32_eval5,3,"['none', 10]",True,True,event-detection-pdf,,P2-gru-objective-sweep-score,,offline,"paper-density-likelihood-rewrite,sleep,P2,score",True,['hard'],experiments/sleep/gru/hard/seed_0_objective_e20_bs32_eval5/predictions,tolerance,tuned,hard,mAP,mAP,12.0,0.1226174891137702,"{""alternating"": 0, ""cutoff"": 0.0, ""smooth"": 10}",experiments/sleep/gru/hard/seed_0_objective_e20_bs32_eval5/results/scores.csv,seed_0_objective_e20_bs32_eval5,experiments/sleep/gru/hard/seed_0_objective_e20_bs32_eval5,,,,,,,,,,,
sleep,gru,hard,0,120960,10,stat,4,20,32,True,True,cuda,objective_e20_bs32_eval5,3,"['none', 10]",True,True,event-detection-pdf,,P2-gru-objective-sweep-score,,offline,"paper-density-likelihood-rewrite,sleep,P2,score",True,['hard'],experiments/sleep/gru/hard/seed_0_objective_e20_bs32_eval5/predictions,tolerance,tuned,hard,mAP,mAP,36.0,0.4232856879589944,"{""alternating"": 0, ""cutoff"": 0.0, ""smooth"": 10}",experiments/sleep/gru/hard/seed_0_objective_e20_bs32_eval5/results/scores.csv,seed_0_objective_e20_bs32_eval5,experiments/sleep/gru/hard/seed_0_objective_e20_bs32_eval5,,,,,,,,,,,
sleep,gru,hard,0,120960,10,stat,4,20,32,True,True,cuda,objective_e20_bs32_eval5,3,"['none', 10]",True,True,event-detection-pdf,,P2-gru-objective-sweep-score,,offline,"paper-density-likelihood-rewrite,sleep,P2,score",True,['hard'],experiments/sleep/gru/hard/seed_0_objective_e20_bs32_eval5/predictions,tolerance,tuned,hard,mAP,mAP,60.0,0.5230207897636281,"{""alternating"": 0, ""cutoff"": 0.0, ""smooth"": 10}",experiments/sleep/gru/hard/seed_0_objective_e20_bs32_eval5/results/scores.csv,seed_0_objective_e20_bs32_eval5,experiments/sleep/gru/hard/seed_0_objective_e20_bs32_eval5,,,,,,,,,,,
sleep,gru,hard,0,120960,10,stat,4,20,32,True,True,cuda,objective_e20_bs32_eval5,3,"['none', 10]",True,True,event-detection-pdf,,P2-gru-objective-sweep-score,,offline,"paper-density-likelihood-rewrite,sleep,P2,score",True,['hard'],experiments/sleep/gru/hard/seed_0_objective_e20_bs32_eval5/predictions,tolerance,tuned,hard,mAP,mAP,90.0,0.588788820073644,"{""alternating"": 0, ""cutoff"": 0.0, ""smooth"": 10}",experiments/sleep/gru/hard/seed_0_objective_e20_bs32_eval5/results/scores.csv,seed_0_objective_e20_bs32_eval5,experiments/sleep/gru/hard/seed_0_objective_e20_bs32_eval5,,,,,,,,,,,
sleep,gru,hard,0,120960,10,stat,4,20,32,True,True,cuda,objective_e20_bs32_eval5,3,"['none', 10]",True,True,event-detection-pdf,,P2-gru-objective-sweep-score,,offline,"paper-density-likelihood-rewrite,sleep,P2,score",True,['hard'],experiments/sleep/gru/hard/seed_0_objective_e20_bs32_eval5/predictions,tolerance,tuned,hard,mAP,mAP,120.0,0.6306043496475191,"{""alternating"": 0, ""cutoff"": 0.0, ""smooth"": 10}",experiments/sleep/gru/hard/seed_0_objective_e20_bs32_eval5/results/scores.csv,seed_0_objective_e20_bs32_eval5,experiments/sleep/gru/hard/seed_0_objective_e20_bs32_eval5,,,,,,,,,,,
sleep,gru,hard,0,120960,10,stat,4,20,32,True,True,cuda,objective_e20_bs32_eval5,3,"['none', 10]",True,True,event-detection-pdf,,P2-gru-objective-sweep-score,,offline,"paper-density-likelihood-rewrite,sleep,P2,score",True,['hard'],experiments/sleep/gru/hard/seed_0_objective_e20_bs32_eval5/predictions,tolerance,tuned,hard,mAP,mAP,150.0,0.661795257894922,"{""alternating"": 0, ""cutoff"": 0.0, ""smooth"": 10}",experiments/sleep/gru/hard/seed_0_objective_e20_bs32_eval5/results/scores.csv,seed_0_objective_e20_bs32_eval5,experiments/sleep/gru/hard/seed_0_objective_e20_bs32_eval5,,,,,,,,,,,
sleep,gru,hard,0,120960,10,stat,4,20,32,True,True,cuda,objective_e20_bs32_eval5,3,"['none', 10]",True,True,event-detection-pdf,,P2-gru-objective-sweep-score,,offline,"paper-density-likelihood-rewrite,sleep,P2,score",True,['hard'],experiments/sleep/gru/hard/seed_0_objective_e20_bs32_eval5/predictions,tolerance,tuned,hard,mAP,mAP,180.0,0.6897230181564526,"{""alternating"": 0, ""cutoff"": 0.0, ""smooth"": 10}",experiments/sleep/gru/hard/seed_0_objective_e20_bs32_eval5/results/scores.csv,seed_0_objective_e20_bs32_eval5,experiments/sleep/gru/hard/seed_0_objective_e20_bs32_eval5,,,,,,,,,,,
sleep,gru,hard,0,120960,10,stat,4,20,32,True,True,cuda,objective_e20_bs32_eval5,3,"['none', 10]",True,True,event-detection-pdf,,P2-gru-objective-sweep-score,,offline,"paper-density-likelihood-rewrite,sleep,P2,score",True,['hard'],experiments/sleep/gru/hard/seed_0_objective_e20_bs32_eval5/predictions,tolerance,tuned,hard,mAP,mAP,240.0,0.7190845397265978,"{""alternating"": 0, ""cutoff"": 0.0, ""smooth"": 10}",experiments/sleep/gru/hard/seed_0_objective_e20_bs32_eval5/results/scores.csv,seed_0_objective_e20_bs32_eval5,experiments/sleep/gru/hard/seed_0_objective_e20_bs32_eval5,,,,,,,,,,,
sleep,gru,hard,0,120960,10,stat,4,20,32,True,True,cuda,objective_e20_bs32_eval5,3,"['none', 10]",True,True,event-detection-pdf,,P2-gru-objective-sweep-score,,offline,"paper-density-likelihood-rewrite,sleep,P2,score",True,['hard'],experiments/sleep/gru/hard/seed_0_objective_e20_bs32_eval5/predictions,tolerance,tuned,hard,mAP,mAP,300.0,0.7405953796850241,"{""alternating"": 0, ""cutoff"": 0.0, ""smooth"": 10}",experiments/sleep/gru/hard/seed_0_objective_e20_bs32_eval5/results/scores.csv,seed_0_objective_e20_bs32_eval5,experiments/sleep/gru/hard/seed_0_objective_e20_bs32_eval5,,,,,,,,,,,
sleep,gru,hard,0,120960,10,stat,4,20,32,True,True,cuda,objective_e20_bs32_eval5,3,"['none', 10]",True,True,event-detection-pdf,,P2-gru-objective-sweep-score,,offline,"paper-density-likelihood-rewrite,sleep,P2,score",True,['hard'],experiments/sleep/gru/hard/seed_0_objective_e20_bs32_eval5/predictions,tolerance,tuned,hard,mAP,mAP,360.0,0.756435305587291,"{""alternating"": 0, ""cutoff"": 0.0, ""smooth"": 10}",experiments/sleep/gru/hard/seed_0_objective_e20_bs32_eval5/results/scores.csv,seed_0_objective_e20_bs32_eval5,experiments/sleep/gru/hard/seed_0_objective_e20_bs32_eval5,,,,,,,,,,,
sleep,gru,hard,0,120960,10,stat,4,20,32,True,True,cuda,objective_e20_bs32_eval5,3,"['none', 10]",True,True,event-detection-pdf,,P2-gru-objective-sweep-score,,offline,"paper-density-likelihood-rewrite,sleep,P2,score",True,['hard'],experiments/sleep/gru/hard/seed_0_objective_e20_bs32_eval5/predictions,summary,tuned,hard,mf1,mAP,,0.5830281677139624,"{""alternating"": 1, ""cutoff"": 0.0, ""smooth"": 10}",experiments/sleep/gru/hard/seed_0_objective_e20_bs32_eval5/results/scores.csv,seed_0_objective_e20_bs32_eval5,experiments/sleep/gru/hard/seed_0_objective_e20_bs32_eval5,,,,,,,,,,,
sleep,gru,hard,0,120960,10,stat,4,20,32,True,True,cuda,objective_e20_bs32_eval5,3,"['none', 10]",True,True,event-detection-pdf,,P2-gru-objective-sweep-score,,offline,"paper-density-likelihood-rewrite,sleep,P2,score",True,['hard'],experiments/sleep/gru/hard/seed_0_objective_e20_bs32_eval5/predictions,summary,tuned,hard,mf1,mf1,,0.6907909515983097,"{""alternating"": 1, ""cutoff"": 0.0, ""smooth"": 10}",experiments/sleep/gru/hard/seed_0_objective_e20_bs32_eval5/results/scores.csv,seed_0_objective_e20_bs32_eval5,experiments/sleep/gru/hard/seed_0_objective_e20_bs32_eval5,,,,,,,,,,,
sleep,gru,hard,0,120960,10,stat,4,20,32,True,True,cuda,objective_e20_bs32_eval5,3,"['none', 10]",True,True,event-detection-pdf,,P2-gru-objective-sweep-score,,offline,"paper-density-likelihood-rewrite,sleep,P2,score",True,['hard'],experiments/sleep/gru/hard/seed_0_objective_e20_bs32_eval5/predictions,tolerance,tuned,hard,mf1,mf1,12.0,0.3200512945717851,"{""alternating"": 1, ""cutoff"": 0.0, ""smooth"": 10}",experiments/sleep/gru/hard/seed_0_objective_e20_bs32_eval5/results/scores.csv,seed_0_objective_e20_bs32_eval5,experiments/sleep/gru/hard/seed_0_objective_e20_bs32_eval5,,,,,,,,,,,
sleep,gru,hard,0,120960,10,stat,4,20,32,True,True,cuda,objective_e20_bs32_eval5,3,"['none', 10]",True,True,event-detection-pdf,,P2-gru-objective-sweep-score,,offline,"paper-density-likelihood-rewrite,sleep,P2,score",True,['hard'],experiments/sleep/gru/hard/seed_0_objective_e20_bs32_eval5/predictions,tolerance,tuned,hard,mf1,mf1,36.0,0.5912379010466375,"{""alternating"": 1, ""cutoff"": 0.0, ""smooth"": 10}",experiments/sleep/gru/hard/seed_0_objective_e20_bs32_eval5/results/scores.csv,seed_0_objective_e20_bs32_eval5,experiments/sleep/gru/hard/seed_0_objective_e20_bs32_eval5,,,,,,,,,,,
sleep,gru,hard,0,120960,10,stat,4,20,32,True,True,cuda,objective_e20_bs32_eval5,3,"['none', 10]",True,True,event-detection-pdf,,P2-gru-objective-sweep-score,,offline,"paper-density-likelihood-rewrite,sleep,P2,score",True,['hard'],experiments/sleep/gru/hard/seed_0_objective_e20_bs32_eval5/predictions,tolerance,tuned,hard,mf1,mf1,60.0,0.6620877611819225,"{""alternating"": 1, ""cutoff"": 0.0, ""smooth"": 10}",experiments/sleep/gru/hard/seed_0_objective_e20_bs32_eval5/results/scores.csv,seed_0_objective_e20_bs32_eval5,experiments/sleep/gru/hard/seed_0_objective_e20_bs32_eval5,,,,,,,,,,,
sleep,gru,hard,0,120960,10,stat,4,20,32,True,True,cuda,objective_e20_bs32_eval5,3,"['none', 10]",True,True,event-detection-pdf,,P2-gru-objective-sweep-score,,offline,"paper-density-likelihood-rewrite,sleep,P2,score",True,['hard'],experiments/sleep/gru/hard/seed_0_objective_e20_bs32_eval5/predictions,tolerance,tuned,hard,mf1,mf1,90.0,0.7064027473396173,"{""alternating"": 1, ""cutoff"": 0.0, ""smooth"": 10}",experiments/sleep/gru/hard/seed_0_objective_e20_bs32_eval5/results/scores.csv,seed_0_objective_e20_bs32_eval5,experiments/sleep/gru/hard/seed_0_objective_e20_bs32_eval5,,,,,,,,,,,
sleep,gru,hard,0,120960,10,stat,4,20,32,True,True,cuda,objective_e20_bs32_eval5,3,"['none', 10]",True,True,event-detection-pdf,,P2-gru-objective-sweep-score,,offline,"paper-density-likelihood-rewrite,sleep,P2,score",True,['hard'],experiments/sleep/gru/hard/seed_0_objective_e20_bs32_eval5/predictions,tolerance,tuned,hard,mf1,mf1,120.0,0.7322300808531389,"{""alternating"": 1, ""cutoff"": 0.0, ""smooth"": 10}",experiments/sleep/gru/hard/seed_0_objective_e20_bs32_eval5/results/scores.csv,seed_0_objective_e20_bs32_eval5,experiments/sleep/gru/hard/seed_0_objective_e20_bs32_eval5,,,,,,,,,,,
sleep,gru,hard,0,120960,10,stat,4,20,32,True,True,cuda,objective_e20_bs32_eval5,3,"['none', 10]",True,True,event-detection-pdf,,P2-gru-objective-sweep-score,,offline,"paper-density-likelihood-rewrite,sleep,P2,score",True,['hard'],experiments/sleep/gru/hard/seed_0_objective_e20_bs32_eval5/predictions,tolerance,tuned,hard,mf1,mf1,150.0,0.749844720332558,"{""alternating"": 1, ""cutoff"": 0.0, ""smooth"": 10}",experiments/sleep/gru/hard/seed_0_objective_e20_bs32_eval5/results/scores.csv,seed_0_objective_e20_bs32_eval5,experiments/sleep/gru/hard/seed_0_objective_e20_bs32_eval5,,,,,,,,,,,
sleep,gru,hard,0,120960,10,stat,4,20,32,True,True,cuda,objective_e20_bs32_eval5,3,"['none', 10]",True,True,event-detection-pdf,,P2-gru-objective-sweep-score,,offline,"paper-density-likelihood-rewrite,sleep,P2,score",True,['hard'],experiments/sleep/gru/hard/seed_0_objective_e20_bs32_eval5/predictions,tolerance,tuned,hard,mf1,mf1,180.0,0.7660152686936903,"{""alternating"": 1, ""cutoff"": 0.0, ""smooth"": 10}",experiments/sleep/gru/hard/seed_0_objective_e20_bs32_eval5/results/scores.csv,seed_0_objective_e20_bs32_eval5,experiments/sleep/gru/hard/seed_0_objective_e20_bs32_eval5,,,,,,,,,,,
sleep,gru,hard,0,120960,10,stat,4,20,32,True,True,cuda,objective_e20_bs32_eval5,3,"['none', 10]",True,True,event-detection-pdf,,P2-gru-objective-sweep-score,,offline,"paper-density-likelihood-rewrite,sleep,P2,score",True,['hard'],experiments/sleep/gru/hard/seed_0_objective_e20_bs32_eval5/predictions,tolerance,tuned,hard,mf1,mf1,240.0,0.7822566381901999,"{""alternating"": 1, ""cutoff"": 0.0, ""smooth"": 10}",experiments/sleep/gru/hard/seed_0_objective_e20_bs32_eval5/results/scores.csv,seed_0_objective_e20_bs32_eval5,experiments/sleep/gru/hard/seed_0_objective_e20_bs32_eval5,,,,,,,,,,,
sleep,gru,hard,0,120960,10,stat,4,20,32,True,True,cuda,objective_e20_bs32_eval5,3,"['none', 10]",True,True,event-detection-pdf,,P2-gru-objective-sweep-score,,offline,"paper-density-likelihood-rewrite,sleep,P2,score",True,['hard'],experiments/sleep/gru/hard/seed_0_objective_e20_bs32_eval5/predictions,tolerance,tuned,hard,mf1,mf1,300.0,0.7944889119596694,"{""alternating"": 1, ""cutoff"": 0.0, ""smooth"": 10}",experiments/sleep/gru/hard/seed_0_objective_e20_bs32_eval5/results/scores.csv,seed_0_objective_e20_bs32_eval5,experiments/sleep/gru/hard/seed_0_objective_e20_bs32_eval5,,,,,,,,,,,
sleep,gru,hard,0,120960,10,stat,4,20,32,True,True,cuda,objective_e20_bs32_eval5,3,"['none', 10]",True,True,event-detection-pdf,,P2-gru-objective-sweep-score,,offline,"paper-density-likelihood-rewrite,sleep,P2,score",True,['hard'],experiments/sleep/gru/hard/seed_0_objective_e20_bs32_eval5/predictions,tolerance,tuned,hard,mf1,mf1,360.0,0.8032941918138782,"{""alternating"": 1, ""cutoff"": 0.0, ""smooth"": 10}",experiments/sleep/gru/hard/seed_0_objective_e20_bs32_eval5/results/scores.csv,seed_0_objective_e20_bs32_eval5,experiments/sleep/gru/hard/seed_0_objective_e20_bs32_eval5,,,,,,,,,,,
sleep,gru,hard,1,120960,10,stat,4,20,32,True,True,cuda,objective_e20_bs32_eval5,3,"['none', 10]",True,True,event-detection-pdf,,P3-gru-main-seeds,,offline,"paper-density-likelihood-rewrite,sleep,P3,main-seeds",True,['hard'],experiments/sleep/gru/hard/seed_1_objective_e20_bs32_eval5/predictions,summary,default,hard,,mAP,,0.5875053024901131,{},experiments/sleep/gru/hard/seed_1_objective_e20_bs32_eval5/results/scores.csv,seed_1_objective_e20_bs32_eval5,experiments/sleep/gru/hard/seed_1_objective_e20_bs32_eval5,sparse,mAP,0.003,0.0,0.1,True,5.0,50.0,"[12, 36, 60, 90, 120, 150, 180, 240, 300, 360]","[12, 36, 60, 90, 120, 150, 180, 240, 300, 360]",831.2626695010003
sleep,gru,hard,1,120960,10,stat,4,20,32,True,True,cuda,objective_e20_bs32_eval5,3,"['none', 10]",True,True,event-detection-pdf,,P3-gru-main-seeds,,offline,"paper-density-likelihood-rewrite,sleep,P3,main-seeds",True,['hard'],experiments/sleep/gru/hard/seed_1_objective_e20_bs32_eval5/predictions,summary,default,hard,,mf1,,0.6976144869454425,{},experiments/sleep/gru/hard/seed_1_objective_e20_bs32_eval5/results/scores.csv,seed_1_objective_e20_bs32_eval5,experiments/sleep/gru/hard/seed_1_objective_e20_bs32_eval5,sparse,mAP,0.003,0.0,0.1,True,5.0,50.0,"[12, 36, 60, 90, 120, 150, 180, 240, 300, 360]","[12, 36, 60, 90, 120, 150, 180, 240, 300, 360]",831.2626695010003
sleep,gru,hard,1,120960,10,stat,4,20,32,True,True,cuda,objective_e20_bs32_eval5,3,"['none', 10]",True,True,event-detection-pdf,,P3-gru-main-seeds,,offline,"paper-density-likelihood-rewrite,sleep,P3,main-seeds",True,['hard'],experiments/sleep/gru/hard/seed_1_objective_e20_bs32_eval5/predictions,summary,tuned,hard,mAP,mAP,,0.6157274880293608,"{""alternating"": 0, ""cutoff"": 0.0, ""smooth"": 10}",experiments/sleep/gru/hard/seed_1_objective_e20_bs32_eval5/results/scores.csv,seed_1_objective_e20_bs32_eval5,experiments/sleep/gru/hard/seed_1_objective_e20_bs32_eval5,sparse,mAP,0.003,0.0,0.1,True,5.0,50.0,"[12, 36, 60, 90, 120, 150, 180, 240, 300, 360]","[12, 36, 60, 90, 120, 150, 180, 240, 300, 360]",831.2626695010003
sleep,gru,hard,1,120960,10,stat,4,20,32,True,True,cuda,objective_e20_bs32_eval5,3,"['none', 10]",True,True,event-detection-pdf,,P3-gru-main-seeds,,offline,"paper-density-likelihood-rewrite,sleep,P3,main-seeds",True,['hard'],experiments/sleep/gru/hard/seed_1_objective_e20_bs32_eval5/predictions,summary,tuned,hard,mAP,mf1,,0.7030512093664327,"{""alternating"": 0, ""cutoff"": 0.0, ""smooth"": 10}",experiments/sleep/gru/hard/seed_1_objective_e20_bs32_eval5/results/scores.csv,seed_1_objective_e20_bs32_eval5,experiments/sleep/gru/hard/seed_1_objective_e20_bs32_eval5,sparse,mAP,0.003,0.0,0.1,True,5.0,50.0,"[12, 36, 60, 90, 120, 150, 180, 240, 300, 360]","[12, 36, 60, 90, 120, 150, 180, 240, 300, 360]",831.2626695010003
sleep,gru,hard,1,120960,10,stat,4,20,32,True,True,cuda,objective_e20_bs32_eval5,3,"['none', 10]",True,True,event-detection-pdf,,P3-gru-main-seeds,,offline,"paper-density-likelihood-rewrite,sleep,P3,main-seeds",True,['hard'],experiments/sleep/gru/hard/seed_1_objective_e20_bs32_eval5/predictions,tolerance,tuned,hard,mAP,mAP,12.0,0.1482222286023454,"{""alternating"": 0, ""cutoff"": 0.0, ""smooth"": 10}",experiments/sleep/gru/hard/seed_1_objective_e20_bs32_eval5/results/scores.csv,seed_1_objective_e20_bs32_eval5,experiments/sleep/gru/hard/seed_1_objective_e20_bs32_eval5,sparse,mAP,0.003,0.0,0.1,True,5.0,50.0,"[12, 36, 60, 90, 120, 150, 180, 240, 300, 360]","[12, 36, 60, 90, 120, 150, 180, 240, 300, 360]",831.2626695010003
sleep,gru,hard,1,120960,10,stat,4,20,32,True,True,cuda,objective_e20_bs32_eval5,3,"['none', 10]",True,True,event-detection-pdf,,P3-gru-main-seeds,,offline,"paper-density-likelihood-rewrite,sleep,P3,main-seeds",True,['hard'],experiments/sleep/gru/hard/seed_1_objective_e20_bs32_eval5/predictions,tolerance,tuned,hard,mAP,mAP,36.0,0.4580770750925675,"{""alternating"": 0, ""cutoff"": 0.0, ""smooth"": 10}",experiments/sleep/gru/hard/seed_1_objective_e20_bs32_eval5/results/scores.csv,seed_1_objective_e20_bs32_eval5,experiments/sleep/gru/hard/seed_1_objective_e20_bs32_eval5,sparse,mAP,0.003,0.0,0.1,True,5.0,50.0,"[12, 36, 60, 90, 120, 150, 180, 240, 300, 360]","[12, 36, 60, 90, 120, 150, 180, 240, 300, 360]",831.2626695010003
sleep,gru,hard,1,120960,10,stat,4,20,32,True,True,cuda,objective_e20_bs32_eval5,3,"['none', 10]",True,True,event-detection-pdf,,P3-gru-main-seeds,,offline,"paper-density-likelihood-rewrite,sleep,P3,main-seeds",True,['hard'],experiments/sleep/gru/hard/seed_1_objective_e20_bs32_eval5/predictions,tolerance,tuned,hard,mAP,mAP,60.0,0.5600902132590655,"{""alternating"": 0, ""cutoff"": 0.0, ""smooth"": 10}",experiments/sleep/gru/hard/seed_1_objective_e20_bs32_eval5/results/scores.csv,seed_1_objective_e20_bs32_eval5,experiments/sleep/gru/hard/seed_1_objective_e20_bs32_eval5,sparse,mAP,0.003,0.0,0.1,True,5.0,50.0,"[12, 36, 60, 90, 120, 150, 180, 240, 300, 360]","[12, 36, 60, 90, 120, 150, 180, 240, 300, 360]",831.2626695010003
sleep,gru,hard,1,120960,10,stat,4,20,32,True,True,cuda,objective_e20_bs32_eval5,3,"['none', 10]",True,True,event-detection-pdf,,P3-gru-main-seeds,,offline,"paper-density-likelihood-rewrite,sleep,P3,main-seeds",True,['hard'],experiments/sleep/gru/hard/seed_1_objective_e20_bs32_eval5/predictions,tolerance,tuned,hard,mAP,mAP,90.0,0.6225855406184865,"{""alternating"": 0, ""cutoff"": 0.0, ""smooth"": 10}",experiments/sleep/gru/hard/seed_1_objective_e20_bs32_eval5/results/scores.csv,seed_1_objective_e20_bs32_eval5,experiments/sleep/gru/hard/seed_1_objective_e20_bs32_eval5,sparse,mAP,0.003,0.0,0.1,True,5.0,50.0,"[12, 36, 60, 90, 120, 150, 180, 240, 300, 360]","[12, 36, 60, 90, 120, 150, 180, 240, 300, 360]",831.2626695010003
sleep,gru,hard,1,120960,10,stat,4,20,32,True,True,cuda,objective_e20_bs32_eval5,3,"['none', 10]",True,True,event-detection-pdf,,P3-gru-main-seeds,,offline,"paper-density-likelihood-rewrite,sleep,P3,main-seeds",True,['hard'],experiments/sleep/gru/hard/seed_1_objective_e20_bs32_eval5/predictions,tolerance,tuned,hard,mAP,mAP,120.0,0.6626642423666714,"{""alternating"": 0, ""cutoff"": 0.0, ""smooth"": 10}",experiments/sleep/gru/hard/seed_1_objective_e20_bs32_eval5/results/scores.csv,seed_1_objective_e20_bs32_eval5,experiments/sleep/gru/hard/seed_1_objective_e20_bs32_eval5,sparse,mAP,0.003,0.0,0.1,True,5.0,50.0,"[12, 36, 60, 90, 120, 150, 180, 240, 300, 360]","[12, 36, 60, 90, 120, 150, 180, 240, 300, 360]",831.2626695010003
sleep,gru,hard,1,120960,10,stat,4,20,32,True,True,cuda,objective_e20_bs32_eval5,3,"['none', 10]",True,True,event-detection-pdf,,P3-gru-main-seeds,,offline,"paper-density-likelihood-rewrite,sleep,P3,main-seeds",True,['hard'],experiments/sleep/gru/hard/seed_1_objective_e20_bs32_eval5/predictions,tolerance,tuned,hard,mAP,mAP,150.0,0.6924556132827293,"{""alternating"": 0, ""cutoff"": 0.0, ""smooth"": 10}",experiments/sleep/gru/hard/seed_1_objective_e20_bs32_eval5/results/scores.csv,seed_1_objective_e20_bs32_eval5,experiments/sleep/gru/hard/seed_1_objective_e20_bs32_eval5,sparse,mAP,0.003,0.0,0.1,True,5.0,50.0,"[12, 36, 60, 90, 120, 150, 180, 240, 300, 360]","[12, 36, 60, 90, 120, 150, 180, 240, 300, 360]",831.2626695010003
sleep,gru,hard,1,120960,10,stat,4,20,32,True,True,cuda,objective_e20_bs32_eval5,3,"['none', 10]",True,True,event-detection-pdf,,P3-gru-main-seeds,,offline,"paper-density-likelihood-rewrite,sleep,P3,main-seeds",True,['hard'],experiments/sleep/gru/hard/seed_1_objective_e20_bs32_eval5/predictions,tolerance,tuned,hard,mAP,mAP,180.0,0.7182905814852462,"{""alternating"": 0, ""cutoff"": 0.0, ""smooth"": 10}",experiments/sleep/gru/hard/seed_1_objective_e20_bs32_eval5/results/scores.csv,seed_1_objective_e20_bs32_eval5,experiments/sleep/gru/hard/seed_1_objective_e20_bs32_eval5,sparse,mAP,0.003,0.0,0.1,True,5.0,50.0,"[12, 36, 60, 90, 120, 150, 180, 240, 300, 360]","[12, 36, 60, 90, 120, 150, 180, 240, 300, 360]",831.2626695010003
sleep,gru,hard,1,120960,10,stat,4,20,32,True,True,cuda,objective_e20_bs32_eval5,3,"['none', 10]",True,True,event-detection-pdf,,P3-gru-main-seeds,,offline,"paper-density-likelihood-rewrite,sleep,P3,main-seeds",True,['hard'],experiments/sleep/gru/hard/seed_1_objective_e20_bs32_eval5/predictions,tolerance,tuned,hard,mAP,mAP,240.0,0.7465810072284197,"{""alternating"": 0, ""cutoff"": 0.0, ""smooth"": 10}",experiments/sleep/gru/hard/seed_1_objective_e20_bs32_eval5/results/scores.csv,seed_1_objective_e20_bs32_eval5,experiments/sleep/gru/hard/seed_1_objective_e20_bs32_eval5,sparse,mAP,0.003,0.0,0.1,True,5.0,50.0,"[12, 36, 60, 90, 120, 150, 180, 240, 300, 360]","[12, 36, 60, 90, 120, 150, 180, 240, 300, 360]",831.2626695010003
sleep,gru,hard,1,120960,10,stat,4,20,32,True,True,cuda,objective_e20_bs32_eval5,3,"['none', 10]",True,True,event-detection-pdf,,P3-gru-main-seeds,,offline,"paper-density-likelihood-rewrite,sleep,P3,main-seeds",True,['hard'],experiments/sleep/gru/hard/seed_1_objective_e20_bs32_eval5/predictions,tolerance,tuned,hard,mAP,mAP,300.0,0.7672349621277128,"{""alternating"": 0, ""cutoff"": 0.0, ""smooth"": 10}",experiments/sleep/gru/hard/seed_1_objective_e20_bs32_eval5/results/scores.csv,seed_1_objective_e20_bs32_eval5,experiments/sleep/gru/hard/seed_1_objective_e20_bs32_eval5,sparse,mAP,0.003,0.0,0.1,True,5.0,50.0,"[12, 36, 60, 90, 120, 150, 180, 240, 300, 360]","[12, 36, 60, 90, 120, 150, 180, 240, 300, 360]",831.2626695010003
sleep,gru,hard,1,120960,10,stat,4,20,32,True,True,cuda,objective_e20_bs32_eval5,3,"['none', 10]",True,True,event-detection-pdf,,P3-gru-main-seeds,,offline,"paper-density-likelihood-rewrite,sleep,P3,main-seeds",True,['hard'],experiments/sleep/gru/hard/seed_1_objective_e20_bs32_eval5/predictions,tolerance,tuned,hard,mAP,mAP,360.0,0.7810734162303639,"{""alternating"": 0, ""cutoff"": 0.0, ""smooth"": 10}",experiments/sleep/gru/hard/seed_1_objective_e20_bs32_eval5/results/scores.csv,seed_1_objective_e20_bs32_eval5,experiments/sleep/gru/hard/seed_1_objective_e20_bs32_eval5,sparse,mAP,0.003,0.0,0.1,True,5.0,50.0,"[12, 36, 60, 90, 120, 150, 180, 240, 300, 360]","[12, 36, 60, 90, 120, 150, 180, 240, 300, 360]",831.2626695010003
sleep,gru,hard,1,120960,10,stat,4,20,32,True,True,cuda,objective_e20_bs32_eval5,3,"['none', 10]",True,True,event-detection-pdf,,P3-gru-main-seeds,,offline,"paper-density-likelihood-rewrite,sleep,P3,main-seeds",True,['hard'],experiments/sleep/gru/hard/seed_1_objective_e20_bs32_eval5/predictions,summary,tuned,hard,mf1,mAP,,0.6134636373828464,"{""alternating"": 1, ""cutoff"": 0.0, ""smooth"": 10}",experiments/sleep/gru/hard/seed_1_objective_e20_bs32_eval5/results/scores.csv,seed_1_objective_e20_bs32_eval5,experiments/sleep/gru/hard/seed_1_objective_e20_bs32_eval5,sparse,mAP,0.003,0.0,0.1,True,5.0,50.0,"[12, 36, 60, 90, 120, 150, 180, 240, 300, 360]","[12, 36, 60, 90, 120, 150, 180, 240, 300, 360]",831.2626695010003
sleep,gru,hard,1,120960,10,stat,4,20,32,True,True,cuda,objective_e20_bs32_eval5,3,"['none', 10]",True,True,event-detection-pdf,,P3-gru-main-seeds,,offline,"paper-density-likelihood-rewrite,sleep,P3,main-seeds",True,['hard'],experiments/sleep/gru/hard/seed_1_objective_e20_bs32_eval5/predictions,summary,tuned,hard,mf1,mf1,,0.7046456617795602,"{""alternating"": 1, ""cutoff"": 0.0, ""smooth"": 10}",experiments/sleep/gru/hard/seed_1_objective_e20_bs32_eval5/results/scores.csv,seed_1_objective_e20_bs32_eval5,experiments/sleep/gru/hard/seed_1_objective_e20_bs32_eval5,sparse,mAP,0.003,0.0,0.1,True,5.0,50.0,"[12, 36, 60, 90, 120, 150, 180, 240, 300, 360]","[12, 36, 60, 90, 120, 150, 180, 240, 300, 360]",831.2626695010003
sleep,gru,hard,1,120960,10,stat,4,20,32,True,True,cuda,objective_e20_bs32_eval5,3,"['none', 10]",True,True,event-detection-pdf,,P3-gru-main-seeds,,offline,"paper-density-likelihood-rewrite,sleep,P3,main-seeds",True,['hard'],experiments/sleep/gru/hard/seed_1_objective_e20_bs32_eval5/predictions,tolerance,tuned,hard,mf1,mf1,12.0,0.3430961205275424,"{""alternating"": 1, ""cutoff"": 0.0, ""smooth"": 10}",experiments/sleep/gru/hard/seed_1_objective_e20_bs32_eval5/results/scores.csv,seed_1_objective_e20_bs32_eval5,experiments/sleep/gru/hard/seed_1_objective_e20_bs32_eval5,sparse,mAP,0.003,0.0,0.1,True,5.0,50.0,"[12, 36, 60, 90, 120, 150, 180, 240, 300, 360]","[12, 36, 60, 90, 120, 150, 180, 240, 300, 360]",831.2626695010003
sleep,gru,hard,1,120960,10,stat,4,20,32,True,True,cuda,objective_e20_bs32_eval5,3,"['none', 10]",True,True,event-detection-pdf,,P3-gru-main-seeds,,offline,"paper-density-likelihood-rewrite,sleep,P3,main-seeds",True,['hard'],experiments/sleep/gru/hard/seed_1_objective_e20_bs32_eval5/predictions,tolerance,tuned,hard,mf1,mf1,36.0,0.6089388407174793,"{""alternating"": 1, ""cutoff"": 0.0, ""smooth"": 10}",experiments/sleep/gru/hard/seed_1_objective_e20_bs32_eval5/results/scores.csv,seed_1_objective_e20_bs32_eval5,experiments/sleep/gru/hard/seed_1_objective_e20_bs32_eval5,sparse,mAP,0.003,0.0,0.1,True,5.0,50.0,"[12, 36, 60, 90, 120, 150, 180, 240, 300, 360]","[12, 36, 60, 90, 120, 150, 180, 240, 300, 360]",831.2626695010003
sleep,gru,hard,1,120960,10,stat,4,20,32,True,True,cuda,objective_e20_bs32_eval5,3,"['none', 10]",True,True,event-detection-pdf,,P3-gru-main-seeds,,offline,"paper-density-likelihood-rewrite,sleep,P3,main-seeds",True,['hard'],experiments/sleep/gru/hard/seed_1_objective_e20_bs32_eval5/predictions,tolerance,tuned,hard,mf1,mf1,60.0,0.6773195911807917,"{""alternating"": 1, ""cutoff"": 0.0, ""smooth"": 10}",experiments/sleep/gru/hard/seed_1_objective_e20_bs32_eval5/results/scores.csv,seed_1_objective_e20_bs32_eval5,experiments/sleep/gru/hard/seed_1_objective_e20_bs32_eval5,sparse,mAP,0.003,0.0,0.1,True,5.0,50.0,"[12, 36, 60, 90, 120, 150, 180, 240, 300, 360]","[12, 36, 60, 90, 120, 150, 180, 240, 300, 360]",831.2626695010003
sleep,gru,hard,1,120960,10,stat,4,20,32,True,True,cuda,objective_e20_bs32_eval5,3,"['none', 10]",True,True,event-detection-pdf,,P3-gru-main-seeds,,offline,"paper-density-likelihood-rewrite,sleep,P3,main-seeds",True,['hard'],experiments/sleep/gru/hard/seed_1_objective_e20_bs32_eval5/predictions,tolerance,tuned,hard,mf1,mf1,90.0,0.7193079896462053,"{""alternating"": 1, ""cutoff"": 0.0, ""smooth"": 10}",experiments/sleep/gru/hard/seed_1_objective_e20_bs32_eval5/results/scores.csv,seed_1_objective_e20_bs32_eval5,experiments/sleep/gru/hard/seed_1_objective_e20_bs32_eval5,sparse,mAP,0.003,0.0,0.1,True,5.0,50.0,"[12, 36, 60, 90, 120, 150, 180, 240, 300, 360]","[12, 36, 60, 90, 120, 150, 180, 240, 300, 360]",831.2626695010003
sleep,gru,hard,1,120960,10,stat,4,20,32,True,True,cuda,objective_e20_bs32_eval5,3,"['none', 10]",True,True,event-detection-pdf,,P3-gru-main-seeds,,offline,"paper-density-likelihood-rewrite,sleep,P3,main-seeds",True,['hard'],experiments/sleep/gru/hard/seed_1_objective_e20_bs32_eval5/predictions,tolerance,tuned,hard,mf1,mf1,120.0,0.7441873165239203,"{""alternating"": 1, ""cutoff"": 0.0, ""smooth"": 10}",experiments/sleep/gru/hard/seed_1_objective_e20_bs32_eval5/results/scores.csv,seed_1_objective_e20_bs32_eval5,experiments/sleep/gru/hard/seed_1_objective_e20_bs32_eval5,sparse,mAP,0.003,0.0,0.1,True,5.0,50.0,"[12, 36, 60, 90, 120, 150, 180, 240, 300, 360]","[12, 36, 60, 90, 120, 150, 180, 240, 300, 360]",831.2626695010003
sleep,gru,hard,1,120960,10,stat,4,20,32,True,True,cuda,objective_e20_bs32_eval5,3,"['none', 10]",True,True,event-detection-pdf,,P3-gru-main-seeds,,offline,"paper-density-likelihood-rewrite,sleep,P3,main-seeds",True,['hard'],experiments/sleep/gru/hard/seed_1_objective_e20_bs32_eval5/predictions,tolerance,tuned,hard,mf1,mf1,150.0,0.7613664023954914,"{""alternating"": 1, ""cutoff"": 0.0, ""smooth"": 10}",experiments/sleep/gru/hard/seed_1_objective_e20_bs32_eval5/results/scores.csv,seed_1_objective_e20_bs32_eval5,experiments/sleep/gru/hard/seed_1_objective_e20_bs32_eval5,sparse,mAP,0.003,0.0,0.1,True,5.0,50.0,"[12, 36, 60, 90, 120, 150, 180, 240, 300, 360]","[12, 36, 60, 90, 120, 150, 180, 240, 300, 360]",831.2626695010003
sleep,gru,hard,1,120960,10,stat,4,20,32,True,True,cuda,objective_e20_bs32_eval5,3,"['none', 10]",True,True,event-detection-pdf,,P3-gru-main-seeds,,offline,"paper-density-likelihood-rewrite,sleep,P3,main-seeds",True,['hard'],experiments/sleep/gru/hard/seed_1_objective_e20_bs32_eval5/predictions,tolerance,tuned,hard,mf1,mf1,180.0,0.7769822368471555,"{""alternating"": 1, ""cutoff"": 0.0, ""smooth"": 10}",experiments/sleep/gru/hard/seed_1_objective_e20_bs32_eval5/results/scores.csv,seed_1_objective_e20_bs32_eval5,experiments/sleep/gru/hard/seed_1_objective_e20_bs32_eval5,sparse,mAP,0.003,0.0,0.1,True,5.0,50.0,"[12, 36, 60, 90, 120, 150, 180, 240, 300, 360]","[12, 36, 60, 90, 120, 150, 180, 240, 300, 360]",831.2626695010003
sleep,gru,hard,1,120960,10,stat,4,20,32,True,True,cuda,objective_e20_bs32_eval5,3,"['none', 10]",True,True,event-detection-pdf,,P3-gru-main-seeds,,offline,"paper-density-likelihood-rewrite,sleep,P3,main-seeds",True,['hard'],experiments/sleep/gru/hard/seed_1_objective_e20_bs32_eval5/predictions,tolerance,tuned,hard,mf1,mf1,240.0,0.7937845964785585,"{""alternating"": 1, ""cutoff"": 0.0, ""smooth"": 10}",experiments/sleep/gru/hard/seed_1_objective_e20_bs32_eval5/results/scores.csv,seed_1_objective_e20_bs32_eval5,experiments/sleep/gru/hard/seed_1_objective_e20_bs32_eval5,sparse,mAP,0.003,0.0,0.1,True,5.0,50.0,"[12, 36, 60, 90, 120, 150, 180, 240, 300, 360]","[12, 36, 60, 90, 120, 150, 180, 240, 300, 360]",831.2626695010003
sleep,gru,hard,1,120960,10,stat,4,20,32,True,True,cuda,objective_e20_bs32_eval5,3,"['none', 10]",True,True,event-detection-pdf,,P3-gru-main-seeds,,offline,"paper-density-likelihood-rewrite,sleep,P3,main-seeds",True,['hard'],experiments/sleep/gru/hard/seed_1_objective_e20_bs32_eval5/predictions,tolerance,tuned,hard,mf1,mf1,300.0,0.8067554207520317,"{""alternating"": 1, ""cutoff"": 0.0, ""smooth"": 10}",experiments/sleep/gru/hard/seed_1_objective_e20_bs32_eval5/results/scores.csv,seed_1_objective_e20_bs32_eval5,experiments/sleep/gru/hard/seed_1_objective_e20_bs32_eval5,sparse,mAP,0.003,0.0,0.1,True,5.0,50.0,"[12, 36, 60, 90, 120, 150, 180, 240, 300, 360]","[12, 36, 60, 90, 120, 150, 180, 240, 300, 360]",831.2626695010003
sleep,gru,hard,1,120960,10,stat,4,20,32,True,True,cuda,objective_e20_bs32_eval5,3,"['none', 10]",True,True,event-detection-pdf,,P3-gru-main-seeds,,offline,"paper-density-likelihood-rewrite,sleep,P3,main-seeds",True,['hard'],experiments/sleep/gru/hard/seed_1_objective_e20_bs32_eval5/predictions,tolerance,tuned,hard,mf1,mf1,360.0,0.8147181027264263,"{""alternating"": 1, ""cutoff"": 0.0, ""smooth"": 10}",experiments/sleep/gru/hard/seed_1_objective_e20_bs32_eval5/results/scores.csv,seed_1_objective_e20_bs32_eval5,experiments/sleep/gru/hard/seed_1_objective_e20_bs32_eval5,sparse,mAP,0.003,0.0,0.1,True,5.0,50.0,"[12, 36, 60, 90, 120, 150, 180, 240, 300, 360]","[12, 36, 60, 90, 120, 150, 180, 240, 300, 360]",831.2626695010003
sleep,gru,hard,2,120960,10,stat,4,20,32,True,True,cuda,objective_e20_bs32_eval5,3,"['none', 10]",True,True,event-detection-pdf,,P3-gru-main-seeds,,offline,"paper-density-likelihood-rewrite,sleep,P3,main-seeds",True,['hard'],experiments/sleep/gru/hard/seed_2_objective_e20_bs32_eval5/predictions,summary,default,hard,,mAP,,0.5537801978780872,{},experiments/sleep/gru/hard/seed_2_objective_e20_bs32_eval5/results/scores.csv,seed_2_objective_e20_bs32_eval5,experiments/sleep/gru/hard/seed_2_objective_e20_bs32_eval5,sparse,mAP,0.003,0.0,0.1,True,5.0,50.0,"[12, 36, 60, 90, 120, 150, 180, 240, 300, 360]","[12, 36, 60, 90, 120, 150, 180, 240, 300, 360]",825.2762311920014
sleep,gru,hard,2,120960,10,stat,4,20,32,True,True,cuda,objective_e20_bs32_eval5,3,"['none', 10]",True,True,event-detection-pdf,,P3-gru-main-seeds,,offline,"paper-density-likelihood-rewrite,sleep,P3,main-seeds",True,['hard'],experiments/sleep/gru/hard/seed_2_objective_e20_bs32_eval5/predictions,summary,default,hard,,mf1,,0.6733114004628313,{},experiments/sleep/gru/hard/seed_2_objective_e20_bs32_eval5/results/scores.csv,seed_2_objective_e20_bs32_eval5,experiments/sleep/gru/hard/seed_2_objective_e20_bs32_eval5,sparse,mAP,0.003,0.0,0.1,True,5.0,50.0,"[12, 36, 60, 90, 120, 150, 180, 240, 300, 360]","[12, 36, 60, 90, 120, 150, 180, 240, 300, 360]",825.2762311920014
sleep,gru,hard,2,120960,10,stat,4,20,32,True,True,cuda,objective_e20_bs32_eval5,3,"['none', 10]",True,True,event-detection-pdf,,P3-gru-main-seeds,,offline,"paper-density-likelihood-rewrite,sleep,P3,main-seeds",True,['hard'],experiments/sleep/gru/hard/seed_2_objective_e20_bs32_eval5/predictions,summary,tuned,hard,mAP,mAP,,0.5960226572603868,"{""alternating"": 0, ""cutoff"": 0.0, ""smooth"": 10}",experiments/sleep/gru/hard/seed_2_objective_e20_bs32_eval5/results/scores.csv,seed_2_objective_e20_bs32_eval5,experiments/sleep/gru/hard/seed_2_objective_e20_bs32_eval5,sparse,mAP,0.003,0.0,0.1,True,5.0,50.0,"[12, 36, 60, 90, 120, 150, 180, 240, 300, 360]","[12, 36, 60, 90, 120, 150, 180, 240, 300, 360]",825.2762311920014
sleep,gru,hard,2,120960,10,stat,4,20,32,True,True,cuda,objective_e20_bs32_eval5,3,"['none', 10]",True,True,event-detection-pdf,,P3-gru-main-seeds,,offline,"paper-density-likelihood-rewrite,sleep,P3,main-seeds",True,['hard'],experiments/sleep/gru/hard/seed_2_objective_e20_bs32_eval5/predictions,summary,tuned,hard,mAP,mf1,,0.690314075833622,"{""alternating"": 0, ""cutoff"": 0.0, ""smooth"": 10}",experiments/sleep/gru/hard/seed_2_objective_e20_bs32_eval5/results/scores.csv,seed_2_objective_e20_bs32_eval5,experiments/sleep/gru/hard/seed_2_objective_e20_bs32_eval5,sparse,mAP,0.003,0.0,0.1,True,5.0,50.0,"[12, 36, 60, 90, 120, 150, 180, 240, 300, 360]","[12, 36, 60, 90, 120, 150, 180, 240, 300, 360]",825.2762311920014
sleep,gru,hard,2,120960,10,stat,4,20,32,True,True,cuda,objective_e20_bs32_eval5,3,"['none', 10]",True,True,event-detection-pdf,,P3-gru-main-seeds,,offline,"paper-density-likelihood-rewrite,sleep,P3,main-seeds",True,['hard'],experiments/sleep/gru/hard/seed_2_objective_e20_bs32_eval5/predictions,tolerance,tuned,hard,mAP,mAP,12.0,0.1280905869696386,"{""alternating"": 0, ""cutoff"": 0.0, ""smooth"": 10}",experiments/sleep/gru/hard/seed_2_objective_e20_bs32_eval5/results/scores.csv,seed_2_objective_e20_bs32_eval5,experiments/sleep/gru/hard/seed_2_objective_e20_bs32_eval5,sparse,mAP,0.003,0.0,0.1,True,5.0,50.0,"[12, 36, 60, 90, 120, 150, 180, 240, 300, 360]","[12, 36, 60, 90, 120, 150, 180, 240, 300, 360]",825.2762311920014
sleep,gru,hard,2,120960,10,stat,4,20,32,True,True,cuda,objective_e20_bs32_eval5,3,"['none', 10]",True,True,event-detection-pdf,,P3-gru-main-seeds,,offline,"paper-density-likelihood-rewrite,sleep,P3,main-seeds",True,['hard'],experiments/sleep/gru/hard/seed_2_objective_e20_bs32_eval5/predictions,tolerance,tuned,hard,mAP,mAP,36.0,0.4346961804557636,"{""alternating"": 0, ""cutoff"": 0.0, ""smooth"": 10}",experiments/sleep/gru/hard/seed_2_objective_e20_bs32_eval5/results/scores.csv,seed_2_objective_e20_bs32_eval5,experiments/sleep/gru/hard/seed_2_objective_e20_bs32_eval5,sparse,mAP,0.003,0.0,0.1,True,5.0,50.0,"[12, 36, 60, 90, 120, 150, 180, 240, 300, 360]","[12, 36, 60, 90, 120, 150, 180, 240, 300, 360]",825.2762311920014
sleep,gru,hard,2,120960,10,stat,4,20,32,True,True,cuda,objective_e20_bs32_eval5,3,"['none', 10]",True,True,event-detection-pdf,,P3-gru-main-seeds,,offline,"paper-density-likelihood-rewrite,sleep,P3,main-seeds",True,['hard'],experiments/sleep/gru/hard/seed_2_objective_e20_bs32_eval5/predictions,tolerance,tuned,hard,mAP,mAP,60.0,0.5358944792867454,"{""alternating"": 0, ""cutoff"": 0.0, ""smooth"": 10}",experiments/sleep/gru/hard/seed_2_objective_e20_bs32_eval5/results/scores.csv,seed_2_objective_e20_bs32_eval5,experiments/sleep/gru/hard/seed_2_objective_e20_bs32_eval5,sparse,mAP,0.003,0.0,0.1,True,5.0,50.0,"[12, 36, 60, 90, 120, 150, 180, 240, 300, 360]","[12, 36, 60, 90, 120, 150, 180, 240, 300, 360]",825.2762311920014
sleep,gru,hard,2,120960,10,stat,4,20,32,True,True,cuda,objective_e20_bs32_eval5,3,"['none', 10]",True,True,event-detection-pdf,,P3-gru-main-seeds,,offline,"paper-density-likelihood-rewrite,sleep,P3,main-seeds",True,['hard'],experiments/sleep/gru/hard/seed_2_objective_e20_bs32_eval5/predictions,tolerance,tuned,hard,mAP,mAP,90.0,0.5982991114483023,"{""alternating"": 0, ""cutoff"": 0.0, ""smooth"": 10}",experiments/sleep/gru/hard/seed_2_objective_e20_bs32_eval5/results/scores.csv,seed_2_objective_e20_bs32_eval5,experiments/sleep/gru/hard/seed_2_objective_e20_bs32_eval5,sparse,mAP,0.003,0.0,0.1,True,5.0,50.0,"[12, 36, 60, 90, 120, 150, 180, 240, 300, 360]","[12, 36, 60, 90, 120, 150, 180, 240, 300, 360]",825.2762311920014
sleep,gru,hard,2,120960,10,stat,4,20,32,True,True,cuda,objective_e20_bs32_eval5,3,"['none', 10]",True,True,event-detection-pdf,,P3-gru-main-seeds,,offline,"paper-density-likelihood-rewrite,sleep,P3,main-seeds",True,['hard'],experiments/sleep/gru/hard/seed_2_objective_e20_bs32_eval5/predictions,tolerance,tuned,hard,mAP,mAP,120.0,0.6426166012582404,"{""alternating"": 0, ""cutoff"": 0.0, ""smooth"": 10}",experiments/sleep/gru/hard/seed_2_objective_e20_bs32_eval5/results/scores.csv,seed_2_objective_e20_bs32_eval5,experiments/sleep/gru/hard/seed_2_objective_e20_bs32_eval5,sparse,mAP,0.003,0.0,0.1,True,5.0,50.0,"[12, 36, 60, 90, 120, 150, 180, 240, 300, 360]","[12, 36, 60, 90, 120, 150, 180, 240, 300, 360]",825.2762311920014
sleep,gru,hard,2,120960,10,stat,4,20,32,True,True,cuda,objective_e20_bs32_eval5,3,"['none', 10]",True,True,event-detection-pdf,,P3-gru-main-seeds,,offline,"paper-density-likelihood-rewrite,sleep,P3,main-seeds",True,['hard'],experiments/sleep/gru/hard/seed_2_objective_e20_bs32_eval5/predictions,tolerance,tuned,hard,mAP,mAP,150.0,0.6737420760804093,"{""alternating"": 0, ""cutoff"": 0.0, ""smooth"": 10}",experiments/sleep/gru/hard/seed_2_objective_e20_bs32_eval5/results/scores.csv,seed_2_objective_e20_bs32_eval5,experiments/sleep/gru/hard/seed_2_objective_e20_bs32_eval5,sparse,mAP,0.003,0.0,0.1,True,5.0,50.0,"[12, 36, 60, 90, 120, 150, 180, 240, 300, 360]","[12, 36, 60, 90, 120, 150, 180, 240, 300, 360]",825.2762311920014
sleep,gru,hard,2,120960,10,stat,4,20,32,True,True,cuda,objective_e20_bs32_eval5,3,"['none', 10]",True,True,event-detection-pdf,,P3-gru-main-seeds,,offline,"paper-density-likelihood-rewrite,sleep,P3,main-seeds",True,['hard'],experiments/sleep/gru/hard/seed_2_objective_e20_bs32_eval5/predictions,tolerance,tuned,hard,mAP,mAP,180.0,0.699826979681726,"{""alternating"": 0, ""cutoff"": 0.0, ""smooth"": 10}",experiments/sleep/gru/hard/seed_2_objective_e20_bs32_eval5/results/scores.csv,seed_2_objective_e20_bs32_eval5,experiments/sleep/gru/hard/seed_2_objective_e20_bs32_eval5,sparse,mAP,0.003,0.0,0.1,True,5.0,50.0,"[12, 36, 60, 90, 120, 150, 180, 240, 300, 360]","[12, 36, 60, 90, 120, 150, 180, 240, 300, 360]",825.2762311920014
sleep,gru,hard,2,120960,10,stat,4,20,32,True,True,cuda,objective_e20_bs32_eval5,3,"['none', 10]",True,True,event-detection-pdf,,P3-gru-main-seeds,,offline,"paper-density-likelihood-rewrite,sleep,P3,main-seeds",True,['hard'],experiments/sleep/gru/hard/seed_2_objective_e20_bs32_eval5/predictions,tolerance,tuned,hard,mAP,mAP,240.0,0.7295273849721531,"{""alternating"": 0, ""cutoff"": 0.0, ""smooth"": 10}",experiments/sleep/gru/hard/seed_2_objective_e20_bs32_eval5/results/scores.csv,seed_2_objective_e20_bs32_eval5,experiments/sleep/gru/hard/seed_2_objective_e20_bs32_eval5,sparse,mAP,0.003,0.0,0.1,True,5.0,50.0,"[12, 36, 60, 90, 120, 150, 180, 240, 300, 360]","[12, 36, 60, 90, 120, 150, 180, 240, 300, 360]",825.2762311920014
sleep,gru,hard,2,120960,10,stat,4,20,32,True,True,cuda,objective_e20_bs32_eval5,3,"['none', 10]",True,True,event-detection-pdf,,P3-gru-main-seeds,,offline,"paper-density-likelihood-rewrite,sleep,P3,main-seeds",True,['hard'],experiments/sleep/gru/hard/seed_2_objective_e20_bs32_eval5/predictions,tolerance,tuned,hard,mAP,mAP,300.0,0.751577348071439,"{""alternating"": 0, ""cutoff"": 0.0, ""smooth"": 10}",experiments/sleep/gru/hard/seed_2_objective_e20_bs32_eval5/results/scores.csv,seed_2_objective_e20_bs32_eval5,experiments/sleep/gru/hard/seed_2_objective_e20_bs32_eval5,sparse,mAP,0.003,0.0,0.1,True,5.0,50.0,"[12, 36, 60, 90, 120, 150, 180, 240, 300, 360]","[12, 36, 60, 90, 120, 150, 180, 240, 300, 360]",825.2762311920014
sleep,gru,hard,2,120960,10,stat,4,20,32,True,True,cuda,objective_e20_bs32_eval5,3,"['none', 10]",True,True,event-detection-pdf,,P3-gru-main-seeds,,offline,"paper-density-likelihood-rewrite,sleep,P3,main-seeds",True,['hard'],experiments/sleep/gru/hard/seed_2_objective_e20_bs32_eval5/predictions,tolerance,tuned,hard,mAP,mAP,360.0,0.7659558243794506,"{""alternating"": 0, ""cutoff"": 0.0, ""smooth"": 10}",experiments/sleep/gru/hard/seed_2_objective_e20_bs32_eval5/results/scores.csv,seed_2_objective_e20_bs32_eval5,experiments/sleep/gru/hard/seed_2_objective_e20_bs32_eval5,sparse,mAP,0.003,0.0,0.1,True,5.0,50.0,"[12, 36, 60, 90, 120, 150, 180, 240, 300, 360]","[12, 36, 60, 90, 120, 150, 180, 240, 300, 360]",825.2762311920014
sleep,gru,hard,2,120960,10,stat,4,20,32,True,True,cuda,objective_e20_bs32_eval5,3,"['none', 10]",True,True,event-detection-pdf,,P3-gru-main-seeds,,offline,"paper-density-likelihood-rewrite,sleep,P3,main-seeds",True,['hard'],experiments/sleep/gru/hard/seed_2_objective_e20_bs32_eval5/predictions,summary,tuned,hard,mf1,mAP,,0.5938466191369687,"{""alternating"": 1, ""cutoff"": 0.0, ""smooth"": 10}",experiments/sleep/gru/hard/seed_2_objective_e20_bs32_eval5/results/scores.csv,seed_2_objective_e20_bs32_eval5,experiments/sleep/gru/hard/seed_2_objective_e20_bs32_eval5,sparse,mAP,0.003,0.0,0.1,True,5.0,50.0,"[12, 36, 60, 90, 120, 150, 180, 240, 300, 360]","[12, 36, 60, 90, 120, 150, 180, 240, 300, 360]",825.2762311920014
sleep,gru,hard,2,120960,10,stat,4,20,32,True,True,cuda,objective_e20_bs32_eval5,3,"['none', 10]",True,True,event-detection-pdf,,P3-gru-main-seeds,,offline,"paper-density-likelihood-rewrite,sleep,P3,main-seeds",True,['hard'],experiments/sleep/gru/hard/seed_2_objective_e20_bs32_eval5/predictions,summary,tuned,hard,mf1,mf1,,0.6915212552252701,"{""alternating"": 1, ""cutoff"": 0.0, ""smooth"": 10}",experiments/sleep/gru/hard/seed_2_objective_e20_bs32_eval5/results/scores.csv,seed_2_objective_e20_bs32_eval5,experiments/sleep/gru/hard/seed_2_objective_e20_bs32_eval5,sparse,mAP,0.003,0.0,0.1,True,5.0,50.0,"[12, 36, 60, 90, 120, 150, 180, 240, 300, 360]","[12, 36, 60, 90, 120, 150, 180, 240, 300, 360]",825.2762311920014
sleep,gru,hard,2,120960,10,stat,4,20,32,True,True,cuda,objective_e20_bs32_eval5,3,"['none', 10]",True,True,event-detection-pdf,,P3-gru-main-seeds,,offline,"paper-density-likelihood-rewrite,sleep,P3,main-seeds",True,['hard'],experiments/sleep/gru/hard/seed_2_objective_e20_bs32_eval5/predictions,tolerance,tuned,hard,mf1,mf1,12.0,0.326526477940549,"{""alternating"": 1, ""cutoff"": 0.0, ""smooth"": 10}",experiments/sleep/gru/hard/seed_2_objective_e20_bs32_eval5/results/scores.csv,seed_2_objective_e20_bs32_eval5,experiments/sleep/gru/hard/seed_2_objective_e20_bs32_eval5,sparse,mAP,0.003,0.0,0.1,True,5.0,50.0,"[12, 36, 60, 90, 120, 150, 180, 240, 300, 360]","[12, 36, 60, 90, 120, 150, 180, 240, 300, 360]",825.2762311920014
sleep,gru,hard,2,120960,10,stat,4,20,32,True,True,cuda,objective_e20_bs32_eval5,3,"['none', 10]",True,True,event-detection-pdf,,P3-gru-main-seeds,,offline,"paper-density-likelihood-rewrite,sleep,P3,main-seeds",True,['hard'],experiments/sleep/gru/hard/seed_2_objective_e20_bs32_eval5/predictions,tolerance,tuned,hard,mf1,mf1,36.0,0.5982512931978105,"{""alternating"": 1, ""cutoff"": 0.0, ""smooth"": 10}",experiments/sleep/gru/hard/seed_2_objective_e20_bs32_eval5/results/scores.csv,seed_2_objective_e20_bs32_eval5,experiments/sleep/gru/hard/seed_2_objective_e20_bs32_eval5,sparse,mAP,0.003,0.0,0.1,True,5.0,50.0,"[12, 36, 60, 90, 120, 150, 180, 240, 300, 360]","[12, 36, 60, 90, 120, 150, 180, 240, 300, 360]",825.2762311920014
sleep,gru,hard,2,120960,10,stat,4,20,32,True,True,cuda,objective_e20_bs32_eval5,3,"['none', 10]",True,True,event-detection-pdf,,P3-gru-main-seeds,,offline,"paper-density-likelihood-rewrite,sleep,P3,main-seeds",True,['hard'],experiments/sleep/gru/hard/seed_2_objective_e20_bs32_eval5/predictions,tolerance,tuned,hard,mf1,mf1,60.0,0.6672092299695596,"{""alternating"": 1, ""cutoff"": 0.0, ""smooth"": 10}",experiments/sleep/gru/hard/seed_2_objective_e20_bs32_eval5/results/scores.csv,seed_2_objective_e20_bs32_eval5,experiments/sleep/gru/hard/seed_2_objective_e20_bs32_eval5,sparse,mAP,0.003,0.0,0.1,True,5.0,50.0,"[12, 36, 60, 90, 120, 150, 180, 240, 300, 360]","[12, 36, 60, 90, 120, 150, 180, 240, 300, 360]",825.2762311920014
sleep,gru,hard,2,120960,10,stat,4,20,32,True,True,cuda,objective_e20_bs32_eval5,3,"['none', 10]",True,True,event-detection-pdf,,P3-gru-main-seeds,,offline,"paper-density-likelihood-rewrite,sleep,P3,main-seeds",True,['hard'],experiments/sleep/gru/hard/seed_2_objective_e20_bs32_eval5/predictions,tolerance,tuned,hard,mf1,mf1,90.0,0.7065777387680008,"{""alternating"": 1, ""cutoff"": 0.0, ""smooth"": 10}",experiments/sleep/gru/hard/seed_2_objective_e20_bs32_eval5/results/scores.csv,seed_2_objective_e20_bs32_eval5,experiments/sleep/gru/hard/seed_2_objective_e20_bs32_eval5,sparse,mAP,0.003,0.0,0.1,True,5.0,50.0,"[12, 36, 60, 90, 120, 150, 180, 240, 300, 360]","[12, 36, 60, 90, 120, 150, 180, 240, 300, 360]",825.2762311920014
sleep,gru,hard,2,120960,10,stat,4,20,32,True,True,cuda,objective_e20_bs32_eval5,3,"['none', 10]",True,True,event-detection-pdf,,P3-gru-main-seeds,,offline,"paper-density-likelihood-rewrite,sleep,P3,main-seeds",True,['hard'],experiments/sleep/gru/hard/seed_2_objective_e20_bs32_eval5/predictions,tolerance,tuned,hard,mf1,mf1,120.0,0.7326431350094453,"{""alternating"": 1, ""cutoff"": 0.0, ""smooth"": 10}",experiments/sleep/gru/hard/seed_2_objective_e20_bs32_eval5/results/scores.csv,seed_2_objective_e20_bs32_eval5,experiments/sleep/gru/hard/seed_2_objective_e20_bs32_eval5,sparse,mAP,0.003,0.0,0.1,True,5.0,50.0,"[12, 36, 60, 90, 120, 150, 180, 240, 300, 360]","[12, 36, 60, 90, 120, 150, 180, 240, 300, 360]",825.2762311920014
sleep,gru,hard,2,120960,10,stat,4,20,32,True,True,cuda,objective_e20_bs32_eval5,3,"['none', 10]",True,True,event-detection-pdf,,P3-gru-main-seeds,,offline,"paper-density-likelihood-rewrite,sleep,P3,main-seeds",True,['hard'],experiments/sleep/gru/hard/seed_2_objective_e20_bs32_eval5/predictions,tolerance,tuned,hard,mf1,mf1,150.0,0.7495149553562066,"{""alternating"": 1, ""cutoff"": 0.0, ""smooth"": 10}",experiments/sleep/gru/hard/seed_2_objective_e20_bs32_eval5/results/scores.csv,seed_2_objective_e20_bs32_eval5,experiments/sleep/gru/hard/seed_2_objective_e20_bs32_eval5,sparse,mAP,0.003,0.0,0.1,True,5.0,50.0,"[12, 36, 60, 90, 120, 150, 180, 240, 300, 360]","[12, 36, 60, 90, 120, 150, 180, 240, 300, 360]",825.2762311920014
sleep,gru,hard,2,120960,10,stat,4,20,32,True,True,cuda,objective_e20_bs32_eval5,3,"['none', 10]",True,True,event-detection-pdf,,P3-gru-main-seeds,,offline,"paper-density-likelihood-rewrite,sleep,P3,main-seeds",True,['hard'],experiments/sleep/gru/hard/seed_2_objective_e20_bs32_eval5/predictions,tolerance,tuned,hard,mf1,mf1,180.0,0.7635572714947148,"{""alternating"": 1, ""cutoff"": 0.0, ""smooth"": 10}",experiments/sleep/gru/hard/seed_2_objective_e20_bs32_eval5/results/scores.csv,seed_2_objective_e20_bs32_eval5,experiments/sleep/gru/hard/seed_2_objective_e20_bs32_eval5,sparse,mAP,0.003,0.0,0.1,True,5.0,50.0,"[12, 36, 60, 90, 120, 150, 180, 240, 300, 360]","[12, 36, 60, 90, 120, 150, 180, 240, 300, 360]",825.2762311920014
sleep,gru,hard,2,120960,10,stat,4,20,32,True,True,cuda,objective_e20_bs32_eval5,3,"['none', 10]",True,True,event-detection-pdf,,P3-gru-main-seeds,,offline,"paper-density-likelihood-rewrite,sleep,P3,main-seeds",True,['hard'],experiments/sleep/gru/hard/seed_2_objective_e20_bs32_eval5/predictions,tolerance,tuned,hard,mf1,mf1,240.0,0.7794221723981517,"{""alternating"": 1, ""cutoff"": 0.0, ""smooth"": 10}",experiments/sleep/gru/hard/seed_2_objective_e20_bs32_eval5/results/scores.csv,seed_2_objective_e20_bs32_eval5,experiments/sleep/gru/hard/seed_2_objective_e20_bs32_eval5,sparse,mAP,0.003,0.0,0.1,True,5.0,50.0,"[12, 36, 60, 90, 120, 150, 180, 240, 300, 360]","[12, 36, 60, 90, 120, 150, 180, 240, 300, 360]",825.2762311920014
sleep,gru,hard,2,120960,10,stat,4,20,32,True,True,cuda,objective_e20_bs32_eval5,3,"['none', 10]",True,True,event-detection-pdf,,P3-gru-main-seeds,,offline,"paper-density-likelihood-rewrite,sleep,P3,main-seeds",True,['hard'],experiments/sleep/gru/hard/seed_2_objective_e20_bs32_eval5/predictions,tolerance,tuned,hard,mf1,mf1,300.0,0.7915708085604277,"{""alternating"": 1, ""cutoff"": 0.0, ""smooth"": 10}",experiments/sleep/gru/hard/seed_2_objective_e20_bs32_eval5/results/scores.csv,seed_2_objective_e20_bs32_eval5,experiments/sleep/gru/hard/seed_2_objective_e20_bs32_eval5,sparse,mAP,0.003,0.0,0.1,True,5.0,50.0,"[12, 36, 60, 90, 120, 150, 180, 240, 300, 360]","[12, 36, 60, 90, 120, 150, 180, 240, 300, 360]",825.2762311920014
sleep,gru,hard,2,120960,10,stat,4,20,32,True,True,cuda,objective_e20_bs32_eval5,3,"['none', 10]",True,True,event-detection-pdf,,P3-gru-main-seeds,,offline,"paper-density-likelihood-rewrite,sleep,P3,main-seeds",True,['hard'],experiments/sleep/gru/hard/seed_2_objective_e20_bs32_eval5/predictions,tolerance,tuned,hard,mf1,mf1,360.0,0.7999394695578345,"{""alternating"": 1, ""cutoff"": 0.0, ""smooth"": 10}",experiments/sleep/gru/hard/seed_2_objective_e20_bs32_eval5/results/scores.csv,seed_2_objective_e20_bs32_eval5,experiments/sleep/gru/hard/seed_2_objective_e20_bs32_eval5,sparse,mAP,0.003,0.0,0.1,True,5.0,50.0,"[12, 36, 60, 90, 120, 150, 180, 240, 300, 360]","[12, 36, 60, 90, 120, 150, 180, 240, 300, 360]",825.2762311920014
sleep,gru,seg,0,120960,10,stat,4,20,32,True,True,cuda,objective_e20_bs32_eval5,3,"['none', 10]",True,True,event-detection-pdf,,P2-gru-objective-sweep-score,,offline,"paper-density-likelihood-rewrite,sleep,P2,score",True,"['seg1', 'seg2']",experiments/sleep/gru/seg/seed_0_objective_e20_bs32_eval5/predictions,summary,default,seg1,,mAP,,0.4325446042234171,{},experiments/sleep/gru/seg/seed_0_objective_e20_bs32_eval5/results/scores.csv,seed_0_objective_e20_bs32_eval5,experiments/sleep/gru/seg/seed_0_objective_e20_bs32_eval5,,,,,,,,,,,
sleep,gru,seg,0,120960,10,stat,4,20,32,True,True,cuda,objective_e20_bs32_eval5,3,"['none', 10]",True,True,event-detection-pdf,,P2-gru-objective-sweep-score,,offline,"paper-density-likelihood-rewrite,sleep,P2,score",True,"['seg1', 'seg2']",experiments/sleep/gru/seg/seed_0_objective_e20_bs32_eval5/predictions,summary,default,seg1,,mf1,,0.5431266925029565,{},experiments/sleep/gru/seg/seed_0_objective_e20_bs32_eval5/results/scores.csv,seed_0_objective_e20_bs32_eval5,experiments/sleep/gru/seg/seed_0_objective_e20_bs32_eval5,,,,,,,,,,,
sleep,gru,seg,0,120960,10,stat,4,20,32,True,True,cuda,objective_e20_bs32_eval5,3,"['none', 10]",True,True,event-detection-pdf,,P2-gru-objective-sweep-score,,offline,"paper-density-likelihood-rewrite,sleep,P2,score",True,"['seg1', 'seg2']",experiments/sleep/gru/seg/seed_0_objective_e20_bs32_eval5/predictions,summary,tuned,seg1,mAP,mAP,,0.534715565493448,"{""alternating"": 1, ""cutoff"": 0.5, ""smooth"": 10}",experiments/sleep/gru/seg/seed_0_objective_e20_bs32_eval5/results/scores.csv,seed_0_objective_e20_bs32_eval5,experiments/sleep/gru/seg/seed_0_objective_e20_bs32_eval5,,,,,,,,,,,
sleep,gru,seg,0,120960,10,stat,4,20,32,True,True,cuda,objective_e20_bs32_eval5,3,"['none', 10]",True,True,event-detection-pdf,,P2-gru-objective-sweep-score,,offline,"paper-density-likelihood-rewrite,sleep,P2,score",True,"['seg1', 'seg2']",experiments/sleep/gru/seg/seed_0_objective_e20_bs32_eval5/predictions,summary,tuned,seg1,mAP,mf1,,0.6385455455746107,"{""alternating"": 1, ""cutoff"": 0.5, ""smooth"": 10}",experiments/sleep/gru/seg/seed_0_objective_e20_bs32_eval5/results/scores.csv,seed_0_objective_e20_bs32_eval5,experiments/sleep/gru/seg/seed_0_objective_e20_bs32_eval5,,,,,,,,,,,
sleep,gru,seg,0,120960,10,stat,4,20,32,True,True,cuda,objective_e20_bs32_eval5,3,"['none', 10]",True,True,event-detection-pdf,,P2-gru-objective-sweep-score,,offline,"paper-density-likelihood-rewrite,sleep,P2,score",True,"['seg1', 'seg2']",experiments/sleep/gru/seg/seed_0_objective_e20_bs32_eval5/predictions,tolerance,tuned,seg1,mAP,mAP,12.0,0.0423551869312644,"{""alternating"": 1, ""cutoff"": 0.5, ""smooth"": 10}",experiments/sleep/gru/seg/seed_0_objective_e20_bs32_eval5/results/scores.csv,seed_0_objective_e20_bs32_eval5,experiments/sleep/gru/seg/seed_0_objective_e20_bs32_eval5,,,,,,,,,,,
sleep,gru,seg,0,120960,10,stat,4,20,32,True,True,cuda,objective_e20_bs32_eval5,3,"['none', 10]",True,True,event-detection-pdf,,P2-gru-objective-sweep-score,,offline,"paper-density-likelihood-rewrite,sleep,P2,score",True,"['seg1', 'seg2']",experiments/sleep/gru/seg/seed_0_objective_e20_bs32_eval5/predictions,tolerance,tuned,seg1,mAP,mAP,36.0,0.2572322137776225,"{""alternating"": 1, ""cutoff"": 0.5, ""smooth"": 10}",experiments/sleep/gru/seg/seed_0_objective_e20_bs32_eval5/results/scores.csv,seed_0_objective_e20_bs32_eval5,experiments/sleep/gru/seg/seed_0_objective_e20_bs32_eval5,,,,,,,,,,,
sleep,gru,seg,0,120960,10,stat,4,20,32,True,True,cuda,objective_e20_bs32_eval5,3,"['none', 10]",True,True,event-detection-pdf,,P2-gru-objective-sweep-score,,offline,"paper-density-likelihood-rewrite,sleep,P2,score",True,"['seg1', 'seg2']",experiments/sleep/gru/seg/seed_0_objective_e20_bs32_eval5/predictions,tolerance,tuned,seg1,mAP,mAP,60.0,0.4205098405902661,"{""alternating"": 1, ""cutoff"": 0.5, ""smooth"": 10}",experiments/sleep/gru/seg/seed_0_objective_e20_bs32_eval5/results/scores.csv,seed_0_objective_e20_bs32_eval5,experiments/sleep/gru/seg/seed_0_objective_e20_bs32_eval5,,,,,,,,,,,
sleep,gru,seg,0,120960,10,stat,4,20,32,True,True,cuda,objective_e20_bs32_eval5,3,"['none', 10]",True,True,event-detection-pdf,,P2-gru-objective-sweep-score,,offline,"paper-density-likelihood-rewrite,sleep,P2,score",True,"['seg1', 'seg2']",experiments/sleep/gru/seg/seed_0_objective_e20_bs32_eval5/predictions,tolerance,tuned,seg1,mAP,mAP,90.0,0.5211704817361194,"{""alternating"": 1, ""cutoff"": 0.5, ""smooth"": 10}",experiments/sleep/gru/seg/seed_0_objective_e20_bs32_eval5/results/scores.csv,seed_0_objective_e20_bs32_eval5,experiments/sleep/gru/seg/seed_0_objective_e20_bs32_eval5,,,,,,,,,,,
sleep,gru,seg,0,120960,10,stat,4,20,32,True,True,cuda,objective_e20_bs32_eval5,3,"['none', 10]",True,True,event-detection-pdf,,P2-gru-objective-sweep-score,,offline,"paper-density-likelihood-rewrite,sleep,P2,score",True,"['seg1', 'seg2']",experiments/sleep/gru/seg/seed_0_objective_e20_bs32_eval5/predictions,tolerance,tuned,seg1,mAP,mAP,120.0,0.590910489767934,"{""alternating"": 1, ""cutoff"": 0.5, ""smooth"": 10}",experiments/sleep/gru/seg/seed_0_objective_e20_bs32_eval5/results/scores.csv,seed_0_objective_e20_bs32_eval5,experiments/sleep/gru/seg/seed_0_objective_e20_bs32_eval5,,,,,,,,,,,
sleep,gru,seg,0,120960,10,stat,4,20,32,True,True,cuda,objective_e20_bs32_eval5,3,"['none', 10]",True,True,event-detection-pdf,,P2-gru-objective-sweep-score,,offline,"paper-density-likelihood-rewrite,sleep,P2,score",True,"['seg1', 'seg2']",experiments/sleep/gru/seg/seed_0_objective_e20_bs32_eval5/predictions,tolerance,tuned,seg1,mAP,mAP,150.0,0.6398031556230634,"{""alternating"": 1, ""cutoff"": 0.5, ""smooth"": 10}",experiments/sleep/gru/seg/seed_0_objective_e20_bs32_eval5/results/scores.csv,seed_0_objective_e20_bs32_eval5,experiments/sleep/gru/seg/seed_0_objective_e20_bs32_eval5,,,,,,,,,,,
sleep,gru,seg,0,120960,10,stat,4,20,32,True,True,cuda,objective_e20_bs32_eval5,3,"['none', 10]",True,True,event-detection-pdf,,P2-gru-objective-sweep-score,,offline,"paper-density-likelihood-rewrite,sleep,P2,score",True,"['seg1', 'seg2']",experiments/sleep/gru/seg/seed_0_objective_e20_bs32_eval5/predictions,tolerance,tuned,seg1,mAP,mAP,180.0,0.6729458836631111,"{""alternating"": 1, ""cutoff"": 0.5, ""smooth"": 10}",experiments/sleep/gru/seg/seed_0_objective_e20_bs32_eval5/results/scores.csv,seed_0_objective_e20_bs32_eval5,experiments/sleep/gru/seg/seed_0_objective_e20_bs32_eval5,,,,,,,,,,,
sleep,gru,seg,0,120960,10,stat,4,20,32,True,True,cuda,objective_e20_bs32_eval5,3,"['none', 10]",True,True,event-detection-pdf,,P2-gru-objective-sweep-score,,offline,"paper-density-likelihood-rewrite,sleep,P2,score",True,"['seg1', 'seg2']",experiments/sleep/gru/seg/seed_0_objective_e20_bs32_eval5/predictions,tolerance,tuned,seg1,mAP,mAP,240.0,0.7100697389169046,"{""alternating"": 1, ""cutoff"": 0.5, ""smooth"": 10}",experiments/sleep/gru/seg/seed_0_objective_e20_bs32_eval5/results/scores.csv,seed_0_objective_e20_bs32_eval5,experiments/sleep/gru/seg/seed_0_objective_e20_bs32_eval5,,,,,,,,,,,
sleep,gru,seg,0,120960,10,stat,4,20,32,True,True,cuda,objective_e20_bs32_eval5,3,"['none', 10]",True,True,event-detection-pdf,,P2-gru-objective-sweep-score,,offline,"paper-density-likelihood-rewrite,sleep,P2,score",True,"['seg1', 'seg2']",experiments/sleep/gru/seg/seed_0_objective_e20_bs32_eval5/predictions,tolerance,tuned,seg1,mAP,mAP,300.0,0.7358201540262737,"{""alternating"": 1, ""cutoff"": 0.5, ""smooth"": 10}",experiments/sleep/gru/seg/seed_0_objective_e20_bs32_eval5/results/scores.csv,seed_0_objective_e20_bs32_eval5,experiments/sleep/gru/seg/seed_0_objective_e20_bs32_eval5,,,,,,,,,,,
sleep,gru,seg,0,120960,10,stat,4,20,32,True,True,cuda,objective_e20_bs32_eval5,3,"['none', 10]",True,True,event-detection-pdf,,P2-gru-objective-sweep-score,,offline,"paper-density-likelihood-rewrite,sleep,P2,score",True,"['seg1', 'seg2']",experiments/sleep/gru/seg/seed_0_objective_e20_bs32_eval5/predictions,tolerance,tuned,seg1,mAP,mAP,360.0,0.7563385099019206,"{""alternating"": 1, ""cutoff"": 0.5, ""smooth"": 10}",experiments/sleep/gru/seg/seed_0_objective_e20_bs32_eval5/results/scores.csv,seed_0_objective_e20_bs32_eval5,experiments/sleep/gru/seg/seed_0_objective_e20_bs32_eval5,,,,,,,,,,,
sleep,gru,seg,0,120960,10,stat,4,20,32,True,True,cuda,objective_e20_bs32_eval5,3,"['none', 10]",True,True,event-detection-pdf,,P2-gru-objective-sweep-score,,offline,"paper-density-likelihood-rewrite,sleep,P2,score",True,"['seg1', 'seg2']",experiments/sleep/gru/seg/seed_0_objective_e20_bs32_eval5/predictions,summary,tuned,seg1,mf1,mAP,,0.534715565493448,"{""alternating"": 1, ""cutoff"": 0.5, ""smooth"": 10}",experiments/sleep/gru/seg/seed_0_objective_e20_bs32_eval5/results/scores.csv,seed_0_objective_e20_bs32_eval5,experiments/sleep/gru/seg/seed_0_objective_e20_bs32_eval5,,,,,,,,,,,
sleep,gru,seg,0,120960,10,stat,4,20,32,True,True,cuda,objective_e20_bs32_eval5,3,"['none', 10]",True,True,event-detection-pdf,,P2-gru-objective-sweep-score,,offline,"paper-density-likelihood-rewrite,sleep,P2,score",True,"['seg1', 'seg2']",experiments/sleep/gru/seg/seed_0_objective_e20_bs32_eval5/predictions,summary,tuned,seg1,mf1,mf1,,0.6385455455746107,"{""alternating"": 1, ""cutoff"": 0.5, ""smooth"": 10}",experiments/sleep/gru/seg/seed_0_objective_e20_bs32_eval5/results/scores.csv,seed_0_objective_e20_bs32_eval5,experiments/sleep/gru/seg/seed_0_objective_e20_bs32_eval5,,,,,,,,,,,
sleep,gru,seg,0,120960,10,stat,4,20,32,True,True,cuda,objective_e20_bs32_eval5,3,"['none', 10]",True,True,event-detection-pdf,,P2-gru-objective-sweep-score,,offline,"paper-density-likelihood-rewrite,sleep,P2,score",True,"['seg1', 'seg2']",experiments/sleep/gru/seg/seed_0_objective_e20_bs32_eval5/predictions,tolerance,tuned,seg1,mf1,mf1,12.0,0.1689294865610865,"{""alternating"": 1, ""cutoff"": 0.5, ""smooth"": 10}",experiments/sleep/gru/seg/seed_0_objective_e20_bs32_eval5/results/scores.csv,seed_0_objective_e20_bs32_eval5,experiments/sleep/gru/seg/seed_0_objective_e20_bs32_eval5,,,,,,,,,,,
sleep,gru,seg,0,120960,10,stat,4,20,32,True,True,cuda,objective_e20_bs32_eval5,3,"['none', 10]",True,True,event-detection-pdf,,P2-gru-objective-sweep-score,,offline,"paper-density-likelihood-rewrite,sleep,P2,score",True,"['seg1', 'seg2']",experiments/sleep/gru/seg/seed_0_objective_e20_bs32_eval5/predictions,tolerance,tuned,seg1,mf1,mf1,36.0,0.4442836801157084,"{""alternating"": 1, ""cutoff"": 0.5, ""smooth"": 10}",experiments/sleep/gru/seg/seed_0_objective_e20_bs32_eval5/results/scores.csv,seed_0_objective_e20_bs32_eval5,experiments/sleep/gru/seg/seed_0_objective_e20_bs32_eval5,,,,,,,,,,,
sleep,gru,seg,0,120960,10,stat,4,20,32,True,True,cuda,objective_e20_bs32_eval5,3,"['none', 10]",True,True,event-detection-pdf,,P2-gru-objective-sweep-score,,offline,"paper-density-likelihood-rewrite,sleep,P2,score",True,"['seg1', 'seg2']",experiments/sleep/gru/seg/seed_0_objective_e20_bs32_eval5/predictions,tolerance,tuned,seg1,mf1,mf1,60.0,0.5807354338157917,"{""alternating"": 1, ""cutoff"": 0.5, ""smooth"": 10}",experiments/sleep/gru/seg/seed_0_objective_e20_bs32_eval5/results/scores.csv,seed_0_objective_e20_bs32_eval5,experiments/sleep/gru/seg/seed_0_objective_e20_bs32_eval5,,,,,,,,,,,
sleep,gru,seg,0,120960,10,stat,4,20,32,True,True,cuda,objective_e20_bs32_eval5,3,"['none', 10]",True,True,event-detection-pdf,,P2-gru-objective-sweep-score,,offline,"paper-density-likelihood-rewrite,sleep,P2,score",True,"['seg1', 'seg2']",experiments/sleep/gru/seg/seed_0_objective_e20_bs32_eval5/predictions,tolerance,tuned,seg1,mf1,mf1,90.0,0.6554245876058518,"{""alternating"": 1, ""cutoff"": 0.5, ""smooth"": 10}",experiments/sleep/gru/seg/seed_0_objective_e20_bs32_eval5/results/scores.csv,seed_0_objective_e20_bs32_eval5,experiments/sleep/gru/seg/seed_0_objective_e20_bs32_eval5,,,,,,,,,,,
sleep,gru,seg,0,120960,10,stat,4,20,32,True,True,cuda,objective_e20_bs32_eval5,3,"['none', 10]",True,True,event-detection-pdf,,P2-gru-objective-sweep-score,,offline,"paper-density-likelihood-rewrite,sleep,P2,score",True,"['seg1', 'seg2']",experiments/sleep/gru/seg/seed_0_objective_e20_bs32_eval5/predictions,tolerance,tuned,seg1,mf1,mf1,120.0,0.7013458976028671,"{""alternating"": 1, ""cutoff"": 0.5, ""smooth"": 10}",experiments/sleep/gru/seg/seed_0_objective_e20_bs32_eval5/results/scores.csv,seed_0_objective_e20_bs32_eval5,experiments/sleep/gru/seg/seed_0_objective_e20_bs32_eval5,,,,,,,,,,,
sleep,gru,seg,0,120960,10,stat,4,20,32,True,True,cuda,objective_e20_bs32_eval5,3,"['none', 10]",True,True,event-detection-pdf,,P2-gru-objective-sweep-score,,offline,"paper-density-likelihood-rewrite,sleep,P2,score",True,"['seg1', 'seg2']",experiments/sleep/gru/seg/seed_0_objective_e20_bs32_eval5/predictions,tolerance,tuned,seg1,mf1,mf1,150.0,0.7298222959080578,"{""alternating"": 1, ""cutoff"": 0.5, ""smooth"": 10}",experiments/sleep/gru/seg/seed_0_objective_e20_bs32_eval5/results/scores.csv,seed_0_objective_e20_bs32_eval5,experiments/sleep/gru/seg/seed_0_objective_e20_bs32_eval5,,,,,,,,,,,
sleep,gru,seg,0,120960,10,stat,4,20,32,True,True,cuda,objective_e20_bs32_eval5,3,"['none', 10]",True,True,event-detection-pdf,,P2-gru-objective-sweep-score,,offline,"paper-density-likelihood-rewrite,sleep,P2,score",True,"['seg1', 'seg2']",experiments/sleep/gru/seg/seed_0_objective_e20_bs32_eval5/predictions,tolerance,tuned,seg1,mf1,mf1,180.0,0.7480136231963759,"{""alternating"": 1, ""cutoff"": 0.5, ""smooth"": 10}",experiments/sleep/gru/seg/seed_0_objective_e20_bs32_eval5/results/scores.csv,seed_0_objective_e20_bs32_eval5,experiments/sleep/gru/seg/seed_0_objective_e20_bs32_eval5,,,,,,,,,,,
sleep,gru,seg,0,120960,10,stat,4,20,32,True,True,cuda,objective_e20_bs32_eval5,3,"['none', 10]",True,True,event-detection-pdf,,P2-gru-objective-sweep-score,,offline,"paper-density-likelihood-rewrite,sleep,P2,score",True,"['seg1', 'seg2']",experiments/sleep/gru/seg/seed_0_objective_e20_bs32_eval5/predictions,tolerance,tuned,seg1,mf1,mf1,240.0,0.7717035694590897,"{""alternating"": 1, ""cutoff"": 0.5, ""smooth"": 10}",experiments/sleep/gru/seg/seed_0_objective_e20_bs32_eval5/results/scores.csv,seed_0_objective_e20_bs32_eval5,experiments/sleep/gru/seg/seed_0_objective_e20_bs32_eval5,,,,,,,,,,,
sleep,gru,seg,0,120960,10,stat,4,20,32,True,True,cuda,objective_e20_bs32_eval5,3,"['none', 10]",True,True,event-detection-pdf,,P2-gru-objective-sweep-score,,offline,"paper-density-likelihood-rewrite,sleep,P2,score",True,"['seg1', 'seg2']",experiments/sleep/gru/seg/seed_0_objective_e20_bs32_eval5/predictions,tolerance,tuned,seg1,mf1,mf1,300.0,0.7873332818499101,"{""alternating"": 1, ""cutoff"": 0.5, ""smooth"": 10}",experiments/sleep/gru/seg/seed_0_objective_e20_bs32_eval5/results/scores.csv,seed_0_objective_e20_bs32_eval5,experiments/sleep/gru/seg/seed_0_objective_e20_bs32_eval5,,,,,,,,,,,
sleep,gru,seg,0,120960,10,stat,4,20,32,True,True,cuda,objective_e20_bs32_eval5,3,"['none', 10]",True,True,event-detection-pdf,,P2-gru-objective-sweep-score,,offline,"paper-density-likelihood-rewrite,sleep,P2,score",True,"['seg1', 'seg2']",experiments/sleep/gru/seg/seed_0_objective_e20_bs32_eval5/predictions,tolerance,tuned,seg1,mf1,mf1,360.0,0.7978635996313681,"{""alternating"": 1, ""cutoff"": 0.5, ""smooth"": 10}",experiments/sleep/gru/seg/seed_0_objective_e20_bs32_eval5/results/scores.csv,seed_0_objective_e20_bs32_eval5,experiments/sleep/gru/seg/seed_0_objective_e20_bs32_eval5,,,,,,,,,,,
sleep,gru,seg,0,120960,10,stat,4,20,32,True,True,cuda,objective_e20_bs32_eval5,3,"['none', 10]",True,True,event-detection-pdf,,P2-gru-objective-sweep-score,,offline,"paper-density-likelihood-rewrite,sleep,P2,score",True,"['seg1', 'seg2']",experiments/sleep/gru/seg/seed_0_objective_e20_bs32_eval5/predictions,summary,default,seg2,,mAP,,0.5085671006500329,{},experiments/sleep/gru/seg/seed_0_objective_e20_bs32_eval5/results/scores.csv,seed_0_objective_e20_bs32_eval5,experiments/sleep/gru/seg/seed_0_objective_e20_bs32_eval5,,,,,,,,,,,
sleep,gru,seg,0,120960,10,stat,4,20,32,True,True,cuda,objective_e20_bs32_eval5,3,"['none', 10]",True,True,event-detection-pdf,,P2-gru-objective-sweep-score,,offline,"paper-density-likelihood-rewrite,sleep,P2,score",True,"['seg1', 'seg2']",experiments/sleep/gru/seg/seed_0_objective_e20_bs32_eval5/predictions,summary,default,seg2,,mf1,,0.657315672581851,{},experiments/sleep/gru/seg/seed_0_objective_e20_bs32_eval5/results/scores.csv,seed_0_objective_e20_bs32_eval5,experiments/sleep/gru/seg/seed_0_objective_e20_bs32_eval5,,,,,,,,,,,
sleep,gru,seg,0,120960,10,stat,4,20,32,True,True,cuda,objective_e20_bs32_eval5,3,"['none', 10]",True,True,event-detection-pdf,,P2-gru-objective-sweep-score,,offline,"paper-density-likelihood-rewrite,sleep,P2,score",True,"['seg1', 'seg2']",experiments/sleep/gru/seg/seed_0_objective_e20_bs32_eval5/predictions,summary,tuned,seg2,mAP,mAP,,0.5708911028714023,"{""alternating"": 0, ""cutoff"": 0.0, ""smooth"": 10}",experiments/sleep/gru/seg/seed_0_objective_e20_bs32_eval5/results/scores.csv,seed_0_objective_e20_bs32_eval5,experiments/sleep/gru/seg/seed_0_objective_e20_bs32_eval5,,,,,,,,,,,
sleep,gru,seg,0,120960,10,stat,4,20,32,True,True,cuda,objective_e20_bs32_eval5,3,"['none', 10]",True,True,event-detection-pdf,,P2-gru-objective-sweep-score,,offline,"paper-density-likelihood-rewrite,sleep,P2,score",True,"['seg1', 'seg2']",experiments/sleep/gru/seg/seed_0_objective_e20_bs32_eval5/predictions,summary,tuned,seg2,mAP,mf1,,0.6600968076746483,"{""alternating"": 0, ""cutoff"": 0.0, ""smooth"": 10}",experiments/sleep/gru/seg/seed_0_objective_e20_bs32_eval5/results/scores.csv,seed_0_objective_e20_bs32_eval5,experiments/sleep/gru/seg/seed_0_objective_e20_bs32_eval5,,,,,,,,,,,
sleep,gru,seg,0,120960,10,stat,4,20,32,True,True,cuda,objective_e20_bs32_eval5,3,"['none', 10]",True,True,event-detection-pdf,,P2-gru-objective-sweep-score,,offline,"paper-density-likelihood-rewrite,sleep,P2,score",True,"['seg1', 'seg2']",experiments/sleep/gru/seg/seed_0_objective_e20_bs32_eval5/predictions,tolerance,tuned,seg2,mAP,mAP,12.0,0.0533395532131063,"{""alternating"": 0, ""cutoff"": 0.0, ""smooth"": 10}",experiments/sleep/gru/seg/seed_0_objective_e20_bs32_eval5/results/scores.csv,seed_0_objective_e20_bs32_eval5,experiments/sleep/gru/seg/seed_0_objective_e20_bs32_eval5,,,,,,,,,,,
sleep,gru,seg,0,120960,10,stat,4,20,32,True,True,cuda,objective_e20_bs32_eval5,3,"['none', 10]",True,True,event-detection-pdf,,P2-gru-objective-sweep-score,,offline,"paper-density-likelihood-rewrite,sleep,P2,score",True,"['seg1', 'seg2']",experiments/sleep/gru/seg/seed_0_objective_e20_bs32_eval5/predictions,tolerance,tuned,seg2,mAP,mAP,36.0,0.2877149251660045,"{""alternating"": 0, ""cutoff"": 0.0, ""smooth"": 10}",experiments/sleep/gru/seg/seed_0_objective_e20_bs32_eval5/results/scores.csv,seed_0_objective_e20_bs32_eval5,experiments/sleep/gru/seg/seed_0_objective_e20_bs32_eval5,,,,,,,,,,,
sleep,gru,seg,0,120960,10,stat,4,20,32,True,True,cuda,objective_e20_bs32_eval5,3,"['none', 10]",True,True,event-detection-pdf,,P2-gru-objective-sweep-score,,offline,"paper-density-likelihood-rewrite,sleep,P2,score",True,"['seg1', 'seg2']",experiments/sleep/gru/seg/seed_0_objective_e20_bs32_eval5/predictions,tolerance,tuned,seg2,mAP,mAP,60.0,0.4431580381217102,"{""alternating"": 0, ""cutoff"": 0.0, ""smooth"": 10}",experiments/sleep/gru/seg/seed_0_objective_e20_bs32_eval5/results/scores.csv,seed_0_objective_e20_bs32_eval5,experiments/sleep/gru/seg/seed_0_objective_e20_bs32_eval5,,,,,,,,,,,
sleep,gru,seg,0,120960,10,stat,4,20,32,True,True,cuda,objective_e20_bs32_eval5,3,"['none', 10]",True,True,event-detection-pdf,,P2-gru-objective-sweep-score,,offline,"paper-density-likelihood-rewrite,sleep,P2,score",True,"['seg1', 'seg2']",experiments/sleep/gru/seg/seed_0_objective_e20_bs32_eval5/predictions,tolerance,tuned,seg2,mAP,mAP,90.0,0.5492517188230335,"{""alternating"": 0, ""cutoff"": 0.0, ""smooth"": 10}",experiments/sleep/gru/seg/seed_0_objective_e20_bs32_eval5/results/scores.csv,seed_0_objective_e20_bs32_eval5,experiments/sleep/gru/seg/seed_0_objective_e20_bs32_eval5,,,,,,,,,,,
sleep,gru,seg,0,120960,10,stat,4,20,32,True,True,cuda,objective_e20_bs32_eval5,3,"['none', 10]",True,True,event-detection-pdf,,P2-gru-objective-sweep-score,,offline,"paper-density-likelihood-rewrite,sleep,P2,score",True,"['seg1', 'seg2']",experiments/sleep/gru/seg/seed_0_objective_e20_bs32_eval5/predictions,tolerance,tuned,seg2,mAP,mAP,120.0,0.620853467479166,"{""alternating"": 0, ""cutoff"": 0.0, ""smooth"": 10}",experiments/sleep/gru/seg/seed_0_objective_e20_bs32_eval5/results/scores.csv,seed_0_objective_e20_bs32_eval5,experiments/sleep/gru/seg/seed_0_objective_e20_bs32_eval5,,,,,,,,,,,
sleep,gru,seg,0,120960,10,stat,4,20,32,True,True,cuda,objective_e20_bs32_eval5,3,"['none', 10]",True,True,event-detection-pdf,,P2-gru-objective-sweep-score,,offline,"paper-density-likelihood-rewrite,sleep,P2,score",True,"['seg1', 'seg2']",experiments/sleep/gru/seg/seed_0_objective_e20_bs32_eval5/predictions,tolerance,tuned,seg2,mAP,mAP,150.0,0.6751303057679013,"{""alternating"": 0, ""cutoff"": 0.0, ""smooth"": 10}",experiments/sleep/gru/seg/seed_0_objective_e20_bs32_eval5/results/scores.csv,seed_0_objective_e20_bs32_eval5,experiments/sleep/gru/seg/seed_0_objective_e20_bs32_eval5,,,,,,,,,,,
sleep,gru,seg,0,120960,10,stat,4,20,32,True,True,cuda,objective_e20_bs32_eval5,3,"['none', 10]",True,True,event-detection-pdf,,P2-gru-objective-sweep-score,,offline,"paper-density-likelihood-rewrite,sleep,P2,score",True,"['seg1', 'seg2']",experiments/sleep/gru/seg/seed_0_objective_e20_bs32_eval5/predictions,tolerance,tuned,seg2,mAP,mAP,180.0,0.7106726329012001,"{""alternating"": 0, ""cutoff"": 0.0, ""smooth"": 10}",experiments/sleep/gru/seg/seed_0_objective_e20_bs32_eval5/results/scores.csv,seed_0_objective_e20_bs32_eval5,experiments/sleep/gru/seg/seed_0_objective_e20_bs32_eval5,,,,,,,,,,,
sleep,gru,seg,0,120960,10,stat,4,20,32,True,True,cuda,objective_e20_bs32_eval5,3,"['none', 10]",True,True,event-detection-pdf,,P2-gru-objective-sweep-score,,offline,"paper-density-likelihood-rewrite,sleep,P2,score",True,"['seg1', 'seg2']",experiments/sleep/gru/seg/seed_0_objective_e20_bs32_eval5/predictions,tolerance,tuned,seg2,mAP,mAP,240.0,0.7606580705113158,"{""alternating"": 0, ""cutoff"": 0.0, ""smooth"": 10}",experiments/sleep/gru/seg/seed_0_objective_e20_bs32_eval5/results/scores.csv,seed_0_objective_e20_bs32_eval5,experiments/sleep/gru/seg/seed_0_objective_e20_bs32_eval5,,,,,,,,,,,
sleep,gru,seg,0,120960,10,stat,4,20,32,True,True,cuda,objective_e20_bs32_eval5,3,"['none', 10]",True,True,event-detection-pdf,,P2-gru-objective-sweep-score,,offline,"paper-density-likelihood-rewrite,sleep,P2,score",True,"['seg1', 'seg2']",experiments/sleep/gru/seg/seed_0_objective_e20_bs32_eval5/predictions,tolerance,tuned,seg2,mAP,mAP,300.0,0.7915715441471846,"{""alternating"": 0, ""cutoff"": 0.0, ""smooth"": 10}",experiments/sleep/gru/seg/seed_0_objective_e20_bs32_eval5/results/scores.csv,seed_0_objective_e20_bs32_eval5,experiments/sleep/gru/seg/seed_0_objective_e20_bs32_eval5,,,,,,,,,,,
sleep,gru,seg,0,120960,10,stat,4,20,32,True,True,cuda,objective_e20_bs32_eval5,3,"['none', 10]",True,True,event-detection-pdf,,P2-gru-objective-sweep-score,,offline,"paper-density-likelihood-rewrite,sleep,P2,score",True,"['seg1', 'seg2']",experiments/sleep/gru/seg/seed_0_objective_e20_bs32_eval5/predictions,tolerance,tuned,seg2,mAP,mAP,360.0,0.816560772583401,"{""alternating"": 0, ""cutoff"": 0.0, ""smooth"": 10}",experiments/sleep/gru/seg/seed_0_objective_e20_bs32_eval5/results/scores.csv,seed_0_objective_e20_bs32_eval5,experiments/sleep/gru/seg/seed_0_objective_e20_bs32_eval5,,,,,,,,,,,
sleep,gru,seg,0,120960,10,stat,4,20,32,True,True,cuda,objective_e20_bs32_eval5,3,"['none', 10]",True,True,event-detection-pdf,,P2-gru-objective-sweep-score,,offline,"paper-density-likelihood-rewrite,sleep,P2,score",True,"['seg1', 'seg2']",experiments/sleep/gru/seg/seed_0_objective_e20_bs32_eval5/predictions,summary,tuned,seg2,mf1,mAP,,0.5597156195833826,"{""alternating"": 1, ""cutoff"": 0.0, ""smooth"": 10}",experiments/sleep/gru/seg/seed_0_objective_e20_bs32_eval5/results/scores.csv,seed_0_objective_e20_bs32_eval5,experiments/sleep/gru/seg/seed_0_objective_e20_bs32_eval5,,,,,,,,,,,
sleep,gru,seg,0,120960,10,stat,4,20,32,True,True,cuda,objective_e20_bs32_eval5,3,"['none', 10]",True,True,event-detection-pdf,,P2-gru-objective-sweep-score,,offline,"paper-density-likelihood-rewrite,sleep,P2,score",True,"['seg1', 'seg2']",experiments/sleep/gru/seg/seed_0_objective_e20_bs32_eval5/predictions,summary,tuned,seg2,mf1,mf1,,0.6602684285113094,"{""alternating"": 1, ""cutoff"": 0.0, ""smooth"": 10}",experiments/sleep/gru/seg/seed_0_objective_e20_bs32_eval5/results/scores.csv,seed_0_objective_e20_bs32_eval5,experiments/sleep/gru/seg/seed_0_objective_e20_bs32_eval5,,,,,,,,,,,
sleep,gru,seg,0,120960,10,stat,4,20,32,True,True,cuda,objective_e20_bs32_eval5,3,"['none', 10]",True,True,event-detection-pdf,,P2-gru-objective-sweep-score,,offline,"paper-density-likelihood-rewrite,sleep,P2,score",True,"['seg1', 'seg2']",experiments/sleep/gru/seg/seed_0_objective_e20_bs32_eval5/predictions,tolerance,tuned,seg2,mf1,mf1,12.0,0.1949486209397931,"{""alternating"": 1, ""cutoff"": 0.0, ""smooth"": 10}",experiments/sleep/gru/seg/seed_0_objective_e20_bs32_eval5/results/scores.csv,seed_0_objective_e20_bs32_eval5,experiments/sleep/gru/seg/seed_0_objective_e20_bs32_eval5,,,,,,,,,,,
sleep,gru,seg,0,120960,10,stat,4,20,32,True,True,cuda,objective_e20_bs32_eval5,3,"['none', 10]",True,True,event-detection-pdf,,P2-gru-objective-sweep-score,,offline,"paper-density-likelihood-rewrite,sleep,P2,score",True,"['seg1', 'seg2']",experiments/sleep/gru/seg/seed_0_objective_e20_bs32_eval5/predictions,tolerance,tuned,seg2,mf1,mf1,36.0,0.4726345339928723,"{""alternating"": 1, ""cutoff"": 0.0, ""smooth"": 10}",experiments/sleep/gru/seg/seed_0_objective_e20_bs32_eval5/results/scores.csv,seed_0_objective_e20_bs32_eval5,experiments/sleep/gru/seg/seed_0_objective_e20_bs32_eval5,,,,,,,,,,,
sleep,gru,seg,0,120960,10,stat,4,20,32,True,True,cuda,objective_e20_bs32_eval5,3,"['none', 10]",True,True,event-detection-pdf,,P2-gru-objective-sweep-score,,offline,"paper-density-likelihood-rewrite,sleep,P2,score",True,"['seg1', 'seg2']",experiments/sleep/gru/seg/seed_0_objective_e20_bs32_eval5/predictions,tolerance,tuned,seg2,mf1,mf1,60.0,0.5932281226897977,"{""alternating"": 1, ""cutoff"": 0.0, ""smooth"": 10}",experiments/sleep/gru/seg/seed_0_objective_e20_bs32_eval5/results/scores.csv,seed_0_objective_e20_bs32_eval5,experiments/sleep/gru/seg/seed_0_objective_e20_bs32_eval5,,,,,,,,,,,
sleep,gru,seg,0,120960,10,stat,4,20,32,True,True,cuda,objective_e20_bs32_eval5,3,"['none', 10]",True,True,event-detection-pdf,,P2-gru-objective-sweep-score,,offline,"paper-density-likelihood-rewrite,sleep,P2,score",True,"['seg1', 'seg2']",experiments/sleep/gru/seg/seed_0_objective_e20_bs32_eval5/predictions,tolerance,tuned,seg2,mf1,mf1,90.0,0.6676600134578476,"{""alternating"": 1, ""cutoff"": 0.0, ""smooth"": 10}",experiments/sleep/gru/seg/seed_0_objective_e20_bs32_eval5/results/scores.csv,seed_0_objective_e20_bs32_eval5,experiments/sleep/gru/seg/seed_0_objective_e20_bs32_eval5,,,,,,,,,,,
sleep,gru,seg,0,120960,10,stat,4,20,32,True,True,cuda,objective_e20_bs32_eval5,3,"['none', 10]",True,True,event-detection-pdf,,P2-gru-objective-sweep-score,,offline,"paper-density-likelihood-rewrite,sleep,P2,score",True,"['seg1', 'seg2']",experiments/sleep/gru/seg/seed_0_objective_e20_bs32_eval5/predictions,tolerance,tuned,seg2,mf1,mf1,120.0,0.7138213454351802,"{""alternating"": 1, ""cutoff"": 0.0, ""smooth"": 10}",experiments/sleep/gru/seg/seed_0_objective_e20_bs32_eval5/results/scores.csv,seed_0_objective_e20_bs32_eval5,experiments/sleep/gru/seg/seed_0_objective_e20_bs32_eval5,,,,,,,,,,,
sleep,gru,seg,0,120960,10,stat,4,20,32,True,True,cuda,objective_e20_bs32_eval5,3,"['none', 10]",True,True,event-detection-pdf,,P2-gru-objective-sweep-score,,offline,"paper-density-likelihood-rewrite,sleep,P2,score",True,"['seg1', 'seg2']",experiments/sleep/gru/seg/seed_0_objective_e20_bs32_eval5/predictions,tolerance,tuned,seg2,mf1,mf1,150.0,0.7463267087519677,"{""alternating"": 1, ""cutoff"": 0.0, ""smooth"": 10}",experiments/sleep/gru/seg/seed_0_objective_e20_bs32_eval5/results/scores.csv,seed_0_objective_e20_bs32_eval5,experiments/sleep/gru/seg/seed_0_objective_e20_bs32_eval5,,,,,,,,,,,
sleep,gru,seg,0,120960,10,stat,4,20,32,True,True,cuda,objective_e20_bs32_eval5,3,"['none', 10]",True,True,event-detection-pdf,,P2-gru-objective-sweep-score,,offline,"paper-density-likelihood-rewrite,sleep,P2,score",True,"['seg1', 'seg2']",experiments/sleep/gru/seg/seed_0_objective_e20_bs32_eval5/predictions,tolerance,tuned,seg2,mf1,mf1,180.0,0.7673084465215269,"{""alternating"": 1, ""cutoff"": 0.0, ""smooth"": 10}",experiments/sleep/gru/seg/seed_0_objective_e20_bs32_eval5/results/scores.csv,seed_0_objective_e20_bs32_eval5,experiments/sleep/gru/seg/seed_0_objective_e20_bs32_eval5,,,,,,,,,,,
sleep,gru,seg,0,120960,10,stat,4,20,32,True,True,cuda,objective_e20_bs32_eval5,3,"['none', 10]",True,True,event-detection-pdf,,P2-gru-objective-sweep-score,,offline,"paper-density-likelihood-rewrite,sleep,P2,score",True,"['seg1', 'seg2']",experiments/sleep/gru/seg/seed_0_objective_e20_bs32_eval5/predictions,tolerance,tuned,seg2,mf1,mf1,240.0,0.7985445714137821,"{""alternating"": 1, ""cutoff"": 0.0, ""smooth"": 10}",experiments/sleep/gru/seg/seed_0_objective_e20_bs32_eval5/results/scores.csv,seed_0_objective_e20_bs32_eval5,experiments/sleep/gru/seg/seed_0_objective_e20_bs32_eval5,,,,,,,,,,,
sleep,gru,seg,0,120960,10,stat,4,20,32,True,True,cuda,objective_e20_bs32_eval5,3,"['none', 10]",True,True,event-detection-pdf,,P2-gru-objective-sweep-score,,offline,"paper-density-likelihood-rewrite,sleep,P2,score",True,"['seg1', 'seg2']",experiments/sleep/gru/seg/seed_0_objective_e20_bs32_eval5/predictions,tolerance,tuned,seg2,mf1,mf1,300.0,0.8169670601290939,"{""alternating"": 1, ""cutoff"": 0.0, ""smooth"": 10}",experiments/sleep/gru/seg/seed_0_objective_e20_bs32_eval5/results/scores.csv,seed_0_objective_e20_bs32_eval5,experiments/sleep/gru/seg/seed_0_objective_e20_bs32_eval5,,,,,,,,,,,
sleep,gru,seg,0,120960,10,stat,4,20,32,True,True,cuda,objective_e20_bs32_eval5,3,"['none', 10]",True,True,event-detection-pdf,,P2-gru-objective-sweep-score,,offline,"paper-density-likelihood-rewrite,sleep,P2,score",True,"['seg1', 'seg2']",experiments/sleep/gru/seg/seed_0_objective_e20_bs32_eval5/predictions,tolerance,tuned,seg2,mf1,mf1,360.0,0.8312448617812318,"{""alternating"": 1, ""cutoff"": 0.0, ""smooth"": 10}",experiments/sleep/gru/seg/seed_0_objective_e20_bs32_eval5/results/scores.csv,seed_0_objective_e20_bs32_eval5,experiments/sleep/gru/seg/seed_0_objective_e20_bs32_eval5,,,,,,,,,,,
sleep,gru,seg,1,120960,10,stat,4,20,32,True,True,cuda,objective_e20_bs32_eval5,3,"['none', 10]",True,True,event-detection-pdf,,P3-gru-main-seeds,,offline,"paper-density-likelihood-rewrite,sleep,P3,main-seeds",True,"['seg1', 'seg2']",experiments/sleep/gru/seg/seed_1_objective_e20_bs32_eval5/predictions,summary,default,seg1,,mAP,,0.413211133423083,{},experiments/sleep/gru/seg/seed_1_objective_e20_bs32_eval5/results/scores.csv,seed_1_objective_e20_bs32_eval5,experiments/sleep/gru/seg/seed_1_objective_e20_bs32_eval5,sparse,mAP,0.003,0.0,0.1,True,5.0,50.0,"[12, 36, 60, 90, 120, 150, 180, 240, 300, 360]","[12, 36, 60, 90, 120, 150, 180, 240, 300, 360]",686.7980145550027
sleep,gru,seg,1,120960,10,stat,4,20,32,True,True,cuda,objective_e20_bs32_eval5,3,"['none', 10]",True,True,event-detection-pdf,,P3-gru-main-seeds,,offline,"paper-density-likelihood-rewrite,sleep,P3,main-seeds",True,"['seg1', 'seg2']",experiments/sleep/gru/seg/seed_1_objective_e20_bs32_eval5/predictions,summary,default,seg1,,mf1,,0.5094636968978469,{},experiments/sleep/gru/seg/seed_1_objective_e20_bs32_eval5/results/scores.csv,seed_1_objective_e20_bs32_eval5,experiments/sleep/gru/seg/seed_1_objective_e20_bs32_eval5,sparse,mAP,0.003,0.0,0.1,True,5.0,50.0,"[12, 36, 60, 90, 120, 150, 180, 240, 300, 360]","[12, 36, 60, 90, 120, 150, 180, 240, 300, 360]",686.7980145550027
sleep,gru,seg,1,120960,10,stat,4,20,32,True,True,cuda,objective_e20_bs32_eval5,3,"['none', 10]",True,True,event-detection-pdf,,P3-gru-main-seeds,,offline,"paper-density-likelihood-rewrite,sleep,P3,main-seeds",True,"['seg1', 'seg2']",experiments/sleep/gru/seg/seed_1_objective_e20_bs32_eval5/predictions,summary,tuned,seg1,mAP,mAP,,0.5287285898484857,"{""alternating"": 1, ""cutoff"": 0.5, ""smooth"": 10}",experiments/sleep/gru/seg/seed_1_objective_e20_bs32_eval5/results/scores.csv,seed_1_objective_e20_bs32_eval5,experiments/sleep/gru/seg/seed_1_objective_e20_bs32_eval5,sparse,mAP,0.003,0.0,0.1,True,5.0,50.0,"[12, 36, 60, 90, 120, 150, 180, 240, 300, 360]","[12, 36, 60, 90, 120, 150, 180, 240, 300, 360]",686.7980145550027
sleep,gru,seg,1,120960,10,stat,4,20,32,True,True,cuda,objective_e20_bs32_eval5,3,"['none', 10]",True,True,event-detection-pdf,,P3-gru-main-seeds,,offline,"paper-density-likelihood-rewrite,sleep,P3,main-seeds",True,"['seg1', 'seg2']",experiments/sleep/gru/seg/seed_1_objective_e20_bs32_eval5/predictions,summary,tuned,seg1,mAP,mf1,,0.6274835768614614,"{""alternating"": 1, ""cutoff"": 0.5, ""smooth"": 10}",experiments/sleep/gru/seg/seed_1_objective_e20_bs32_eval5/results/scores.csv,seed_1_objective_e20_bs32_eval5,experiments/sleep/gru/seg/seed_1_objective_e20_bs32_eval5,sparse,mAP,0.003,0.0,0.1,True,5.0,50.0,"[12, 36, 60, 90, 120, 150, 180, 240, 300, 360]","[12, 36, 60, 90, 120, 150, 180, 240, 300, 360]",686.7980145550027
sleep,gru,seg,1,120960,10,stat,4,20,32,True,True,cuda,objective_e20_bs32_eval5,3,"['none', 10]",True,True,event-detection-pdf,,P3-gru-main-seeds,,offline,"paper-density-likelihood-rewrite,sleep,P3,main-seeds",True,"['seg1', 'seg2']",experiments/sleep/gru/seg/seed_1_objective_e20_bs32_eval5/predictions,tolerance,tuned,seg1,mAP,mAP,12.0,0.0414847442537472,"{""alternating"": 1, ""cutoff"": 0.5, ""smooth"": 10}",experiments/sleep/gru/seg/seed_1_objective_e20_bs32_eval5/results/scores.csv,seed_1_objective_e20_bs32_eval5,experiments/sleep/gru/seg/seed_1_objective_e20_bs32_eval5,sparse,mAP,0.003,0.0,0.1,True,5.0,50.0,"[12, 36, 60, 90, 120, 150, 180, 240, 300, 360]","[12, 36, 60, 90, 120, 150, 180, 240, 300, 360]",686.7980145550027
sleep,gru,seg,1,120960,10,stat,4,20,32,True,True,cuda,objective_e20_bs32_eval5,3,"['none', 10]",True,True,event-detection-pdf,,P3-gru-main-seeds,,offline,"paper-density-likelihood-rewrite,sleep,P3,main-seeds",True,"['seg1', 'seg2']",experiments/sleep/gru/seg/seed_1_objective_e20_bs32_eval5/predictions,tolerance,tuned,seg1,mAP,mAP,36.0,0.2566899985214845,"{""alternating"": 1, ""cutoff"": 0.5, ""smooth"": 10}",experiments/sleep/gru/seg/seed_1_objective_e20_bs32_eval5/results/scores.csv,seed_1_objective_e20_bs32_eval5,experiments/sleep/gru/seg/seed_1_objective_e20_bs32_eval5,sparse,mAP,0.003,0.0,0.1,True,5.0,50.0,"[12, 36, 60, 90, 120, 150, 180, 240, 300, 360]","[12, 36, 60, 90, 120, 150, 180, 240, 300, 360]",686.7980145550027
sleep,gru,seg,1,120960,10,stat,4,20,32,True,True,cuda,objective_e20_bs32_eval5,3,"['none', 10]",True,True,event-detection-pdf,,P3-gru-main-seeds,,offline,"paper-density-likelihood-rewrite,sleep,P3,main-seeds",True,"['seg1', 'seg2']",experiments/sleep/gru/seg/seed_1_objective_e20_bs32_eval5/predictions,tolerance,tuned,seg1,mAP,mAP,60.0,0.4137851142448123,"{""alternating"": 1, ""cutoff"": 0.5, ""smooth"": 10}",experiments/sleep/gru/seg/seed_1_objective_e20_bs32_eval5/results/scores.csv,seed_1_objective_e20_bs32_eval5,experiments/sleep/gru/seg/seed_1_objective_e20_bs32_eval5,sparse,mAP,0.003,0.0,0.1,True,5.0,50.0,"[12, 36, 60, 90, 120, 150, 180, 240, 300, 360]","[12, 36, 60, 90, 120, 150, 180, 240, 300, 360]",686.7980145550027
sleep,gru,seg,1,120960,10,stat,4,20,32,True,True,cuda,objective_e20_bs32_eval5,3,"['none', 10]",True,True,event-detection-pdf,,P3-gru-main-seeds,,offline,"paper-density-likelihood-rewrite,sleep,P3,main-seeds",True,"['seg1', 'seg2']",experiments/sleep/gru/seg/seed_1_objective_e20_bs32_eval5/predictions,tolerance,tuned,seg1,mAP,mAP,90.0,0.5181748607666397,"{""alternating"": 1, ""cutoff"": 0.5, ""smooth"": 10}",experiments/sleep/gru/seg/seed_1_objective_e20_bs32_eval5/results/scores.csv,seed_1_objective_e20_bs32_eval5,experiments/sleep/gru/seg/seed_1_objective_e20_bs32_eval5,sparse,mAP,0.003,0.0,0.1,True,5.0,50.0,"[12, 36, 60, 90, 120, 150, 180, 240, 300, 360]","[12, 36, 60, 90, 120, 150, 180, 240, 300, 360]",686.7980145550027
sleep,gru,seg,1,120960,10,stat,4,20,32,True,True,cuda,objective_e20_bs32_eval5,3,"['none', 10]",True,True,event-detection-pdf,,P3-gru-main-seeds,,offline,"paper-density-likelihood-rewrite,sleep,P3,main-seeds",True,"['seg1', 'seg2']",experiments/sleep/gru/seg/seed_1_objective_e20_bs32_eval5/predictions,tolerance,tuned,seg1,mAP,mAP,120.0,0.5869608892186393,"{""alternating"": 1, ""cutoff"": 0.5, ""smooth"": 10}",experiments/sleep/gru/seg/seed_1_objective_e20_bs32_eval5/results/scores.csv,seed_1_objective_e20_bs32_eval5,experiments/sleep/gru/seg/seed_1_objective_e20_bs32_eval5,sparse,mAP,0.003,0.0,0.1,True,5.0,50.0,"[12, 36, 60, 90, 120, 150, 180, 240, 300, 360]","[12, 36, 60, 90, 120, 150, 180, 240, 300, 360]",686.7980145550027
sleep,gru,seg,1,120960,10,stat,4,20,32,True,True,cuda,objective_e20_bs32_eval5,3,"['none', 10]",True,True,event-detection-pdf,,P3-gru-main-seeds,,offline,"paper-density-likelihood-rewrite,sleep,P3,main-seeds",True,"['seg1', 'seg2']",experiments/sleep/gru/seg/seed_1_objective_e20_bs32_eval5/predictions,tolerance,tuned,seg1,mAP,mAP,150.0,0.6338286585598465,"{""alternating"": 1, ""cutoff"": 0.5, ""smooth"": 10}",experiments/sleep/gru/seg/seed_1_objective_e20_bs32_eval5/results/scores.csv,seed_1_objective_e20_bs32_eval5,experiments/sleep/gru/seg/seed_1_objective_e20_bs32_eval5,sparse,mAP,0.003,0.0,0.1,True,5.0,50.0,"[12, 36, 60, 90, 120, 150, 180, 240, 300, 360]","[12, 36, 60, 90, 120, 150, 180, 240, 300, 360]",686.7980145550027
sleep,gru,seg,1,120960,10,stat,4,20,32,True,True,cuda,objective_e20_bs32_eval5,3,"['none', 10]",True,True,event-detection-pdf,,P3-gru-main-seeds,,offline,"paper-density-likelihood-rewrite,sleep,P3,main-seeds",True,"['seg1', 'seg2']",experiments/sleep/gru/seg/seed_1_objective_e20_bs32_eval5/predictions,tolerance,tuned,seg1,mAP,mAP,180.0,0.6623725433896352,"{""alternating"": 1, ""cutoff"": 0.5, ""smooth"": 10}",experiments/sleep/gru/seg/seed_1_objective_e20_bs32_eval5/results/scores.csv,seed_1_objective_e20_bs32_eval5,experiments/sleep/gru/seg/seed_1_objective_e20_bs32_eval5,sparse,mAP,0.003,0.0,0.1,True,5.0,50.0,"[12, 36, 60, 90, 120, 150, 180, 240, 300, 360]","[12, 36, 60, 90, 120, 150, 180, 240, 300, 360]",686.7980145550027
sleep,gru,seg,1,120960,10,stat,4,20,32,True,True,cuda,objective_e20_bs32_eval5,3,"['none', 10]",True,True,event-detection-pdf,,P3-gru-main-seeds,,offline,"paper-density-likelihood-rewrite,sleep,P3,main-seeds",True,"['seg1', 'seg2']",experiments/sleep/gru/seg/seed_1_objective_e20_bs32_eval5/predictions,tolerance,tuned,seg1,mAP,mAP,240.0,0.7008389094955783,"{""alternating"": 1, ""cutoff"": 0.5, ""smooth"": 10}",experiments/sleep/gru/seg/seed_1_objective_e20_bs32_eval5/results/scores.csv,seed_1_objective_e20_bs32_eval5,experiments/sleep/gru/seg/seed_1_objective_e20_bs32_eval5,sparse,mAP,0.003,0.0,0.1,True,5.0,50.0,"[12, 36, 60, 90, 120, 150, 180, 240, 300, 360]","[12, 36, 60, 90, 120, 150, 180, 240, 300, 360]",686.7980145550027
sleep,gru,seg,1,120960,10,stat,4,20,32,True,True,cuda,objective_e20_bs32_eval5,3,"['none', 10]",True,True,event-detection-pdf,,P3-gru-main-seeds,,offline,"paper-density-likelihood-rewrite,sleep,P3,main-seeds",True,"['seg1', 'seg2']",experiments/sleep/gru/seg/seed_1_objective_e20_bs32_eval5/predictions,tolerance,tuned,seg1,mAP,mAP,300.0,0.7266125086826374,"{""alternating"": 1, ""cutoff"": 0.5, ""smooth"": 10}",experiments/sleep/gru/seg/seed_1_objective_e20_bs32_eval5/results/scores.csv,seed_1_objective_e20_bs32_eval5,experiments/sleep/gru/seg/seed_1_objective_e20_bs32_eval5,sparse,mAP,0.003,0.0,0.1,True,5.0,50.0,"[12, 36, 60, 90, 120, 150, 180, 240, 300, 360]","[12, 36, 60, 90, 120, 150, 180, 240, 300, 360]",686.7980145550027
sleep,gru,seg,1,120960,10,stat,4,20,32,True,True,cuda,objective_e20_bs32_eval5,3,"['none', 10]",True,True,event-detection-pdf,,P3-gru-main-seeds,,offline,"paper-density-likelihood-rewrite,sleep,P3,main-seeds",True,"['seg1', 'seg2']",experiments/sleep/gru/seg/seed_1_objective_e20_bs32_eval5/predictions,tolerance,tuned,seg1,mAP,mAP,360.0,0.7465376713518354,"{""alternating"": 1, ""cutoff"": 0.5, ""smooth"": 10}",experiments/sleep/gru/seg/seed_1_objective_e20_bs32_eval5/results/scores.csv,seed_1_objective_e20_bs32_eval5,experiments/sleep/gru/seg/seed_1_objective_e20_bs32_eval5,sparse,mAP,0.003,0.0,0.1,True,5.0,50.0,"[12, 36, 60, 90, 120, 150, 180, 240, 300, 360]","[12, 36, 60, 90, 120, 150, 180, 240, 300, 360]",686.7980145550027
sleep,gru,seg,1,120960,10,stat,4,20,32,True,True,cuda,objective_e20_bs32_eval5,3,"['none', 10]",True,True,event-detection-pdf,,P3-gru-main-seeds,,offline,"paper-density-likelihood-rewrite,sleep,P3,main-seeds",True,"['seg1', 'seg2']",experiments/sleep/gru/seg/seed_1_objective_e20_bs32_eval5/predictions,summary,tuned,seg1,mf1,mAP,,0.5287285898484857,"{""alternating"": 1, ""cutoff"": 0.5, ""smooth"": 10}",experiments/sleep/gru/seg/seed_1_objective_e20_bs32_eval5/results/scores.csv,seed_1_objective_e20_bs32_eval5,experiments/sleep/gru/seg/seed_1_objective_e20_bs32_eval5,sparse,mAP,0.003,0.0,0.1,True,5.0,50.0,"[12, 36, 60, 90, 120, 150, 180, 240, 300, 360]","[12, 36, 60, 90, 120, 150, 180, 240, 300, 360]",686.7980145550027
sleep,gru,seg,1,120960,10,stat,4,20,32,True,True,cuda,objective_e20_bs32_eval5,3,"['none', 10]",True,True,event-detection-pdf,,P3-gru-main-seeds,,offline,"paper-density-likelihood-rewrite,sleep,P3,main-seeds",True,"['seg1', 'seg2']",experiments/sleep/gru/seg/seed_1_objective_e20_bs32_eval5/predictions,summary,tuned,seg1,mf1,mf1,,0.6274835768614614,"{""alternating"": 1, ""cutoff"": 0.5, ""smooth"": 10}",experiments/sleep/gru/seg/seed_1_objective_e20_bs32_eval5/results/scores.csv,seed_1_objective_e20_bs32_eval5,experiments/sleep/gru/seg/seed_1_objective_e20_bs32_eval5,sparse,mAP,0.003,0.0,0.1,True,5.0,50.0,"[12, 36, 60, 90, 120, 150, 180, 240, 300, 360]","[12, 36, 60, 90, 120, 150, 180, 240, 300, 360]",686.7980145550027
sleep,gru,seg,1,120960,10,stat,4,20,32,True,True,cuda,objective_e20_bs32_eval5,3,"['none', 10]",True,True,event-detection-pdf,,P3-gru-main-seeds,,offline,"paper-density-likelihood-rewrite,sleep,P3,main-seeds",True,"['seg1', 'seg2']",experiments/sleep/gru/seg/seed_1_objective_e20_bs32_eval5/predictions,tolerance,tuned,seg1,mf1,mf1,12.0,0.1639126770297938,"{""alternating"": 1, ""cutoff"": 0.5, ""smooth"": 10}",experiments/sleep/gru/seg/seed_1_objective_e20_bs32_eval5/results/scores.csv,seed_1_objective_e20_bs32_eval5,experiments/sleep/gru/seg/seed_1_objective_e20_bs32_eval5,sparse,mAP,0.003,0.0,0.1,True,5.0,50.0,"[12, 36, 60, 90, 120, 150, 180, 240, 300, 360]","[12, 36, 60, 90, 120, 150, 180, 240, 300, 360]",686.7980145550027
sleep,gru,seg,1,120960,10,stat,4,20,32,True,True,cuda,objective_e20_bs32_eval5,3,"['none', 10]",True,True,event-detection-pdf,,P3-gru-main-seeds,,offline,"paper-density-likelihood-rewrite,sleep,P3,main-seeds",True,"['seg1', 'seg2']",experiments/sleep/gru/seg/seed_1_objective_e20_bs32_eval5/predictions,tolerance,tuned,seg1,mf1,mf1,36.0,0.439690730144246,"{""alternating"": 1, ""cutoff"": 0.5, ""smooth"": 10}",experiments/sleep/gru/seg/seed_1_objective_e20_bs32_eval5/results/scores.csv,seed_1_objective_e20_bs32_eval5,experiments/sleep/gru/seg/seed_1_objective_e20_bs32_eval5,sparse,mAP,0.003,0.0,0.1,True,5.0,50.0,"[12, 36, 60, 90, 120, 150, 180, 240, 300, 360]","[12, 36, 60, 90, 120, 150, 180, 240, 300, 360]",686.7980145550027
sleep,gru,seg,1,120960,10,stat,4,20,32,True,True,cuda,objective_e20_bs32_eval5,3,"['none', 10]",True,True,event-detection-pdf,,P3-gru-main-seeds,,offline,"paper-density-likelihood-rewrite,sleep,P3,main-seeds",True,"['seg1', 'seg2']",experiments/sleep/gru/seg/seed_1_objective_e20_bs32_eval5/predictions,tolerance,tuned,seg1,mf1,mf1,60.0,0.5702822009492086,"{""alternating"": 1, ""cutoff"": 0.5, ""smooth"": 10}",experiments/sleep/gru/seg/seed_1_objective_e20_bs32_eval5/results/scores.csv,seed_1_objective_e20_bs32_eval5,experiments/sleep/gru/seg/seed_1_objective_e20_bs32_eval5,sparse,mAP,0.003,0.0,0.1,True,5.0,50.0,"[12, 36, 60, 90, 120, 150, 180, 240, 300, 360]","[12, 36, 60, 90, 120, 150, 180, 240, 300, 360]",686.7980145550027
sleep,gru,seg,1,120960,10,stat,4,20,32,True,True,cuda,objective_e20_bs32_eval5,3,"['none', 10]",True,True,event-detection-pdf,,P3-gru-main-seeds,,offline,"paper-density-likelihood-rewrite,sleep,P3,main-seeds",True,"['seg1', 'seg2']",experiments/sleep/gru/seg/seed_1_objective_e20_bs32_eval5/predictions,tolerance,tuned,seg1,mf1,mf1,90.0,0.6455200713804323,"{""alternating"": 1, ""cutoff"": 0.5, ""smooth"": 10}",experiments/sleep/gru/seg/seed_1_objective_e20_bs32_eval5/results/scores.csv,seed_1_objective_e20_bs32_eval5,experiments/sleep/gru/seg/seed_1_objective_e20_bs32_eval5,sparse,mAP,0.003,0.0,0.1,True,5.0,50.0,"[12, 36, 60, 90, 120, 150, 180, 240, 300, 360]","[12, 36, 60, 90, 120, 150, 180, 240, 300, 360]",686.7980145550027
sleep,gru,seg,1,120960,10,stat,4,20,32,True,True,cuda,objective_e20_bs32_eval5,3,"['none', 10]",True,True,event-detection-pdf,,P3-gru-main-seeds,,offline,"paper-density-likelihood-rewrite,sleep,P3,main-seeds",True,"['seg1', 'seg2']",experiments/sleep/gru/seg/seed_1_objective_e20_bs32_eval5/predictions,tolerance,tuned,seg1,mf1,mf1,120.0,0.6897470793190548,"{""alternating"": 1, ""cutoff"": 0.5, ""smooth"": 10}",experiments/sleep/gru/seg/seed_1_objective_e20_bs32_eval5/results/scores.csv,seed_1_objective_e20_bs32_eval5,experiments/sleep/gru/seg/seed_1_objective_e20_bs32_eval5,sparse,mAP,0.003,0.0,0.1,True,5.0,50.0,"[12, 36, 60, 90, 120, 150, 180, 240, 300, 360]","[12, 36, 60, 90, 120, 150, 180, 240, 300, 360]",686.7980145550027
sleep,gru,seg,1,120960,10,stat,4,20,32,True,True,cuda,objective_e20_bs32_eval5,3,"['none', 10]",True,True,event-detection-pdf,,P3-gru-main-seeds,,offline,"paper-density-likelihood-rewrite,sleep,P3,main-seeds",True,"['seg1', 'seg2']",experiments/sleep/gru/seg/seed_1_objective_e20_bs32_eval5/predictions,tolerance,tuned,seg1,mf1,mf1,150.0,0.71899612151698,"{""alternating"": 1, ""cutoff"": 0.5, ""smooth"": 10}",experiments/sleep/gru/seg/seed_1_objective_e20_bs32_eval5/results/scores.csv,seed_1_objective_e20_bs32_eval5,experiments/sleep/gru/seg/seed_1_objective_e20_bs32_eval5,sparse,mAP,0.003,0.0,0.1,True,5.0,50.0,"[12, 36, 60, 90, 120, 150, 180, 240, 300, 360]","[12, 36, 60, 90, 120, 150, 180, 240, 300, 360]",686.7980145550027
sleep,gru,seg,1,120960,10,stat,4,20,32,True,True,cuda,objective_e20_bs32_eval5,3,"['none', 10]",True,True,event-detection-pdf,,P3-gru-main-seeds,,offline,"paper-density-likelihood-rewrite,sleep,P3,main-seeds",True,"['seg1', 'seg2']",experiments/sleep/gru/seg/seed_1_objective_e20_bs32_eval5/predictions,tolerance,tuned,seg1,mf1,mf1,180.0,0.7353824739672654,"{""alternating"": 1, ""cutoff"": 0.5, ""smooth"": 10}",experiments/sleep/gru/seg/seed_1_objective_e20_bs32_eval5/results/scores.csv,seed_1_objective_e20_bs32_eval5,experiments/sleep/gru/seg/seed_1_objective_e20_bs32_eval5,sparse,mAP,0.003,0.0,0.1,True,5.0,50.0,"[12, 36, 60, 90, 120, 150, 180, 240, 300, 360]","[12, 36, 60, 90, 120, 150, 180, 240, 300, 360]",686.7980145550027
sleep,gru,seg,1,120960,10,stat,4,20,32,True,True,cuda,objective_e20_bs32_eval5,3,"['none', 10]",True,True,event-detection-pdf,,P3-gru-main-seeds,,offline,"paper-density-likelihood-rewrite,sleep,P3,main-seeds",True,"['seg1', 'seg2']",experiments/sleep/gru/seg/seed_1_objective_e20_bs32_eval5/predictions,tolerance,tuned,seg1,mf1,mf1,240.0,0.7574651095130842,"{""alternating"": 1, ""cutoff"": 0.5, ""smooth"": 10}",experiments/sleep/gru/seg/seed_1_objective_e20_bs32_eval5/results/scores.csv,seed_1_objective_e20_bs32_eval5,experiments/sleep/gru/seg/seed_1_objective_e20_bs32_eval5,sparse,mAP,0.003,0.0,0.1,True,5.0,50.0,"[12, 36, 60, 90, 120, 150, 180, 240, 300, 360]","[12, 36, 60, 90, 120, 150, 180, 240, 300, 360]",686.7980145550027
sleep,gru,seg,1,120960,10,stat,4,20,32,True,True,cuda,objective_e20_bs32_eval5,3,"['none', 10]",True,True,event-detection-pdf,,P3-gru-main-seeds,,offline,"paper-density-likelihood-rewrite,sleep,P3,main-seeds",True,"['seg1', 'seg2']",experiments/sleep/gru/seg/seed_1_objective_e20_bs32_eval5/predictions,tolerance,tuned,seg1,mf1,mf1,300.0,0.771503747945203,"{""alternating"": 1, ""cutoff"": 0.5, ""smooth"": 10}",experiments/sleep/gru/seg/seed_1_objective_e20_bs32_eval5/results/scores.csv,seed_1_objective_e20_bs32_eval5,experiments/sleep/gru/seg/seed_1_objective_e20_bs32_eval5,sparse,mAP,0.003,0.0,0.1,True,5.0,50.0,"[12, 36, 60, 90, 120, 150, 180, 240, 300, 360]","[12, 36, 60, 90, 120, 150, 180, 240, 300, 360]",686.7980145550027
sleep,gru,seg,1,120960,10,stat,4,20,32,True,True,cuda,objective_e20_bs32_eval5,3,"['none', 10]",True,True,event-detection-pdf,,P3-gru-main-seeds,,offline,"paper-density-likelihood-rewrite,sleep,P3,main-seeds",True,"['seg1', 'seg2']",experiments/sleep/gru/seg/seed_1_objective_e20_bs32_eval5/predictions,tolerance,tuned,seg1,mf1,mf1,360.0,0.7823355568493455,"{""alternating"": 1, ""cutoff"": 0.5, ""smooth"": 10}",experiments/sleep/gru/seg/seed_1_objective_e20_bs32_eval5/results/scores.csv,seed_1_objective_e20_bs32_eval5,experiments/sleep/gru/seg/seed_1_objective_e20_bs32_eval5,sparse,mAP,0.003,0.0,0.1,True,5.0,50.0,"[12, 36, 60, 90, 120, 150, 180, 240, 300, 360]","[12, 36, 60, 90, 120, 150, 180, 240, 300, 360]",686.7980145550027
sleep,gru,seg,1,120960,10,stat,4,20,32,True,True,cuda,objective_e20_bs32_eval5,3,"['none', 10]",True,True,event-detection-pdf,,P3-gru-main-seeds,,offline,"paper-density-likelihood-rewrite,sleep,P3,main-seeds",True,"['seg1', 'seg2']",experiments/sleep/gru/seg/seed_1_objective_e20_bs32_eval5/predictions,summary,default,seg2,,mAP,,0.5086420673113632,{},experiments/sleep/gru/seg/seed_1_objective_e20_bs32_eval5/results/scores.csv,seed_1_objective_e20_bs32_eval5,experiments/sleep/gru/seg/seed_1_objective_e20_bs32_eval5,sparse,mAP,0.003,0.0,0.1,True,5.0,50.0,"[12, 36, 60, 90, 120, 150, 180, 240, 300, 360]","[12, 36, 60, 90, 120, 150, 180, 240, 300, 360]",686.7980145550027
sleep,gru,seg,1,120960,10,stat,4,20,32,True,True,cuda,objective_e20_bs32_eval5,3,"['none', 10]",True,True,event-detection-pdf,,P3-gru-main-seeds,,offline,"paper-density-likelihood-rewrite,sleep,P3,main-seeds",True,"['seg1', 'seg2']",experiments/sleep/gru/seg/seed_1_objective_e20_bs32_eval5/predictions,summary,default,seg2,,mf1,,0.6556428882227161,{},experiments/sleep/gru/seg/seed_1_objective_e20_bs32_eval5/results/scores.csv,seed_1_objective_e20_bs32_eval5,experiments/sleep/gru/seg/seed_1_objective_e20_bs32_eval5,sparse,mAP,0.003,0.0,0.1,True,5.0,50.0,"[12, 36, 60, 90, 120, 150, 180, 240, 300, 360]","[12, 36, 60, 90, 120, 150, 180, 240, 300, 360]",686.7980145550027
sleep,gru,seg,1,120960,10,stat,4,20,32,True,True,cuda,objective_e20_bs32_eval5,3,"['none', 10]",True,True,event-detection-pdf,,P3-gru-main-seeds,,offline,"paper-density-likelihood-rewrite,sleep,P3,main-seeds",True,"['seg1', 'seg2']",experiments/sleep/gru/seg/seed_1_objective_e20_bs32_eval5/predictions,summary,tuned,seg2,mAP,mAP,,0.5767763385764865,"{""alternating"": 0, ""cutoff"": 0.0, ""smooth"": 10}",experiments/sleep/gru/seg/seed_1_objective_e20_bs32_eval5/results/scores.csv,seed_1_objective_e20_bs32_eval5,experiments/sleep/gru/seg/seed_1_objective_e20_bs32_eval5,sparse,mAP,0.003,0.0,0.1,True,5.0,50.0,"[12, 36, 60, 90, 120, 150, 180, 240, 300, 360]","[12, 36, 60, 90, 120, 150, 180, 240, 300, 360]",686.7980145550027
sleep,gru,seg,1,120960,10,stat,4,20,32,True,True,cuda,objective_e20_bs32_eval5,3,"['none', 10]",True,True,event-detection-pdf,,P3-gru-main-seeds,,offline,"paper-density-likelihood-rewrite,sleep,P3,main-seeds",True,"['seg1', 'seg2']",experiments/sleep/gru/seg/seed_1_objective_e20_bs32_eval5/predictions,summary,tuned,seg2,mAP,mf1,,0.6618785529799798,"{""alternating"": 0, ""cutoff"": 0.0, ""smooth"": 10}",experiments/sleep/gru/seg/seed_1_objective_e20_bs32_eval5/results/scores.csv,seed_1_objective_e20_bs32_eval5,experiments/sleep/gru/seg/seed_1_objective_e20_bs32_eval5,sparse,mAP,0.003,0.0,0.1,True,5.0,50.0,"[12, 36, 60, 90, 120, 150, 180, 240, 300, 360]","[12, 36, 60, 90, 120, 150, 180, 240, 300, 360]",686.7980145550027
sleep,gru,seg,1,120960,10,stat,4,20,32,True,True,cuda,objective_e20_bs32_eval5,3,"['none', 10]",True,True,event-detection-pdf,,P3-gru-main-seeds,,offline,"paper-density-likelihood-rewrite,sleep,P3,main-seeds",True,"['seg1', 'seg2']",experiments/sleep/gru/seg/seed_1_objective_e20_bs32_eval5/predictions,tolerance,tuned,seg2,mAP,mAP,12.0,0.0555208395498398,"{""alternating"": 0, ""cutoff"": 0.0, ""smooth"": 10}",experiments/sleep/gru/seg/seed_1_objective_e20_bs32_eval5/results/scores.csv,seed_1_objective_e20_bs32_eval5,experiments/sleep/gru/seg/seed_1_objective_e20_bs32_eval5,sparse,mAP,0.003,0.0,0.1,True,5.0,50.0,"[12, 36, 60, 90, 120, 150, 180, 240, 300, 360]","[12, 36, 60, 90, 120, 150, 180, 240, 300, 360]",686.7980145550027
sleep,gru,seg,1,120960,10,stat,4,20,32,True,True,cuda,objective_e20_bs32_eval5,3,"['none', 10]",True,True,event-detection-pdf,,P3-gru-main-seeds,,offline,"paper-density-likelihood-rewrite,sleep,P3,main-seeds",True,"['seg1', 'seg2']",experiments/sleep/gru/seg/seed_1_objective_e20_bs32_eval5/predictions,tolerance,tuned,seg2,mAP,mAP,36.0,0.2897115510413984,"{""alternating"": 0, ""cutoff"": 0.0, ""smooth"": 10}",experiments/sleep/gru/seg/seed_1_objective_e20_bs32_eval5/results/scores.csv,seed_1_objective_e20_bs32_eval5,experiments/sleep/gru/seg/seed_1_objective_e20_bs32_eval5,sparse,mAP,0.003,0.0,0.1,True,5.0,50.0,"[12, 36, 60, 90, 120, 150, 180, 240, 300, 360]","[12, 36, 60, 90, 120, 150, 180, 240, 300, 360]",686.7980145550027
sleep,gru,seg,1,120960,10,stat,4,20,32,True,True,cuda,objective_e20_bs32_eval5,3,"['none', 10]",True,True,event-detection-pdf,,P3-gru-main-seeds,,offline,"paper-density-likelihood-rewrite,sleep,P3,main-seeds",True,"['seg1', 'seg2']",experiments/sleep/gru/seg/seed_1_objective_e20_bs32_eval5/predictions,tolerance,tuned,seg2,mAP,mAP,60.0,0.4469983314072416,"{""alternating"": 0, ""cutoff"": 0.0, ""smooth"": 10}",experiments/sleep/gru/seg/seed_1_objective_e20_bs32_eval5/results/scores.csv,seed_1_objective_e20_bs32_eval5,experiments/sleep/gru/seg/seed_1_objective_e20_bs32_eval5,sparse,mAP,0.003,0.0,0.1,True,5.0,50.0,"[12, 36, 60, 90, 120, 150, 180, 240, 300, 360]","[12, 36, 60, 90, 120, 150, 180, 240, 300, 360]",686.7980145550027
sleep,gru,seg,1,120960,10,stat,4,20,32,True,True,cuda,objective_e20_bs32_eval5,3,"['none', 10]",True,True,event-detection-pdf,,P3-gru-main-seeds,,offline,"paper-density-likelihood-rewrite,sleep,P3,main-seeds",True,"['seg1', 'seg2']",experiments/sleep/gru/seg/seed_1_objective_e20_bs32_eval5/predictions,tolerance,tuned,seg2,mAP,mAP,90.0,0.5592427565828326,"{""alternating"": 0, ""cutoff"": 0.0, ""smooth"": 10}",experiments/sleep/gru/seg/seed_1_objective_e20_bs32_eval5/results/scores.csv,seed_1_objective_e20_bs32_eval5,experiments/sleep/gru/seg/seed_1_objective_e20_bs32_eval5,sparse,mAP,0.003,0.0,0.1,True,5.0,50.0,"[12, 36, 60, 90, 120, 150, 180, 240, 300, 360]","[12, 36, 60, 90, 120, 150, 180, 240, 300, 360]",686.7980145550027
sleep,gru,seg,1,120960,10,stat,4,20,32,True,True,cuda,objective_e20_bs32_eval5,3,"['none', 10]",True,True,event-detection-pdf,,P3-gru-main-seeds,,offline,"paper-density-likelihood-rewrite,sleep,P3,main-seeds",True,"['seg1', 'seg2']",experiments/sleep/gru/seg/seed_1_objective_e20_bs32_eval5/predictions,tolerance,tuned,seg2,mAP,mAP,120.0,0.6321457609625754,"{""alternating"": 0, ""cutoff"": 0.0, ""smooth"": 10}",experiments/sleep/gru/seg/seed_1_objective_e20_bs32_eval5/results/scores.csv,seed_1_objective_e20_bs32_eval5,experiments/sleep/gru/seg/seed_1_objective_e20_bs32_eval5,sparse,mAP,0.003,0.0,0.1,True,5.0,50.0,"[12, 36, 60, 90, 120, 150, 180, 240, 300, 360]","[12, 36, 60, 90, 120, 150, 180, 240, 300, 360]",686.7980145550027
sleep,gru,seg,1,120960,10,stat,4,20,32,True,True,cuda,objective_e20_bs32_eval5,3,"['none', 10]",True,True,event-detection-pdf,,P3-gru-main-seeds,,offline,"paper-density-likelihood-rewrite,sleep,P3,main-seeds",True,"['seg1', 'seg2']",experiments/sleep/gru/seg/seed_1_objective_e20_bs32_eval5/predictions,tolerance,tuned,seg2,mAP,mAP,150.0,0.6819260072650898,"{""alternating"": 0, ""cutoff"": 0.0, ""smooth"": 10}",experiments/sleep/gru/seg/seed_1_objective_e20_bs32_eval5/results/scores.csv,seed_1_objective_e20_bs32_eval5,experiments/sleep/gru/seg/seed_1_objective_e20_bs32_eval5,sparse,mAP,0.003,0.0,0.1,True,5.0,50.0,"[12, 36, 60, 90, 120, 150, 180, 240, 300, 360]","[12, 36, 60, 90, 120, 150, 180, 240, 300, 360]",686.7980145550027
sleep,gru,seg,1,120960,10,stat,4,20,32,True,True,cuda,objective_e20_bs32_eval5,3,"['none', 10]",True,True,event-detection-pdf,,P3-gru-main-seeds,,offline,"paper-density-likelihood-rewrite,sleep,P3,main-seeds",True,"['seg1', 'seg2']",experiments/sleep/gru/seg/seed_1_objective_e20_bs32_eval5/predictions,tolerance,tuned,seg2,mAP,mAP,180.0,0.7195494856167037,"{""alternating"": 0, ""cutoff"": 0.0, ""smooth"": 10}",experiments/sleep/gru/seg/seed_1_objective_e20_bs32_eval5/results/scores.csv,seed_1_objective_e20_bs32_eval5,experiments/sleep/gru/seg/seed_1_objective_e20_bs32_eval5,sparse,mAP,0.003,0.0,0.1,True,5.0,50.0,"[12, 36, 60, 90, 120, 150, 180, 240, 300, 360]","[12, 36, 60, 90, 120, 150, 180, 240, 300, 360]",686.7980145550027
sleep,gru,seg,1,120960,10,stat,4,20,32,True,True,cuda,objective_e20_bs32_eval5,3,"['none', 10]",True,True,event-detection-pdf,,P3-gru-main-seeds,,offline,"paper-density-likelihood-rewrite,sleep,P3,main-seeds",True,"['seg1', 'seg2']",experiments/sleep/gru/seg/seed_1_objective_e20_bs32_eval5/predictions,tolerance,tuned,seg2,mAP,mAP,240.0,0.7648179869045645,"{""alternating"": 0, ""cutoff"": 0.0, ""smooth"": 10}",experiments/sleep/gru/seg/seed_1_objective_e20_bs32_eval5/results/scores.csv,seed_1_objective_e20_bs32_eval5,experiments/sleep/gru/seg/seed_1_objective_e20_bs32_eval5,sparse,mAP,0.003,0.0,0.1,True,5.0,50.0,"[12, 36, 60, 90, 120, 150, 180, 240, 300, 360]","[12, 36, 60, 90, 120, 150, 180, 240, 300, 360]",686.7980145550027
sleep,gru,seg,1,120960,10,stat,4,20,32,True,True,cuda,objective_e20_bs32_eval5,3,"['none', 10]",True,True,event-detection-pdf,,P3-gru-main-seeds,,offline,"paper-density-likelihood-rewrite,sleep,P3,main-seeds",True,"['seg1', 'seg2']",experiments/sleep/gru/seg/seed_1_objective_e20_bs32_eval5/predictions,tolerance,tuned,seg2,mAP,mAP,300.0,0.7973674308514224,"{""alternating"": 0, ""cutoff"": 0.0, ""smooth"": 10}",experiments/sleep/gru/seg/seed_1_objective_e20_bs32_eval5/results/scores.csv,seed_1_objective_e20_bs32_eval5,experiments/sleep/gru/seg/seed_1_objective_e20_bs32_eval5,sparse,mAP,0.003,0.0,0.1,True,5.0,50.0,"[12, 36, 60, 90, 120, 150, 180, 240, 300, 360]","[12, 36, 60, 90, 120, 150, 180, 240, 300, 360]",686.7980145550027
sleep,gru,seg,1,120960,10,stat,4,20,32,True,True,cuda,objective_e20_bs32_eval5,3,"['none', 10]",True,True,event-detection-pdf,,P3-gru-main-seeds,,offline,"paper-density-likelihood-rewrite,sleep,P3,main-seeds",True,"['seg1', 'seg2']",experiments/sleep/gru/seg/seed_1_objective_e20_bs32_eval5/predictions,tolerance,tuned,seg2,mAP,mAP,360.0,0.8204832355831964,"{""alternating"": 0, ""cutoff"": 0.0, ""smooth"": 10}",experiments/sleep/gru/seg/seed_1_objective_e20_bs32_eval5/results/scores.csv,seed_1_objective_e20_bs32_eval5,experiments/sleep/gru/seg/seed_1_objective_e20_bs32_eval5,sparse,mAP,0.003,0.0,0.1,True,5.0,50.0,"[12, 36, 60, 90, 120, 150, 180, 240, 300, 360]","[12, 36, 60, 90, 120, 150, 180, 240, 300, 360]",686.7980145550027
sleep,gru,seg,1,120960,10,stat,4,20,32,True,True,cuda,objective_e20_bs32_eval5,3,"['none', 10]",True,True,event-detection-pdf,,P3-gru-main-seeds,,offline,"paper-density-likelihood-rewrite,sleep,P3,main-seeds",True,"['seg1', 'seg2']",experiments/sleep/gru/seg/seed_1_objective_e20_bs32_eval5/predictions,summary,tuned,seg2,mf1,mAP,,0.5651820727942124,"{""alternating"": 1, ""cutoff"": 0.0, ""smooth"": 10}",experiments/sleep/gru/seg/seed_1_objective_e20_bs32_eval5/results/scores.csv,seed_1_objective_e20_bs32_eval5,experiments/sleep/gru/seg/seed_1_objective_e20_bs32_eval5,sparse,mAP,0.003,0.0,0.1,True,5.0,50.0,"[12, 36, 60, 90, 120, 150, 180, 240, 300, 360]","[12, 36, 60, 90, 120, 150, 180, 240, 300, 360]",686.7980145550027
sleep,gru,seg,1,120960,10,stat,4,20,32,True,True,cuda,objective_e20_bs32_eval5,3,"['none', 10]",True,True,event-detection-pdf,,P3-gru-main-seeds,,offline,"paper-density-likelihood-rewrite,sleep,P3,main-seeds",True,"['seg1', 'seg2']",experiments/sleep/gru/seg/seed_1_objective_e20_bs32_eval5/predictions,summary,tuned,seg2,mf1,mf1,,0.6621377420142183,"{""alternating"": 1, ""cutoff"": 0.0, ""smooth"": 10}",experiments/sleep/gru/seg/seed_1_objective_e20_bs32_eval5/results/scores.csv,seed_1_objective_e20_bs32_eval5,experiments/sleep/gru/seg/seed_1_objective_e20_bs32_eval5,sparse,mAP,0.003,0.0,0.1,True,5.0,50.0,"[12, 36, 60, 90, 120, 150, 180, 240, 300, 360]","[12, 36, 60, 90, 120, 150, 180, 240, 300, 360]",686.7980145550027
sleep,gru,seg,1,120960,10,stat,4,20,32,True,True,cuda,objective_e20_bs32_eval5,3,"['none', 10]",True,True,event-detection-pdf,,P3-gru-main-seeds,,offline,"paper-density-likelihood-rewrite,sleep,P3,main-seeds",True,"['seg1', 'seg2']",experiments/sleep/gru/seg/seed_1_objective_e20_bs32_eval5/predictions,tolerance,tuned,seg2,mf1,mf1,12.0,0.1955765190446662,"{""alternating"": 1, ""cutoff"": 0.0, ""smooth"": 10}",experiments/sleep/gru/seg/seed_1_objective_e20_bs32_eval5/results/scores.csv,seed_1_objective_e20_bs32_eval5,experiments/sleep/gru/seg/seed_1_objective_e20_bs32_eval5,sparse,mAP,0.003,0.0,0.1,True,5.0,50.0,"[12, 36, 60, 90, 120, 150, 180, 240, 300, 360]","[12, 36, 60, 90, 120, 150, 180, 240, 300, 360]",686.7980145550027
sleep,gru,seg,1,120960,10,stat,4,20,32,True,True,cuda,objective_e20_bs32_eval5,3,"['none', 10]",True,True,event-detection-pdf,,P3-gru-main-seeds,,offline,"paper-density-likelihood-rewrite,sleep,P3,main-seeds",True,"['seg1', 'seg2']",experiments/sleep/gru/seg/seed_1_objective_e20_bs32_eval5/predictions,tolerance,tuned,seg2,mf1,mf1,36.0,0.4723068338157027,"{""alternating"": 1, ""cutoff"": 0.0, ""smooth"": 10}",experiments/sleep/gru/seg/seed_1_objective_e20_bs32_eval5/results/scores.csv,seed_1_objective_e20_bs32_eval5,experiments/sleep/gru/seg/seed_1_objective_e20_bs32_eval5,sparse,mAP,0.003,0.0,0.1,True,5.0,50.0,"[12, 36, 60, 90, 120, 150, 180, 240, 300, 360]","[12, 36, 60, 90, 120, 150, 180, 240, 300, 360]",686.7980145550027
sleep,gru,seg,1,120960,10,stat,4,20,32,True,True,cuda,objective_e20_bs32_eval5,3,"['none', 10]",True,True,event-detection-pdf,,P3-gru-main-seeds,,offline,"paper-density-likelihood-rewrite,sleep,P3,main-seeds",True,"['seg1', 'seg2']",experiments/sleep/gru/seg/seed_1_objective_e20_bs32_eval5/predictions,tolerance,tuned,seg2,mf1,mf1,60.0,0.5920703123805213,"{""alternating"": 1, ""cutoff"": 0.0, ""smooth"": 10}",experiments/sleep/gru/seg/seed_1_objective_e20_bs32_eval5/results/scores.csv,seed_1_objective_e20_bs32_eval5,experiments/sleep/gru/seg/seed_1_objective_e20_bs32_eval5,sparse,mAP,0.003,0.0,0.1,True,5.0,50.0,"[12, 36, 60, 90, 120, 150, 180, 240, 300, 360]","[12, 36, 60, 90, 120, 150, 180, 240, 300, 360]",686.7980145550027
sleep,gru,seg,1,120960,10,stat,4,20,32,True,True,cuda,objective_e20_bs32_eval5,3,"['none', 10]",True,True,event-detection-pdf,,P3-gru-main-seeds,,offline,"paper-density-likelihood-rewrite,sleep,P3,main-seeds",True,"['seg1', 'seg2']",experiments/sleep/gru/seg/seed_1_objective_e20_bs32_eval5/predictions,tolerance,tuned,seg2,mf1,mf1,90.0,0.6684220523512057,"{""alternating"": 1, ""cutoff"": 0.0, ""smooth"": 10}",experiments/sleep/gru/seg/seed_1_objective_e20_bs32_eval5/results/scores.csv,seed_1_objective_e20_bs32_eval5,experiments/sleep/gru/seg/seed_1_objective_e20_bs32_eval5,sparse,mAP,0.003,0.0,0.1,True,5.0,50.0,"[12, 36, 60, 90, 120, 150, 180, 240, 300, 360]","[12, 36, 60, 90, 120, 150, 180, 240, 300, 360]",686.7980145550027
sleep,gru,seg,1,120960,10,stat,4,20,32,True,True,cuda,objective_e20_bs32_eval5,3,"['none', 10]",True,True,event-detection-pdf,,P3-gru-main-seeds,,offline,"paper-density-likelihood-rewrite,sleep,P3,main-seeds",True,"['seg1', 'seg2']",experiments/sleep/gru/seg/seed_1_objective_e20_bs32_eval5/predictions,tolerance,tuned,seg2,mf1,mf1,120.0,0.7173067037060402,"{""alternating"": 1, ""cutoff"": 0.0, ""smooth"": 10}",experiments/sleep/gru/seg/seed_1_objective_e20_bs32_eval5/results/scores.csv,seed_1_objective_e20_bs32_eval5,experiments/sleep/gru/seg/seed_1_objective_e20_bs32_eval5,sparse,mAP,0.003,0.0,0.1,True,5.0,50.0,"[12, 36, 60, 90, 120, 150, 180, 240, 300, 360]","[12, 36, 60, 90, 120, 150, 180, 240, 300, 360]",686.7980145550027
sleep,gru,seg,1,120960,10,stat,4,20,32,True,True,cuda,objective_e20_bs32_eval5,3,"['none', 10]",True,True,event-detection-pdf,,P3-gru-main-seeds,,offline,"paper-density-likelihood-rewrite,sleep,P3,main-seeds",True,"['seg1', 'seg2']",experiments/sleep/gru/seg/seed_1_objective_e20_bs32_eval5/predictions,tolerance,tuned,seg2,mf1,mf1,150.0,0.750178115614411,"{""alternating"": 1, ""cutoff"": 0.0, ""smooth"": 10}",experiments/sleep/gru/seg/seed_1_objective_e20_bs32_eval5/results/scores.csv,seed_1_objective_e20_bs32_eval5,experiments/sleep/gru/seg/seed_1_objective_e20_bs32_eval5,sparse,mAP,0.003,0.0,0.1,True,5.0,50.0,"[12, 36, 60, 90, 120, 150, 180, 240, 300, 360]","[12, 36, 60, 90, 120, 150, 180, 240, 300, 360]",686.7980145550027
sleep,gru,seg,1,120960,10,stat,4,20,32,True,True,cuda,objective_e20_bs32_eval5,3,"['none', 10]",True,True,event-detection-pdf,,P3-gru-main-seeds,,offline,"paper-density-likelihood-rewrite,sleep,P3,main-seeds",True,"['seg1', 'seg2']",experiments/sleep/gru/seg/seed_1_objective_e20_bs32_eval5/predictions,tolerance,tuned,seg2,mf1,mf1,180.0,0.7720179156010328,"{""alternating"": 1, ""cutoff"": 0.0, ""smooth"": 10}",experiments/sleep/gru/seg/seed_1_objective_e20_bs32_eval5/results/scores.csv,seed_1_objective_e20_bs32_eval5,experiments/sleep/gru/seg/seed_1_objective_e20_bs32_eval5,sparse,mAP,0.003,0.0,0.1,True,5.0,50.0,"[12, 36, 60, 90, 120, 150, 180, 240, 300, 360]","[12, 36, 60, 90, 120, 150, 180, 240, 300, 360]",686.7980145550027
sleep,gru,seg,1,120960,10,stat,4,20,32,True,True,cuda,objective_e20_bs32_eval5,3,"['none', 10]",True,True,event-detection-pdf,,P3-gru-main-seeds,,offline,"paper-density-likelihood-rewrite,sleep,P3,main-seeds",True,"['seg1', 'seg2']",experiments/sleep/gru/seg/seed_1_objective_e20_bs32_eval5/predictions,tolerance,tuned,seg2,mf1,mf1,240.0,0.7999488030364558,"{""alternating"": 1, ""cutoff"": 0.0, ""smooth"": 10}",experiments/sleep/gru/seg/seed_1_objective_e20_bs32_eval5/results/scores.csv,seed_1_objective_e20_bs32_eval5,experiments/sleep/gru/seg/seed_1_objective_e20_bs32_eval5,sparse,mAP,0.003,0.0,0.1,True,5.0,50.0,"[12, 36, 60, 90, 120, 150, 180, 240, 300, 360]","[12, 36, 60, 90, 120, 150, 180, 240, 300, 360]",686.7980145550027
sleep,gru,seg,1,120960,10,stat,4,20,32,True,True,cuda,objective_e20_bs32_eval5,3,"['none', 10]",True,True,event-detection-pdf,,P3-gru-main-seeds,,offline,"paper-density-likelihood-rewrite,sleep,P3,main-seeds",True,"['seg1', 'seg2']",experiments/sleep/gru/seg/seed_1_objective_e20_bs32_eval5/predictions,tolerance,tuned,seg2,mf1,mf1,300.0,0.8195154646083886,"{""alternating"": 1, ""cutoff"": 0.0, ""smooth"": 10}",experiments/sleep/gru/seg/seed_1_objective_e20_bs32_eval5/results/scores.csv,seed_1_objective_e20_bs32_eval5,experiments/sleep/gru/seg/seed_1_objective_e20_bs32_eval5,sparse,mAP,0.003,0.0,0.1,True,5.0,50.0,"[12, 36, 60, 90, 120, 150, 180, 240, 300, 360]","[12, 36, 60, 90, 120, 150, 180, 240, 300, 360]",686.7980145550027
sleep,gru,seg,1,120960,10,stat,4,20,32,True,True,cuda,objective_e20_bs32_eval5,3,"['none', 10]",True,True,event-detection-pdf,,P3-gru-main-seeds,,offline,"paper-density-likelihood-rewrite,sleep,P3,main-seeds",True,"['seg1', 'seg2']",experiments/sleep/gru/seg/seed_1_objective_e20_bs32_eval5/predictions,tolerance,tuned,seg2,mf1,mf1,360.0,0.8340346999837585,"{""alternating"": 1, ""cutoff"": 0.0, ""smooth"": 10}",experiments/sleep/gru/seg/seed_1_objective_e20_bs32_eval5/results/scores.csv,seed_1_objective_e20_bs32_eval5,experiments/sleep/gru/seg/seed_1_objective_e20_bs32_eval5,sparse,mAP,0.003,0.0,0.1,True,5.0,50.0,"[12, 36, 60, 90, 120, 150, 180, 240, 300, 360]","[12, 36, 60, 90, 120, 150, 180, 240, 300, 360]",686.7980145550027
sleep,gru,seg,2,120960,10,stat,4,20,32,True,True,cuda,objective_e20_bs32_eval5,3,"['none', 10]",True,True,event-detection-pdf,,P3-gru-main-seeds,,offline,"paper-density-likelihood-rewrite,sleep,P3,main-seeds",True,"['seg1', 'seg2']",experiments/sleep/gru/seg/seed_2_objective_e20_bs32_eval5/predictions,summary,default,seg1,,mAP,,0.4803026946795619,{},experiments/sleep/gru/seg/seed_2_objective_e20_bs32_eval5/results/scores.csv,seed_2_objective_e20_bs32_eval5,experiments/sleep/gru/seg/seed_2_objective_e20_bs32_eval5,sparse,mAP,0.003,0.0,0.1,True,5.0,50.0,"[12, 36, 60, 90, 120, 150, 180, 240, 300, 360]","[12, 36, 60, 90, 120, 150, 180, 240, 300, 360]",677.6792280810005
sleep,gru,seg,2,120960,10,stat,4,20,32,True,True,cuda,objective_e20_bs32_eval5,3,"['none', 10]",True,True,event-detection-pdf,,P3-gru-main-seeds,,offline,"paper-density-likelihood-rewrite,sleep,P3,main-seeds",True,"['seg1', 'seg2']",experiments/sleep/gru/seg/seed_2_objective_e20_bs32_eval5/predictions,summary,default,seg1,,mf1,,0.5740991938583315,{},experiments/sleep/gru/seg/seed_2_objective_e20_bs32_eval5/results/scores.csv,seed_2_objective_e20_bs32_eval5,experiments/sleep/gru/seg/seed_2_objective_e20_bs32_eval5,sparse,mAP,0.003,0.0,0.1,True,5.0,50.0,"[12, 36, 60, 90, 120, 150, 180, 240, 300, 360]","[12, 36, 60, 90, 120, 150, 180, 240, 300, 360]",677.6792280810005
sleep,gru,seg,2,120960,10,stat,4,20,32,True,True,cuda,objective_e20_bs32_eval5,3,"['none', 10]",True,True,event-detection-pdf,,P3-gru-main-seeds,,offline,"paper-density-likelihood-rewrite,sleep,P3,main-seeds",True,"['seg1', 'seg2']",experiments/sleep/gru/seg/seed_2_objective_e20_bs32_eval5/predictions,summary,tuned,seg1,mAP,mAP,,0.5448706602807267,"{""alternating"": 1, ""cutoff"": 0.5, ""smooth"": 10}",experiments/sleep/gru/seg/seed_2_objective_e20_bs32_eval5/results/scores.csv,seed_2_objective_e20_bs32_eval5,experiments/sleep/gru/seg/seed_2_objective_e20_bs32_eval5,sparse,mAP,0.003,0.0,0.1,True,5.0,50.0,"[12, 36, 60, 90, 120, 150, 180, 240, 300, 360]","[12, 36, 60, 90, 120, 150, 180, 240, 300, 360]",677.6792280810005
sleep,gru,seg,2,120960,10,stat,4,20,32,True,True,cuda,objective_e20_bs32_eval5,3,"['none', 10]",True,True,event-detection-pdf,,P3-gru-main-seeds,,offline,"paper-density-likelihood-rewrite,sleep,P3,main-seeds",True,"['seg1', 'seg2']",experiments/sleep/gru/seg/seed_2_objective_e20_bs32_eval5/predictions,summary,tuned,seg1,mAP,mf1,,0.6409292498335113,"{""alternating"": 1, ""cutoff"": 0.5, ""smooth"": 10}",experiments/sleep/gru/seg/seed_2_objective_e20_bs32_eval5/results/scores.csv,seed_2_objective_e20_bs32_eval5,experiments/sleep/gru/seg/seed_2_objective_e20_bs32_eval5,sparse,mAP,0.003,0.0,0.1,True,5.0,50.0,"[12, 36, 60, 90, 120, 150, 180, 240, 300, 360]","[12, 36, 60, 90, 120, 150, 180, 240, 300, 360]",677.6792280810005
sleep,gru,seg,2,120960,10,stat,4,20,32,True,True,cuda,objective_e20_bs32_eval5,3,"['none', 10]",True,True,event-detection-pdf,,P3-gru-main-seeds,,offline,"paper-density-likelihood-rewrite,sleep,P3,main-seeds",True,"['seg1', 'seg2']",experiments/sleep/gru/seg/seed_2_objective_e20_bs32_eval5/predictions,tolerance,tuned,seg1,mAP,mAP,12.0,0.0364670543317516,"{""alternating"": 1, ""cutoff"": 0.5, ""smooth"": 10}",experiments/sleep/gru/seg/seed_2_objective_e20_bs32_eval5/results/scores.csv,seed_2_objective_e20_bs32_eval5,experiments/sleep/gru/seg/seed_2_objective_e20_bs32_eval5,sparse,mAP,0.003,0.0,0.1,True,5.0,50.0,"[12, 36, 60, 90, 120, 150, 180, 240, 300, 360]","[12, 36, 60, 90, 120, 150, 180, 240, 300, 360]",677.6792280810005
sleep,gru,seg,2,120960,10,stat,4,20,32,True,True,cuda,objective_e20_bs32_eval5,3,"['none', 10]",True,True,event-detection-pdf,,P3-gru-main-seeds,,offline,"paper-density-likelihood-rewrite,sleep,P3,main-seeds",True,"['seg1', 'seg2']",experiments/sleep/gru/seg/seed_2_objective_e20_bs32_eval5/predictions,tolerance,tuned,seg1,mAP,mAP,36.0,0.2402200640220241,"{""alternating"": 1, ""cutoff"": 0.5, ""smooth"": 10}",experiments/sleep/gru/seg/seed_2_objective_e20_bs32_eval5/results/scores.csv,seed_2_objective_e20_bs32_eval5,experiments/sleep/gru/seg/seed_2_objective_e20_bs32_eval5,sparse,mAP,0.003,0.0,0.1,True,5.0,50.0,"[12, 36, 60, 90, 120, 150, 180, 240, 300, 360]","[12, 36, 60, 90, 120, 150, 180, 240, 300, 360]",677.6792280810005
sleep,gru,seg,2,120960,10,stat,4,20,32,True,True,cuda,objective_e20_bs32_eval5,3,"['none', 10]",True,True,event-detection-pdf,,P3-gru-main-seeds,,offline,"paper-density-likelihood-rewrite,sleep,P3,main-seeds",True,"['seg1', 'seg2']",experiments/sleep/gru/seg/seed_2_objective_e20_bs32_eval5/predictions,tolerance,tuned,seg1,mAP,mAP,60.0,0.4235962428038549,"{""alternating"": 1, ""cutoff"": 0.5, ""smooth"": 10}",experiments/sleep/gru/seg/seed_2_objective_e20_bs32_eval5/results/scores.csv,seed_2_objective_e20_bs32_eval5,experiments/sleep/gru/seg/seed_2_objective_e20_bs32_eval5,sparse,mAP,0.003,0.0,0.1,True,5.0,50.0,"[12, 36, 60, 90, 120, 150, 180, 240, 300, 360]","[12, 36, 60, 90, 120, 150, 180, 240, 300, 360]",677.6792280810005
sleep,gru,seg,2,120960,10,stat,4,20,32,True,True,cuda,objective_e20_bs32_eval5,3,"['none', 10]",True,True,event-detection-pdf,,P3-gru-main-seeds,,offline,"paper-density-likelihood-rewrite,sleep,P3,main-seeds",True,"['seg1', 'seg2']",experiments/sleep/gru/seg/seed_2_objective_e20_bs32_eval5/predictions,tolerance,tuned,seg1,mAP,mAP,90.0,0.5382754868672106,"{""alternating"": 1, ""cutoff"": 0.5, ""smooth"": 10}",experiments/sleep/gru/seg/seed_2_objective_e20_bs32_eval5/results/scores.csv,seed_2_objective_e20_bs32_eval5,experiments/sleep/gru/seg/seed_2_objective_e20_bs32_eval5,sparse,mAP,0.003,0.0,0.1,True,5.0,50.0,"[12, 36, 60, 90, 120, 150, 180, 240, 300, 360]","[12, 36, 60, 90, 120, 150, 180, 240, 300, 360]",677.6792280810005
sleep,gru,seg,2,120960,10,stat,4,20,32,True,True,cuda,objective_e20_bs32_eval5,3,"['none', 10]",True,True,event-detection-pdf,,P3-gru-main-seeds,,offline,"paper-density-likelihood-rewrite,sleep,P3,main-seeds",True,"['seg1', 'seg2']",experiments/sleep/gru/seg/seed_2_objective_e20_bs32_eval5/predictions,tolerance,tuned,seg1,mAP,mAP,120.0,0.6098746193824376,"{""alternating"": 1, ""cutoff"": 0.5, ""smooth"": 10}",experiments/sleep/gru/seg/seed_2_objective_e20_bs32_eval5/results/scores.csv,seed_2_objective_e20_bs32_eval5,experiments/sleep/gru/seg/seed_2_objective_e20_bs32_eval5,sparse,mAP,0.003,0.0,0.1,True,5.0,50.0,"[12, 36, 60, 90, 120, 150, 180, 240, 300, 360]","[12, 36, 60, 90, 120, 150, 180, 240, 300, 360]",677.6792280810005
sleep,gru,seg,2,120960,10,stat,4,20,32,True,True,cuda,objective_e20_bs32_eval5,3,"['none', 10]",True,True,event-detection-pdf,,P3-gru-main-seeds,,offline,"paper-density-likelihood-rewrite,sleep,P3,main-seeds",True,"['seg1', 'seg2']",experiments/sleep/gru/seg/seed_2_objective_e20_bs32_eval5/predictions,tolerance,tuned,seg1,mAP,mAP,150.0,0.6597818576485652,"{""alternating"": 1, ""cutoff"": 0.5, ""smooth"": 10}",experiments/sleep/gru/seg/seed_2_objective_e20_bs32_eval5/results/scores.csv,seed_2_objective_e20_bs32_eval5,experiments/sleep/gru/seg/seed_2_objective_e20_bs32_eval5,sparse,mAP,0.003,0.0,0.1,True,5.0,50.0,"[12, 36, 60, 90, 120, 150, 180, 240, 300, 360]","[12, 36, 60, 90, 120, 150, 180, 240, 300, 360]",677.6792280810005
sleep,gru,seg,2,120960,10,stat,4,20,32,True,True,cuda,objective_e20_bs32_eval5,3,"['none', 10]",True,True,event-detection-pdf,,P3-gru-main-seeds,,offline,"paper-density-likelihood-rewrite,sleep,P3,main-seeds",True,"['seg1', 'seg2']",experiments/sleep/gru/seg/seed_2_objective_e20_bs32_eval5/predictions,tolerance,tuned,seg1,mAP,mAP,180.0,0.6848482301995447,"{""alternating"": 1, ""cutoff"": 0.5, ""smooth"": 10}",experiments/sleep/gru/seg/seed_2_objective_e20_bs32_eval5/results/scores.csv,seed_2_objective_e20_bs32_eval5,experiments/sleep/gru/seg/seed_2_objective_e20_bs32_eval5,sparse,mAP,0.003,0.0,0.1,True,5.0,50.0,"[12, 36, 60, 90, 120, 150, 180, 240, 300, 360]","[12, 36, 60, 90, 120, 150, 180, 240, 300, 360]",677.6792280810005
sleep,gru,seg,2,120960,10,stat,4,20,32,True,True,cuda,objective_e20_bs32_eval5,3,"['none', 10]",True,True,event-detection-pdf,,P3-gru-main-seeds,,offline,"paper-density-likelihood-rewrite,sleep,P3,main-seeds",True,"['seg1', 'seg2']",experiments/sleep/gru/seg/seed_2_objective_e20_bs32_eval5/predictions,tolerance,tuned,seg1,mAP,mAP,240.0,0.7276214008319526,"{""alternating"": 1, ""cutoff"": 0.5, ""smooth"": 10}",experiments/sleep/gru/seg/seed_2_objective_e20_bs32_eval5/results/scores.csv,seed_2_objective_e20_bs32_eval5,experiments/sleep/gru/seg/seed_2_objective_e20_bs32_eval5,sparse,mAP,0.003,0.0,0.1,True,5.0,50.0,"[12, 36, 60, 90, 120, 150, 180, 240, 300, 360]","[12, 36, 60, 90, 120, 150, 180, 240, 300, 360]",677.6792280810005
sleep,gru,seg,2,120960,10,stat,4,20,32,True,True,cuda,objective_e20_bs32_eval5,3,"['none', 10]",True,True,event-detection-pdf,,P3-gru-main-seeds,,offline,"paper-density-likelihood-rewrite,sleep,P3,main-seeds",True,"['seg1', 'seg2']",experiments/sleep/gru/seg/seed_2_objective_e20_bs32_eval5/predictions,tolerance,tuned,seg1,mAP,mAP,300.0,0.7536023882390745,"{""alternating"": 1, ""cutoff"": 0.5, ""smooth"": 10}",experiments/sleep/gru/seg/seed_2_objective_e20_bs32_eval5/results/scores.csv,seed_2_objective_e20_bs32_eval5,experiments/sleep/gru/seg/seed_2_objective_e20_bs32_eval5,sparse,mAP,0.003,0.0,0.1,True,5.0,50.0,"[12, 36, 60, 90, 120, 150, 180, 240, 300, 360]","[12, 36, 60, 90, 120, 150, 180, 240, 300, 360]",677.6792280810005
sleep,gru,seg,2,120960,10,stat,4,20,32,True,True,cuda,objective_e20_bs32_eval5,3,"['none', 10]",True,True,event-detection-pdf,,P3-gru-main-seeds,,offline,"paper-density-likelihood-rewrite,sleep,P3,main-seeds",True,"['seg1', 'seg2']",experiments/sleep/gru/seg/seed_2_objective_e20_bs32_eval5/predictions,tolerance,tuned,seg1,mAP,mAP,360.0,0.7744192584808514,"{""alternating"": 1, ""cutoff"": 0.5, ""smooth"": 10}",experiments/sleep/gru/seg/seed_2_objective_e20_bs32_eval5/results/scores.csv,seed_2_objective_e20_bs32_eval5,experiments/sleep/gru/seg/seed_2_objective_e20_bs32_eval5,sparse,mAP,0.003,0.0,0.1,True,5.0,50.0,"[12, 36, 60, 90, 120, 150, 180, 240, 300, 360]","[12, 36, 60, 90, 120, 150, 180, 240, 300, 360]",677.6792280810005
sleep,gru,seg,2,120960,10,stat,4,20,32,True,True,cuda,objective_e20_bs32_eval5,3,"['none', 10]",True,True,event-detection-pdf,,P3-gru-main-seeds,,offline,"paper-density-likelihood-rewrite,sleep,P3,main-seeds",True,"['seg1', 'seg2']",experiments/sleep/gru/seg/seed_2_objective_e20_bs32_eval5/predictions,summary,tuned,seg1,mf1,mAP,,0.5448706602807267,"{""alternating"": 1, ""cutoff"": 0.5, ""smooth"": 10}",experiments/sleep/gru/seg/seed_2_objective_e20_bs32_eval5/results/scores.csv,seed_2_objective_e20_bs32_eval5,experiments/sleep/gru/seg/seed_2_objective_e20_bs32_eval5,sparse,mAP,0.003,0.0,0.1,True,5.0,50.0,"[12, 36, 60, 90, 120, 150, 180, 240, 300, 360]","[12, 36, 60, 90, 120, 150, 180, 240, 300, 360]",677.6792280810005
sleep,gru,seg,2,120960,10,stat,4,20,32,True,True,cuda,objective_e20_bs32_eval5,3,"['none', 10]",True,True,event-detection-pdf,,P3-gru-main-seeds,,offline,"paper-density-likelihood-rewrite,sleep,P3,main-seeds",True,"['seg1', 'seg2']",experiments/sleep/gru/seg/seed_2_objective_e20_bs32_eval5/predictions,summary,tuned,seg1,mf1,mf1,,0.6409292498335113,"{""alternating"": 1, ""cutoff"": 0.5, ""smooth"": 10}",experiments/sleep/gru/seg/seed_2_objective_e20_bs32_eval5/results/scores.csv,seed_2_objective_e20_bs32_eval5,experiments/sleep/gru/seg/seed_2_objective_e20_bs32_eval5,sparse,mAP,0.003,0.0,0.1,True,5.0,50.0,"[12, 36, 60, 90, 120, 150, 180, 240, 300, 360]","[12, 36, 60, 90, 120, 150, 180, 240, 300, 360]",677.6792280810005
sleep,gru,seg,2,120960,10,stat,4,20,32,True,True,cuda,objective_e20_bs32_eval5,3,"['none', 10]",True,True,event-detection-pdf,,P3-gru-main-seeds,,offline,"paper-density-likelihood-rewrite,sleep,P3,main-seeds",True,"['seg1', 'seg2']",experiments/sleep/gru/seg/seed_2_objective_e20_bs32_eval5/predictions,tolerance,tuned,seg1,mf1,mf1,12.0,0.1510681066478253,"{""alternating"": 1, ""cutoff"": 0.5, ""smooth"": 10}",experiments/sleep/gru/seg/seed_2_objective_e20_bs32_eval5/results/scores.csv,seed_2_objective_e20_bs32_eval5,experiments/sleep/gru/seg/seed_2_objective_e20_bs32_eval5,sparse,mAP,0.003,0.0,0.1,True,5.0,50.0,"[12, 36, 60, 90, 120, 150, 180, 240, 300, 360]","[12, 36, 60, 90, 120, 150, 180, 240, 300, 360]",677.6792280810005
sleep,gru,seg,2,120960,10,stat,4,20,32,True,True,cuda,objective_e20_bs32_eval5,3,"['none', 10]",True,True,event-detection-pdf,,P3-gru-main-seeds,,offline,"paper-density-likelihood-rewrite,sleep,P3,main-seeds",True,"['seg1', 'seg2']",experiments/sleep/gru/seg/seed_2_objective_e20_bs32_eval5/predictions,tolerance,tuned,seg1,mf1,mf1,36.0,0.4233796033532296,"{""alternating"": 1, ""cutoff"": 0.5, ""smooth"": 10}",experiments/sleep/gru/seg/seed_2_objective_e20_bs32_eval5/results/scores.csv,seed_2_objective_e20_bs32_eval5,experiments/sleep/gru/seg/seed_2_objective_e20_bs32_eval5,sparse,mAP,0.003,0.0,0.1,True,5.0,50.0,"[12, 36, 60, 90, 120, 150, 180, 240, 300, 360]","[12, 36, 60, 90, 120, 150, 180, 240, 300, 360]",677.6792280810005
sleep,gru,seg,2,120960,10,stat,4,20,32,True,True,cuda,objective_e20_bs32_eval5,3,"['none', 10]",True,True,event-detection-pdf,,P3-gru-main-seeds,,offline,"paper-density-likelihood-rewrite,sleep,P3,main-seeds",True,"['seg1', 'seg2']",experiments/sleep/gru/seg/seed_2_objective_e20_bs32_eval5/predictions,tolerance,tuned,seg1,mf1,mf1,60.0,0.580383260436073,"{""alternating"": 1, ""cutoff"": 0.5, ""smooth"": 10}",experiments/sleep/gru/seg/seed_2_objective_e20_bs32_eval5/results/scores.csv,seed_2_objective_e20_bs32_eval5,experiments/sleep/gru/seg/seed_2_objective_e20_bs32_eval5,sparse,mAP,0.003,0.0,0.1,True,5.0,50.0,"[12, 36, 60, 90, 120, 150, 180, 240, 300, 360]","[12, 36, 60, 90, 120, 150, 180, 240, 300, 360]",677.6792280810005
sleep,gru,seg,2,120960,10,stat,4,20,32,True,True,cuda,objective_e20_bs32_eval5,3,"['none', 10]",True,True,event-detection-pdf,,P3-gru-main-seeds,,offline,"paper-density-likelihood-rewrite,sleep,P3,main-seeds",True,"['seg1', 'seg2']",experiments/sleep/gru/seg/seed_2_objective_e20_bs32_eval5/predictions,tolerance,tuned,seg1,mf1,mf1,90.0,0.6640319070133875,"{""alternating"": 1, ""cutoff"": 0.5, ""smooth"": 10}",experiments/sleep/gru/seg/seed_2_objective_e20_bs32_eval5/results/scores.csv,seed_2_objective_e20_bs32_eval5,experiments/sleep/gru/seg/seed_2_objective_e20_bs32_eval5,sparse,mAP,0.003,0.0,0.1,True,5.0,50.0,"[12, 36, 60, 90, 120, 150, 180, 240, 300, 360]","[12, 36, 60, 90, 120, 150, 180, 240, 300, 360]",677.6792280810005
sleep,gru,seg,2,120960,10,stat,4,20,32,True,True,cuda,objective_e20_bs32_eval5,3,"['none', 10]",True,True,event-detection-pdf,,P3-gru-main-seeds,,offline,"paper-density-likelihood-rewrite,sleep,P3,main-seeds",True,"['seg1', 'seg2']",experiments/sleep/gru/seg/seed_2_objective_e20_bs32_eval5/predictions,tolerance,tuned,seg1,mf1,mf1,120.0,0.7101527747177354,"{""alternating"": 1, ""cutoff"": 0.5, ""smooth"": 10}",experiments/sleep/gru/seg/seed_2_objective_e20_bs32_eval5/results/scores.csv,seed_2_objective_e20_bs32_eval5,experiments/sleep/gru/seg/seed_2_objective_e20_bs32_eval5,sparse,mAP,0.003,0.0,0.1,True,5.0,50.0,"[12, 36, 60, 90, 120, 150, 180, 240, 300, 360]","[12, 36, 60, 90, 120, 150, 180, 240, 300, 360]",677.6792280810005
sleep,gru,seg,2,120960,10,stat,4,20,32,True,True,cuda,objective_e20_bs32_eval5,3,"['none', 10]",True,True,event-detection-pdf,,P3-gru-main-seeds,,offline,"paper-density-likelihood-rewrite,sleep,P3,main-seeds",True,"['seg1', 'seg2']",experiments/sleep/gru/seg/seed_2_objective_e20_bs32_eval5/predictions,tolerance,tuned,seg1,mf1,mf1,150.0,0.740165374117417,"{""alternating"": 1, ""cutoff"": 0.5, ""smooth"": 10}",experiments/sleep/gru/seg/seed_2_objective_e20_bs32_eval5/results/scores.csv,seed_2_objective_e20_bs32_eval5,experiments/sleep/gru/seg/seed_2_objective_e20_bs32_eval5,sparse,mAP,0.003,0.0,0.1,True,5.0,50.0,"[12, 36, 60, 90, 120, 150, 180, 240, 300, 360]","[12, 36, 60, 90, 120, 150, 180, 240, 300, 360]",677.6792280810005
sleep,gru,seg,2,120960,10,stat,4,20,32,True,True,cuda,objective_e20_bs32_eval5,3,"['none', 10]",True,True,event-detection-pdf,,P3-gru-main-seeds,,offline,"paper-density-likelihood-rewrite,sleep,P3,main-seeds",True,"['seg1', 'seg2']",experiments/sleep/gru/seg/seed_2_objective_e20_bs32_eval5/predictions,tolerance,tuned,seg1,mf1,mf1,180.0,0.7552222259115372,"{""alternating"": 1, ""cutoff"": 0.5, ""smooth"": 10}",experiments/sleep/gru/seg/seed_2_objective_e20_bs32_eval5/results/scores.csv,seed_2_objective_e20_bs32_eval5,experiments/sleep/gru/seg/seed_2_objective_e20_bs32_eval5,sparse,mAP,0.003,0.0,0.1,True,5.0,50.0,"[12, 36, 60, 90, 120, 150, 180, 240, 300, 360]","[12, 36, 60, 90, 120, 150, 180, 240, 300, 360]",677.6792280810005
sleep,gru,seg,2,120960,10,stat,4,20,32,True,True,cuda,objective_e20_bs32_eval5,3,"['none', 10]",True,True,event-detection-pdf,,P3-gru-main-seeds,,offline,"paper-density-likelihood-rewrite,sleep,P3,main-seeds",True,"['seg1', 'seg2']",experiments/sleep/gru/seg/seed_2_objective_e20_bs32_eval5/predictions,tolerance,tuned,seg1,mf1,mf1,240.0,0.780614517736905,"{""alternating"": 1, ""cutoff"": 0.5, ""smooth"": 10}",experiments/sleep/gru/seg/seed_2_objective_e20_bs32_eval5/results/scores.csv,seed_2_objective_e20_bs32_eval5,experiments/sleep/gru/seg/seed_2_objective_e20_bs32_eval5,sparse,mAP,0.003,0.0,0.1,True,5.0,50.0,"[12, 36, 60, 90, 120, 150, 180, 240, 300, 360]","[12, 36, 60, 90, 120, 150, 180, 240, 300, 360]",677.6792280810005
sleep,gru,seg,2,120960,10,stat,4,20,32,True,True,cuda,objective_e20_bs32_eval5,3,"['none', 10]",True,True,event-detection-pdf,,P3-gru-main-seeds,,offline,"paper-density-likelihood-rewrite,sleep,P3,main-seeds",True,"['seg1', 'seg2']",experiments/sleep/gru/seg/seed_2_objective_e20_bs32_eval5/predictions,tolerance,tuned,seg1,mf1,mf1,300.0,0.7965356591438685,"{""alternating"": 1, ""cutoff"": 0.5, ""smooth"": 10}",experiments/sleep/gru/seg/seed_2_objective_e20_bs32_eval5/results/scores.csv,seed_2_objective_e20_bs32_eval5,experiments/sleep/gru/seg/seed_2_objective_e20_bs32_eval5,sparse,mAP,0.003,0.0,0.1,True,5.0,50.0,"[12, 36, 60, 90, 120, 150, 180, 240, 300, 360]","[12, 36, 60, 90, 120, 150, 180, 240, 300, 360]",677.6792280810005
sleep,gru,seg,2,120960,10,stat,4,20,32,True,True,cuda,objective_e20_bs32_eval5,3,"['none', 10]",True,True,event-detection-pdf,,P3-gru-main-seeds,,offline,"paper-density-likelihood-rewrite,sleep,P3,main-seeds",True,"['seg1', 'seg2']",experiments/sleep/gru/seg/seed_2_objective_e20_bs32_eval5/predictions,tolerance,tuned,seg1,mf1,mf1,360.0,0.8077390692571345,"{""alternating"": 1, ""cutoff"": 0.5, ""smooth"": 10}",experiments/sleep/gru/seg/seed_2_objective_e20_bs32_eval5/results/scores.csv,seed_2_objective_e20_bs32_eval5,experiments/sleep/gru/seg/seed_2_objective_e20_bs32_eval5,sparse,mAP,0.003,0.0,0.1,True,5.0,50.0,"[12, 36, 60, 90, 120, 150, 180, 240, 300, 360]","[12, 36, 60, 90, 120, 150, 180, 240, 300, 360]",677.6792280810005
sleep,gru,seg,2,120960,10,stat,4,20,32,True,True,cuda,objective_e20_bs32_eval5,3,"['none', 10]",True,True,event-detection-pdf,,P3-gru-main-seeds,,offline,"paper-density-likelihood-rewrite,sleep,P3,main-seeds",True,"['seg1', 'seg2']",experiments/sleep/gru/seg/seed_2_objective_e20_bs32_eval5/predictions,summary,default,seg2,,mAP,,0.519001869694109,{},experiments/sleep/gru/seg/seed_2_objective_e20_bs32_eval5/results/scores.csv,seed_2_objective_e20_bs32_eval5,experiments/sleep/gru/seg/seed_2_objective_e20_bs32_eval5,sparse,mAP,0.003,0.0,0.1,True,5.0,50.0,"[12, 36, 60, 90, 120, 150, 180, 240, 300, 360]","[12, 36, 60, 90, 120, 150, 180, 240, 300, 360]",677.6792280810005
sleep,gru,seg,2,120960,10,stat,4,20,32,True,True,cuda,objective_e20_bs32_eval5,3,"['none', 10]",True,True,event-detection-pdf,,P3-gru-main-seeds,,offline,"paper-density-likelihood-rewrite,sleep,P3,main-seeds",True,"['seg1', 'seg2']",experiments/sleep/gru/seg/seed_2_objective_e20_bs32_eval5/predictions,summary,default,seg2,,mf1,,0.6530476279601289,{},experiments/sleep/gru/seg/seed_2_objective_e20_bs32_eval5/results/scores.csv,seed_2_objective_e20_bs32_eval5,experiments/sleep/gru/seg/seed_2_objective_e20_bs32_eval5,sparse,mAP,0.003,0.0,0.1,True,5.0,50.0,"[12, 36, 60, 90, 120, 150, 180, 240, 300, 360]","[12, 36, 60, 90, 120, 150, 180, 240, 300, 360]",677.6792280810005
sleep,gru,seg,2,120960,10,stat,4,20,32,True,True,cuda,objective_e20_bs32_eval5,3,"['none', 10]",True,True,event-detection-pdf,,P3-gru-main-seeds,,offline,"paper-density-likelihood-rewrite,sleep,P3,main-seeds",True,"['seg1', 'seg2']",experiments/sleep/gru/seg/seed_2_objective_e20_bs32_eval5/predictions,summary,tuned,seg2,mAP,mAP,,0.5784484520481392,"{""alternating"": 0, ""cutoff"": 0.0, ""smooth"": 10}",experiments/sleep/gru/seg/seed_2_objective_e20_bs32_eval5/results/scores.csv,seed_2_objective_e20_bs32_eval5,experiments/sleep/gru/seg/seed_2_objective_e20_bs32_eval5,sparse,mAP,0.003,0.0,0.1,True,5.0,50.0,"[12, 36, 60, 90, 120, 150, 180, 240, 300, 360]","[12, 36, 60, 90, 120, 150, 180, 240, 300, 360]",677.6792280810005
sleep,gru,seg,2,120960,10,stat,4,20,32,True,True,cuda,objective_e20_bs32_eval5,3,"['none', 10]",True,True,event-detection-pdf,,P3-gru-main-seeds,,offline,"paper-density-likelihood-rewrite,sleep,P3,main-seeds",True,"['seg1', 'seg2']",experiments/sleep/gru/seg/seed_2_objective_e20_bs32_eval5/predictions,summary,tuned,seg2,mAP,mf1,,0.6575913289174622,"{""alternating"": 0, ""cutoff"": 0.0, ""smooth"": 10}",experiments/sleep/gru/seg/seed_2_objective_e20_bs32_eval5/results/scores.csv,seed_2_objective_e20_bs32_eval5,experiments/sleep/gru/seg/seed_2_objective_e20_bs32_eval5,sparse,mAP,0.003,0.0,0.1,True,5.0,50.0,"[12, 36, 60, 90, 120, 150, 180, 240, 300, 360]","[12, 36, 60, 90, 120, 150, 180, 240, 300, 360]",677.6792280810005
sleep,gru,seg,2,120960,10,stat,4,20,32,True,True,cuda,objective_e20_bs32_eval5,3,"['none', 10]",True,True,event-detection-pdf,,P3-gru-main-seeds,,offline,"paper-density-likelihood-rewrite,sleep,P3,main-seeds",True,"['seg1', 'seg2']",experiments/sleep/gru/seg/seed_2_objective_e20_bs32_eval5/predictions,tolerance,tuned,seg2,mAP,mAP,12.0,0.0439258432566279,"{""alternating"": 0, ""cutoff"": 0.0, ""smooth"": 10}",experiments/sleep/gru/seg/seed_2_objective_e20_bs32_eval5/results/scores.csv,seed_2_objective_e20_bs32_eval5,experiments/sleep/gru/seg/seed_2_objective_e20_bs32_eval5,sparse,mAP,0.003,0.0,0.1,True,5.0,50.0,"[12, 36, 60, 90, 120, 150, 180, 240, 300, 360]","[12, 36, 60, 90, 120, 150, 180, 240, 300, 360]",677.6792280810005
sleep,gru,seg,2,120960,10,stat,4,20,32,True,True,cuda,objective_e20_bs32_eval5,3,"['none', 10]",True,True,event-detection-pdf,,P3-gru-main-seeds,,offline,"paper-density-likelihood-rewrite,sleep,P3,main-seeds",True,"['seg1', 'seg2']",experiments/sleep/gru/seg/seed_2_objective_e20_bs32_eval5/predictions,tolerance,tuned,seg2,mAP,mAP,36.0,0.2728251194145422,"{""alternating"": 0, ""cutoff"": 0.0, ""smooth"": 10}",experiments/sleep/gru/seg/seed_2_objective_e20_bs32_eval5/results/scores.csv,seed_2_objective_e20_bs32_eval5,experiments/sleep/gru/seg/seed_2_objective_e20_bs32_eval5,sparse,mAP,0.003,0.0,0.1,True,5.0,50.0,"[12, 36, 60, 90, 120, 150, 180, 240, 300, 360]","[12, 36, 60, 90, 120, 150, 180, 240, 300, 360]",677.6792280810005
sleep,gru,seg,2,120960,10,stat,4,20,32,True,True,cuda,objective_e20_bs32_eval5,3,"['none', 10]",True,True,event-detection-pdf,,P3-gru-main-seeds,,offline,"paper-density-likelihood-rewrite,sleep,P3,main-seeds",True,"['seg1', 'seg2']",experiments/sleep/gru/seg/seed_2_objective_e20_bs32_eval5/predictions,tolerance,tuned,seg2,mAP,mAP,60.0,0.452913392802006,"{""alternating"": 0, ""cutoff"": 0.0, ""smooth"": 10}",experiments/sleep/gru/seg/seed_2_objective_e20_bs32_eval5/results/scores.csv,seed_2_objective_e20_bs32_eval5,experiments/sleep/gru/seg/seed_2_objective_e20_bs32_eval5,sparse,mAP,0.003,0.0,0.1,True,5.0,50.0,"[12, 36, 60, 90, 120, 150, 180, 240, 300, 360]","[12, 36, 60, 90, 120, 150, 180, 240, 300, 360]",677.6792280810005
sleep,gru,seg,2,120960,10,stat,4,20,32,True,True,cuda,objective_e20_bs32_eval5,3,"['none', 10]",True,True,event-detection-pdf,,P3-gru-main-seeds,,offline,"paper-density-likelihood-rewrite,sleep,P3,main-seeds",True,"['seg1', 'seg2']",experiments/sleep/gru/seg/seed_2_objective_e20_bs32_eval5/predictions,tolerance,tuned,seg2,mAP,mAP,90.0,0.5620289537040022,"{""alternating"": 0, ""cutoff"": 0.0, ""smooth"": 10}",experiments/sleep/gru/seg/seed_2_objective_e20_bs32_eval5/results/scores.csv,seed_2_objective_e20_bs32_eval5,experiments/sleep/gru/seg/seed_2_objective_e20_bs32_eval5,sparse,mAP,0.003,0.0,0.1,True,5.0,50.0,"[12, 36, 60, 90, 120, 150, 180, 240, 300, 360]","[12, 36, 60, 90, 120, 150, 180, 240, 300, 360]",677.6792280810005
sleep,gru,seg,2,120960,10,stat,4,20,32,True,True,cuda,objective_e20_bs32_eval5,3,"['none', 10]",True,True,event-detection-pdf,,P3-gru-main-seeds,,offline,"paper-density-likelihood-rewrite,sleep,P3,main-seeds",True,"['seg1', 'seg2']",experiments/sleep/gru/seg/seed_2_objective_e20_bs32_eval5/predictions,tolerance,tuned,seg2,mAP,mAP,120.0,0.6368681027205066,"{""alternating"": 0, ""cutoff"": 0.0, ""smooth"": 10}",experiments/sleep/gru/seg/seed_2_objective_e20_bs32_eval5/results/scores.csv,seed_2_objective_e20_bs32_eval5,experiments/sleep/gru/seg/seed_2_objective_e20_bs32_eval5,sparse,mAP,0.003,0.0,0.1,True,5.0,50.0,"[12, 36, 60, 90, 120, 150, 180, 240, 300, 360]","[12, 36, 60, 90, 120, 150, 180, 240, 300, 360]",677.6792280810005
sleep,gru,seg,2,120960,10,stat,4,20,32,True,True,cuda,objective_e20_bs32_eval5,3,"['none', 10]",True,True,event-detection-pdf,,P3-gru-main-seeds,,offline,"paper-density-likelihood-rewrite,sleep,P3,main-seeds",True,"['seg1', 'seg2']",experiments/sleep/gru/seg/seed_2_objective_e20_bs32_eval5/predictions,tolerance,tuned,seg2,mAP,mAP,150.0,0.6934002375562315,"{""alternating"": 0, ""cutoff"": 0.0, ""smooth"": 10}",experiments/sleep/gru/seg/seed_2_objective_e20_bs32_eval5/results/scores.csv,seed_2_objective_e20_bs32_eval5,experiments/sleep/gru/seg/seed_2_objective_e20_bs32_eval5,sparse,mAP,0.003,0.0,0.1,True,5.0,50.0,"[12, 36, 60, 90, 120, 150, 180, 240, 300, 360]","[12, 36, 60, 90, 120, 150, 180, 240, 300, 360]",677.6792280810005
sleep,gru,seg,2,120960,10,stat,4,20,32,True,True,cuda,objective_e20_bs32_eval5,3,"['none', 10]",True,True,event-detection-pdf,,P3-gru-main-seeds,,offline,"paper-density-likelihood-rewrite,sleep,P3,main-seeds",True,"['seg1', 'seg2']",experiments/sleep/gru/seg/seed_2_objective_e20_bs32_eval5/predictions,tolerance,tuned,seg2,mAP,mAP,180.0,0.7258767852127082,"{""alternating"": 0, ""cutoff"": 0.0, ""smooth"": 10}",experiments/sleep/gru/seg/seed_2_objective_e20_bs32_eval5/results/scores.csv,seed_2_objective_e20_bs32_eval5,experiments/sleep/gru/seg/seed_2_objective_e20_bs32_eval5,sparse,mAP,0.003,0.0,0.1,True,5.0,50.0,"[12, 36, 60, 90, 120, 150, 180, 240, 300, 360]","[12, 36, 60, 90, 120, 150, 180, 240, 300, 360]",677.6792280810005
sleep,gru,seg,2,120960,10,stat,4,20,32,True,True,cuda,objective_e20_bs32_eval5,3,"['none', 10]",True,True,event-detection-pdf,,P3-gru-main-seeds,,offline,"paper-density-likelihood-rewrite,sleep,P3,main-seeds",True,"['seg1', 'seg2']",experiments/sleep/gru/seg/seed_2_objective_e20_bs32_eval5/predictions,tolerance,tuned,seg2,mAP,mAP,240.0,0.7696630913560274,"{""alternating"": 0, ""cutoff"": 0.0, ""smooth"": 10}",experiments/sleep/gru/seg/seed_2_objective_e20_bs32_eval5/results/scores.csv,seed_2_objective_e20_bs32_eval5,experiments/sleep/gru/seg/seed_2_objective_e20_bs32_eval5,sparse,mAP,0.003,0.0,0.1,True,5.0,50.0,"[12, 36, 60, 90, 120, 150, 180, 240, 300, 360]","[12, 36, 60, 90, 120, 150, 180, 240, 300, 360]",677.6792280810005
sleep,gru,seg,2,120960,10,stat,4,20,32,True,True,cuda,objective_e20_bs32_eval5,3,"['none', 10]",True,True,event-detection-pdf,,P3-gru-main-seeds,,offline,"paper-density-likelihood-rewrite,sleep,P3,main-seeds",True,"['seg1', 'seg2']",experiments/sleep/gru/seg/seed_2_objective_e20_bs32_eval5/predictions,tolerance,tuned,seg2,mAP,mAP,300.0,0.8021691945616218,"{""alternating"": 0, ""cutoff"": 0.0, ""smooth"": 10}",experiments/sleep/gru/seg/seed_2_objective_e20_bs32_eval5/results/scores.csv,seed_2_objective_e20_bs32_eval5,experiments/sleep/gru/seg/seed_2_objective_e20_bs32_eval5,sparse,mAP,0.003,0.0,0.1,True,5.0,50.0,"[12, 36, 60, 90, 120, 150, 180, 240, 300, 360]","[12, 36, 60, 90, 120, 150, 180, 240, 300, 360]",677.6792280810005
sleep,gru,seg,2,120960,10,stat,4,20,32,True,True,cuda,objective_e20_bs32_eval5,3,"['none', 10]",True,True,event-detection-pdf,,P3-gru-main-seeds,,offline,"paper-density-likelihood-rewrite,sleep,P3,main-seeds",True,"['seg1', 'seg2']",experiments/sleep/gru/seg/seed_2_objective_e20_bs32_eval5/predictions,tolerance,tuned,seg2,mAP,mAP,360.0,0.8248137998971179,"{""alternating"": 0, ""cutoff"": 0.0, ""smooth"": 10}",experiments/sleep/gru/seg/seed_2_objective_e20_bs32_eval5/results/scores.csv,seed_2_objective_e20_bs32_eval5,experiments/sleep/gru/seg/seed_2_objective_e20_bs32_eval5,sparse,mAP,0.003,0.0,0.1,True,5.0,50.0,"[12, 36, 60, 90, 120, 150, 180, 240, 300, 360]","[12, 36, 60, 90, 120, 150, 180, 240, 300, 360]",677.6792280810005
sleep,gru,seg,2,120960,10,stat,4,20,32,True,True,cuda,objective_e20_bs32_eval5,3,"['none', 10]",True,True,event-detection-pdf,,P3-gru-main-seeds,,offline,"paper-density-likelihood-rewrite,sleep,P3,main-seeds",True,"['seg1', 'seg2']",experiments/sleep/gru/seg/seed_2_objective_e20_bs32_eval5/predictions,summary,tuned,seg2,mf1,mAP,,0.5672313186973119,"{""alternating"": 1, ""cutoff"": 0.0, ""smooth"": 10}",experiments/sleep/gru/seg/seed_2_objective_e20_bs32_eval5/results/scores.csv,seed_2_objective_e20_bs32_eval5,experiments/sleep/gru/seg/seed_2_objective_e20_bs32_eval5,sparse,mAP,0.003,0.0,0.1,True,5.0,50.0,"[12, 36, 60, 90, 120, 150, 180, 240, 300, 360]","[12, 36, 60, 90, 120, 150, 180, 240, 300, 360]",677.6792280810005
sleep,gru,seg,2,120960,10,stat,4,20,32,True,True,cuda,objective_e20_bs32_eval5,3,"['none', 10]",True,True,event-detection-pdf,,P3-gru-main-seeds,,offline,"paper-density-likelihood-rewrite,sleep,P3,main-seeds",True,"['seg1', 'seg2']",experiments/sleep/gru/seg/seed_2_objective_e20_bs32_eval5/predictions,summary,tuned,seg2,mf1,mf1,,0.65796496381086,"{""alternating"": 1, ""cutoff"": 0.0, ""smooth"": 10}",experiments/sleep/gru/seg/seed_2_objective_e20_bs32_eval5/results/scores.csv,seed_2_objective_e20_bs32_eval5,experiments/sleep/gru/seg/seed_2_objective_e20_bs32_eval5,sparse,mAP,0.003,0.0,0.1,True,5.0,50.0,"[12, 36, 60, 90, 120, 150, 180, 240, 300, 360]","[12, 36, 60, 90, 120, 150, 180, 240, 300, 360]",677.6792280810005
sleep,gru,seg,2,120960,10,stat,4,20,32,True,True,cuda,objective_e20_bs32_eval5,3,"['none', 10]",True,True,event-detection-pdf,,P3-gru-main-seeds,,offline,"paper-density-likelihood-rewrite,sleep,P3,main-seeds",True,"['seg1', 'seg2']",experiments/sleep/gru/seg/seed_2_objective_e20_bs32_eval5/predictions,tolerance,tuned,seg2,mf1,mf1,12.0,0.1713505944833669,"{""alternating"": 1, ""cutoff"": 0.0, ""smooth"": 10}",experiments/sleep/gru/seg/seed_2_objective_e20_bs32_eval5/results/scores.csv,seed_2_objective_e20_bs32_eval5,experiments/sleep/gru/seg/seed_2_objective_e20_bs32_eval5,sparse,mAP,0.003,0.0,0.1,True,5.0,50.0,"[12, 36, 60, 90, 120, 150, 180, 240, 300, 360]","[12, 36, 60, 90, 120, 150, 180, 240, 300, 360]",677.6792280810005
sleep,gru,seg,2,120960,10,stat,4,20,32,True,True,cuda,objective_e20_bs32_eval5,3,"['none', 10]",True,True,event-detection-pdf,,P3-gru-main-seeds,,offline,"paper-density-likelihood-rewrite,sleep,P3,main-seeds",True,"['seg1', 'seg2']",experiments/sleep/gru/seg/seed_2_objective_e20_bs32_eval5/predictions,tolerance,tuned,seg2,mf1,mf1,36.0,0.4569553477077868,"{""alternating"": 1, ""cutoff"": 0.0, ""smooth"": 10}",experiments/sleep/gru/seg/seed_2_objective_e20_bs32_eval5/results/scores.csv,seed_2_objective_e20_bs32_eval5,experiments/sleep/gru/seg/seed_2_objective_e20_bs32_eval5,sparse,mAP,0.003,0.0,0.1,True,5.0,50.0,"[12, 36, 60, 90, 120, 150, 180, 240, 300, 360]","[12, 36, 60, 90, 120, 150, 180, 240, 300, 360]",677.6792280810005
sleep,gru,seg,2,120960,10,stat,4,20,32,True,True,cuda,objective_e20_bs32_eval5,3,"['none', 10]",True,True,event-detection-pdf,,P3-gru-main-seeds,,offline,"paper-density-likelihood-rewrite,sleep,P3,main-seeds",True,"['seg1', 'seg2']",experiments/sleep/gru/seg/seed_2_objective_e20_bs32_eval5/predictions,tolerance,tuned,seg2,mf1,mf1,60.0,0.5943330849310906,"{""alternating"": 1, ""cutoff"": 0.0, ""smooth"": 10}",experiments/sleep/gru/seg/seed_2_objective_e20_bs32_eval5/results/scores.csv,seed_2_objective_e20_bs32_eval5,experiments/sleep/gru/seg/seed_2_objective_e20_bs32_eval5,sparse,mAP,0.003,0.0,0.1,True,5.0,50.0,"[12, 36, 60, 90, 120, 150, 180, 240, 300, 360]","[12, 36, 60, 90, 120, 150, 180, 240, 300, 360]",677.6792280810005
sleep,gru,seg,2,120960,10,stat,4,20,32,True,True,cuda,objective_e20_bs32_eval5,3,"['none', 10]",True,True,event-detection-pdf,,P3-gru-main-seeds,,offline,"paper-density-likelihood-rewrite,sleep,P3,main-seeds",True,"['seg1', 'seg2']",experiments/sleep/gru/seg/seed_2_objective_e20_bs32_eval5/predictions,tolerance,tuned,seg2,mf1,mf1,90.0,0.6683755220397083,"{""alternating"": 1, ""cutoff"": 0.0, ""smooth"": 10}",experiments/sleep/gru/seg/seed_2_objective_e20_bs32_eval5/results/scores.csv,seed_2_objective_e20_bs32_eval5,experiments/sleep/gru/seg/seed_2_objective_e20_bs32_eval5,sparse,mAP,0.003,0.0,0.1,True,5.0,50.0,"[12, 36, 60, 90, 120, 150, 180, 240, 300, 360]","[12, 36, 60, 90, 120, 150, 180, 240, 300, 360]",677.6792280810005
sleep,gru,seg,2,120960,10,stat,4,20,32,True,True,cuda,objective_e20_bs32_eval5,3,"['none', 10]",True,True,event-detection-pdf,,P3-gru-main-seeds,,offline,"paper-density-likelihood-rewrite,sleep,P3,main-seeds",True,"['seg1', 'seg2']",experiments/sleep/gru/seg/seed_2_objective_e20_bs32_eval5/predictions,tolerance,tuned,seg2,mf1,mf1,120.0,0.7159306174705153,"{""alternating"": 1, ""cutoff"": 0.0, ""smooth"": 10}",experiments/sleep/gru/seg/seed_2_objective_e20_bs32_eval5/results/scores.csv,seed_2_objective_e20_bs32_eval5,experiments/sleep/gru/seg/seed_2_objective_e20_bs32_eval5,sparse,mAP,0.003,0.0,0.1,True,5.0,50.0,"[12, 36, 60, 90, 120, 150, 180, 240, 300, 360]","[12, 36, 60, 90, 120, 150, 180, 240, 300, 360]",677.6792280810005
sleep,gru,seg,2,120960,10,stat,4,20,32,True,True,cuda,objective_e20_bs32_eval5,3,"['none', 10]",True,True,event-detection-pdf,,P3-gru-main-seeds,,offline,"paper-density-likelihood-rewrite,sleep,P3,main-seeds",True,"['seg1', 'seg2']",experiments/sleep/gru/seg/seed_2_objective_e20_bs32_eval5/predictions,tolerance,tuned,seg2,mf1,mf1,150.0,0.7511170119287579,"{""alternating"": 1, ""cutoff"": 0.0, ""smooth"": 10}",experiments/sleep/gru/seg/seed_2_objective_e20_bs32_eval5/results/scores.csv,seed_2_objective_e20_bs32_eval5,experiments/sleep/gru/seg/seed_2_objective_e20_bs32_eval5,sparse,mAP,0.003,0.0,0.1,True,5.0,50.0,"[12, 36, 60, 90, 120, 150, 180, 240, 300, 360]","[12, 36, 60, 90, 120, 150, 180, 240, 300, 360]",677.6792280810005
sleep,gru,seg,2,120960,10,stat,4,20,32,True,True,cuda,objective_e20_bs32_eval5,3,"['none', 10]",True,True,event-detection-pdf,,P3-gru-main-seeds,,offline,"paper-density-likelihood-rewrite,sleep,P3,main-seeds",True,"['seg1', 'seg2']",experiments/sleep/gru/seg/seed_2_objective_e20_bs32_eval5/predictions,tolerance,tuned,seg2,mf1,mf1,180.0,0.7715937898597425,"{""alternating"": 1, ""cutoff"": 0.0, ""smooth"": 10}",experiments/sleep/gru/seg/seed_2_objective_e20_bs32_eval5/results/scores.csv,seed_2_objective_e20_bs32_eval5,experiments/sleep/gru/seg/seed_2_objective_e20_bs32_eval5,sparse,mAP,0.003,0.0,0.1,True,5.0,50.0,"[12, 36, 60, 90, 120, 150, 180, 240, 300, 360]","[12, 36, 60, 90, 120, 150, 180, 240, 300, 360]",677.6792280810005
sleep,gru,seg,2,120960,10,stat,4,20,32,True,True,cuda,objective_e20_bs32_eval5,3,"['none', 10]",True,True,event-detection-pdf,,P3-gru-main-seeds,,offline,"paper-density-likelihood-rewrite,sleep,P3,main-seeds",True,"['seg1', 'seg2']",experiments/sleep/gru/seg/seed_2_objective_e20_bs32_eval5/predictions,tolerance,tuned,seg2,mf1,mf1,240.0,0.7988962242454074,"{""alternating"": 1, ""cutoff"": 0.0, ""smooth"": 10}",experiments/sleep/gru/seg/seed_2_objective_e20_bs32_eval5/results/scores.csv,seed_2_objective_e20_bs32_eval5,experiments/sleep/gru/seg/seed_2_objective_e20_bs32_eval5,sparse,mAP,0.003,0.0,0.1,True,5.0,50.0,"[12, 36, 60, 90, 120, 150, 180, 240, 300, 360]","[12, 36, 60, 90, 120, 150, 180, 240, 300, 360]",677.6792280810005
sleep,gru,seg,2,120960,10,stat,4,20,32,True,True,cuda,objective_e20_bs32_eval5,3,"['none', 10]",True,True,event-detection-pdf,,P3-gru-main-seeds,,offline,"paper-density-likelihood-rewrite,sleep,P3,main-seeds",True,"['seg1', 'seg2']",experiments/sleep/gru/seg/seed_2_objective_e20_bs32_eval5/predictions,tolerance,tuned,seg2,mf1,mf1,300.0,0.8191723601824642,"{""alternating"": 1, ""cutoff"": 0.0, ""smooth"": 10}",experiments/sleep/gru/seg/seed_2_objective_e20_bs32_eval5/results/scores.csv,seed_2_objective_e20_bs32_eval5,experiments/sleep/gru/seg/seed_2_objective_e20_bs32_eval5,sparse,mAP,0.003,0.0,0.1,True,5.0,50.0,"[12, 36, 60, 90, 120, 150, 180, 240, 300, 360]","[12, 36, 60, 90, 120, 150, 180, 240, 300, 360]",677.6792280810005
sleep,gru,seg,2,120960,10,stat,4,20,32,True,True,cuda,objective_e20_bs32_eval5,3,"['none', 10]",True,True,event-detection-pdf,,P3-gru-main-seeds,,offline,"paper-density-likelihood-rewrite,sleep,P3,main-seeds",True,"['seg1', 'seg2']",experiments/sleep/gru/seg/seed_2_objective_e20_bs32_eval5/predictions,tolerance,tuned,seg2,mf1,mf1,360.0,0.8319250852597591,"{""alternating"": 1, ""cutoff"": 0.0, ""smooth"": 10}",experiments/sleep/gru/seg/seed_2_objective_e20_bs32_eval5/results/scores.csv,seed_2_objective_e20_bs32_eval5,experiments/sleep/gru/seg/seed_2_objective_e20_bs32_eval5,sparse,mAP,0.003,0.0,0.1,True,5.0,50.0,"[12, 36, 60, 90, 120, 150, 180, 240, 300, 360]","[12, 36, 60, 90, 120, 150, 180, 240, 300, 360]",677.6792280810005
sleep,gru,seg_focal,0,120960,10,stat,4,20,32,True,True,cuda,objective_e20_bs32_eval5,3,"['none', 10]",True,True,event-detection-pdf,,P2-gru-objective-sweep-score,,offline,"paper-density-likelihood-rewrite,sleep,P2,score",True,"['seg_focal1', 'seg_focal2']",experiments/sleep/gru/seg_focal/seed_0_objective_e20_bs32_eval5/predictions,summary,default,seg_focal1,,mAP,,0.3637926711563199,{},experiments/sleep/gru/seg_focal/seed_0_objective_e20_bs32_eval5/results/scores.csv,seed_0_objective_e20_bs32_eval5,experiments/sleep/gru/seg_focal/seed_0_objective_e20_bs32_eval5,,,,,,,,,,,
sleep,gru,seg_focal,0,120960,10,stat,4,20,32,True,True,cuda,objective_e20_bs32_eval5,3,"['none', 10]",True,True,event-detection-pdf,,P2-gru-objective-sweep-score,,offline,"paper-density-likelihood-rewrite,sleep,P2,score",True,"['seg_focal1', 'seg_focal2']",experiments/sleep/gru/seg_focal/seed_0_objective_e20_bs32_eval5/predictions,summary,default,seg_focal1,,mf1,,0.4663158976134257,{},experiments/sleep/gru/seg_focal/seed_0_objective_e20_bs32_eval5/results/scores.csv,seed_0_objective_e20_bs32_eval5,experiments/sleep/gru/seg_focal/seed_0_objective_e20_bs32_eval5,,,,,,,,,,,
sleep,gru,seg_focal,0,120960,10,stat,4,20,32,True,True,cuda,objective_e20_bs32_eval5,3,"['none', 10]",True,True,event-detection-pdf,,P2-gru-objective-sweep-score,,offline,"paper-density-likelihood-rewrite,sleep,P2,score",True,"['seg_focal1', 'seg_focal2']",experiments/sleep/gru/seg_focal/seed_0_objective_e20_bs32_eval5/predictions,summary,tuned,seg_focal1,mAP,mAP,,0.4120076896096191,"{""alternating"": 1, ""cutoff"": 0.5, ""smooth"": 10}",experiments/sleep/gru/seg_focal/seed_0_objective_e20_bs32_eval5/results/scores.csv,seed_0_objective_e20_bs32_eval5,experiments/sleep/gru/seg_focal/seed_0_objective_e20_bs32_eval5,,,,,,,,,,,
sleep,gru,seg_focal,0,120960,10,stat,4,20,32,True,True,cuda,objective_e20_bs32_eval5,3,"['none', 10]",True,True,event-detection-pdf,,P2-gru-objective-sweep-score,,offline,"paper-density-likelihood-rewrite,sleep,P2,score",True,"['seg_focal1', 'seg_focal2']",experiments/sleep/gru/seg_focal/seed_0_objective_e20_bs32_eval5/predictions,summary,tuned,seg_focal1,mAP,mf1,,0.5187261474861637,"{""alternating"": 1, ""cutoff"": 0.5, ""smooth"": 10}",experiments/sleep/gru/seg_focal/seed_0_objective_e20_bs32_eval5/results/scores.csv,seed_0_objective_e20_bs32_eval5,experiments/sleep/gru/seg_focal/seed_0_objective_e20_bs32_eval5,,,,,,,,,,,
sleep,gru,seg_focal,0,120960,10,stat,4,20,32,True,True,cuda,objective_e20_bs32_eval5,3,"['none', 10]",True,True,event-detection-pdf,,P2-gru-objective-sweep-score,,offline,"paper-density-likelihood-rewrite,sleep,P2,score",True,"['seg_focal1', 'seg_focal2']",experiments/sleep/gru/seg_focal/seed_0_objective_e20_bs32_eval5/predictions,tolerance,tuned,seg_focal1,mAP,mAP,12.0,0.0091782371477531,"{""alternating"": 1, ""cutoff"": 0.5, ""smooth"": 10}",experiments/sleep/gru/seg_focal/seed_0_objective_e20_bs32_eval5/results/scores.csv,seed_0_objective_e20_bs32_eval5,experiments/sleep/gru/seg_focal/seed_0_objective_e20_bs32_eval5,,,,,,,,,,,
sleep,gru,seg_focal,0,120960,10,stat,4,20,32,True,True,cuda,objective_e20_bs32_eval5,3,"['none', 10]",True,True,event-detection-pdf,,P2-gru-objective-sweep-score,,offline,"paper-density-likelihood-rewrite,sleep,P2,score",True,"['seg_focal1', 'seg_focal2']",experiments/sleep/gru/seg_focal/seed_0_objective_e20_bs32_eval5/predictions,tolerance,tuned,seg_focal1,mAP,mAP,36.0,0.088356683586917,"{""alternating"": 1, ""cutoff"": 0.5, ""smooth"": 10}",experiments/sleep/gru/seg_focal/seed_0_objective_e20_bs32_eval5/results/scores.csv,seed_0_objective_e20_bs32_eval5,experiments/sleep/gru/seg_focal/seed_0_objective_e20_bs32_eval5,,,,,,,,,,,
sleep,gru,seg_focal,0,120960,10,stat,4,20,32,True,True,cuda,objective_e20_bs32_eval5,3,"['none', 10]",True,True,event-detection-pdf,,P2-gru-objective-sweep-score,,offline,"paper-density-likelihood-rewrite,sleep,P2,score",True,"['seg_focal1', 'seg_focal2']",experiments/sleep/gru/seg_focal/seed_0_objective_e20_bs32_eval5/predictions,tolerance,tuned,seg_focal1,mAP,mAP,60.0,0.2120620215029113,"{""alternating"": 1, ""cutoff"": 0.5, ""smooth"": 10}",experiments/sleep/gru/seg_focal/seed_0_objective_e20_bs32_eval5/results/scores.csv,seed_0_objective_e20_bs32_eval5,experiments/sleep/gru/seg_focal/seed_0_objective_e20_bs32_eval5,,,,,,,,,,,
sleep,gru,seg_focal,0,120960,10,stat,4,20,32,True,True,cuda,objective_e20_bs32_eval5,3,"['none', 10]",True,True,event-detection-pdf,,P2-gru-objective-sweep-score,,offline,"paper-density-likelihood-rewrite,sleep,P2,score",True,"['seg_focal1', 'seg_focal2']",experiments/sleep/gru/seg_focal/seed_0_objective_e20_bs32_eval5/predictions,tolerance,tuned,seg_focal1,mAP,mAP,90.0,0.3478693242256237,"{""alternating"": 1, ""cutoff"": 0.5, ""smooth"": 10}",experiments/sleep/gru/seg_focal/seed_0_objective_e20_bs32_eval5/results/scores.csv,seed_0_objective_e20_bs32_eval5,experiments/sleep/gru/seg_focal/seed_0_objective_e20_bs32_eval5,,,,,,,,,,,
sleep,gru,seg_focal,0,120960,10,stat,4,20,32,True,True,cuda,objective_e20_bs32_eval5,3,"['none', 10]",True,True,event-detection-pdf,,P2-gru-objective-sweep-score,,offline,"paper-density-likelihood-rewrite,sleep,P2,score",True,"['seg_focal1', 'seg_focal2']",experiments/sleep/gru/seg_focal/seed_0_objective_e20_bs32_eval5/predictions,tolerance,tuned,seg_focal1,mAP,mAP,120.0,0.4462263931325012,"{""alternating"": 1, ""cutoff"": 0.5, ""smooth"": 10}",experiments/sleep/gru/seg_focal/seed_0_objective_e20_bs32_eval5/results/scores.csv,seed_0_objective_e20_bs32_eval5,experiments/sleep/gru/seg_focal/seed_0_objective_e20_bs32_eval5,,,,,,,,,,,
sleep,gru,seg_focal,0,120960,10,stat,4,20,32,True,True,cuda,objective_e20_bs32_eval5,3,"['none', 10]",True,True,event-detection-pdf,,P2-gru-objective-sweep-score,,offline,"paper-density-likelihood-rewrite,sleep,P2,score",True,"['seg_focal1', 'seg_focal2']",experiments/sleep/gru/seg_focal/seed_0_objective_e20_bs32_eval5/predictions,tolerance,tuned,seg_focal1,mAP,mAP,150.0,0.5156056292375615,"{""alternating"": 1, ""cutoff"": 0.5, ""smooth"": 10}",experiments/sleep/gru/seg_focal/seed_0_objective_e20_bs32_eval5/results/scores.csv,seed_0_objective_e20_bs32_eval5,experiments/sleep/gru/seg_focal/seed_0_objective_e20_bs32_eval5,,,,,,,,,,,
sleep,gru,seg_focal,0,120960,10,stat,4,20,32,True,True,cuda,objective_e20_bs32_eval5,3,"['none', 10]",True,True,event-detection-pdf,,P2-gru-objective-sweep-score,,offline,"paper-density-likelihood-rewrite,sleep,P2,score",True,"['seg_focal1', 'seg_focal2']",experiments/sleep/gru/seg_focal/seed_0_objective_e20_bs32_eval5/predictions,tolerance,tuned,seg_focal1,mAP,mAP,180.0,0.5572360257223761,"{""alternating"": 1, ""cutoff"": 0.5, ""smooth"": 10}",experiments/sleep/gru/seg_focal/seed_0_objective_e20_bs32_eval5/results/scores.csv,seed_0_objective_e20_bs32_eval5,experiments/sleep/gru/seg_focal/seed_0_objective_e20_bs32_eval5,,,,,,,,,,,
sleep,gru,seg_focal,0,120960,10,stat,4,20,32,True,True,cuda,objective_e20_bs32_eval5,3,"['none', 10]",True,True,event-detection-pdf,,P2-gru-objective-sweep-score,,offline,"paper-density-likelihood-rewrite,sleep,P2,score",True,"['seg_focal1', 'seg_focal2']",experiments/sleep/gru/seg_focal/seed_0_objective_e20_bs32_eval5/predictions,tolerance,tuned,seg_focal1,mAP,mAP,240.0,0.6190938589891695,"{""alternating"": 1, ""cutoff"": 0.5, ""smooth"": 10}",experiments/sleep/gru/seg_focal/seed_0_objective_e20_bs32_eval5/results/scores.csv,seed_0_objective_e20_bs32_eval5,experiments/sleep/gru/seg_focal/seed_0_objective_e20_bs32_eval5,,,,,,,,,,,
sleep,gru,seg_focal,0,120960,10,stat,4,20,32,True,True,cuda,objective_e20_bs32_eval5,3,"['none', 10]",True,True,event-detection-pdf,,P2-gru-objective-sweep-score,,offline,"paper-density-likelihood-rewrite,sleep,P2,score",True,"['seg_focal1', 'seg_focal2']",experiments/sleep/gru/seg_focal/seed_0_objective_e20_bs32_eval5/predictions,tolerance,tuned,seg_focal1,mAP,mAP,300.0,0.650905762129762,"{""alternating"": 1, ""cutoff"": 0.5, ""smooth"": 10}",experiments/sleep/gru/seg_focal/seed_0_objective_e20_bs32_eval5/results/scores.csv,seed_0_objective_e20_bs32_eval5,experiments/sleep/gru/seg_focal/seed_0_objective_e20_bs32_eval5,,,,,,,,,,,
sleep,gru,seg_focal,0,120960,10,stat,4,20,32,True,True,cuda,objective_e20_bs32_eval5,3,"['none', 10]",True,True,event-detection-pdf,,P2-gru-objective-sweep-score,,offline,"paper-density-likelihood-rewrite,sleep,P2,score",True,"['seg_focal1', 'seg_focal2']",experiments/sleep/gru/seg_focal/seed_0_objective_e20_bs32_eval5/predictions,tolerance,tuned,seg_focal1,mAP,mAP,360.0,0.6735429604216161,"{""alternating"": 1, ""cutoff"": 0.5, ""smooth"": 10}",experiments/sleep/gru/seg_focal/seed_0_objective_e20_bs32_eval5/results/scores.csv,seed_0_objective_e20_bs32_eval5,experiments/sleep/gru/seg_focal/seed_0_objective_e20_bs32_eval5,,,,,,,,,,,
sleep,gru,seg_focal,0,120960,10,stat,4,20,32,True,True,cuda,objective_e20_bs32_eval5,3,"['none', 10]",True,True,event-detection-pdf,,P2-gru-objective-sweep-score,,offline,"paper-density-likelihood-rewrite,sleep,P2,score",True,"['seg_focal1', 'seg_focal2']",experiments/sleep/gru/seg_focal/seed_0_objective_e20_bs32_eval5/predictions,summary,tuned,seg_focal1,mf1,mAP,,0.4120076896096191,"{""alternating"": 1, ""cutoff"": 0.5, ""smooth"": 10}",experiments/sleep/gru/seg_focal/seed_0_objective_e20_bs32_eval5/results/scores.csv,seed_0_objective_e20_bs32_eval5,experiments/sleep/gru/seg_focal/seed_0_objective_e20_bs32_eval5,,,,,,,,,,,
sleep,gru,seg_focal,0,120960,10,stat,4,20,32,True,True,cuda,objective_e20_bs32_eval5,3,"['none', 10]",True,True,event-detection-pdf,,P2-gru-objective-sweep-score,,offline,"paper-density-likelihood-rewrite,sleep,P2,score",True,"['seg_focal1', 'seg_focal2']",experiments/sleep/gru/seg_focal/seed_0_objective_e20_bs32_eval5/predictions,summary,tuned,seg_focal1,mf1,mf1,,0.5187261474861637,"{""alternating"": 1, ""cutoff"": 0.5, ""smooth"": 10}",experiments/sleep/gru/seg_focal/seed_0_objective_e20_bs32_eval5/results/scores.csv,seed_0_objective_e20_bs32_eval5,experiments/sleep/gru/seg_focal/seed_0_objective_e20_bs32_eval5,,,,,,,,,,,
sleep,gru,seg_focal,0,120960,10,stat,4,20,32,True,True,cuda,objective_e20_bs32_eval5,3,"['none', 10]",True,True,event-detection-pdf,,P2-gru-objective-sweep-score,,offline,"paper-density-likelihood-rewrite,sleep,P2,score",True,"['seg_focal1', 'seg_focal2']",experiments/sleep/gru/seg_focal/seed_0_objective_e20_bs32_eval5/predictions,tolerance,tuned,seg_focal1,mf1,mf1,12.0,0.0755499118306931,"{""alternating"": 1, ""cutoff"": 0.5, ""smooth"": 10}",experiments/sleep/gru/seg_focal/seed_0_objective_e20_bs32_eval5/results/scores.csv,seed_0_objective_e20_bs32_eval5,experiments/sleep/gru/seg_focal/seed_0_objective_e20_bs32_eval5,,,,,,,,,,,
sleep,gru,seg_focal,0,120960,10,stat,4,20,32,True,True,cuda,objective_e20_bs32_eval5,3,"['none', 10]",True,True,event-detection-pdf,,P2-gru-objective-sweep-score,,offline,"paper-density-likelihood-rewrite,sleep,P2,score",True,"['seg_focal1', 'seg_focal2']",experiments/sleep/gru/seg_focal/seed_0_objective_e20_bs32_eval5/predictions,tolerance,tuned,seg_focal1,mf1,mf1,36.0,0.2355657647167533,"{""alternating"": 1, ""cutoff"": 0.5, ""smooth"": 10}",experiments/sleep/gru/seg_focal/seed_0_objective_e20_bs32_eval5/results/scores.csv,seed_0_objective_e20_bs32_eval5,experiments/sleep/gru/seg_focal/seed_0_objective_e20_bs32_eval5,,,,,,,,,,,
sleep,gru,seg_focal,0,120960,10,stat,4,20,32,True,True,cuda,objective_e20_bs32_eval5,3,"['none', 10]",True,True,event-detection-pdf,,P2-gru-objective-sweep-score,,offline,"paper-density-likelihood-rewrite,sleep,P2,score",True,"['seg_focal1', 'seg_focal2']",experiments/sleep/gru/seg_focal/seed_0_objective_e20_bs32_eval5/predictions,tolerance,tuned,seg_focal1,mf1,mf1,60.0,0.3643825161147108,"{""alternating"": 1, ""cutoff"": 0.5, ""smooth"": 10}",experiments/sleep/gru/seg_focal/seed_0_objective_e20_bs32_eval5/results/scores.csv,seed_0_objective_e20_bs32_eval5,experiments/sleep/gru/seg_focal/seed_0_objective_e20_bs32_eval5,,,,,,,,,,,
sleep,gru,seg_focal,0,120960,10,stat,4,20,32,True,True,cuda,objective_e20_bs32_eval5,3,"['none', 10]",True,True,event-detection-pdf,,P2-gru-objective-sweep-score,,offline,"paper-density-likelihood-rewrite,sleep,P2,score",True,"['seg_focal1', 'seg_focal2']",experiments/sleep/gru/seg_focal/seed_0_objective_e20_bs32_eval5/predictions,tolerance,tuned,seg_focal1,mf1,mf1,90.0,0.485232712222959,"{""alternating"": 1, ""cutoff"": 0.5, ""smooth"": 10}",experiments/sleep/gru/seg_focal/seed_0_objective_e20_bs32_eval5/results/scores.csv,seed_0_objective_e20_bs32_eval5,experiments/sleep/gru/seg_focal/seed_0_objective_e20_bs32_eval5,,,,,,,,,,,
sleep,gru,seg_focal,0,120960,10,stat,4,20,32,True,True,cuda,objective_e20_bs32_eval5,3,"['none', 10]",True,True,event-detection-pdf,,P2-gru-objective-sweep-score,,offline,"paper-density-likelihood-rewrite,sleep,P2,score",True,"['seg_focal1', 'seg_focal2']",experiments/sleep/gru/seg_focal/seed_0_objective_e20_bs32_eval5/predictions,tolerance,tuned,seg_focal1,mf1,mf1,120.0,0.5707941587209886,"{""alternating"": 1, ""cutoff"": 0.5, ""smooth"": 10}",experiments/sleep/gru/seg_focal/seed_0_objective_e20_bs32_eval5/results/scores.csv,seed_0_objective_e20_bs32_eval5,experiments/sleep/gru/seg_focal/seed_0_objective_e20_bs32_eval5,,,,,,,,,,,
sleep,gru,seg_focal,0,120960,10,stat,4,20,32,True,True,cuda,objective_e20_bs32_eval5,3,"['none', 10]",True,True,event-detection-pdf,,P2-gru-objective-sweep-score,,offline,"paper-density-likelihood-rewrite,sleep,P2,score",True,"['seg_focal1', 'seg_focal2']",experiments/sleep/gru/seg_focal/seed_0_objective_e20_bs32_eval5/predictions,tolerance,tuned,seg_focal1,mf1,mf1,150.0,0.6301128985350146,"{""alternating"": 1, ""cutoff"": 0.5, ""smooth"": 10}",experiments/sleep/gru/seg_focal/seed_0_objective_e20_bs32_eval5/results/scores.csv,seed_0_objective_e20_bs32_eval5,experiments/sleep/gru/seg_focal/seed_0_objective_e20_bs32_eval5,,,,,,,,,,,
sleep,gru,seg_focal,0,120960,10,stat,4,20,32,True,True,cuda,objective_e20_bs32_eval5,3,"['none', 10]",True,True,event-detection-pdf,,P2-gru-objective-sweep-score,,offline,"paper-density-likelihood-rewrite,sleep,P2,score",True,"['seg_focal1', 'seg_focal2']",experiments/sleep/gru/seg_focal/seed_0_objective_e20_bs32_eval5/predictions,tolerance,tuned,seg_focal1,mf1,mf1,180.0,0.6630108398857179,"{""alternating"": 1, ""cutoff"": 0.5, ""smooth"": 10}",experiments/sleep/gru/seg_focal/seed_0_objective_e20_bs32_eval5/results/scores.csv,seed_0_objective_e20_bs32_eval5,experiments/sleep/gru/seg_focal/seed_0_objective_e20_bs32_eval5,,,,,,,,,,,
sleep,gru,seg_focal,0,120960,10,stat,4,20,32,True,True,cuda,objective_e20_bs32_eval5,3,"['none', 10]",True,True,event-detection-pdf,,P2-gru-objective-sweep-score,,offline,"paper-density-likelihood-rewrite,sleep,P2,score",True,"['seg_focal1', 'seg_focal2']",experiments/sleep/gru/seg_focal/seed_0_objective_e20_bs32_eval5/predictions,tolerance,tuned,seg_focal1,mf1,mf1,240.0,0.7075951520810378,"{""alternating"": 1, ""cutoff"": 0.5, ""smooth"": 10}",experiments/sleep/gru/seg_focal/seed_0_objective_e20_bs32_eval5/results/scores.csv,seed_0_objective_e20_bs32_eval5,experiments/sleep/gru/seg_focal/seed_0_objective_e20_bs32_eval5,,,,,,,,,,,
sleep,gru,seg_focal,0,120960,10,stat,4,20,32,True,True,cuda,objective_e20_bs32_eval5,3,"['none', 10]",True,True,event-detection-pdf,,P2-gru-objective-sweep-score,,offline,"paper-density-likelihood-rewrite,sleep,P2,score",True,"['seg_focal1', 'seg_focal2']",experiments/sleep/gru/seg_focal/seed_0_objective_e20_bs32_eval5/predictions,tolerance,tuned,seg_focal1,mf1,mf1,300.0,0.723633616831898,"{""alternating"": 1, ""cutoff"": 0.5, ""smooth"": 10}",experiments/sleep/gru/seg_focal/seed_0_objective_e20_bs32_eval5/results/scores.csv,seed_0_objective_e20_bs32_eval5,experiments/sleep/gru/seg_focal/seed_0_objective_e20_bs32_eval5,,,,,,,,,,,
sleep,gru,seg_focal,0,120960,10,stat,4,20,32,True,True,cuda,objective_e20_bs32_eval5,3,"['none', 10]",True,True,event-detection-pdf,,P2-gru-objective-sweep-score,,offline,"paper-density-likelihood-rewrite,sleep,P2,score",True,"['seg_focal1', 'seg_focal2']",experiments/sleep/gru/seg_focal/seed_0_objective_e20_bs32_eval5/predictions,tolerance,tuned,seg_focal1,mf1,mf1,360.0,0.7313839039218641,"{""alternating"": 1, ""cutoff"": 0.5, ""smooth"": 10}",experiments/sleep/gru/seg_focal/seed_0_objective_e20_bs32_eval5/results/scores.csv,seed_0_objective_e20_bs32_eval5,experiments/sleep/gru/seg_focal/seed_0_objective_e20_bs32_eval5,,,,,,,,,,,
sleep,gru,seg_focal,0,120960,10,stat,4,20,32,True,True,cuda,objective_e20_bs32_eval5,3,"['none', 10]",True,True,event-detection-pdf,,P2-gru-objective-sweep-score,,offline,"paper-density-likelihood-rewrite,sleep,P2,score",True,"['seg_focal1', 'seg_focal2']",experiments/sleep/gru/seg_focal/seed_0_objective_e20_bs32_eval5/predictions,summary,default,seg_focal2,,mAP,,8.343763037129746e-05,{},experiments/sleep/gru/seg_focal/seed_0_objective_e20_bs32_eval5/results/scores.csv,seed_0_objective_e20_bs32_eval5,experiments/sleep/gru/seg_focal/seed_0_objective_e20_bs32_eval5,,,,,,,,,,,
sleep,gru,seg_focal,0,120960,10,stat,4,20,32,True,True,cuda,objective_e20_bs32_eval5,3,"['none', 10]",True,True,event-detection-pdf,,P2-gru-objective-sweep-score,,offline,"paper-density-likelihood-rewrite,sleep,P2,score",True,"['seg_focal1', 'seg_focal2']",experiments/sleep/gru/seg_focal/seed_0_objective_e20_bs32_eval5/predictions,summary,default,seg_focal2,,mf1,,0.0001668404571432,{},experiments/sleep/gru/seg_focal/seed_0_objective_e20_bs32_eval5/results/scores.csv,seed_0_objective_e20_bs32_eval5,experiments/sleep/gru/seg_focal/seed_0_objective_e20_bs32_eval5,,,,,,,,,,,
sleep,gru,seg_focal,0,120960,10,stat,4,20,32,True,True,cuda,objective_e20_bs32_eval5,3,"['none', 10]",True,True,event-detection-pdf,,P2-gru-objective-sweep-score,,offline,"paper-density-likelihood-rewrite,sleep,P2,score",True,"['seg_focal1', 'seg_focal2']",experiments/sleep/gru/seg_focal/seed_0_objective_e20_bs32_eval5/predictions,summary,tuned,seg_focal2,mAP,mAP,,0.5142161181162086,"{""alternating"": 0, ""cutoff"": 0.0, ""smooth"": null}",experiments/sleep/gru/seg_focal/seed_0_objective_e20_bs32_eval5/results/scores.csv,seed_0_objective_e20_bs32_eval5,experiments/sleep/gru/seg_focal/seed_0_objective_e20_bs32_eval5,,,,,,,,,,,
sleep,gru,seg_focal,0,120960,10,stat,4,20,32,True,True,cuda,objective_e20_bs32_eval5,3,"['none', 10]",True,True,event-detection-pdf,,P2-gru-objective-sweep-score,,offline,"paper-density-likelihood-rewrite,sleep,P2,score",True,"['seg_focal1', 'seg_focal2']",experiments/sleep/gru/seg_focal/seed_0_objective_e20_bs32_eval5/predictions,summary,tuned,seg_focal2,mAP,mf1,,0.6051642115005316,"{""alternating"": 0, ""cutoff"": 0.0, ""smooth"": null}",experiments/sleep/gru/seg_focal/seed_0_objective_e20_bs32_eval5/results/scores.csv,seed_0_objective_e20_bs32_eval5,experiments/sleep/gru/seg_focal/seed_0_objective_e20_bs32_eval5,,,,,,,,,,,
sleep,gru,seg_focal,0,120960,10,stat,4,20,32,True,True,cuda,objective_e20_bs32_eval5,3,"['none', 10]",True,True,event-detection-pdf,,P2-gru-objective-sweep-score,,offline,"paper-density-likelihood-rewrite,sleep,P2,score",True,"['seg_focal1', 'seg_focal2']",experiments/sleep/gru/seg_focal/seed_0_objective_e20_bs32_eval5/predictions,tolerance,tuned,seg_focal2,mAP,mAP,12.0,0.0401552187640017,"{""alternating"": 0, ""cutoff"": 0.0, ""smooth"": null}",experiments/sleep/gru/seg_focal/seed_0_objective_e20_bs32_eval5/results/scores.csv,seed_0_objective_e20_bs32_eval5,experiments/sleep/gru/seg_focal/seed_0_objective_e20_bs32_eval5,,,,,,,,,,,
sleep,gru,seg_focal,0,120960,10,stat,4,20,32,True,True,cuda,objective_e20_bs32_eval5,3,"['none', 10]",True,True,event-detection-pdf,,P2-gru-objective-sweep-score,,offline,"paper-density-likelihood-rewrite,sleep,P2,score",True,"['seg_focal1', 'seg_focal2']",experiments/sleep/gru/seg_focal/seed_0_objective_e20_bs32_eval5/predictions,tolerance,tuned,seg_focal2,mAP,mAP,36.0,0.1967726134565945,"{""alternating"": 0, ""cutoff"": 0.0, ""smooth"": null}",experiments/sleep/gru/seg_focal/seed_0_objective_e20_bs32_eval5/results/scores.csv,seed_0_objective_e20_bs32_eval5,experiments/sleep/gru/seg_focal/seed_0_objective_e20_bs32_eval5,,,,,,,,,,,
sleep,gru,seg_focal,0,120960,10,stat,4,20,32,True,True,cuda,objective_e20_bs32_eval5,3,"['none', 10]",True,True,event-detection-pdf,,P2-gru-objective-sweep-score,,offline,"paper-density-likelihood-rewrite,sleep,P2,score",True,"['seg_focal1', 'seg_focal2']",experiments/sleep/gru/seg_focal/seed_0_objective_e20_bs32_eval5/predictions,tolerance,tuned,seg_focal2,mAP,mAP,60.0,0.3371139642688161,"{""alternating"": 0, ""cutoff"": 0.0, ""smooth"": null}",experiments/sleep/gru/seg_focal/seed_0_objective_e20_bs32_eval5/results/scores.csv,seed_0_objective_e20_bs32_eval5,experiments/sleep/gru/seg_focal/seed_0_objective_e20_bs32_eval5,,,,,,,,,,,
sleep,gru,seg_focal,0,120960,10,stat,4,20,32,True,True,cuda,objective_e20_bs32_eval5,3,"['none', 10]",True,True,event-detection-pdf,,P2-gru-objective-sweep-score,,offline,"paper-density-likelihood-rewrite,sleep,P2,score",True,"['seg_focal1', 'seg_focal2']",experiments/sleep/gru/seg_focal/seed_0_objective_e20_bs32_eval5/predictions,tolerance,tuned,seg_focal2,mAP,mAP,90.0,0.4554660442524797,"{""alternating"": 0, ""cutoff"": 0.0, ""smooth"": null}",experiments/sleep/gru/seg_focal/seed_0_objective_e20_bs32_eval5/results/scores.csv,seed_0_objective_e20_bs32_eval5,experiments/sleep/gru/seg_focal/seed_0_objective_e20_bs32_eval5,,,,,,,,,,,
sleep,gru,seg_focal,0,120960,10,stat,4,20,32,True,True,cuda,objective_e20_bs32_eval5,3,"['none', 10]",True,True,event-detection-pdf,,P2-gru-objective-sweep-score,,offline,"paper-density-likelihood-rewrite,sleep,P2,score",True,"['seg_focal1', 'seg_focal2']",experiments/sleep/gru/seg_focal/seed_0_objective_e20_bs32_eval5/predictions,tolerance,tuned,seg_focal2,mAP,mAP,120.0,0.5379024960569261,"{""alternating"": 0, ""cutoff"": 0.0, ""smooth"": null}",experiments/sleep/gru/seg_focal/seed_0_objective_e20_bs32_eval5/results/scores.csv,seed_0_objective_e20_bs32_eval5,experiments/sleep/gru/seg_focal/seed_0_objective_e20_bs32_eval5,,,,,,,,,,,
sleep,gru,seg_focal,0,120960,10,stat,4,20,32,True,True,cuda,objective_e20_bs32_eval5,3,"['none', 10]",True,True,event-detection-pdf,,P2-gru-objective-sweep-score,,offline,"paper-density-likelihood-rewrite,sleep,P2,score",True,"['seg_focal1', 'seg_focal2']",experiments/sleep/gru/seg_focal/seed_0_objective_e20_bs32_eval5/predictions,tolerance,tuned,seg_focal2,mAP,mAP,150.0,0.6127925866549736,"{""alternating"": 0, ""cutoff"": 0.0, ""smooth"": null}",experiments/sleep/gru/seg_focal/seed_0_objective_e20_bs32_eval5/results/scores.csv,seed_0_objective_e20_bs32_eval5,experiments/sleep/gru/seg_focal/seed_0_objective_e20_bs32_eval5,,,,,,,,,,,
sleep,gru,seg_focal,0,120960,10,stat,4,20,32,True,True,cuda,objective_e20_bs32_eval5,3,"['none', 10]",True,True,event-detection-pdf,,P2-gru-objective-sweep-score,,offline,"paper-density-likelihood-rewrite,sleep,P2,score",True,"['seg_focal1', 'seg_focal2']",experiments/sleep/gru/seg_focal/seed_0_objective_e20_bs32_eval5/predictions,tolerance,tuned,seg_focal2,mAP,mAP,180.0,0.6598341949129181,"{""alternating"": 0, ""cutoff"": 0.0, ""smooth"": null}",experiments/sleep/gru/seg_focal/seed_0_objective_e20_bs32_eval5/results/scores.csv,seed_0_objective_e20_bs32_eval5,experiments/sleep/gru/seg_focal/seed_0_objective_e20_bs32_eval5,,,,,,,,,,,
sleep,gru,seg_focal,0,120960,10,stat,4,20,32,True,True,cuda,objective_e20_bs32_eval5,3,"['none', 10]",True,True,event-detection-pdf,,P2-gru-objective-sweep-score,,offline,"paper-density-likelihood-rewrite,sleep,P2,score",True,"['seg_focal1', 'seg_focal2']",experiments/sleep/gru/seg_focal/seed_0_objective_e20_bs32_eval5/predictions,tolerance,tuned,seg_focal2,mAP,mAP,240.0,0.7309740268384599,"{""alternating"": 0, ""cutoff"": 0.0, ""smooth"": null}",experiments/sleep/gru/seg_focal/seed_0_objective_e20_bs32_eval5/results/scores.csv,seed_0_objective_e20_bs32_eval5,experiments/sleep/gru/seg_focal/seed_0_objective_e20_bs32_eval5,,,,,,,,,,,
sleep,gru,seg_focal,0,120960,10,stat,4,20,32,True,True,cuda,objective_e20_bs32_eval5,3,"['none', 10]",True,True,event-detection-pdf,,P2-gru-objective-sweep-score,,offline,"paper-density-likelihood-rewrite,sleep,P2,score",True,"['seg_focal1', 'seg_focal2']",experiments/sleep/gru/seg_focal/seed_0_objective_e20_bs32_eval5/predictions,tolerance,tuned,seg_focal2,mAP,mAP,300.0,0.7737397849076424,"{""alternating"": 0, ""cutoff"": 0.0, ""smooth"": null}",experiments/sleep/gru/seg_focal/seed_0_objective_e20_bs32_eval5/results/scores.csv,seed_0_objective_e20_bs32_eval5,experiments/sleep/gru/seg_focal/seed_0_objective_e20_bs32_eval5,,,,,,,,,,,
sleep,gru,seg_focal,0,120960,10,stat,4,20,32,True,True,cuda,objective_e20_bs32_eval5,3,"['none', 10]",True,True,event-detection-pdf,,P2-gru-objective-sweep-score,,offline,"paper-density-likelihood-rewrite,sleep,P2,score",True,"['seg_focal1', 'seg_focal2']",experiments/sleep/gru/seg_focal/seed_0_objective_e20_bs32_eval5/predictions,tolerance,tuned,seg_focal2,mAP,mAP,360.0,0.7974102510492742,"{""alternating"": 0, ""cutoff"": 0.0, ""smooth"": null}",experiments/sleep/gru/seg_focal/seed_0_objective_e20_bs32_eval5/results/scores.csv,seed_0_objective_e20_bs32_eval5,experiments/sleep/gru/seg_focal/seed_0_objective_e20_bs32_eval5,,,,,,,,,,,
sleep,gru,seg_focal,0,120960,10,stat,4,20,32,True,True,cuda,objective_e20_bs32_eval5,3,"['none', 10]",True,True,event-detection-pdf,,P2-gru-objective-sweep-score,,offline,"paper-density-likelihood-rewrite,sleep,P2,score",True,"['seg_focal1', 'seg_focal2']",experiments/sleep/gru/seg_focal/seed_0_objective_e20_bs32_eval5/predictions,summary,tuned,seg_focal2,mf1,mAP,,0.5012494220979072,"{""alternating"": 1, ""cutoff"": 0.0, ""smooth"": 10}",experiments/sleep/gru/seg_focal/seed_0_objective_e20_bs32_eval5/results/scores.csv,seed_0_objective_e20_bs32_eval5,experiments/sleep/gru/seg_focal/seed_0_objective_e20_bs32_eval5,,,,,,,,,,,
sleep,gru,seg_focal,0,120960,10,stat,4,20,32,True,True,cuda,objective_e20_bs32_eval5,3,"['none', 10]",True,True,event-detection-pdf,,P2-gru-objective-sweep-score,,offline,"paper-density-likelihood-rewrite,sleep,P2,score",True,"['seg_focal1', 'seg_focal2']",experiments/sleep/gru/seg_focal/seed_0_objective_e20_bs32_eval5/predictions,summary,tuned,seg_focal2,mf1,mf1,,0.6074526972572756,"{""alternating"": 1, ""cutoff"": 0.0, ""smooth"": 10}",experiments/sleep/gru/seg_focal/seed_0_objective_e20_bs32_eval5/results/scores.csv,seed_0_objective_e20_bs32_eval5,experiments/sleep/gru/seg_focal/seed_0_objective_e20_bs32_eval5,,,,,,,,,,,
sleep,gru,seg_focal,0,120960,10,stat,4,20,32,True,True,cuda,objective_e20_bs32_eval5,3,"['none', 10]",True,True,event-detection-pdf,,P2-gru-objective-sweep-score,,offline,"paper-density-likelihood-rewrite,sleep,P2,score",True,"['seg_focal1', 'seg_focal2']",experiments/sleep/gru/seg_focal/seed_0_objective_e20_bs32_eval5/predictions,tolerance,tuned,seg_focal2,mf1,mf1,12.0,0.168459609046396,"{""alternating"": 1, ""cutoff"": 0.0, ""smooth"": 10}",experiments/sleep/gru/seg_focal/seed_0_objective_e20_bs32_eval5/results/scores.csv,seed_0_objective_e20_bs32_eval5,experiments/sleep/gru/seg_focal/seed_0_objective_e20_bs32_eval5,,,,,,,,,,,
sleep,gru,seg_focal,0,120960,10,stat,4,20,32,True,True,cuda,objective_e20_bs32_eval5,3,"['none', 10]",True,True,event-detection-pdf,,P2-gru-objective-sweep-score,,offline,"paper-density-likelihood-rewrite,sleep,P2,score",True,"['seg_focal1', 'seg_focal2']",experiments/sleep/gru/seg_focal/seed_0_objective_e20_bs32_eval5/predictions,tolerance,tuned,seg_focal2,mf1,mf1,36.0,0.390902024794711,"{""alternating"": 1, ""cutoff"": 0.0, ""smooth"": 10}",experiments/sleep/gru/seg_focal/seed_0_objective_e20_bs32_eval5/results/scores.csv,seed_0_objective_e20_bs32_eval5,experiments/sleep/gru/seg_focal/seed_0_objective_e20_bs32_eval5,,,,,,,,,,,
sleep,gru,seg_focal,0,120960,10,stat,4,20,32,True,True,cuda,objective_e20_bs32_eval5,3,"['none', 10]",True,True,event-detection-pdf,,P2-gru-objective-sweep-score,,offline,"paper-density-likelihood-rewrite,sleep,P2,score",True,"['seg_focal1', 'seg_focal2']",experiments/sleep/gru/seg_focal/seed_0_objective_e20_bs32_eval5/predictions,tolerance,tuned,seg_focal2,mf1,mf1,60.0,0.5076196462281913,"{""alternating"": 1, ""cutoff"": 0.0, ""smooth"": 10}",experiments/sleep/gru/seg_focal/seed_0_objective_e20_bs32_eval5/results/scores.csv,seed_0_objective_e20_bs32_eval5,experiments/sleep/gru/seg_focal/seed_0_objective_e20_bs32_eval5,,,,,,,,,,,
sleep,gru,seg_focal,0,120960,10,stat,4,20,32,True,True,cuda,objective_e20_bs32_eval5,3,"['none', 10]",True,True,event-detection-pdf,,P2-gru-objective-sweep-score,,offline,"paper-density-likelihood-rewrite,sleep,P2,score",True,"['seg_focal1', 'seg_focal2']",experiments/sleep/gru/seg_focal/seed_0_objective_e20_bs32_eval5/predictions,tolerance,tuned,seg_focal2,mf1,mf1,90.0,0.5921141300318649,"{""alternating"": 1, ""cutoff"": 0.0, ""smooth"": 10}",experiments/sleep/gru/seg_focal/seed_0_objective_e20_bs32_eval5/results/scores.csv,seed_0_objective_e20_bs32_eval5,experiments/sleep/gru/seg_focal/seed_0_objective_e20_bs32_eval5,,,,,,,,,,,
sleep,gru,seg_focal,0,120960,10,stat,4,20,32,True,True,cuda,objective_e20_bs32_eval5,3,"['none', 10]",True,True,event-detection-pdf,,P2-gru-objective-sweep-score,,offline,"paper-density-likelihood-rewrite,sleep,P2,score",True,"['seg_focal1', 'seg_focal2']",experiments/sleep/gru/seg_focal/seed_0_objective_e20_bs32_eval5/predictions,tolerance,tuned,seg_focal2,mf1,mf1,120.0,0.6485484119907534,"{""alternating"": 1, ""cutoff"": 0.0, ""smooth"": 10}",experiments/sleep/gru/seg_focal/seed_0_objective_e20_bs32_eval5/results/scores.csv,seed_0_objective_e20_bs32_eval5,experiments/sleep/gru/seg_focal/seed_0_objective_e20_bs32_eval5,,,,,,,,,,,
sleep,gru,seg_focal,0,120960,10,stat,4,20,32,True,True,cuda,objective_e20_bs32_eval5,3,"['none', 10]",True,True,event-detection-pdf,,P2-gru-objective-sweep-score,,offline,"paper-density-likelihood-rewrite,sleep,P2,score",True,"['seg_focal1', 'seg_focal2']",experiments/sleep/gru/seg_focal/seed_0_objective_e20_bs32_eval5/predictions,tolerance,tuned,seg_focal2,mf1,mf1,150.0,0.6919491624427059,"{""alternating"": 1, ""cutoff"": 0.0, ""smooth"": 10}",experiments/sleep/gru/seg_focal/seed_0_objective_e20_bs32_eval5/results/scores.csv,seed_0_objective_e20_bs32_eval5,experiments/sleep/gru/seg_focal/seed_0_objective_e20_bs32_eval5,,,,,,,,,,,
sleep,gru,seg_focal,0,120960,10,stat,4,20,32,True,True,cuda,objective_e20_bs32_eval5,3,"['none', 10]",True,True,event-detection-pdf,,P2-gru-objective-sweep-score,,offline,"paper-density-likelihood-rewrite,sleep,P2,score",True,"['seg_focal1', 'seg_focal2']",experiments/sleep/gru/seg_focal/seed_0_objective_e20_bs32_eval5/predictions,tolerance,tuned,seg_focal2,mf1,mf1,180.0,0.7230370932985631,"{""alternating"": 1, ""cutoff"": 0.0, ""smooth"": 10}",experiments/sleep/gru/seg_focal/seed_0_objective_e20_bs32_eval5/results/scores.csv,seed_0_objective_e20_bs32_eval5,experiments/sleep/gru/seg_focal/seed_0_objective_e20_bs32_eval5,,,,,,,,,,,
sleep,gru,seg_focal,0,120960,10,stat,4,20,32,True,True,cuda,objective_e20_bs32_eval5,3,"['none', 10]",True,True,event-detection-pdf,,P2-gru-objective-sweep-score,,offline,"paper-density-likelihood-rewrite,sleep,P2,score",True,"['seg_focal1', 'seg_focal2']",experiments/sleep/gru/seg_focal/seed_0_objective_e20_bs32_eval5/predictions,tolerance,tuned,seg_focal2,mf1,mf1,240.0,0.7629684107808838,"{""alternating"": 1, ""cutoff"": 0.0, ""smooth"": 10}",experiments/sleep/gru/seg_focal/seed_0_objective_e20_bs32_eval5/results/scores.csv,seed_0_objective_e20_bs32_eval5,experiments/sleep/gru/seg_focal/seed_0_objective_e20_bs32_eval5,,,,,,,,,,,
sleep,gru,seg_focal,0,120960,10,stat,4,20,32,True,True,cuda,objective_e20_bs32_eval5,3,"['none', 10]",True,True,event-detection-pdf,,P2-gru-objective-sweep-score,,offline,"paper-density-likelihood-rewrite,sleep,P2,score",True,"['seg_focal1', 'seg_focal2']",experiments/sleep/gru/seg_focal/seed_0_objective_e20_bs32_eval5/predictions,tolerance,tuned,seg_focal2,mf1,mf1,300.0,0.7878783409321515,"{""alternating"": 1, ""cutoff"": 0.0, ""smooth"": 10}",experiments/sleep/gru/seg_focal/seed_0_objective_e20_bs32_eval5/results/scores.csv,seed_0_objective_e20_bs32_eval5,experiments/sleep/gru/seg_focal/seed_0_objective_e20_bs32_eval5,,,,,,,,,,,
sleep,gru,seg_focal,0,120960,10,stat,4,20,32,True,True,cuda,objective_e20_bs32_eval5,3,"['none', 10]",True,True,event-detection-pdf,,P2-gru-objective-sweep-score,,offline,"paper-density-likelihood-rewrite,sleep,P2,score",True,"['seg_focal1', 'seg_focal2']",experiments/sleep/gru/seg_focal/seed_0_objective_e20_bs32_eval5/predictions,tolerance,tuned,seg_focal2,mf1,mf1,360.0,0.8010501430265335,"{""alternating"": 1, ""cutoff"": 0.0, ""smooth"": 10}",experiments/sleep/gru/seg_focal/seed_0_objective_e20_bs32_eval5/results/scores.csv,seed_0_objective_e20_bs32_eval5,experiments/sleep/gru/seg_focal/seed_0_objective_e20_bs32_eval5,,,,,,,,,,,
sleep,gru,seg_weighted,0,120960,10,stat,4,20,32,True,True,cuda,objective_e20_bs32_eval5,3,"['none', 10]",True,True,event-detection-pdf,,P2-gru-objective-sweep-score,,offline,"paper-density-likelihood-rewrite,sleep,P2,score",True,"['seg_weighted1', 'seg_weighted2']",experiments/sleep/gru/seg_weighted/seed_0_objective_e20_bs32_eval5/predictions,summary,default,seg_weighted1,,mAP,,0.4908619736973978,{},experiments/sleep/gru/seg_weighted/seed_0_objective_e20_bs32_eval5/results/scores.csv,seed_0_objective_e20_bs32_eval5,experiments/sleep/gru/seg_weighted/seed_0_objective_e20_bs32_eval5,,,,,,,,,,,
sleep,gru,seg_weighted,0,120960,10,stat,4,20,32,True,True,cuda,objective_e20_bs32_eval5,3,"['none', 10]",True,True,event-detection-pdf,,P2-gru-objective-sweep-score,,offline,"paper-density-likelihood-rewrite,sleep,P2,score",True,"['seg_weighted1', 'seg_weighted2']",experiments/sleep/gru/seg_weighted/seed_0_objective_e20_bs32_eval5/predictions,summary,default,seg_weighted1,,mf1,,0.5869610335537263,{},experiments/sleep/gru/seg_weighted/seed_0_objective_e20_bs32_eval5/results/scores.csv,seed_0_objective_e20_bs32_eval5,experiments/sleep/gru/seg_weighted/seed_0_objective_e20_bs32_eval5,,,,,,,,,,,
sleep,gru,seg_weighted,0,120960,10,stat,4,20,32,True,True,cuda,objective_e20_bs32_eval5,3,"['none', 10]",True,True,event-detection-pdf,,P2-gru-objective-sweep-score,,offline,"paper-density-likelihood-rewrite,sleep,P2,score",True,"['seg_weighted1', 'seg_weighted2']",experiments/sleep/gru/seg_weighted/seed_0_objective_e20_bs32_eval5/predictions,summary,tuned,seg_weighted1,mAP,mAP,,0.5321830313599729,"{""alternating"": 1, ""cutoff"": 0.5, ""smooth"": 10}",experiments/sleep/gru/seg_weighted/seed_0_objective_e20_bs32_eval5/results/scores.csv,seed_0_objective_e20_bs32_eval5,experiments/sleep/gru/seg_weighted/seed_0_objective_e20_bs32_eval5,,,,,,,,,,,
sleep,gru,seg_weighted,0,120960,10,stat,4,20,32,True,True,cuda,objective_e20_bs32_eval5,3,"['none', 10]",True,True,event-detection-pdf,,P2-gru-objective-sweep-score,,offline,"paper-density-likelihood-rewrite,sleep,P2,score",True,"['seg_weighted1', 'seg_weighted2']",experiments/sleep/gru/seg_weighted/seed_0_objective_e20_bs32_eval5/predictions,summary,tuned,seg_weighted1,mAP,mf1,,0.6412252903959674,"{""alternating"": 1, ""cutoff"": 0.5, ""smooth"": 10}",experiments/sleep/gru/seg_weighted/seed_0_objective_e20_bs32_eval5/results/scores.csv,seed_0_objective_e20_bs32_eval5,experiments/sleep/gru/seg_weighted/seed_0_objective_e20_bs32_eval5,,,,,,,,,,,
sleep,gru,seg_weighted,0,120960,10,stat,4,20,32,True,True,cuda,objective_e20_bs32_eval5,3,"['none', 10]",True,True,event-detection-pdf,,P2-gru-objective-sweep-score,,offline,"paper-density-likelihood-rewrite,sleep,P2,score",True,"['seg_weighted1', 'seg_weighted2']",experiments/sleep/gru/seg_weighted/seed_0_objective_e20_bs32_eval5/predictions,tolerance,tuned,seg_weighted1,mAP,mAP,12.0,0.0555832025595049,"{""alternating"": 1, ""cutoff"": 0.5, ""smooth"": 10}",experiments/sleep/gru/seg_weighted/seed_0_objective_e20_bs32_eval5/results/scores.csv,seed_0_objective_e20_bs32_eval5,experiments/sleep/gru/seg_weighted/seed_0_objective_e20_bs32_eval5,,,,,,,,,,,
sleep,gru,seg_weighted,0,120960,10,stat,4,20,32,True,True,cuda,objective_e20_bs32_eval5,3,"['none', 10]",True,True,event-detection-pdf,,P2-gru-objective-sweep-score,,offline,"paper-density-likelihood-rewrite,sleep,P2,score",True,"['seg_weighted1', 'seg_weighted2']",experiments/sleep/gru/seg_weighted/seed_0_objective_e20_bs32_eval5/predictions,tolerance,tuned,seg_weighted1,mAP,mAP,36.0,0.2493547303214612,"{""alternating"": 1, ""cutoff"": 0.5, ""smooth"": 10}",experiments/sleep/gru/seg_weighted/seed_0_objective_e20_bs32_eval5/results/scores.csv,seed_0_objective_e20_bs32_eval5,experiments/sleep/gru/seg_weighted/seed_0_objective_e20_bs32_eval5,,,,,,,,,,,
sleep,gru,seg_weighted,0,120960,10,stat,4,20,32,True,True,cuda,objective_e20_bs32_eval5,3,"['none', 10]",True,True,event-detection-pdf,,P2-gru-objective-sweep-score,,offline,"paper-density-likelihood-rewrite,sleep,P2,score",True,"['seg_weighted1', 'seg_weighted2']",experiments/sleep/gru/seg_weighted/seed_0_objective_e20_bs32_eval5/predictions,tolerance,tuned,seg_weighted1,mAP,mAP,60.0,0.3898749244015245,"{""alternating"": 1, ""cutoff"": 0.5, ""smooth"": 10}",experiments/sleep/gru/seg_weighted/seed_0_objective_e20_bs32_eval5/results/scores.csv,seed_0_objective_e20_bs32_eval5,experiments/sleep/gru/seg_weighted/seed_0_objective_e20_bs32_eval5,,,,,,,,,,,
sleep,gru,seg_weighted,0,120960,10,stat,4,20,32,True,True,cuda,objective_e20_bs32_eval5,3,"['none', 10]",True,True,event-detection-pdf,,P2-gru-objective-sweep-score,,offline,"paper-density-likelihood-rewrite,sleep,P2,score",True,"['seg_weighted1', 'seg_weighted2']",experiments/sleep/gru/seg_weighted/seed_0_objective_e20_bs32_eval5/predictions,tolerance,tuned,seg_weighted1,mAP,mAP,90.0,0.5033881336139535,"{""alternating"": 1, ""cutoff"": 0.5, ""smooth"": 10}",experiments/sleep/gru/seg_weighted/seed_0_objective_e20_bs32_eval5/results/scores.csv,seed_0_objective_e20_bs32_eval5,experiments/sleep/gru/seg_weighted/seed_0_objective_e20_bs32_eval5,,,,,,,,,,,
sleep,gru,seg_weighted,0,120960,10,stat,4,20,32,True,True,cuda,objective_e20_bs32_eval5,3,"['none', 10]",True,True,event-detection-pdf,,P2-gru-objective-sweep-score,,offline,"paper-density-likelihood-rewrite,sleep,P2,score",True,"['seg_weighted1', 'seg_weighted2']",experiments/sleep/gru/seg_weighted/seed_0_objective_e20_bs32_eval5/predictions,tolerance,tuned,seg_weighted1,mAP,mAP,120.0,0.5774622165588115,"{""alternating"": 1, ""cutoff"": 0.5, ""smooth"": 10}",experiments/sleep/gru/seg_weighted/seed_0_objective_e20_bs32_eval5/results/scores.csv,seed_0_objective_e20_bs32_eval5,experiments/sleep/gru/seg_weighted/seed_0_objective_e20_bs32_eval5,,,,,,,,,,,
sleep,gru,seg_weighted,0,120960,10,stat,4,20,32,True,True,cuda,objective_e20_bs32_eval5,3,"['none', 10]",True,True,event-detection-pdf,,P2-gru-objective-sweep-score,,offline,"paper-density-likelihood-rewrite,sleep,P2,score",True,"['seg_weighted1', 'seg_weighted2']",experiments/sleep/gru/seg_weighted/seed_0_objective_e20_bs32_eval5/predictions,tolerance,tuned,seg_weighted1,mAP,mAP,150.0,0.63274387057718,"{""alternating"": 1, ""cutoff"": 0.5, ""smooth"": 10}",experiments/sleep/gru/seg_weighted/seed_0_objective_e20_bs32_eval5/results/scores.csv,seed_0_objective_e20_bs32_eval5,experiments/sleep/gru/seg_weighted/seed_0_objective_e20_bs32_eval5,,,,,,,,,,,
sleep,gru,seg_weighted,0,120960,10,stat,4,20,32,True,True,cuda,objective_e20_bs32_eval5,3,"['none', 10]",True,True,event-detection-pdf,,P2-gru-objective-sweep-score,,offline,"paper-density-likelihood-rewrite,sleep,P2,score",True,"['seg_weighted1', 'seg_weighted2']",experiments/sleep/gru/seg_weighted/seed_0_objective_e20_bs32_eval5/predictions,tolerance,tuned,seg_weighted1,mAP,mAP,180.0,0.6707023953710514,"{""alternating"": 1, ""cutoff"": 0.5, ""smooth"": 10}",experiments/sleep/gru/seg_weighted/seed_0_objective_e20_bs32_eval5/results/scores.csv,seed_0_objective_e20_bs32_eval5,experiments/sleep/gru/seg_weighted/seed_0_objective_e20_bs32_eval5,,,,,,,,,,,
sleep,gru,seg_weighted,0,120960,10,stat,4,20,32,True,True,cuda,objective_e20_bs32_eval5,3,"['none', 10]",True,True,event-detection-pdf,,P2-gru-objective-sweep-score,,offline,"paper-density-likelihood-rewrite,sleep,P2,score",True,"['seg_weighted1', 'seg_weighted2']",experiments/sleep/gru/seg_weighted/seed_0_objective_e20_bs32_eval5/predictions,tolerance,tuned,seg_weighted1,mAP,mAP,240.0,0.7194639464018113,"{""alternating"": 1, ""cutoff"": 0.5, ""smooth"": 10}",experiments/sleep/gru/seg_weighted/seed_0_objective_e20_bs32_eval5/results/scores.csv,seed_0_objective_e20_bs32_eval5,experiments/sleep/gru/seg_weighted/seed_0_objective_e20_bs32_eval5,,,,,,,,,,,
sleep,gru,seg_weighted,0,120960,10,stat,4,20,32,True,True,cuda,objective_e20_bs32_eval5,3,"['none', 10]",True,True,event-detection-pdf,,P2-gru-objective-sweep-score,,offline,"paper-density-likelihood-rewrite,sleep,P2,score",True,"['seg_weighted1', 'seg_weighted2']",experiments/sleep/gru/seg_weighted/seed_0_objective_e20_bs32_eval5/predictions,tolerance,tuned,seg_weighted1,mAP,mAP,300.0,0.750198094620993,"{""alternating"": 1, ""cutoff"": 0.5, ""smooth"": 10}",experiments/sleep/gru/seg_weighted/seed_0_objective_e20_bs32_eval5/results/scores.csv,seed_0_objective_e20_bs32_eval5,experiments/sleep/gru/seg_weighted/seed_0_objective_e20_bs32_eval5,,,,,,,,,,,
sleep,gru,seg_weighted,0,120960,10,stat,4,20,32,True,True,cuda,objective_e20_bs32_eval5,3,"['none', 10]",True,True,event-detection-pdf,,P2-gru-objective-sweep-score,,offline,"paper-density-likelihood-rewrite,sleep,P2,score",True,"['seg_weighted1', 'seg_weighted2']",experiments/sleep/gru/seg_weighted/seed_0_objective_e20_bs32_eval5/predictions,tolerance,tuned,seg_weighted1,mAP,mAP,360.0,0.7730587991734379,"{""alternating"": 1, ""cutoff"": 0.5, ""smooth"": 10}",experiments/sleep/gru/seg_weighted/seed_0_objective_e20_bs32_eval5/results/scores.csv,seed_0_objective_e20_bs32_eval5,experiments/sleep/gru/seg_weighted/seed_0_objective_e20_bs32_eval5,,,,,,,,,,,
sleep,gru,seg_weighted,0,120960,10,stat,4,20,32,True,True,cuda,objective_e20_bs32_eval5,3,"['none', 10]",True,True,event-detection-pdf,,P2-gru-objective-sweep-score,,offline,"paper-density-likelihood-rewrite,sleep,P2,score",True,"['seg_weighted1', 'seg_weighted2']",experiments/sleep/gru/seg_weighted/seed_0_objective_e20_bs32_eval5/predictions,summary,tuned,seg_weighted1,mf1,mAP,,0.5321830313599729,"{""alternating"": 1, ""cutoff"": 0.5, ""smooth"": 10}",experiments/sleep/gru/seg_weighted/seed_0_objective_e20_bs32_eval5/results/scores.csv,seed_0_objective_e20_bs32_eval5,experiments/sleep/gru/seg_weighted/seed_0_objective_e20_bs32_eval5,,,,,,,,,,,
sleep,gru,seg_weighted,0,120960,10,stat,4,20,32,True,True,cuda,objective_e20_bs32_eval5,3,"['none', 10]",True,True,event-detection-pdf,,P2-gru-objective-sweep-score,,offline,"paper-density-likelihood-rewrite,sleep,P2,score",True,"['seg_weighted1', 'seg_weighted2']",experiments/sleep/gru/seg_weighted/seed_0_objective_e20_bs32_eval5/predictions,summary,tuned,seg_weighted1,mf1,mf1,,0.6412252903959674,"{""alternating"": 1, ""cutoff"": 0.5, ""smooth"": 10}",experiments/sleep/gru/seg_weighted/seed_0_objective_e20_bs32_eval5/results/scores.csv,seed_0_objective_e20_bs32_eval5,experiments/sleep/gru/seg_weighted/seed_0_objective_e20_bs32_eval5,,,,,,,,,,,
sleep,gru,seg_weighted,0,120960,10,stat,4,20,32,True,True,cuda,objective_e20_bs32_eval5,3,"['none', 10]",True,True,event-detection-pdf,,P2-gru-objective-sweep-score,,offline,"paper-density-likelihood-rewrite,sleep,P2,score",True,"['seg_weighted1', 'seg_weighted2']",experiments/sleep/gru/seg_weighted/seed_0_objective_e20_bs32_eval5/predictions,tolerance,tuned,seg_weighted1,mf1,mf1,12.0,0.1955675036022774,"{""alternating"": 1, ""cutoff"": 0.5, ""smooth"": 10}",experiments/sleep/gru/seg_weighted/seed_0_objective_e20_bs32_eval5/results/scores.csv,seed_0_objective_e20_bs32_eval5,experiments/sleep/gru/seg_weighted/seed_0_objective_e20_bs32_eval5,,,,,,,,,,,
sleep,gru,seg_weighted,0,120960,10,stat,4,20,32,True,True,cuda,objective_e20_bs32_eval5,3,"['none', 10]",True,True,event-detection-pdf,,P2-gru-objective-sweep-score,,offline,"paper-density-likelihood-rewrite,sleep,P2,score",True,"['seg_weighted1', 'seg_weighted2']",experiments/sleep/gru/seg_weighted/seed_0_objective_e20_bs32_eval5/predictions,tolerance,tuned,seg_weighted1,mf1,mf1,36.0,0.4378644109738093,"{""alternating"": 1, ""cutoff"": 0.5, ""smooth"": 10}",experiments/sleep/gru/seg_weighted/seed_0_objective_e20_bs32_eval5/results/scores.csv,seed_0_objective_e20_bs32_eval5,experiments/sleep/gru/seg_weighted/seed_0_objective_e20_bs32_eval5,,,,,,,,,,,
sleep,gru,seg_weighted,0,120960,10,stat,4,20,32,True,True,cuda,objective_e20_bs32_eval5,3,"['none', 10]",True,True,event-detection-pdf,,P2-gru-objective-sweep-score,,offline,"paper-density-likelihood-rewrite,sleep,P2,score",True,"['seg_weighted1', 'seg_weighted2']",experiments/sleep/gru/seg_weighted/seed_0_objective_e20_bs32_eval5/predictions,tolerance,tuned,seg_weighted1,mf1,mf1,60.0,0.5591523129734939,"{""alternating"": 1, ""cutoff"": 0.5, ""smooth"": 10}",experiments/sleep/gru/seg_weighted/seed_0_objective_e20_bs32_eval5/results/scores.csv,seed_0_objective_e20_bs32_eval5,experiments/sleep/gru/seg_weighted/seed_0_objective_e20_bs32_eval5,,,,,,,,,,,
sleep,gru,seg_weighted,0,120960,10,stat,4,20,32,True,True,cuda,objective_e20_bs32_eval5,3,"['none', 10]",True,True,event-detection-pdf,,P2-gru-objective-sweep-score,,offline,"paper-density-likelihood-rewrite,sleep,P2,score",True,"['seg_weighted1', 'seg_weighted2']",experiments/sleep/gru/seg_weighted/seed_0_objective_e20_bs32_eval5/predictions,tolerance,tuned,seg_weighted1,mf1,mf1,90.0,0.6414059881390123,"{""alternating"": 1, ""cutoff"": 0.5, ""smooth"": 10}",experiments/sleep/gru/seg_weighted/seed_0_objective_e20_bs32_eval5/results/scores.csv,seed_0_objective_e20_bs32_eval5,experiments/sleep/gru/seg_weighted/seed_0_objective_e20_bs32_eval5,,,,,,,,,,,
sleep,gru,seg_weighted,0,120960,10,stat,4,20,32,True,True,cuda,objective_e20_bs32_eval5,3,"['none', 10]",True,True,event-detection-pdf,,P2-gru-objective-sweep-score,,offline,"paper-density-likelihood-rewrite,sleep,P2,score",True,"['seg_weighted1', 'seg_weighted2']",experiments/sleep/gru/seg_weighted/seed_0_objective_e20_bs32_eval5/predictions,tolerance,tuned,seg_weighted1,mf1,mf1,120.0,0.6915897339601011,"{""alternating"": 1, ""cutoff"": 0.5, ""smooth"": 10}",experiments/sleep/gru/seg_weighted/seed_0_objective_e20_bs32_eval5/results/scores.csv,seed_0_objective_e20_bs32_eval5,experiments/sleep/gru/seg_weighted/seed_0_objective_e20_bs32_eval5,,,,,,,,,,,
sleep,gru,seg_weighted,0,120960,10,stat,4,20,32,True,True,cuda,objective_e20_bs32_eval5,3,"['none', 10]",True,True,event-detection-pdf,,P2-gru-objective-sweep-score,,offline,"paper-density-likelihood-rewrite,sleep,P2,score",True,"['seg_weighted1', 'seg_weighted2']",experiments/sleep/gru/seg_weighted/seed_0_objective_e20_bs32_eval5/predictions,tolerance,tuned,seg_weighted1,mf1,mf1,150.0,0.727412733317951,"{""alternating"": 1, ""cutoff"": 0.5, ""smooth"": 10}",experiments/sleep/gru/seg_weighted/seed_0_objective_e20_bs32_eval5/results/scores.csv,seed_0_objective_e20_bs32_eval5,experiments/sleep/gru/seg_weighted/seed_0_objective_e20_bs32_eval5,,,,,,,,,,,
sleep,gru,seg_weighted,0,120960,10,stat,4,20,32,True,True,cuda,objective_e20_bs32_eval5,3,"['none', 10]",True,True,event-detection-pdf,,P2-gru-objective-sweep-score,,offline,"paper-density-likelihood-rewrite,sleep,P2,score",True,"['seg_weighted1', 'seg_weighted2']",experiments/sleep/gru/seg_weighted/seed_0_objective_e20_bs32_eval5/predictions,tolerance,tuned,seg_weighted1,mf1,mf1,180.0,0.7521559884073247,"{""alternating"": 1, ""cutoff"": 0.5, ""smooth"": 10}",experiments/sleep/gru/seg_weighted/seed_0_objective_e20_bs32_eval5/results/scores.csv,seed_0_objective_e20_bs32_eval5,experiments/sleep/gru/seg_weighted/seed_0_objective_e20_bs32_eval5,,,,,,,,,,,
sleep,gru,seg_weighted,0,120960,10,stat,4,20,32,True,True,cuda,objective_e20_bs32_eval5,3,"['none', 10]",True,True,event-detection-pdf,,P2-gru-objective-sweep-score,,offline,"paper-density-likelihood-rewrite,sleep,P2,score",True,"['seg_weighted1', 'seg_weighted2']",experiments/sleep/gru/seg_weighted/seed_0_objective_e20_bs32_eval5/predictions,tolerance,tuned,seg_weighted1,mf1,mf1,240.0,0.7842183884983936,"{""alternating"": 1, ""cutoff"": 0.5, ""smooth"": 10}",experiments/sleep/gru/seg_weighted/seed_0_objective_e20_bs32_eval5/results/scores.csv,seed_0_objective_e20_bs32_eval5,experiments/sleep/gru/seg_weighted/seed_0_objective_e20_bs32_eval5,,,,,,,,,,,
sleep,gru,seg_weighted,0,120960,10,stat,4,20,32,True,True,cuda,objective_e20_bs32_eval5,3,"['none', 10]",True,True,event-detection-pdf,,P2-gru-objective-sweep-score,,offline,"paper-density-likelihood-rewrite,sleep,P2,score",True,"['seg_weighted1', 'seg_weighted2']",experiments/sleep/gru/seg_weighted/seed_0_objective_e20_bs32_eval5/predictions,tolerance,tuned,seg_weighted1,mf1,mf1,300.0,0.804377906531991,"{""alternating"": 1, ""cutoff"": 0.5, ""smooth"": 10}",experiments/sleep/gru/seg_weighted/seed_0_objective_e20_bs32_eval5/results/scores.csv,seed_0_objective_e20_bs32_eval5,experiments/sleep/gru/seg_weighted/seed_0_objective_e20_bs32_eval5,,,,,,,,,,,
sleep,gru,seg_weighted,0,120960,10,stat,4,20,32,True,True,cuda,objective_e20_bs32_eval5,3,"['none', 10]",True,True,event-detection-pdf,,P2-gru-objective-sweep-score,,offline,"paper-density-likelihood-rewrite,sleep,P2,score",True,"['seg_weighted1', 'seg_weighted2']",experiments/sleep/gru/seg_weighted/seed_0_objective_e20_bs32_eval5/predictions,tolerance,tuned,seg_weighted1,mf1,mf1,360.0,0.8185079375553198,"{""alternating"": 1, ""cutoff"": 0.5, ""smooth"": 10}",experiments/sleep/gru/seg_weighted/seed_0_objective_e20_bs32_eval5/results/scores.csv,seed_0_objective_e20_bs32_eval5,experiments/sleep/gru/seg_weighted/seed_0_objective_e20_bs32_eval5,,,,,,,,,,,
sleep,gru,seg_weighted,0,120960,10,stat,4,20,32,True,True,cuda,objective_e20_bs32_eval5,3,"['none', 10]",True,True,event-detection-pdf,,P2-gru-objective-sweep-score,,offline,"paper-density-likelihood-rewrite,sleep,P2,score",True,"['seg_weighted1', 'seg_weighted2']",experiments/sleep/gru/seg_weighted/seed_0_objective_e20_bs32_eval5/predictions,summary,default,seg_weighted2,,mAP,,0.5095489083455744,{},experiments/sleep/gru/seg_weighted/seed_0_objective_e20_bs32_eval5/results/scores.csv,seed_0_objective_e20_bs32_eval5,experiments/sleep/gru/seg_weighted/seed_0_objective_e20_bs32_eval5,,,,,,,,,,,
sleep,gru,seg_weighted,0,120960,10,stat,4,20,32,True,True,cuda,objective_e20_bs32_eval5,3,"['none', 10]",True,True,event-detection-pdf,,P2-gru-objective-sweep-score,,offline,"paper-density-likelihood-rewrite,sleep,P2,score",True,"['seg_weighted1', 'seg_weighted2']",experiments/sleep/gru/seg_weighted/seed_0_objective_e20_bs32_eval5/predictions,summary,default,seg_weighted2,,mf1,,0.6433848974709501,{},experiments/sleep/gru/seg_weighted/seed_0_objective_e20_bs32_eval5/results/scores.csv,seed_0_objective_e20_bs32_eval5,experiments/sleep/gru/seg_weighted/seed_0_objective_e20_bs32_eval5,,,,,,,,,,,
sleep,gru,seg_weighted,0,120960,10,stat,4,20,32,True,True,cuda,objective_e20_bs32_eval5,3,"['none', 10]",True,True,event-detection-pdf,,P2-gru-objective-sweep-score,,offline,"paper-density-likelihood-rewrite,sleep,P2,score",True,"['seg_weighted1', 'seg_weighted2']",experiments/sleep/gru/seg_weighted/seed_0_objective_e20_bs32_eval5/predictions,summary,tuned,seg_weighted2,mAP,mAP,,0.551820626356865,"{""alternating"": 0, ""cutoff"": 0.0, ""smooth"": null}",experiments/sleep/gru/seg_weighted/seed_0_objective_e20_bs32_eval5/results/scores.csv,seed_0_objective_e20_bs32_eval5,experiments/sleep/gru/seg_weighted/seed_0_objective_e20_bs32_eval5,,,,,,,,,,,
sleep,gru,seg_weighted,0,120960,10,stat,4,20,32,True,True,cuda,objective_e20_bs32_eval5,3,"['none', 10]",True,True,event-detection-pdf,,P2-gru-objective-sweep-score,,offline,"paper-density-likelihood-rewrite,sleep,P2,score",True,"['seg_weighted1', 'seg_weighted2']",experiments/sleep/gru/seg_weighted/seed_0_objective_e20_bs32_eval5/predictions,summary,tuned,seg_weighted2,mAP,mf1,,0.6434071580078717,"{""alternating"": 0, ""cutoff"": 0.0, ""smooth"": null}",experiments/sleep/gru/seg_weighted/seed_0_objective_e20_bs32_eval5/results/scores.csv,seed_0_objective_e20_bs32_eval5,experiments/sleep/gru/seg_weighted/seed_0_objective_e20_bs32_eval5,,,,,,,,,,,
sleep,gru,seg_weighted,0,120960,10,stat,4,20,32,True,True,cuda,objective_e20_bs32_eval5,3,"['none', 10]",True,True,event-detection-pdf,,P2-gru-objective-sweep-score,,offline,"paper-density-likelihood-rewrite,sleep,P2,score",True,"['seg_weighted1', 'seg_weighted2']",experiments/sleep/gru/seg_weighted/seed_0_objective_e20_bs32_eval5/predictions,tolerance,tuned,seg_weighted2,mAP,mAP,12.0,0.052767514408881,"{""alternating"": 0, ""cutoff"": 0.0, ""smooth"": null}",experiments/sleep/gru/seg_weighted/seed_0_objective_e20_bs32_eval5/results/scores.csv,seed_0_objective_e20_bs32_eval5,experiments/sleep/gru/seg_weighted/seed_0_objective_e20_bs32_eval5,,,,,,,,,,,
sleep,gru,seg_weighted,0,120960,10,stat,4,20,32,True,True,cuda,objective_e20_bs32_eval5,3,"['none', 10]",True,True,event-detection-pdf,,P2-gru-objective-sweep-score,,offline,"paper-density-likelihood-rewrite,sleep,P2,score",True,"['seg_weighted1', 'seg_weighted2']",experiments/sleep/gru/seg_weighted/seed_0_objective_e20_bs32_eval5/predictions,tolerance,tuned,seg_weighted2,mAP,mAP,36.0,0.2498346932625323,"{""alternating"": 0, ""cutoff"": 0.0, ""smooth"": null}",experiments/sleep/gru/seg_weighted/seed_0_objective_e20_bs32_eval5/results/scores.csv,seed_0_objective_e20_bs32_eval5,experiments/sleep/gru/seg_weighted/seed_0_objective_e20_bs32_eval5,,,,,,,,,,,
sleep,gru,seg_weighted,0,120960,10,stat,4,20,32,True,True,cuda,objective_e20_bs32_eval5,3,"['none', 10]",True,True,event-detection-pdf,,P2-gru-objective-sweep-score,,offline,"paper-density-likelihood-rewrite,sleep,P2,score",True,"['seg_weighted1', 'seg_weighted2']",experiments/sleep/gru/seg_weighted/seed_0_objective_e20_bs32_eval5/predictions,tolerance,tuned,seg_weighted2,mAP,mAP,60.0,0.4018791435254511,"{""alternating"": 0, ""cutoff"": 0.0, ""smooth"": null}",experiments/sleep/gru/seg_weighted/seed_0_objective_e20_bs32_eval5/results/scores.csv,seed_0_objective_e20_bs32_eval5,experiments/sleep/gru/seg_weighted/seed_0_objective_e20_bs32_eval5,,,,,,,,,,,
sleep,gru,seg_weighted,0,120960,10,stat,4,20,32,True,True,cuda,objective_e20_bs32_eval5,3,"['none', 10]",True,True,event-detection-pdf,,P2-gru-objective-sweep-score,,offline,"paper-density-likelihood-rewrite,sleep,P2,score",True,"['seg_weighted1', 'seg_weighted2']",experiments/sleep/gru/seg_weighted/seed_0_objective_e20_bs32_eval5/predictions,tolerance,tuned,seg_weighted2,mAP,mAP,90.0,0.5173209002285452,"{""alternating"": 0, ""cutoff"": 0.0, ""smooth"": null}",experiments/sleep/gru/seg_weighted/seed_0_objective_e20_bs32_eval5/results/scores.csv,seed_0_objective_e20_bs32_eval5,experiments/sleep/gru/seg_weighted/seed_0_objective_e20_bs32_eval5,,,,,,,,,,,
sleep,gru,seg_weighted,0,120960,10,stat,4,20,32,True,True,cuda,objective_e20_bs32_eval5,3,"['none', 10]",True,True,event-detection-pdf,,P2-gru-objective-sweep-score,,offline,"paper-density-likelihood-rewrite,sleep,P2,score",True,"['seg_weighted1', 'seg_weighted2']",experiments/sleep/gru/seg_weighted/seed_0_objective_e20_bs32_eval5/predictions,tolerance,tuned,seg_weighted2,mAP,mAP,120.0,0.5970651307062947,"{""alternating"": 0, ""cutoff"": 0.0, ""smooth"": null}",experiments/sleep/gru/seg_weighted/seed_0_objective_e20_bs32_eval5/results/scores.csv,seed_0_objective_e20_bs32_eval5,experiments/sleep/gru/seg_weighted/seed_0_objective_e20_bs32_eval5,,,,,,,,,,,
sleep,gru,seg_weighted,0,120960,10,stat,4,20,32,True,True,cuda,objective_e20_bs32_eval5,3,"['none', 10]",True,True,event-detection-pdf,,P2-gru-objective-sweep-score,,offline,"paper-density-likelihood-rewrite,sleep,P2,score",True,"['seg_weighted1', 'seg_weighted2']",experiments/sleep/gru/seg_weighted/seed_0_objective_e20_bs32_eval5/predictions,tolerance,tuned,seg_weighted2,mAP,mAP,150.0,0.6556921148798409,"{""alternating"": 0, ""cutoff"": 0.0, ""smooth"": null}",experiments/sleep/gru/seg_weighted/seed_0_objective_e20_bs32_eval5/results/scores.csv,seed_0_objective_e20_bs32_eval5,experiments/sleep/gru/seg_weighted/seed_0_objective_e20_bs32_eval5,,,,,,,,,,,
sleep,gru,seg_weighted,0,120960,10,stat,4,20,32,True,True,cuda,objective_e20_bs32_eval5,3,"['none', 10]",True,True,event-detection-pdf,,P2-gru-objective-sweep-score,,offline,"paper-density-likelihood-rewrite,sleep,P2,score",True,"['seg_weighted1', 'seg_weighted2']",experiments/sleep/gru/seg_weighted/seed_0_objective_e20_bs32_eval5/predictions,tolerance,tuned,seg_weighted2,mAP,mAP,180.0,0.6953238767918413,"{""alternating"": 0, ""cutoff"": 0.0, ""smooth"": null}",experiments/sleep/gru/seg_weighted/seed_0_objective_e20_bs32_eval5/results/scores.csv,seed_0_objective_e20_bs32_eval5,experiments/sleep/gru/seg_weighted/seed_0_objective_e20_bs32_eval5,,,,,,,,,,,
sleep,gru,seg_weighted,0,120960,10,stat,4,20,32,True,True,cuda,objective_e20_bs32_eval5,3,"['none', 10]",True,True,event-detection-pdf,,P2-gru-objective-sweep-score,,offline,"paper-density-likelihood-rewrite,sleep,P2,score",True,"['seg_weighted1', 'seg_weighted2']",experiments/sleep/gru/seg_weighted/seed_0_objective_e20_bs32_eval5/predictions,tolerance,tuned,seg_weighted2,mAP,mAP,240.0,0.7513956971552833,"{""alternating"": 0, ""cutoff"": 0.0, ""smooth"": null}",experiments/sleep/gru/seg_weighted/seed_0_objective_e20_bs32_eval5/results/scores.csv,seed_0_objective_e20_bs32_eval5,experiments/sleep/gru/seg_weighted/seed_0_objective_e20_bs32_eval5,,,,,,,,,,,
sleep,gru,seg_weighted,0,120960,10,stat,4,20,32,True,True,cuda,objective_e20_bs32_eval5,3,"['none', 10]",True,True,event-detection-pdf,,P2-gru-objective-sweep-score,,offline,"paper-density-likelihood-rewrite,sleep,P2,score",True,"['seg_weighted1', 'seg_weighted2']",experiments/sleep/gru/seg_weighted/seed_0_objective_e20_bs32_eval5/predictions,tolerance,tuned,seg_weighted2,mAP,mAP,300.0,0.7868587821526847,"{""alternating"": 0, ""cutoff"": 0.0, ""smooth"": null}",experiments/sleep/gru/seg_weighted/seed_0_objective_e20_bs32_eval5/results/scores.csv,seed_0_objective_e20_bs32_eval5,experiments/sleep/gru/seg_weighted/seed_0_objective_e20_bs32_eval5,,,,,,,,,,,
sleep,gru,seg_weighted,0,120960,10,stat,4,20,32,True,True,cuda,objective_e20_bs32_eval5,3,"['none', 10]",True,True,event-detection-pdf,,P2-gru-objective-sweep-score,,offline,"paper-density-likelihood-rewrite,sleep,P2,score",True,"['seg_weighted1', 'seg_weighted2']",experiments/sleep/gru/seg_weighted/seed_0_objective_e20_bs32_eval5/predictions,tolerance,tuned,seg_weighted2,mAP,mAP,360.0,0.8100684104572953,"{""alternating"": 0, ""cutoff"": 0.0, ""smooth"": null}",experiments/sleep/gru/seg_weighted/seed_0_objective_e20_bs32_eval5/results/scores.csv,seed_0_objective_e20_bs32_eval5,experiments/sleep/gru/seg_weighted/seed_0_objective_e20_bs32_eval5,,,,,,,,,,,
sleep,gru,seg_weighted,0,120960,10,stat,4,20,32,True,True,cuda,objective_e20_bs32_eval5,3,"['none', 10]",True,True,event-detection-pdf,,P2-gru-objective-sweep-score,,offline,"paper-density-likelihood-rewrite,sleep,P2,score",True,"['seg_weighted1', 'seg_weighted2']",experiments/sleep/gru/seg_weighted/seed_0_objective_e20_bs32_eval5/predictions,summary,tuned,seg_weighted2,mf1,mAP,,0.5408640396850101,"{""alternating"": 1, ""cutoff"": 0.0, ""smooth"": 10}",experiments/sleep/gru/seg_weighted/seed_0_objective_e20_bs32_eval5/results/scores.csv,seed_0_objective_e20_bs32_eval5,experiments/sleep/gru/seg_weighted/seed_0_objective_e20_bs32_eval5,,,,,,,,,,,
sleep,gru,seg_weighted,0,120960,10,stat,4,20,32,True,True,cuda,objective_e20_bs32_eval5,3,"['none', 10]",True,True,event-detection-pdf,,P2-gru-objective-sweep-score,,offline,"paper-density-likelihood-rewrite,sleep,P2,score",True,"['seg_weighted1', 'seg_weighted2']",experiments/sleep/gru/seg_weighted/seed_0_objective_e20_bs32_eval5/predictions,summary,tuned,seg_weighted2,mf1,mf1,,0.6444044475116015,"{""alternating"": 1, ""cutoff"": 0.0, ""smooth"": 10}",experiments/sleep/gru/seg_weighted/seed_0_objective_e20_bs32_eval5/results/scores.csv,seed_0_objective_e20_bs32_eval5,experiments/sleep/gru/seg_weighted/seed_0_objective_e20_bs32_eval5,,,,,,,,,,,
sleep,gru,seg_weighted,0,120960,10,stat,4,20,32,True,True,cuda,objective_e20_bs32_eval5,3,"['none', 10]",True,True,event-detection-pdf,,P2-gru-objective-sweep-score,,offline,"paper-density-likelihood-rewrite,sleep,P2,score",True,"['seg_weighted1', 'seg_weighted2']",experiments/sleep/gru/seg_weighted/seed_0_objective_e20_bs32_eval5/predictions,tolerance,tuned,seg_weighted2,mf1,mf1,12.0,0.1928539776757795,"{""alternating"": 1, ""cutoff"": 0.0, ""smooth"": 10}",experiments/sleep/gru/seg_weighted/seed_0_objective_e20_bs32_eval5/results/scores.csv,seed_0_objective_e20_bs32_eval5,experiments/sleep/gru/seg_weighted/seed_0_objective_e20_bs32_eval5,,,,,,,,,,,
sleep,gru,seg_weighted,0,120960,10,stat,4,20,32,True,True,cuda,objective_e20_bs32_eval5,3,"['none', 10]",True,True,event-detection-pdf,,P2-gru-objective-sweep-score,,offline,"paper-density-likelihood-rewrite,sleep,P2,score",True,"['seg_weighted1', 'seg_weighted2']",experiments/sleep/gru/seg_weighted/seed_0_objective_e20_bs32_eval5/predictions,tolerance,tuned,seg_weighted2,mf1,mf1,36.0,0.430853444147338,"{""alternating"": 1, ""cutoff"": 0.0, ""smooth"": 10}",experiments/sleep/gru/seg_weighted/seed_0_objective_e20_bs32_eval5/results/scores.csv,seed_0_objective_e20_bs32_eval5,experiments/sleep/gru/seg_weighted/seed_0_objective_e20_bs32_eval5,,,,,,,,,,,
sleep,gru,seg_weighted,0,120960,10,stat,4,20,32,True,True,cuda,objective_e20_bs32_eval5,3,"['none', 10]",True,True,event-detection-pdf,,P2-gru-objective-sweep-score,,offline,"paper-density-likelihood-rewrite,sleep,P2,score",True,"['seg_weighted1', 'seg_weighted2']",experiments/sleep/gru/seg_weighted/seed_0_objective_e20_bs32_eval5/predictions,tolerance,tuned,seg_weighted2,mf1,mf1,60.0,0.5572178505963237,"{""alternating"": 1, ""cutoff"": 0.0, ""smooth"": 10}",experiments/sleep/gru/seg_weighted/seed_0_objective_e20_bs32_eval5/results/scores.csv,seed_0_objective_e20_bs32_eval5,experiments/sleep/gru/seg_weighted/seed_0_objective_e20_bs32_eval5,,,,,,,,,,,
sleep,gru,seg_weighted,0,120960,10,stat,4,20,32,True,True,cuda,objective_e20_bs32_eval5,3,"['none', 10]",True,True,event-detection-pdf,,P2-gru-objective-sweep-score,,offline,"paper-density-likelihood-rewrite,sleep,P2,score",True,"['seg_weighted1', 'seg_weighted2']",experiments/sleep/gru/seg_weighted/seed_0_objective_e20_bs32_eval5/predictions,tolerance,tuned,seg_weighted2,mf1,mf1,90.0,0.6418799265793389,"{""alternating"": 1, ""cutoff"": 0.0, ""smooth"": 10}",experiments/sleep/gru/seg_weighted/seed_0_objective_e20_bs32_eval5/results/scores.csv,seed_0_objective_e20_bs32_eval5,experiments/sleep/gru/seg_weighted/seed_0_objective_e20_bs32_eval5,,,,,,,,,,,
sleep,gru,seg_weighted,0,120960,10,stat,4,20,32,True,True,cuda,objective_e20_bs32_eval5,3,"['none', 10]",True,True,event-detection-pdf,,P2-gru-objective-sweep-score,,offline,"paper-density-likelihood-rewrite,sleep,P2,score",True,"['seg_weighted1', 'seg_weighted2']",experiments/sleep/gru/seg_weighted/seed_0_objective_e20_bs32_eval5/predictions,tolerance,tuned,seg_weighted2,mf1,mf1,120.0,0.69480759283386,"{""alternating"": 1, ""cutoff"": 0.0, ""smooth"": 10}",experiments/sleep/gru/seg_weighted/seed_0_objective_e20_bs32_eval5/results/scores.csv,seed_0_objective_e20_bs32_eval5,experiments/sleep/gru/seg_weighted/seed_0_objective_e20_bs32_eval5,,,,,,,,,,,
sleep,gru,seg_weighted,0,120960,10,stat,4,20,32,True,True,cuda,objective_e20_bs32_eval5,3,"['none', 10]",True,True,event-detection-pdf,,P2-gru-objective-sweep-score,,offline,"paper-density-likelihood-rewrite,sleep,P2,score",True,"['seg_weighted1', 'seg_weighted2']",experiments/sleep/gru/seg_weighted/seed_0_objective_e20_bs32_eval5/predictions,tolerance,tuned,seg_weighted2,mf1,mf1,150.0,0.7314611296939044,"{""alternating"": 1, ""cutoff"": 0.0, ""smooth"": 10}",experiments/sleep/gru/seg_weighted/seed_0_objective_e20_bs32_eval5/results/scores.csv,seed_0_objective_e20_bs32_eval5,experiments/sleep/gru/seg_weighted/seed_0_objective_e20_bs32_eval5,,,,,,,,,,,
sleep,gru,seg_weighted,0,120960,10,stat,4,20,32,True,True,cuda,objective_e20_bs32_eval5,3,"['none', 10]",True,True,event-detection-pdf,,P2-gru-objective-sweep-score,,offline,"paper-density-likelihood-rewrite,sleep,P2,score",True,"['seg_weighted1', 'seg_weighted2']",experiments/sleep/gru/seg_weighted/seed_0_objective_e20_bs32_eval5/predictions,tolerance,tuned,seg_weighted2,mf1,mf1,180.0,0.7578777318882196,"{""alternating"": 1, ""cutoff"": 0.0, ""smooth"": 10}",experiments/sleep/gru/seg_weighted/seed_0_objective_e20_bs32_eval5/results/scores.csv,seed_0_objective_e20_bs32_eval5,experiments/sleep/gru/seg_weighted/seed_0_objective_e20_bs32_eval5,,,,,,,,,,,
sleep,gru,seg_weighted,0,120960,10,stat,4,20,32,True,True,cuda,objective_e20_bs32_eval5,3,"['none', 10]",True,True,event-detection-pdf,,P2-gru-objective-sweep-score,,offline,"paper-density-likelihood-rewrite,sleep,P2,score",True,"['seg_weighted1', 'seg_weighted2']",experiments/sleep/gru/seg_weighted/seed_0_objective_e20_bs32_eval5/predictions,tolerance,tuned,seg_weighted2,mf1,mf1,240.0,0.7924117453177073,"{""alternating"": 1, ""cutoff"": 0.0, ""smooth"": 10}",experiments/sleep/gru/seg_weighted/seed_0_objective_e20_bs32_eval5/results/scores.csv,seed_0_objective_e20_bs32_eval5,experiments/sleep/gru/seg_weighted/seed_0_objective_e20_bs32_eval5,,,,,,,,,,,
sleep,gru,seg_weighted,0,120960,10,stat,4,20,32,True,True,cuda,objective_e20_bs32_eval5,3,"['none', 10]",True,True,event-detection-pdf,,P2-gru-objective-sweep-score,,offline,"paper-density-likelihood-rewrite,sleep,P2,score",True,"['seg_weighted1', 'seg_weighted2']",experiments/sleep/gru/seg_weighted/seed_0_objective_e20_bs32_eval5/predictions,tolerance,tuned,seg_weighted2,mf1,mf1,300.0,0.8149184482615413,"{""alternating"": 1, ""cutoff"": 0.0, ""smooth"": 10}",experiments/sleep/gru/seg_weighted/seed_0_objective_e20_bs32_eval5/results/scores.csv,seed_0_objective_e20_bs32_eval5,experiments/sleep/gru/seg_weighted/seed_0_objective_e20_bs32_eval5,,,,,,,,,,,
sleep,gru,seg_weighted,0,120960,10,stat,4,20,32,True,True,cuda,objective_e20_bs32_eval5,3,"['none', 10]",True,True,event-detection-pdf,,P2-gru-objective-sweep-score,,offline,"paper-density-likelihood-rewrite,sleep,P2,score",True,"['seg_weighted1', 'seg_weighted2']",experiments/sleep/gru/seg_weighted/seed_0_objective_e20_bs32_eval5/predictions,tolerance,tuned,seg_weighted2,mf1,mf1,360.0,0.8297626281220021,"{""alternating"": 1, ""cutoff"": 0.0, ""smooth"": 10}",experiments/sleep/gru/seg_weighted/seed_0_objective_e20_bs32_eval5/results/scores.csv,seed_0_objective_e20_bs32_eval5,experiments/sleep/gru/seg_weighted/seed_0_objective_e20_bs32_eval5,,,,,,,,,,,
