dataset,model,objective,run_tag,smooth,scale,initial_prob,threshold,precision_mean,precision_std,precision_count,recall_mean,recall_std,recall_count,f1_mean,f1_std,f1_count,macro_f1_mean,macro_f1_std,macro_f1_count,iou_mean,iou_std,iou_count,accuracy_mean,accuracy_std,accuracy_count,brier_mean,brier_std,brier_count,pred_positive_rate_mean,pred_positive_rate_std,pred_positive_rate_count,abs_transition_count_error_mean,abs_transition_count_error_std,abs_transition_count_error_count,objective_label
sleep,gru,density_hard,objective_e20_bs32_eval5,none,4.0,0.2393167939518393,0.75,0.8539080409734491,0.008693081283332873,3,0.9412014989277591,0.004125419154807869,3,0.8954007078156815,0.0029337546971361784,3,0.9301179027428939,0.002141696334077529,3,0.8106198415261381,0.004803760679452176,3,0.947365989521512,0.0018829827087041458,3,0.08654273742391637,0.006270970576858357,3,0.2638078668987624,0.0038539388964962274,3,1247.6666666666667,34.31229128655403,3,BDL-Hard
sleep,gru,density_hard,objective_e20_bs32_eval5,none,4.0,0.0,0.75,0.8540834593710018,0.008823466483777033,3,0.9409265482102204,0.004086813240470716,3,0.8953721825453154,0.00301930849640809,3,0.9301048177415073,0.0022001290674802977,3,0.810573587719774,0.004943458270105076,3,0.9473650281531386,0.001928938360456198,3,0.08584223225318571,0.006271019752767202,3,0.2636772276187034,0.0038819679000886764,3,1239.0,38.0,3,BDL-Hard
sleep,gru,density_hard,objective_e20_bs32_eval5,none,4.0,0.5,0.75,0.8535845784172592,0.008643534704239664,3,0.941423668927199,0.004125242395731561,3,0.8953235837668777,0.0029148430941297763,3,0.9300588476914976,0.002128700231902396,3,0.810493320404729,0.004771853879227006,3,0.9473103102698924,0.0018726138081544953,3,0.08832037761579788,0.00623477513264801,3,0.26396988417433837,0.0038407027584119375,3,1253.0,32.18695387886216,3,BDL-Hard
sleep,gru,density_hard,objective_e20_bs32_eval5,none,4.0,0.5,0.8,0.8675001560092968,0.008133519841254027,3,0.9209669561460302,0.005748926191398952,3,0.893398065337539,0.0016401473962680618,3,0.9292407450676136,0.0012760580842699333,3,0.8073372765971473,0.002676774912586165,3,0.9473973942217061,0.001234677746712478,3,0.08832037761579788,0.00623477513264801,3,0.2540915303873588,0.003980903534053462,3,1044.6666666666667,84.10905619095563,3,BDL-Hard
sleep,gru,density_hard,objective_e20_bs32_eval5,none,4.0,0.2393167939518393,0.8,0.8676823535684045,0.008288122987124502,3,0.9205328821642014,0.005657723320585518,3,0.8932899532287295,0.0017546599799822087,3,0.9291769413358685,0.0013534959246335806,3,0.8071611033448528,0.002863124387039378,3,0.9473621173433417,0.0012942500673792027,3,0.08654273742391637,0.006270970576858357,3,0.25391904487838474,0.003999250944389201,3,1038.0,87.92610533851708,3,BDL-Hard
sleep,gru,density_hard,objective_e20_bs32_eval5,none,4.0,0.0,0.8,0.8677441288289813,0.008244533398701761,3,0.9200427914371598,0.005674557754138831,3,0.8930919961828893,0.0017257228866290135,3,0.929052835742514,0.0013334232987486838,3,0.806837814408801,0.00281479335924053,3,0.9472809885345072,0.001278375164511459,3,0.08584223225318571,0.006271019752767202,3,0.2537655998041372,0.003988372283197787,3,1032.6666666666667,88.27419403955682,3,BDL-Hard
sleep,gru,density_hard,objective_e20_bs32_eval5,none,4.0,0.0,0.7000000000000001,0.8376073922805262,0.00670957439564798,3,0.9534533207552306,0.0029012083126437865,3,0.8917658051544626,0.0025408015382544476,3,0.927271746472087,0.00185558158727308,3,0.8046790231479578,0.004135020641266784,3,0.9446061946732501,0.0016286370546398645,3,0.08584223225318571,0.006271019752767202,3,0.27243179518666355,0.003016660188513653,3,1396.6666666666667,17.897858344878433,3,BDL-Hard
sleep,gru,density_hard,objective_e20_bs32_eval5,none,4.0,0.2393167939518393,0.7000000000000001,0.8374224591030691,0.006653246963281056,3,0.9536155684594926,0.002840556218523997,3,0.8917323627334354,0.002541497520128201,3,0.9272441174014032,0.0018544178151110502,3,0.8046245686302331,0.004135455573971236,3,0.9445776473734989,0.0016253646803998094,3,0.08654273742391637,0.006270970576858357,3,0.27253799968723486,0.002981145110351233,3,1398.6666666666667,18.009256878986832,3,BDL-Hard
sleep,gru,density_hard,objective_e20_bs32_eval5,none,4.0,0.5,0.7000000000000001,0.8370203676423512,0.006555366636505421,3,0.9538868368013501,0.002753469284868654,3,0.8916235151045058,0.002526208525527643,3,0.9271608531970968,0.0018421055830172204,3,0.8044472691032497,0.004109703548520888,3,0.9444995094884923,0.001612909873940661,3,0.08832037761579788,0.00623477513264801,3,0.27274597571198944,0.002928449457675625,3,1412.0,14.730919862656235,3,BDL-Hard
sleep,gru,density_hard,objective_e20_bs32_eval5,none,2.0,0.5,0.7000000000000001,0.8578861298777616,0.00601924127341364,3,0.9153185266123058,0.007039152653537381,3,0.8856404995646594,0.00047520421068491457,3,0.9240299097508666,0.00034438933187277114,3,0.7947531669109801,0.0007654088482938886,3,0.9434296667170852,0.0004596587222717947,3,0.09859614848019645,0.004947701120687596,3,0.2553557297982323,0.0037581028147385797,3,595.0,32.07802986469088,3,BDL-Hard
sleep,gru,density_hard,objective_e20_bs32_eval5,none,2.0,0.2393167939518393,0.65,0.8356753184222163,0.0035940447281911443,3,0.9414410765213289,0.00520180623144043,3,0.8853970722666453,0.0008079461141832795,3,0.9231405649657728,0.0005090969918259464,3,0.7943616070340781,0.001300728896455169,3,0.9416756768246985,0.00041256840834414434,3,0.09631681113978978,0.0049735245184574315,3,0.26961284947876746,0.0026132602966057314,3,866.6666666666666,11.015141094572211,3,BDL-Hard
sleep,gru,density_hard,objective_e20_bs32_eval5,none,2.0,0.5,0.65,0.8346681968955547,0.0037758472075461445,3,0.9426139689694013,0.005399686201355265,3,0.885348291050161,0.0010636171097832764,3,0.9230736704473461,0.0006909404730947229,3,0.7942835400562208,0.0017124551469482063,3,0.9415749200782426,0.0005508620563974682,3,0.09859614848019645,0.004947701120687596,3,0.2702749919458694,0.0027039916431963584,3,884.6666666666666,14.189197769195172,3,BDL-Hard
sleep,gru,density_hard,objective_e20_bs32_eval5,none,2.0,0.2393167939518393,0.7000000000000001,0.8584937978755036,0.0063598676710243714,3,0.9136241874503298,0.006927931830140775,3,0.8851685529653558,0.0006022251072136362,3,0.9237491553163085,0.00048567396035463224,3,0.793993517603489,0.0009694066172960834,3,0.9432705068419519,0.0005882012337169094,3,0.09631681113978978,0.0049735245184574315,3,0.25470392204114317,0.003816543046102359,3,575.0,37.64306044943742,3,BDL-Hard
sleep,gru,density_hard,objective_e20_bs32_eval5,none,2.0,0.0,0.65,0.8363246296224635,0.003929835292457357,3,0.939949714370393,0.005236097407795645,3,0.8850993594293167,0.0007153821158450865,3,0.9229735635754165,0.00047581419448314803,3,0.7938823212938418,0.001151382454325987,3,0.9415968446180889,0.00043742344864589104,3,0.09547378321874161,0.004965165628318759,3,0.26897786566821086,0.002732282037029095,3,845.3333333333334,24.1936630821654,3,BDL-Hard
sleep,gru,density_hard,objective_e20_bs32_eval5,none,2.0,0.0,0.7000000000000001,0.8584656824139644,0.00624322196015905,3,0.9108513585622934,0.006620640950507476,3,0.8838519652407815,0.0004067882418068705,3,0.9229140524586184,0.00040308905545494096,3,0.7918771657940974,0.0006531567925560771,3,0.9427088540745355,0.0005619091402099017,3,0.09547378321874161,0.004965165628318759,3,0.2539384057692357,0.003699544271591606,3,544.3333333333334,32.62412195497884,3,BDL-Hard
sleep,gru,density_hard,objective_e20_bs32_eval5,none,4.0,0.0,0.65,0.8172880505452699,0.0022184055785731804,3,0.9613809176614102,0.0020544509150658844,3,0.883495165013079,0.0010671352347587399,3,0.9212362206734532,0.0007501969107231294,3,0.7913054701867609,0.0017126257195598663,3,0.9393205913569137,0.0006270556893867395,3,0.08584223225318571,0.006271019752767202,3,0.2815118126536587,0.0012150184815983213,3,1556.6666666666667,139.71876514388944,3,BDL-Hard
sleep,gru,density_hard,objective_e20_bs32_eval5,none,4.0,0.2393167939518393,0.65,0.8169796375379627,0.002302919672044747,3,0.9615026592331777,0.0020037619141482894,3,0.883366303436757,0.0011350241990090658,3,0.9211415010748762,0.0007990824149223421,3,0.7910988932845205,0.0018212635124115523,3,0.9392368454897296,0.0006680739764826971,3,0.08654273742391637,0.006270970576858357,3,0.28165382812613493,0.00121789170998182,3,1568.0,140.32818676231798,3,BDL-Hard
sleep,gru,density_hard,objective_e20_bs32_eval5,none,4.0,0.5,0.65,0.8159163508402045,0.0022380549852550145,3,0.9617931205634348,0.0020935406356536934,3,0.88286701768627,0.0012566062822012838,3,0.9207797532354521,0.0008735717749532564,3,0.7902986651314697,0.002013770328467404,3,0.9389238666748704,0.0007142104495630559,3,0.08832037761579788,0.00623477513264801,3,0.28210583148964247,0.001162107952177272,3,1578.0,145.54724318928203,3,BDL-Hard
sleep,gru,density_hard,objective_e20_bs32_eval5,none,4.0,0.5,0.8500000000000001,0.8814370236284003,0.00535847309533304,3,0.8797024774354062,0.00656535172955454,3,0.8805420602426576,0.0006678969891979607,3,0.9215037745081331,0.00030039245633946006,3,0.7865793823754119,0.0010658985437660513,3,0.9428793901420859,0.00017861089199208854,3,0.08832037761579788,0.00623477513264801,3,0.238858968968738,0.003241688605522348,3,760.6666666666666,89.31032041893779,3,BDL-Hard
sleep,gru,density_hard,objective_e20_bs32_eval5,none,4.0,1.0,0.75,0.8261141324080491,0.00887222026558584,3,0.9421061358868043,0.004101446948312514,3,0.8802724233219351,0.003272012060045439,3,0.9195191091989839,0.0024252022799547603,3,0.7861588951789411,0.005212970460895998,3,0.9386587693459362,0.0021756138311862057,3,0.09469057772143569,0.0060622133636210745,3,0.27294807670779614,0.00413308787939137,3,1245.3333333333333,36.4600237703342,3,BDL-Hard
sleep,gru,density_hard,objective_e20_bs32_eval5,none,4.0,0.2393167939518393,0.8500000000000001,0.8815378807211324,0.005419167036746766,3,0.878916011259589,0.006417794698664588,3,0.8801985454172927,0.0005950562838204091,3,0.9212904108188781,0.00026876998494250687,3,0.7860312364115298,0.0009489786283938485,3,0.9427437570874213,0.0002156501913848475,3,0.08654273742391637,0.006270970576858357,3,0.23861817289590648,0.003215585380649765,3,754.6666666666666,94.585058721414,3,BDL-Hard
sleep,gru,density_hard,objective_e20_bs32_eval5,none,4.0,0.0,0.8500000000000001,0.8816770790473062,0.005491577557535212,3,0.8781635791620386,0.006323906321360161,3,0.8798904464053071,0.0005166918392405887,3,0.9211004490065123,0.00022698365385020607,3,0.785539885148485,0.0008235446400102788,3,0.9426253752541216,0.0002349784684651881,3,0.08584223225318571,0.006271019752767202,3,0.2383764154547016,0.0032085729838998533,3,746.0,93.28987083279728,3,BDL-Hard
sleep,gru,density_hard,objective_e20_bs32_eval5,none,4.0,1.0,0.8,0.840105167348764,0.008351144643934083,3,0.9218344345868363,0.005841236923405948,3,0.8790355353343404,0.0019533847463825645,3,0.9192494687760021,0.0015356566634527537,3,0.7841814868698486,0.003106374155160559,3,0.9392770894380225,0.0015005269464419327,3,0.09469057772143569,0.0060622133636210745,3,0.2626270394895946,0.004288639841612029,3,1055.0,75.94076639065476,3,BDL-Hard
sleep,gru,density_hard,objective_e20_bs32_eval5,none,8.0,0.2393167939518393,0.75,0.8307359240396571,0.004983429109631054,3,0.9317264115382891,0.003155054936585547,3,0.8783249830045357,0.0014296974708845813,3,0.918461560962144,0.0010928040015630621,3,0.7830495783523178,0.002272616467137369,3,0.9382187830870948,0.0010271928025244118,3,0.09625111848379048,0.008453742986448373,3,0.26841997826025654,0.002515884904931873,3,1878.3333333333333,87.03064594344528,3,BDL-Hard
sleep,gru,density_hard,objective_e20_bs32_eval5,none,8.0,0.0,0.75,0.8307972099230799,0.005011383553649468,3,0.9315950734723218,0.0031208307354046736,3,0.8783008675520442,0.0014547360786842359,3,0.9184485246051537,0.0011100678444673484,3,0.7830113125311057,0.0023121839944500256,3,0.9382134955610417,0.0010407819845645492,3,0.09569049376064853,0.008452168488276358,3,0.2683624029765674,0.002515713451991326,3,1872.3333333333333,86.58136828055635,3,BDL-Hard
sleep,gru,density_hard,objective_e20_bs32_eval5,none,8.0,0.5,0.75,0.8305857853355282,0.00490712550400692,3,0.9317973809605108,0.003192094802303154,3,0.8782727220200447,0.0013717142821061136,3,0.9184228310186718,0.0010532262489826995,3,0.7829663529172514,0.0021802516440877517,3,0.9381839868929173,0.0009962065743833457,3,0.09765380077359846,0.008415609096902444,3,0.2684887428036236,0.0025030431784580837,3,1882.3333333333333,87.03064594344528,3,BDL-Hard
sleep,gru,density_hard,objective_e20_bs32_eval5,none,8.0,0.0,0.7000000000000001,0.8193716786849091,0.005566285564571054,3,0.9446295675127874,0.0020505111608470315,3,0.8775425240071772,0.002512555649604452,3,0.9175224819048838,0.0018182536060395624,3,0.7818106495735434,0.003990611362118553,3,0.9369025896700327,0.0015742964129679764,3,0.09569049376064853,0.008452168488276358,3,0.2759120555166736,0.0023976590034069205,3,1981.3333333333333,167.50621879002978,3,BDL-Hard
sleep,gru,density_hard,objective_e20_bs32_eval5,none,8.0,0.2393167939518393,0.7000000000000001,0.8192563809004844,0.00550347516396793,3,0.9446862537808514,0.002088996924445518,3,0.8775009350388664,0.0024629812671903653,3,0.9174914488265409,0.0017841376656611441,3,0.7817443999333951,0.003911679644530076,3,0.9368744963497911,0.0015472429948817324,3,0.09625111848379048,0.008453742986448373,3,0.2759672807887835,0.002388751639526793,3,1982.6666666666667,162.6663251362535,3,BDL-Hard
sleep,gru,density_hard,objective_e20_bs32_eval5,none,8.0,0.5,0.7000000000000001,0.8189276230550194,0.0053973897182371736,3,0.9447525365431151,0.002111340346485659,3,0.8773412241327635,0.0024160350604531897,3,0.9173767311173012,0.001749880884462434,3,0.7814907094448107,0.003836298455835768,3,0.9367764367757158,0.0015174583558789547,3,0.09765380077359846,0.008415609096902444,3,0.2760970655191774,0.0023535524983084926,3,1986.6666666666667,162.6663251362535,3,BDL-Hard
sleep,gru,density_hard,objective_e20_bs32_eval5,none,4.0,1.0,0.7000000000000001,0.8097029714268995,0.0070648513637846305,3,0.9543007135105025,0.0028537177303963575,3,0.8760555411085207,0.002955617514914519,3,0.9161717441529169,0.0021877674101942013,3,0.7794555545263407,0.004674332193153709,3,0.9353700616643038,0.0019537070664944066,3,0.09469057772143569,0.0060622133636210745,3,0.28207351883042914,0.0033089575935629466,3,1384.3333333333333,16.743157806499113,3,BDL-Hard
sleep,gru,density_hard,objective_e20_bs32_eval5,none,2.0,0.2393167939518393,0.6000000000000001,0.8054147061595032,0.01305003020527703,3,0.9587384225550643,0.0038544513886907016,3,0.8753885390349665,0.009071086349307941,3,0.9155511618352999,0.0063640600710898115,3,0.7784687582932156,0.014278644762525694,3,0.934652747334446,0.005229038503952131,3,0.09631681113978978,0.0049735245184574315,3,0.2849148697623583,0.003785223299548631,3,1053.0,32.046840717924134,3,BDL-Hard
sleep,gru,density_hard,objective_e20_bs32_eval5,none,8.0,0.0,0.8,0.8433361456512927,0.00217979861235008,3,0.9098853486752262,0.004086147400154547,3,0.875340670366581,0.0009276076116960533,3,0.9170311807391752,0.0005423617728753682,3,0.7783170902592884,0.0014660401425945757,3,0.9379801767977801,0.000315741688230909,3,0.09569049376064853,0.008452168488276358,3,0.2582047182677936,0.0017955081459813207,3,1777.6666666666667,47.35328218121033,3,BDL-Hard
sleep,gru,density_hard,objective_e20_bs32_eval5,none,8.0,0.5,0.8,0.8431327270941399,0.0021630194089977666,3,0.910068240000732,0.004115443012855475,3,0.8753156630401165,0.0009456526970791808,3,0.9170082413588361,0.0005532540619382937,3,0.7782775810486965,0.0014944794984824183,3,0.9379535255300985,0.0003210562075082998,3,0.09765380077359846,0.008415609096902444,3,0.25831890746679864,0.001799129881638113,3,1783.6666666666667,43.98105652816144,3,BDL-Hard
sleep,gru,density_hard,objective_e20_bs32_eval5,none,8.0,0.2393167939518393,0.8,0.8432578092932131,0.0022128763642393235,3,0.9099223956063233,0.004075386254901507,3,0.8753155646788272,0.0009164161590514276,3,0.9170125510329349,0.0005364748678996674,3,0.77827737453942,0.00144829662343243,3,0.9379633528512477,0.0003155108453884012,3,0.09625111848379048,0.008453742986448373,3,0.25823927411987796,0.0018018523201490592,3,1780.3333333333333,49.66219219218313,3,BDL-Hard
sleep,gru,density_hard,objective_e20_bs32_eval5,none,2.0,0.0,0.6000000000000001,0.8057393130203172,0.012865483068188232,3,0.9575558220256504,0.003784213049023948,3,0.8750874957300011,0.00893242687845645,3,0.9153743011577854,0.006264659682073305,3,0.7779904500510232,0.01405380695107534,3,0.9345539934387675,0.005144782834039165,3,0.09547378321874161,0.004965165628318759,3,0.2844475913235864,0.0037192861062196377,3,1037.6666666666667,24.78574859336175,3,BDL-Hard
sleep,gru,density_hard,objective_e20_bs32_eval5,none,2.0,0.5,0.6000000000000001,0.8028537806878454,0.014094763677385193,3,0.9595532318649135,0.003775711216588706,3,0.8742070815538727,0.009733313960698249,3,0.9146814947745998,0.006845859634310281,3,0.7766137469657579,0.015283871838971686,3,0.9338832520656601,0.005646945214115001,3,0.09859614848019645,0.004947701120687596,3,0.2860743601345745,0.004159087941956797,3,1075.0,35.53871128783372,3,BDL-Hard
sleep,gru,density_hard,objective_e20_bs32_eval5,none,8.0,0.0,0.65,0.8061539658980991,0.004432083205798522,3,0.9535248481131618,0.0015789609278022486,3,0.8736624562540668,0.0023900723716564144,3,0.9144975423209485,0.001709378676560171,3,0.7756719703404094,0.00376907580104289,3,0.9340001384370457,0.0014515777728833661,3,0.09569049376064853,0.008452168488276358,3,0.2830720868188278,0.0018017491037156414,3,2074.0,188.93649726826206,3,BDL-Hard
sleep,gru,density_hard,objective_e20_bs32_eval5,none,8.0,0.2393167939518393,0.65,0.8058638154096492,0.004347438293391538,3,0.9535693713827632,0.0016192762191704825,3,0.8735109746797294,0.0023742992630244784,3,0.914388425243676,0.0016955995492966777,3,0.775433119002337,0.0037424203792877832,3,0.9339065919533894,0.0014367221001156238,3,0.09625111848379048,0.008453742986448373,3,0.28318694363475866,0.0017628736685520589,3,2075.3333333333335,192.370302628377,3,BDL-Hard
sleep,gru,density_hard,objective_e20_bs32_eval5,none,8.0,0.5,0.65,0.8055087057663042,0.004343460350028227,3,0.9536227100365716,0.0016165207519761937,3,0.8733247385133688,0.0023861426159127288,3,0.9142542156341631,0.0017033704500487635,3,0.7751396959353004,0.0037598953239188267,3,0.9337914680906882,0.0014423419925236112,3,0.09765380077359846,0.008415609096902444,3,0.2833275971687061,0.001755229438405065,3,2082.6666666666665,184.7818533658901,3,BDL-Hard
sleep,gru,density_hard,objective_e20_bs32_eval5,none,4.0,0.0,0.6000000000000001,0.7896799530784505,0.013404419956101282,3,0.9673535078422327,0.0012354796319871634,3,0.8694955137770245,0.008469773404106679,3,0.9110550462087083,0.006071617709888517,3,0.7691876120358904,0.013199719958344238,3,0.9304751477730008,0.005155312313963833,3,0.08584223225318571,0.006271019752767202,3,0.29321593850489697,0.004798309058728138,3,1654.0,196.14535426565678,3,BDL-Hard
sleep,gru,density_hard,objective_e20_bs32_eval5,none,4.0,0.2393167939518393,0.6000000000000001,0.7890613753506507,0.01385371367072579,3,0.9675279185449573,0.0011971758177215443,3,0.8691876742864091,0.008723499160377764,3,0.9108268599081412,0.006259358896664612,3,0.7687099513918402,0.013586355411634402,3,0.9302717115433423,0.005322012136205267,3,0.08654273742391637,0.006270970576858357,3,0.29350285355496936,0.004997428920630477,3,1662.6666666666667,204.14292378951896,3,BDL-Hard
sleep,gru,density_hard,objective_e20_bs32_eval5,none,4.0,0.5,0.6000000000000001,0.7877828142020955,0.013906179923933795,3,0.9677725175599106,0.0012610633524602862,3,0.8685100011388389,0.008815174803131267,3,0.9103311392890777,0.006326368332280432,3,0.7676520190460359,0.013711765139795492,3,0.9298378673602192,0.005380061638754062,3,0.08832037761579788,0.00623477513264801,3,0.2940537710422173,0.005000712524418392,3,1663.3333333333333,191.89146237739013,3,BDL-Hard
sleep,gru,density_hard,objective_e20_bs32_eval5,none,4.0,1.0,0.8500000000000001,0.8545098746485887,0.00607373679382694,3,0.8810109482608363,0.006756342500786901,3,0.8675265938007594,0.0003377192315687407,3,0.9124966268839635,0.0002473615171095625,3,0.7660459906707308,0.0005265885883182779,3,0.9356085611349103,0.0004530814045800305,3,0.09469057772143569,0.0060622133636210745,3,0.24675607606175662,0.003656681382582638,3,799.3333333333334,78.7802851818482,3,BDL-Hard
sleep,gru,density_hard,objective_e20_bs32_eval5,none,4.0,1.0,0.65,0.7890444624579084,0.003116542083414257,3,0.9621794352485481,0.002136700659662263,3,0.8670488012284778,0.0014420811210946786,3,0.9094856042222893,0.001059081570939294,3,0.7653030102983855,0.0022485343195699603,3,0.9293818582951564,0.0009399764020397949,3,0.09469057772143569,0.0060622133636210745,3,0.29183274305315215,0.001664673340046469,3,1537.6666666666667,131.15385367320832,3,BDL-Hard
sleep,gru,density_hard,objective_e20_bs32_eval5,none,2.0,0.5,0.75,0.8755901267163336,0.00886942852624136,3,0.8581169491271989,0.00666698731252753,3,0.8667214583819011,0.0020079217937227617,3,0.9126664698187685,0.0014491836148474181,3,0.7647948986436471,0.003129348052656333,3,0.9368385251498239,0.0013175230980050784,3,0.09859614848019645,0.004947701120687596,3,0.2345682751000464,0.004113856318782976,3,52.666666666666664,38.52704677669096,3,BDL-Hard
sleep,gru,density_hard,objective_e20_bs32_eval5,none,8.0,1.0,0.75,0.8089185315816994,0.005757402568822245,3,0.9320965460878329,0.003225132512564845,3,0.8661340655042474,0.0019403784528449896,3,0.909847235622956,0.0014832625541293457,3,0.7638804045078573,0.003017347713275046,3,0.9310433431862909,0.0013891330034282467,3,0.10265529545660611,0.008229005784658268,3,0.2757725769885157,0.0029191061702028413,3,1907.0,89.37001734362593,3,BDL-Hard
sleep,gru,density_hard,objective_e20_bs32_eval5,none,2.0,1.0,0.7000000000000001,0.8206097940743096,0.006768192462354088,3,0.9169015018067075,0.007146295984645091,3,0.8660513903613251,0.0013009297650383091,3,0.9102966942656977,0.001016560664002192,3,0.7637499080922101,0.0020247421384080857,3,0.9321213575888709,0.0010547115078272712,3,0.10693957562711194,0.004796874649150483,3,0.2674217040233053,0.004251258533382906,3,546.6666666666666,32.8684245642126,3,BDL-Hard
sleep,gru,density_hard,objective_e20_bs32_eval5,none,2.0,0.2393167939518393,0.75,0.875902969840355,0.008677935903225305,3,0.8551456067137967,0.006714172108981297,3,0.8653559148092783,0.0016854760082503245,3,0.9118236566622396,0.0012408017461807913,3,0.7626698718079957,0.0026202015272559108,3,0.9363125231262504,0.0011780843167046385,3,0.09631681113978978,0.0049735245184574315,3,0.23367209284340293,0.00409654428342731,3,59.333333333333336,34.53018003621373,3,BDL-Hard
sleep,gru,density_hard,objective_e20_bs32_eval5,none,2.0,1.0,0.65,0.7988318800774907,0.0038277245583712254,3,0.9438530325925956,0.005319669212056812,3,0.8652935736181867,0.0010396115621381875,3,0.9088532979887064,0.0007251675292405744,3,0.7625714222066847,0.0016156056766434793,3,0.9296713369942241,0.0006665404192268779,3,0.10693957562711194,0.004796874649150483,3,0.2827716324974983,0.0028758767862569153,3,811.6666666666666,26.407069760451147,3,BDL-Hard
sleep,gru,density_hard,objective_e20_bs32_eval5,none,8.0,1.0,0.7000000000000001,0.7966120810656819,0.006120894136275456,3,0.94501644013361,0.002148734291733633,3,0.8644780716697703,0.002889769173201448,3,0.9082282456662337,0.0021217210842119317,3,0.7613122101944866,0.0044833965202982105,3,0.9290856500174756,0.00187346895959809,3,0.10265529545660611,0.008229005784658268,3,0.28391416539979675,0.0027554430927117565,3,1991.0,166.14150595200465,3,BDL-Hard
sleep,gru,density_hard,objective_e20_bs32_eval5,none,8.0,1.0,0.8,0.8218485576967464,0.002966665847357738,3,0.9104409410545387,0.004145826638297191,3,0.8638701368582891,0.0007118181065138932,3,0.9089775928502837,0.0004502478435028378,3,0.7603626031446175,0.0011029303196221803,3,0.931331513356184,0.0003800553428274714,3,0.10265529545660611,0.008229005784658268,3,0.2651193068833121,0.0021278527068192476,3,1826.0,38.43175770115127,3,BDL-Hard
sleep,gru,density_hard,objective_e20_bs32_eval5,none,2.0,0.0,0.75,0.8758987970984037,0.008595229085456778,3,0.849569931996564,0.006604712897729949,3,0.8624903938244789,0.0015836006839079525,3,0.9100368825533183,0.0011767532638355149,3,0.7582291832683598,0.0024493165124852834,3,0.9351667055486764,0.0011384943521510352,3,0.09547378321874161,0.004965165628318759,3,0.23214920522608393,0.00403826365515522,3,72.0,77.09085548883213,3,BDL-Hard
sleep,gru,density_hard,objective_e20_bs32_eval5,none,8.0,0.0,0.6000000000000001,0.7828118874541854,0.010922988888525229,3,0.9597751786900696,0.001050877985444249,3,0.8622795395905162,0.006609238246332171,3,0.9061265907429794,0.004776666595850539,3,0.7579404776701285,0.010178851996261791,3,0.9266080969008047,0.004106449877335333,3,0.09569049376064853,0.008452168488276358,3,0.29345574650467826,0.004175828874807218,3,2313.0,359.62619481900924,3,BDL-Hard
sleep,gru,density_hard,objective_e20_bs32_eval5,none,8.0,0.2393167939518393,0.6000000000000001,0.7825300370301823,0.011057472322384031,3,0.959817358629692,0.0010335762312542243,3,0.8621249419529299,0.006704694725560798,3,0.9060133359480199,0.004845623424420332,3,0.7577027687039918,0.010322613371833515,3,0.9265087822069087,0.00416555749773417,3,0.09625111848379048,0.008453742986448373,3,0.2935752499344133,0.004221054696208404,3,2318.3333333333335,358.1847754069586,3,BDL-Hard
sleep,gru,density_hard,objective_e20_bs32_eval5,none,8.0,0.5,0.6000000000000001,0.781877224157332,0.010811863267813474,3,0.9598770577505862,0.0010493932063986061,3,0.8617536713529249,0.006539967402131576,3,0.9057438290917634,0.004729736898260426,3,0.7571274576987008,0.01006374481636433,3,0.9262755168530012,0.004069881907975278,3,0.09765380077359846,0.008415609096902444,3,0.29383708929274904,0.004149085696118002,3,2329.0,351.2449287890147,3,BDL-Hard
sleep,gru,density_hard,objective_e20_bs32_eval5,none,1.0,0.5,0.6000000000000001,0.82453786365234,0.010134201015283492,3,0.9011580067233483,0.007160621083242896,3,0.861131948186895,0.00783186807859384,3,0.9073631125808296,0.005311794426259763,3,0.7561848429314567,0.012029831744787153,3,0.9304355714416338,0.004127280195156423,3,0.1392372025627958,0.0035053759925397017,3,0.2615721246326505,0.002669518013064947,3,207.0,79.98124780221924,3,BDL-Hard
sleep,gru,density_hard,objective_e20_bs32_eval5,none,8.0,1.0,0.65,0.7833005279934282,0.004445129553733958,3,0.9538520216130904,0.0016283041211468665,3,0.860197373732078,0.0023369936887362,3,0.9048463060409683,0.0017071481462111338,3,0.7546946855408464,0.003601344090630335,3,0.9257971559732594,0.0014947945000757838,3,0.10265529545660611,0.008229005784658268,3,0.2914316655087519,0.0019875350737799603,3,2071.0,188.93649726826206,3,BDL-Hard
sleep,gru,density_hard,objective_e20_bs32_eval5,none,8.0,0.0,0.8500000000000001,0.8550899878192596,0.0037980412972999037,3,0.8639937975403069,0.005415506187850211,3,0.8595066172208895,0.0024668248999534896,3,0.9075017677757361,0.001580264450163245,3,0.7536324849550514,0.0037973420003832147,3,0.9324056288759168,0.0011133706029687151,3,0.09569049376064853,0.008452168488276358,3,0.24181402841548547,0.0022310958076510465,3,1646.6666666666667,81.20550063470657,3,BDL-Hard
sleep,gru,density_hard,objective_e20_bs32_eval5,none,8.0,0.2393167939518393,0.8500000000000001,0.8549718384819786,0.0038226416193501067,3,0.8640331878013829,0.005411961214607434,3,0.8594662798851052,0.0024470540245164116,3,0.9074724854837971,0.0015678730027724407,3,0.7535703763269653,0.0037666492718485007,3,0.9323799389766084,0.0011059507114515774,3,0.09625111848379048,0.008453742986448373,3,0.24185857181678114,0.002243649581784922,3,1653.3333333333333,83.12841471683036,3,BDL-Hard
sleep,gru,density_hard,objective_e20_bs32_eval5,none,8.0,0.5,0.8500000000000001,0.8548577218773227,0.0038096092943570277,3,0.8640999169122141,0.005439103644000702,3,0.8594415742314068,0.002453187682526306,3,0.9074531294375716,0.0015707383816673836,3,0.7535324190466185,0.003775945931489242,3,0.9323609252465589,0.0011061592383740217,3,0.09765380077359846,0.008415609096902444,3,0.24190952434056537,0.002248394234145304,3,1653.3333333333333,81.00823003456709,3,BDL-Hard
sleep,gru,density_hard,objective_e20_bs32_eval5,none,1.0,0.2393167939518393,0.6000000000000001,0.8265572724751585,0.009998353541502638,3,0.8905767559966372,0.006750415010012758,3,0.8573578802761467,0.007470564523034094,3,0.9050800413967659,0.005063532372626838,3,0.7503790126171759,0.011401811844178471,3,0.9290733925707162,0.003931909757919868,3,0.13617939929651493,0.003515443702748707,3,0.257869761503734,0.002696859720921891,3,102.0,81.70679286326198,3,BDL-Hard
sleep,gru,density_hard,objective_e20_bs32_eval5,none,2.0,1.0,0.6000000000000001,0.769151857803316,0.012671208823489944,3,0.9602846855797945,0.003758019750918378,3,0.8541324621930878,0.009200127054065975,3,0.9002058445078044,0.006567326344039065,3,0.7454771226008781,0.013951899869647552,3,0.9214782619656181,0.005535977028264588,3,0.10693957562711194,0.004796874649150483,3,0.2988294485505556,0.003934869143449202,3,966.0,13.076696830622021,3,BDL-Hard
sleep,gru,density_hard,objective_e20_bs32_eval5,none,1.0,0.2393167939518393,0.55,0.7796608577887406,0.03094874912086948,3,0.9445033624553455,0.005792377578723917,3,0.8540382944020545,0.020999470441236918,3,0.9006720110791339,0.015016271672267429,3,0.7456457153505687,0.031653751690694655,3,0.922573340656824,0.012703299846409818,3,0.13617939929651493,0.003515443702748707,3,0.29018089855042745,0.010051831472536047,3,694.3333333333334,34.55912807542073,3,BDL-Hard
sleep,gru,density_hard,objective_e20_bs32_eval5,none,1.0,0.5,0.55,0.775058490990189,0.03159567783151878,3,0.9487024981906145,0.005871143295391057,3,0.852960938893584,0.02157687161485245,3,0.899727233585311,0.015480577104447382,3,0.7440267813610895,0.03245432304098569,3,0.9215464657107674,0.013156170334540328,3,0.1392372025627958,0.0035053759925397017,3,0.2932176208995502,0.010473365162600607,3,747.0,38.50973902793941,3,BDL-Hard
sleep,gru,density_hard,objective_e20_bs32_eval5,none,4.0,1.0,0.6000000000000001,0.7620270743387284,0.01271042743372388,3,0.9680923263084763,0.001233513515233842,3,0.8527520652593173,0.00826382970131203,3,0.8988961749081193,0.0060213330990088595,3,0.7433624110041328,0.012510962569551988,3,0.9199581516347108,0.005227843301800325,3,0.09469057772143569,0.0060622133636210745,3,0.3040865579764948,0.004898900935301091,3,1604.3333333333333,181.64342358955176,3,BDL-Hard
sleep,gru,density_hard,objective_e20_bs32_eval5,none,16.0,0.0,0.65,0.7916793742445593,0.009579610621885632,3,0.922088964857415,0.004367159286510297,3,0.8519006765115081,0.0061053990696178,3,0.9000571439123602,0.004307425627571659,3,0.7420423825636533,0.009257645101817156,3,0.923261680412098,0.0035839787386264376,3,0.11167789477365135,0.012064030824476938,3,0.27876427525215625,0.003474050235359771,3,2927.0,400.47846384044175,3,BDL-Hard
sleep,gru,density_hard,objective_e20_bs32_eval5,none,16.0,0.2393167939518393,0.65,0.7915957880247815,0.009564909899862547,3,0.9220987845258986,0.004374340464134103,3,0.8518565391051203,0.006101041174126492,3,0.9000251996166965,0.004304081612179195,3,0.741975365100552,0.00925038390643873,3,0.923234067776043,0.0035808487408601165,3,0.11214595169473456,0.01207177834412418,3,0.2787965879113695,0.0034688995739834126,3,2927.6666666666665,400.5899815688522,3,BDL-Hard
sleep,gru,density_hard,objective_e20_bs32_eval5,none,16.0,0.5,0.65,0.7913180866384354,0.009524283850954992,3,0.9221207671928447,0.004394246321420481,3,0.85170517280867,0.006078256359098447,3,0.899916059453831,0.0042881607742647964,3,0.7417454873456574,0.009213226471781348,3,0.9231402809502933,0.0035679316188223244,3,0.11326123024080514,0.012034494210800564,3,0.27890089637987125,0.003463391812422906,3,2932.3333333333335,396.4269583836767,3,BDL-Hard
sleep,gru,density_hard,objective_e20_bs32_eval5,none,16.0,0.0,0.7000000000000001,0.8051489466451253,0.006797860706351257,3,0.9025801848463323,0.005880456842971231,3,0.8510652223509457,0.004061482577744031,3,0.9002023539712045,0.002801538775895966,3,0.7407573688305286,0.006160504993798039,3,0.9243965757767643,0.00226890366937236,3,0.11167789477365135,0.012064030824476938,3,0.26829182251516187,0.0031924790649929635,3,2644.6666666666665,227.19228273278412,3,BDL-Hard
sleep,gru,density_hard,objective_e20_bs32_eval5,none,16.0,0.2393167939518393,0.7000000000000001,0.80508385678436,0.006774553388412192,3,0.9025859873777088,0.005881058629938665,3,0.8510314874531136,0.004047023065310161,3,0.9001782061775407,0.0027912320746372016,3,0.7407061543293564,0.006138195132395153,3,0.9243760131754467,0.0022603007860933656,3,0.11214595169473456,0.01207177834412418,3,0.26831516240289116,0.003188593644145288,3,2648.0,227.778401083158,3,BDL-Hard
sleep,gru,density_hard,objective_e20_bs32_eval5,none,16.0,0.5,0.7000000000000001,0.804935888153154,0.006733173961663561,3,0.9025945795876319,0.005881473248662995,3,0.8509528303125645,0.004039251112054668,3,0.9001220757001763,0.0027845013900148923,3,0.7405869387667838,0.00612574243811883,3,0.924328452145646,0.002252935187931498,3,0.11326123024080514,0.012034494210800564,3,0.26836683595295535,0.0031728896981516237,3,2654.0,227.8091306335196,3,BDL-Hard
sleep,gru,density_hard,objective_e20_bs32_eval5,none,2.0,0.0,0.55,0.7563520837371124,0.03899540291977148,3,0.9681439911551567,0.0027510906861943534,3,0.8489011874132997,0.025800864781439864,3,0.8959326398112726,0.01897503349270298,3,0.738044986770778,0.03845920670745919,3,0.917205834096019,0.01666875625662978,3,0.09547378321874161,0.004965165628318759,3,0.30686360404612173,0.015538439130043937,3,1249.0,104.1585330157832,3,BDL-Hard
sleep,gru,density_hard,objective_e20_bs32_eval5,none,2.0,0.2393167939518393,0.55,0.7555456724255377,0.03946900962989217,3,0.9690237441815674,0.0027666453829916166,3,0.848723594727626,0.02621051188735589,3,0.8957620461724595,0.019284974030600494,3,0.737794978535162,0.03905051912031317,3,0.917007284822258,0.01694908878852603,3,0.09631681113978978,0.0049735245184574315,3,0.3074832326673828,0.015736207105487284,3,1268.3333333333333,113.51798682734524,3,BDL-Hard
sleep,gru,density_hard,objective_e20_bs32_eval5,none,8.0,1.0,0.6000000000000001,0.7605260303755338,0.009315982984442481,3,0.9600846098344427,0.00104579476493442,3,0.8487105882712366,0.005709720452196754,3,0.8962661196100523,0.004188047149952144,3,0.7372110782596173,0.008595969177924132,3,0.9180683951642744,0.003673027231344451,3,0.10265529545660611,0.008229005784658268,3,0.30214355238004903,0.003821808873232833,3,2311.3333333333335,353.91854053345855,3,BDL-Hard
sleep,gru,density_hard,objective_e20_bs32_eval5,none,8.0,1.0,0.8500000000000001,0.833421724022107,0.0046411414346363335,3,0.8645867716121418,0.005484540032879976,3,0.8487040000936812,0.00274958946805608,3,0.8999636622868845,0.0018075571333755615,3,0.7371793315460048,0.004154545051561369,3,0.9262300654926863,0.0013530539006181683,3,0.10265529545660611,0.008229005784658268,3,0.24827340910625215,0.002491461414633455,3,1706.0,72.0,3,BDL-Hard
sleep,gru,density_hard,objective_e20_bs32_eval5,none,2.0,1.0,0.75,0.836953057612754,0.00840735076697407,3,0.8606099174634547,0.006949109284854183,3,0.8485732698449349,0.0022324990189990608,3,0.9000184218871782,0.0016235790571673477,3,0.7369798400140061,0.0033712443667129194,3,0.9264905963218473,0.0014999971098213806,3,0.10693957562711194,0.004796874649150483,3,0.24610942230733537,0.004331062509823601,3,61.0,32.51153641401772,3,BDL-Hard
sleep,gru,density_hard,objective_e20_bs32_eval5,none,1.0,0.0,0.55,0.7793482247196583,0.031199331791424083,3,0.929130448270098,0.00664052473774572,3,0.8475182308963269,0.02130175558622097,3,0.8965643984113552,0.015174409388959626,3,0.7357765297072115,0.03174426574815296,3,0.9198275657640059,0.012770676054444279,3,0.13524043152949897,0.003496512287905018,3,0.2855686803702251,0.00966831227078369,3,541.6666666666666,17.616280348965084,3,BDL-Hard
sleep,gru,density_hard,objective_e20_bs32_eval5,none,2.0,0.5,0.55,0.7523554333041039,0.03938983821985062,3,0.9695530019954012,0.00275306352024745,3,0.8469061458938762,0.02624228721852901,3,0.8944025558404879,0.019351773652531414,3,0.7350555180071175,0.03897455705416143,3,0.9157850384590077,0.017055337827188568,3,0.09859614848019645,0.004947701120687596,3,0.3089587995969944,0.015864849946331756,3,1280.3333333333333,96.4693388250035,3,BDL-Hard
sleep,gru,density_hard,objective_e20_bs32_eval5,none,1.0,0.0,0.6000000000000001,0.8242968021239688,0.010639202990938486,3,0.8650476265080166,0.008688864531093583,3,0.8441617506652564,0.008466390579831127,3,0.8967605445028793,0.005675339201762386,3,0.7304075888638623,0.012628457015385468,3,0.9235593307423388,0.004318526723044102,3,0.13524043152949897,0.003496512287905018,3,0.2511647244889152,0.0029032954148256957,3,158.0,96.99484522385713,3,BDL-Hard
sleep,gru,density_hard,objective_e20_bs32_eval5,none,16.0,0.0,0.6000000000000001,0.7679572368070099,0.018401567507914527,3,0.9347724057495944,0.0034918885994856845,3,0.8431159528507223,0.011522830927191176,3,0.8931978659902121,0.008352117169429248,3,0.728895484489494,0.017131938660794627,3,0.9166859741481636,0.0072160631752471475,3,0.11167789477365135,0.012064030824476938,3,0.2914107023372788,0.006946870405496525,3,3289.0,716.575885723208,3,BDL-Hard
sleep,gru,density_hard,objective_e20_bs32_eval5,none,16.0,0.2393167939518393,0.6000000000000001,0.76774909213621,0.01838303763310658,3,0.9347818906566524,0.003499232748207472,3,0.8429944141989777,0.011512518143818975,3,0.8931092222056733,0.008345778308251825,3,0.7287136422321409,0.017112771194918944,3,0.916608690812822,0.007211954331107979,3,0.11214595169473456,0.01207177834412418,3,0.29149252546771637,0.006945493675035848,3,3284.3333333333335,709.3478225337225,3,BDL-Hard
sleep,gru,density_hard,objective_e20_bs32_eval5,none,16.0,0.5,0.6000000000000001,0.7673922784802453,0.01826707097294322,3,0.9347919334994197,0.0035000883210090533,3,0.842784127160834,0.011439790716267367,3,0.8929563612070438,0.00829501807881152,3,0.7283980345710033,0.016998638263622315,3,0.9164760486819853,0.0071704905195317786,3,0.11326123024080514,0.012034494210800564,3,0.29162997444041955,0.006912815586589239,3,3297.0,707.6785993655594,3,BDL-Hard
sleep,gru,density_hard,objective_e20_bs32_eval5,none,16.0,0.0,0.75,0.8140906887897025,0.004432846083304017,3,0.8702760420397863,0.00851838038848251,3,0.841217056378981,0.0026348397123406577,3,0.8944864550114927,0.0015913180770804566,3,0.7259547230828659,0.003925045079908739,3,0.9213809234178226,0.0010172300480851648,3,0.11167789477365135,0.012064030824476938,3,0.25584562709845354,0.0036889341494353834,3,2521.0,200.28979005431106,3,BDL-Hard
sleep,gru,density_hard,objective_e20_bs32_eval5,none,16.0,0.2393167939518393,0.75,0.8140323954768593,0.00441637626934091,3,0.8702909947167953,0.008522648846290198,3,0.8411928590177071,0.0026111943987906453,3,0.8944687903347223,0.0015731033141994373,3,0.7259185762804039,0.003889572568735488,3,0.9213653545911109,0.001000019589758726,3,0.11214595169473456,0.01207177834412418,3,0.255868352778611,0.0036927232021606747,3,2524.3333333333335,199.6029391901165,3,BDL-Hard
sleep,gru,density_hard,objective_e20_bs32_eval5,none,16.0,0.5,0.75,0.8139562602164752,0.004414489276555835,3,0.8703015954952718,0.008521777807196894,3,0.8411571544255789,0.002607361247032092,3,0.8944431654112259,0.0015703230091805534,3,0.7258653822672332,0.0038836221484161836,3,0.9213433766419103,0.0009977229816374971,3,0.11326123024080514,0.012034494210800564,3,0.25589540461644816,0.003693242771777849,3,2525.0,198.6756150110023,3,BDL-Hard
sleep,gru,density_hard,objective_e20_bs32_eval5,none,16.0,1.0,0.65,0.7729543728526703,0.008743539288856945,3,0.9223198386539199,0.004406477466789919,3,0.8410367555144033,0.0055938552904474075,3,0.8922305979690797,0.003987965416014694,3,0.725707037169451,0.008319914045610386,3,0.9165501541607597,0.003374253160488153,3,0.11716705170163504,0.01183175827447146,3,0.2855863054570687,0.003460590710655785,3,2955.3333333333335,397.8395824114707,3,BDL-Hard
sleep,gru,density_hard,objective_e20_bs32_eval5,none,4.0,0.0,0.55,0.7413784434457874,0.04822669538609225,3,0.9722622262125785,0.0006766460356059234,3,0.8406860744545112,0.031810557384130606,3,0.8895875224979943,0.02380732755863207,3,0.7260111531844942,0.04662444888842306,3,0.9112815350190179,0.021365009788964186,3,0.08584223225318571,0.006271019752767202,3,0.3147590287444871,0.021053408421976977,3,1781.6666666666667,185.84222699196582,3,BDL-Hard
sleep,gru,density_hard,objective_e20_bs32_eval5,none,16.0,1.0,0.7000000000000001,0.7862270457593917,0.006120979690915487,3,0.9027966639015373,0.00589132145828048,3,0.8404698255908901,0.003539125230817969,3,0.892633836292906,0.0024607378394784145,3,0.7248472483487737,0.005268557300139227,3,0.917978560630726,0.0020328098848972406,3,0.11716705170163504,0.01183175827447146,3,0.2748134518080989,0.0032458113333833816,3,2684.6666666666665,232.50448024357146,3,BDL-Hard
sleep,gru,density_hard,objective_e20_bs32_eval5,none,4.0,0.2393167939518393,0.55,0.7404422946517766,0.04833452233760336,3,0.9724996836504528,0.0006726899031761805,3,0.8401676015765633,0.03191355127408922,3,0.8891897662155359,0.023903394525091146,3,0.7252443149761637,0.04673184251813936,3,0.9109132508180177,0.02147087410560489,3,0.08654273742391637,0.006270970576858357,3,0.31524096805095164,0.02117290017511363,3,1784.3333333333333,179.6032664884838,3,BDL-Hard
sleep,gru,density_hard,objective_e20_bs32_eval5,none,4.0,0.5,0.55,0.7388781376654957,0.04753924019878157,3,0.9726101549208925,0.0007085124146682519,3,0.8392180935699819,0.03145898763702714,3,0.8884869941829464,0.023583055623053312,3,0.7238076484588506,0.045999361840792626,3,0.9102904977495435,0.021203969102082682,3,0.08832037761579788,0.00623477513264801,3,0.31591659637995667,0.020885870480565245,3,1797.6666666666667,179.97036793131625,3,BDL-Hard
sleep,gru,density_hard,objective_e20_bs32_eval5,none,16.0,1.0,0.6000000000000001,0.7495380999018186,0.017349693984988493,3,0.9349769449806207,0.003500644773239642,3,0.8319779084340793,0.011018789644210646,3,0.8850532603272674,0.008083863686470428,3,0.7123974469180862,0.01606995923362628,3,0.9095640237154624,0.007098542746239177,3,0.11716705170163504,0.01183175827447146,3,0.29863055211599315,0.006940387277965745,3,3300.3333333333335,704.0996615063335,3,BDL-Hard
sleep,gru,density_hard,objective_e20_bs32_eval5,none,1.0,1.0,0.6000000000000001,0.7683984142493886,0.009790058219598233,3,0.9052463364267521,0.007101328012871855,3,0.8312177086119906,0.00824176772318501,3,0.885855844597662,0.005698177968141878,3,0.7112391924829637,0.01202374770875741,3,0.9120102789506471,0.004575048839561401,3,0.15104039760363483,0.003396558020639027,3,0.28195422903811035,0.0023885474951867757,3,56.0,44.97777228809804,3,BDL-Hard
sleep,gru,density_hard,objective_e20_bs32_eval5,none,16.0,1.0,0.75,0.7951812341039197,0.003914056856377027,3,0.8705046840934538,0.008521754550594528,3,0.8311113469741264,0.00222833264574305,3,0.8873103595493624,0.001265492650576161,3,0.7110311052363603,0.0032606584007665853,3,0.9153382158028451,0.0006996527222610292,3,0.11716705170163504,0.01183175827447146,3,0.2619977704799236,0.0037533911986888267,3,2578.6666666666665,198.07658451551845,3,BDL-Hard
sleep,gru,density_hard,objective_e20_bs32_eval5,none,8.0,0.0,0.55,0.7302832094849129,0.0510661746969701,3,0.9645898290998288,0.0008065808460077535,3,0.8305684865278761,0.033760926534869895,3,0.8823541639920472,0.02549693556174907,3,0.7111681233043098,0.048603509483221355,3,0.9051947913916085,0.023132927430057234,3,0.09569049376064853,0.008452168488276358,3,0.3171735054139994,0.023030378663348585,3,2580.6666666666665,371.3143322487476,3,BDL-Hard
sleep,gru,density_hard,objective_e20_bs32_eval5,none,8.0,0.2393167939518393,0.55,0.729867398078761,0.05074216356133741,3,0.9646380347451116,0.0008251755289061807,3,0.8303255259921783,0.03357087975107901,3,0.8821739097882867,0.025358168399810543,3,0.710801861298188,0.04831291978142775,3,0.9050343496919776,0.023011773997826418,3,0.09625111848379048,0.008453742986448373,3,0.31735701995458926,0.022897114915080806,3,2584.0,366.8528315278485,3,BDL-Hard
sleep,gru,density_hard,objective_e20_bs32_eval5,none,8.0,0.5,0.55,0.7288491373216778,0.05035022557432829,3,0.9646593478892065,0.0008264997460672493,3,0.8296820030824069,0.0333470926096045,3,0.8816951824079616,0.02520698502863865,3,0.7098479107533141,0.047940539367768056,3,0.9046076890669771,0.02289291182128723,3,0.09765380077359846,0.008415609096902444,3,0.3177938817662174,0.022781683659166666,3,2596.0,369.99054041961665,3,BDL-Hard
sleep,gru,density_hard,objective_e20_bs32_eval5,none,2.0,1.0,0.55,0.7217516292563201,0.03625113682580691,3,0.9701158475389344,0.0027662994349947176,3,0.8273941558887339,0.025054211804134533,3,0.8798707614778637,0.018854313985412097,3,0.7061158967812999,0.03601020396298316,3,0.9028158052378767,0.01702049069522114,3,0.10693957562711194,0.004796874649150483,3,0.3221974296000622,0.015789468620301304,3,1145.3333333333333,83.73967598058479,3,BDL-Hard
sleep,gru,density_hard,objective_e20_bs32_eval5,none,4.0,0.5,0.9,0.8987877870321496,0.005162582722584296,3,0.7646790095436019,0.005671304396119666,3,0.8263126659145136,0.003502936339573115,3,0.888452976402704,0.0022028963650983255,3,0.7040414679850612,0.005090476395232391,3,0.9230702612871057,0.0014679946211817246,3,0.08832037761579788,0.00623477513264801,3,0.20361400269354055,0.002111979457061792,3,165.33333333333334,139.34250368546324,3,BDL-Hard
sleep,gru,density_hard,objective_e20_bs32_eval5,none,4.0,0.2393167939518393,0.9,0.898803037499237,0.005075801932807618,3,0.7630688070865869,0.005931315156352339,3,0.8253770294572371,0.003555157985459668,3,0.8878833513007756,0.002224268510339787,3,0.7026844178284914,0.005159592004569186,3,0.9227316993916461,0.0014624885850133764,3,0.08654273742391637,0.006270970576858357,3,0.20318186760974769,0.0021794246942761462,3,151.33333333333334,141.9518697775177,3,BDL-Hard
sleep,gru,density_hard,objective_e20_bs32_eval5,none,4.0,1.0,0.55,0.7163834902570873,0.044472568110598035,3,0.9729053029111077,0.0006595561607938808,3,0.8246523941238157,0.03018576763851938,3,0.8775686840649547,0.023001700330967486,3,0.7023619226229182,0.043083745552111176,3,0.900477917582103,0.021062692590465733,3,0.09469057772143569,0.0060622133636210745,3,0.32587044428891637,0.020764656856540272,3,1730.6666666666667,173.9233547667861,3,BDL-Hard
sleep,gru,density_hard,objective_e20_bs32_eval5,none,4.0,0.0,0.9,0.8987934077831614,0.005090111597000073,3,0.7614461068696837,0.006258860951054838,3,0.824421584517507,0.0037187596679503117,3,0.887301168005021,0.0023187709281193916,3,0.7013015328300805,0.005388987433497645,3,0.9223848056369515,0.0015093425862602679,3,0.08584223225318571,0.006271019752767202,3,0.20275208253753396,0.0022552383047441246,3,144.0,141.17011015083895,3,BDL-Hard
sleep,gru,density_hard,objective_e20_bs32_eval5,none,1.0,1.0,0.55,0.7262545278094518,0.028699014307156167,3,0.9510263004198132,0.0059892280725211584,3,0.8234275890999397,0.020790789427750242,3,0.8778993053515975,0.015336019370641607,3,0.7002032730079667,0.02974377944706679,3,0.9022102232767365,0.01351427358129447,3,0.15104039760363483,0.003396558020639027,3,0.31366611313212106,0.010715963201217758,3,483.3333333333333,15.044378795195682,3,BDL-Hard
sleep,gru,density_hard,objective_e20_bs32_eval5,none,1.0,0.5,0.65,0.8561480016586206,0.005983691450848292,3,0.7888593852485816,0.01142189167539421,3,0.8210728914794773,0.004767365949570375,3,0.883829355818205,0.0028447194716928947,3,0.6964761952260624,0.006851441654447568,3,0.9177325037365184,0.0016574633091976166,3,0.1392372025627958,0.0035053759925397017,3,0.2205253002246611,0.004403037211990523,3,952.3333333333334,73.58215363342755,3,BDL-Hard
sleep,gru,density_hard,objective_e20_bs32_eval5,none,8.0,1.0,0.55,0.7104114840740641,0.047135262861050437,3,0.9648619901388211,0.0008186626310466113,3,0.8177205010839163,0.031878512403720485,3,0.8726913338789659,0.02442752306444777,3,0.6924552437804548,0.044942815765820085,3,0.896473577965266,0.022516531397055794,3,0.10265529545660611,0.008229005784658268,3,0.3260249842549224,0.022413302859318262,3,2558.3333333333335,375.9525679302289,3,BDL-Hard
sleep,gru,density_hard,objective_e20_bs32_eval5,none,16.0,0.0,0.8,0.8205736699601068,0.002812066521351644,3,0.8141262849538352,0.013097138496721672,3,0.8172853173843952,0.005225624248764268,3,0.880054565028284,0.003063907997378229,3,0.6910469039064817,0.007463886967788954,3,0.9129043782424819,0.0016399429939326835,3,0.11167789477365135,0.012064030824476938,3,0.23744701257982562,0.004628939234431243,3,2482.3333333333335,176.14293438379337,3,BDL-Hard
sleep,gru,density_hard,objective_e20_bs32_eval5,none,2.0,0.0,0.5,0.7034693486720983,0.03749147838837303,3,0.9760782832898478,0.0009781898984110857,3,0.8172826880680364,0.025926918519656738,3,0.8718801333818016,0.01987992483435542,3,0.6915574235510121,0.036695325937612565,3,0.8951753567958489,0.01831947559217397,3,0.09547378321874161,0.004965165628318759,3,0.3326917000581948,0.017864992453113876,3,1333.6666666666667,47.71093515467217,3,BDL-Hard
sleep,gru,density_hard,objective_e20_bs32_eval5,none,16.0,0.2393167939518393,0.8,0.8205373840184315,0.0028097192374058806,3,0.814147040162221,0.013077453806107527,3,0.817277923469215,0.005216303852186354,3,0.8800483895321798,0.0030583222025792455,3,0.6910362538031126,0.00745057938187764,3,0.912897782187254,0.0016367680082440173,3,0.11214595169473456,0.01207177834412418,3,0.23746354277491077,0.004622726609669394,3,2485.6666666666665,176.47190522384386,3,BDL-Hard
sleep,gru,density_hard,objective_e20_bs32_eval5,none,16.0,0.5,0.8,0.8204516696238363,0.002804975549419669,3,0.8141669026734717,0.013079989450813952,3,0.8172454334700497,0.0052203531629815255,3,0.8800246552729672,0.0030610885813027815,3,0.6909898348363696,0.007456156415638087,3,0.9128767121970728,0.00163904416352385,3,0.11326123024080514,0.012034494210800564,3,0.2374941196301167,0.0046219845058033966,3,2489.0,172.96531444194238,3,BDL-Hard
sleep,gru,density_hard,objective_e20_bs32_eval5,none,0.5,0.5,0.55,0.776543845812833,0.018329565309473928,3,0.8624087021902102,0.013623209094425786,3,0.8172146328826035,0.01611767076630254,3,0.8777143018924848,0.010966260460685887,3,0.6911315813805277,0.02286512222118981,3,0.9076464676762317,0.008555272808081634,3,0.18443725835419275,0.0020783056554599926,3,0.26581450974058435,0.0025462177743919186,3,396.0,92.24424101265076,3,BDL-Hard
sleep,gru,density_hard,objective_e20_bs32_eval5,none,2.0,0.2393167939518393,0.5,0.7021288168245183,0.037512727067971076,3,0.9765308807372249,0.00099581345715805,3,0.8165333263578155,0.026000234543238448,3,0.8712821706882385,0.019964075773838588,3,0.6904884952806215,0.03673868202244964,3,0.8945984556578451,0.018423260759563295,3,0.09631681113978978,0.0049735245184574315,3,0.3334852295363128,0.01796882848686713,3,1350.3333333333333,44.65795935030321,3,BDL-Hard
sleep,gru,density_hard,objective_e20_bs32_eval5,none,4.0,1.0,0.9,0.8702724452270498,0.005937180806618903,3,0.7674061992906182,0.005618687268625486,3,0.8155927520800668,0.0037354236473215916,3,0.8810005712701114,0.002393079825160838,3,0.688619580635268,0.005328834740122122,3,0.9169522731875643,0.0016779846445412424,3,0.09469057772143569,0.0060622133636210745,3,0.21103731540659046,0.002282828974086727,3,223.0,134.73306943731373,3,BDL-Hard
sleep,gru,density_hard,objective_e20_bs32_eval5,none,1.0,0.2393167939518393,0.5,0.7030982753338625,0.03964295447137623,3,0.9684923662120384,0.003789902897729689,3,0.8143558200513006,0.02819923900465305,3,0.8700325602127538,0.021478608772621074,3,0.6874753317719234,0.03964571482408252,3,0.8939134806918777,0.019644042064751073,3,0.13617939929651493,0.003515443702748707,3,0.3303227014536744,0.017891065047039124,3,863.3333333333334,37.07200201409862,3,BDL-Hard
sleep,gru,density_hard,objective_e20_bs32_eval5,none,1.0,0.0,0.5,0.7043176179338717,0.03929823686971016,3,0.9610139075518384,0.003525877386017918,3,0.8125164166461989,0.027700211056812647,3,0.869039480133455,0.02106678034725624,3,0.6848375679757893,0.038824429524144,3,0.8934638807493034,0.01924683340458501,3,0.13524043152949897,0.003496512287905018,3,0.32719285989572783,0.017593475933856274,3,788.0,38.22302970723278,3,BDL-Hard
sleep,gru,density_hard,objective_e20_bs32_eval5,none,2.0,0.5,0.5,0.6955267160258062,0.03692643185915507,3,0.977146618585999,0.0010271986925321748,3,0.8122683546107661,0.025816990388699085,3,0.8679822617608447,0.019924487850626317,3,0.6844070746274323,0.03623199678983379,3,0.8915247473310277,0.018481656949979327,3,0.09859614848019645,0.004947701120687596,3,0.336853650678897,0.018001401401748038,3,1469.3333333333333,79.90828075570975,3,BDL-Hard
sleep,gru,density_hard,objective_e20_bs32_eval5,none,16.0,0.0,0.55,0.7124486984185822,0.060764753152616,3,0.9438075050387175,0.002813304434812374,3,0.8109992757789413,0.040617653169937686,3,0.8685289148840251,0.031094744668106404,3,0.6833691059183614,0.05639494144018594,3,0.8937800641254069,0.02866714479297521,3,0.11167789477365135,0.012064030824476938,3,0.31864111434985437,0.028309223010518397,3,3708.0,600.6105227183419,3,BDL-Hard
sleep,gru,density_hard,objective_e20_bs32_eval5,none,16.0,0.2393167939518393,0.55,0.7122522156868799,0.060674985029380825,3,0.9438121916986755,0.002813969285553735,3,0.8108759233483337,0.04056599803359412,3,0.868436439425562,0.03105927981610772,3,0.6831909845985061,0.0563129036159738,3,0.8936967989424094,0.02863849847059787,3,0.11214595169473456,0.01207177834412418,3,0.3187266227257229,0.02828127866097499,3,3712.0,597.1691552650723,3,BDL-Hard
sleep,gru,density_hard,objective_e20_bs32_eval5,none,16.0,0.5,0.55,0.7117515139257131,0.06058338903466807,3,0.9438491270426305,0.0028019163160618006,3,0.8105650690598573,0.040510260626990084,3,0.8681995599374481,0.03103114663050936,3,0.6827469514916179,0.05620816498861891,3,0.8934795029853692,0.02862715933661304,3,0.11326123024080514,0.012034494210800564,3,0.31896159717896067,0.028294535794305922,3,3732.0,607.7227986508323,3,BDL-Hard
sleep,gru,density_hard,objective_e20_bs32_eval5,none,1.0,0.2393167939518393,0.65,0.8561901351242126,0.00584498863400344,3,0.7667623414820959,0.011446446137818832,3,0.8089535806607128,0.004531650368473091,3,0.8764570019805134,0.0026252327940379737,3,0.6792118537821571,0.006377071426502232,3,0.9133422815365145,0.0013803049512409356,3,0.13617939929651493,0.003515443702748707,3,0.21433913508464741,0.004476721486606449,3,1188.3333333333333,83.76355611680613,3,BDL-Hard
sleep,gru,density_hard,objective_e20_bs32_eval5,none,1.0,0.5,0.5,0.6925454386814356,0.03975873948961998,3,0.9712733409614304,0.003940429577978287,3,0.8081829337543688,0.028717878664988022,3,0.8651379440643154,0.022062397943572128,3,0.6787517313099984,0.03995657084264298,3,0.889224059290365,0.020355761085051147,3,0.1392372025627958,0.0035053759925397017,3,0.3363431907773582,0.018521250373906572,3,1008.3333333333334,58.48361593928108,3,BDL-Hard
sleep,gru,density_hard,objective_e20_bs32_eval5,none,16.0,1.0,0.8,0.8018983250458476,0.0028936831768167173,3,0.8143667552445399,0.013066580865929187,3,0.8080339039442291,0.005171355434386296,3,0.8735157729321926,0.003023566761407369,3,0.6779211247583308,0.007278356604807831,3,0.9074181159828987,0.001618073092729482,3,0.11716705170163504,0.01183175827447146,3,0.24304837199743293,0.004695799791569853,3,2561.6666666666665,177.69168054057377,3,BDL-Hard
sleep,gru,density_hard,objective_e20_bs32_eval5,none,8.0,0.5,0.9,0.8655054139064374,0.003776353021312922,3,0.7520981172347904,0.015726474337473713,3,0.804776170927635,0.00979819416528928,3,0.8742800389313805,0.006012269738744838,3,0.6734020581367138,0.013780436396768316,3,0.9127063630622616,0.003672685104526622,3,0.09765380077359846,0.008415609096902444,3,0.2079562632935882,0.004030044192180063,3,1515.0,172.39779580957526,3,BDL-Hard
sleep,gru,density_hard,objective_e20_bs32_eval5,none,8.0,0.2393167939518393,0.9,0.8656156972204893,0.003782457865192578,3,0.7519768220115903,0.01576729017185764,3,0.8047542865921566,0.009836355496857354,3,0.8742708668441418,0.006036162704329365,3,0.6733720043440367,0.013833664270420097,3,0.9127084460270704,0.0036879602655546274,3,0.09625111848379048,0.008453742986448373,3,0.20789612436090366,0.004032902872644547,3,1511.0,177.5359118601079,3,BDL-Hard
sleep,gru,density_hard,objective_e20_bs32_eval5,none,8.0,0.0,0.9,0.8656769973142348,0.0038155679705771614,3,0.7518725996210947,0.01580430335792455,3,0.8047207770609851,0.009861486803957828,3,0.8742528508721596,0.006051620438687478,3,0.6733254763449756,0.013868373586664881,3,0.912702063609259,0.0036975548899149955,3,0.09569049376064853,0.008452168488276358,3,0.2078526224420124,0.00404426058663967,3,1510.3333333333333,178.11325984702358,3,BDL-Hard
sleep,gru,density_hard,objective_e20_bs32_eval5,none,4.0,0.0,0.5,0.684128440863914,0.044264573354306766,3,0.976240307819826,0.00012777497622127516,3,0.8039380154730229,0.031130346133931723,3,0.8614885354490817,0.02441851280547075,3,0.6728986306044246,0.04290631982212891,3,0.8854529316180813,0.023020866128200482,3,0.08584223225318571,0.006271019752767202,3,0.3424916756180744,0.022962181850952883,3,1773.6666666666667,79.95206897468844,3,BDL-Hard
sleep,gru,density_hard,objective_e20_bs32_eval5,none,2.0,0.5,0.8,0.894630307144992,0.009917280259581933,3,0.7299023188477601,0.006099034961647707,3,0.8038679016692573,0.002121375240574862,3,0.8747075715817946,0.0014397271419433779,3,0.6720596333858224,0.002968227540295005,3,0.914761074322748,0.0012731477955378416,3,0.09859614848019645,0.004947701120687596,3,0.1952778974147309,0.003669078276974159,3,1235.6666666666667,56.74798087450633,3,BDL-Hard
sleep,gru,density_hard,objective_e20_bs32_eval5,none,4.0,0.2393167939518393,0.5,0.6834027427957409,0.044256185294897325,3,0.9764300059609852,0.00018663042047859107,3,0.8035004612035559,0.03116972338909446,3,0.861136827493311,0.0244642419276975,3,0.6722881652974796,0.04292728806121955,3,0.8851121799391048,0.02307647984825017,3,0.08654273742391637,0.006270970576858357,3,0.3429232231989725,0.022999506062202822,3,1776.3333333333333,85.19585279421368,3,BDL-Hard
sleep,gru,density_hard,objective_e20_bs32_eval5,none,4.0,0.5,0.5,0.6793736395195787,0.04414130939523791,3,0.9766189229921513,0.00022170382599963137,3,0.8007678440959513,0.031248931471552634,3,0.8589958204385679,0.024614839688802386,3,0.6684780494684057,0.04284299068820854,3,0.8830958165948418,0.023296188632274152,3,0.08832037761579788,0.00623477513264801,3,0.34503000857967864,0.023209287698817953,3,1892.6666666666667,76.5136153461156,3,BDL-Hard
sleep,gru,density_hard,objective_e20_bs32_eval5,none,16.0,1.0,0.55,0.6959161859136812,0.05779727932113628,3,0.944005460628374,0.0028140484092916765,3,0.8002912008774006,0.039365052946973754,3,0.8603815929604033,0.03052284938767424,3,0.668246451662094,0.05372593688245195,3,0.886324598981206,0.028514859803213256,3,0.11716705170163504,0.01183175827447146,3,0.3261913276881782,0.028178479274596862,3,3708.6666666666665,605.7502235520291,3,BDL-Hard
sleep,gru,density_hard,objective_e20_bs32_eval5,none,2.0,0.2393167939518393,0.8,0.8946758891656174,0.009887718310256657,3,0.7223132773299786,0.005454545104141193,3,0.7992656581678569,0.002086574309885096,3,0.8719343718711808,0.0014531204732707594,3,0.665650726597267,0.002896319722638602,3,0.9131700630743108,0.001317075602981273,3,0.09631681113978978,0.0049735245184574315,3,0.19323653849276237,0.0034738508415956323,3,1311.0,50.68530358989675,3,BDL-Hard
sleep,gru,density_hard,objective_e20_bs32_eval5,none,1.0,1.0,0.65,0.7933259950269448,0.0026154475397817288,3,0.7989679528423812,0.01201774874690263,3,0.796099766779257,0.005565779001673107,3,0.8658303592670883,0.003332704334527799,3,0.6612908403917666,0.00766205826224101,3,0.9020721868011385,0.001930716975325452,3,0.15104039760363483,0.003396558020639027,3,0.24102391713602808,0.004029354251214076,3,1056.6666666666667,94.94384305121284,3,BDL-Hard
sleep,gru,density_hard,objective_e20_bs32_eval5,none,2.0,1.0,0.5,0.6716404314943342,0.03407519960581201,3,0.9776193017189106,0.001024953841498589,3,0.7959260829181076,0.024492768800930466,3,0.8552831421589766,0.019286921331553766,3,0.6614815824418607,0.03347824255949968,3,0.8796610877391777,0.018242304927671937,3,0.10693957562711194,0.004796874649150483,3,0.34894355229459406,0.017779906798060453,3,1194.6666666666667,46.69403959107985,3,BDL-Hard
sleep,gru,density_hard,objective_e20_bs32_eval5,none,8.0,1.0,0.9,0.8437535555853207,0.005158738888704969,3,0.7525816243204622,0.015770385286527983,3,0.7955166855542734,0.010052114586770055,3,0.8678483542786734,0.006203204321829578,3,0.6605404907969464,0.01392455518363515,3,0.9074396666572667,0.003864452457895851,3,0.10265529545660611,0.008229005784658268,3,0.21345438242977524,0.0040323111151447455,3,1620.3333333333333,155.12038335864614,3,BDL-Hard
sleep,gru,density_hard,objective_e20_bs32_eval5,none,2.0,0.0,0.8,0.894149962132341,0.009774146598981005,3,0.7127301735871896,0.006489593128692009,3,0.7931506747298339,0.002337314712976065,3,0.8682398047863141,0.0015098295675760867,3,0.6572118529918797,0.0032130545392409495,3,0.911033715616126,0.001239453691279596,3,0.09547378321874161,0.004965165628318759,3,0.1907860906232829,0.003666226711457708,3,1414.3333333333333,52.003205029433815,3,BDL-Hard
sleep,gru,density_hard,objective_e20_bs32_eval5,none,1.0,0.0,0.65,0.8533511203931937,0.006112640433707833,3,0.7382256037589691,0.010364318840187651,3,0.7915715665256876,0.004320800251572467,3,0.8658479681338506,0.002499356574713912,3,0.655056242091482,0.0059093086038288535,3,0.9069743910692724,0.0013309799260013098,3,0.13524043152949897,0.003496512287905018,3,0.2070483843884031,0.004157006474719391,3,1477.0,68.5054742338158,3,BDL-Hard
sleep,gru,density_hard,objective_e20_bs32_eval5,none,4.0,1.0,0.5,0.6625635985918548,0.040823163875625075,3,0.976825359204589,0.00018424240140959959,3,0.7890875993775066,0.029468888680030867,3,0.8498387540557516,0.023566241179718145,3,0.6522905565936671,0.03965839303526173,3,0.874471567850816,0.02260914126650576,3,0.09469057772143569,0.0060622133636210745,3,0.3537530646287366,0.022531114954141913,3,1702.6666666666667,72.47298347200382,3,BDL-Hard
sleep,gru,density_hard,objective_e20_bs32_eval5,none,2.0,1.0,0.8,0.8515343418596698,0.009678001144419588,3,0.735021825329076,0.006072936835671401,3,0.7889543479930229,0.002539793206518167,3,0.8641978648698175,0.0017676907396751054,3,0.6514702529264773,0.003466361565285043,3,0.9058891931085696,0.001587310889677592,3,0.10693957562711194,0.004796874649150483,3,0.20660014638435764,0.0038609928886599166,3,1235.3333333333333,53.79900866496827,3,BDL-Hard
sleep,gru,density_hard,objective_e20_bs32_eval5,none,8.0,0.0,0.5,0.6586710611715603,0.05572272382594441,3,0.9684765208378945,0.0007490145323609306,3,0.7831642664719647,0.040184868043444066,3,0.8454150156970469,0.03234223127437101,3,0.6447839924013619,0.05345324967833533,3,0.8705908441839777,0.031211372979090386,3,0.09569049376064853,0.008452168488276358,3,0.35363775383329615,0.031184189067792904,3,2499.3333333333335,178.94226256905705,3,BDL-Hard
sleep,gru,density_hard,objective_e20_bs32_eval5,none,8.0,0.2393167939518393,0.5,0.658162936445995,0.05556541715477033,3,0.9685027438162311,0.0007706059927247659,3,0.7828173869968387,0.04008994168320271,3,0.8451401934259852,0.03227590406383732,3,0.6443092642103322,0.05330720047243711,3,0.8703291650537043,0.03115550801968226,3,0.09625111848379048,0.008453742986448373,3,0.35391198416177655,0.031124725260217066,3,2504.6666666666665,182.15469616052533,3,BDL-Hard
sleep,gru,density_hard,objective_e20_bs32_eval5,none,0.5,0.5,0.5,0.663320318792252,0.04321296038055111,3,0.9543187906274836,0.008506653293537407,3,0.7822313951151146,0.032847606171468605,3,0.8459170641083894,0.02546185363531315,3,0.6431391233171745,0.04399072934590706,3,0.872281250240342,0.023696843964243153,3,0.18443725835419275,0.0020783056554599926,3,0.3451709825697505,0.0199458159171287,3,366.0,128.0117182136073,3,BDL-Hard
sleep,gru,density_hard,objective_e20_bs32_eval5,none,1.0,1.0,0.5,0.6545858403157064,0.03445252908127608,3,0.9725160869603059,0.0038155033644619416,3,0.7821866268685818,0.02600903313058557,3,0.8447436996094199,0.020610202335036614,3,0.6427823611803335,0.034738560253456174,3,0.869984194035756,0.019585869094768345,3,0.15104039760363483,0.003396558020639027,3,0.35617787600826184,0.017831694091664036,3,569.0,57.29746940310715,3,BDL-Hard
sleep,gru,density_hard,objective_e20_bs32_eval5,none,0.5,0.2393167939518393,0.55,0.7743302828123212,0.018503956045066872,3,0.7880364300773768,0.012806869469113115,3,0.7811103248940086,0.015513481239515386,3,0.8557092281991862,0.010416865787092538,3,0.641013528235652,0.020734839255727982,3,0.8942777324866457,0.007935334991904802,3,0.1794939641074316,0.0020777110847346675,3,0.24358617748825637,0.0024288765816524215,3,1163.3333333333333,80.2267619521898,3,BDL-Hard
sleep,gru,density_hard,objective_e20_bs32_eval5,none,8.0,0.5,0.5,0.6556991683634169,0.056039605466102954,3,0.968607524142436,0.0008004575034791923,3,0.7810810413817016,0.040541993881813995,3,0.8437339596728005,0.032728668076592145,3,0.6419900562130114,0.05375502682635662,3,0.868965891291028,0.0316642285286874,3,0.09765380077359846,0.008415609096902444,3,0.3553254093079259,0.03165817585017724,3,2611.6666666666665,172.7927467613537,3,BDL-Hard
sleep,gru,density_hard,objective_e20_bs32_eval5,none,2.0,0.0,0.45,0.6477615045851262,0.03171399816133759,3,0.9814525432160263,0.0005772014124570443,3,0.7801372593530949,0.023279520456222686,3,0.8425128916871939,0.018773723670497688,3,0.6399241224636806,0.03108002210727242,3,0.8672529998965995,0.018133527982853333,3,0.09547378321874161,0.004965165628318759,3,0.363186358268238,0.017977631183197652,3,1385.3333333333333,24.19366308216542,3,BDL-Hard
sleep,gru,density_hard,objective_e20_bs32_eval5,none,2.0,0.2393167939518393,0.45,0.6464044790222184,0.032062901836116445,3,0.9819438614016281,0.0005496347659118411,3,0.7792966224336032,0.02353525523664035,3,0.841796800866141,0.019027392174342978,3,0.6388028237229462,0.03136736839316542,3,0.8665250838099584,0.018417839189183847,3,0.09631681113978978,0.0049735245184574315,3,0.3641494357408561,0.01834806061137276,3,1403.3333333333333,32.51666239535253,3,BDL-Hard
sleep,gru,density_hard,objective_e20_bs32_eval5,none,0.5,0.2393167939518393,0.5,0.6780224491170052,0.04313246965121132,3,0.9159402901667403,0.009049848133589654,3,0.7788469316932579,0.031801417203161826,3,0.8458603691343597,0.02416520748847895,3,0.6385298712250309,0.04225457882298516,3,0.8750292416213542,0.022079803843542276,3,0.1794939641074316,0.0020777110847346675,3,0.32405375181484986,0.017943782132674217,3,117.0,91.84770002564028,3,BDL-Hard
sleep,gru,density_hard,objective_e20_bs32_eval5,none,8.0,1.0,0.5,0.6422771458996929,0.05264263239759797,3,0.9687372999884172,0.0007451750984516375,3,0.7715876113011193,0.03870966046270724,3,0.8361521792354706,0.031657881595096755,3,0.6291799880774577,0.050566590128353975,3,0.8617057708593437,0.03095363132642963,3,0.10265529545660611,0.008229005784658268,3,0.36264764481839534,0.03092615055772376,3,2472.3333333333335,178.94226256905705,3,BDL-Hard
sleep,gru,density_hard,objective_e20_bs32_eval5,none,16.0,0.0,0.8500000000000001,0.8241655262616159,0.0011845867719853923,3,0.7212732851678595,0.020875168017372877,3,0.7691813633323968,0.01160619327133215,3,0.8512221856935915,0.006888129341074557,3,0.6250311841895447,0.015336860938703522,3,0.8964659404276337,0.0037814718475342483,3,0.11167789477365135,0.012064030824476938,3,0.20944288595949265,0.0062235320075842305,3,2415.0,123.01625908797584,3,BDL-Hard
sleep,gru,density_hard,objective_e20_bs32_eval5,none,16.0,0.2393167939518393,0.8500000000000001,0.8241225770059092,0.0011811298143928788,3,0.7212816542034988,0.02087644369702702,3,0.7691672429898168,0.011598057571686601,3,0.8512117964747755,0.006882332642639771,3,0.6250124030105638,0.01532556858094822,3,0.8964565136766401,0.0037764714095696503,3,0.11214595169473456,0.01207177834412418,3,0.20945631841204163,0.006228718028054155,3,2416.3333333333335,122.0751134889226,3,BDL-Hard
sleep,gru,density_hard,objective_e20_bs32_eval5,none,16.0,0.5,0.8500000000000001,0.8240699999737884,0.0011842934049084198,3,0.7212925897434008,0.020876460470300114,3,0.7691507248300411,0.011605588279654792,3,0.8511995699488443,0.006887684486158993,3,0.6249907186406475,0.015335273209171312,3,0.8964452977122851,0.003781124082933525,3,0.11326123024080514,0.012034494210800564,3,0.20947276849309568,0.006224506142819019,3,2417.6666666666665,120.83183907122051,3,BDL-Hard
sleep,gru,density_hard,objective_e20_bs32_eval5,none,2.0,0.5,0.45,0.6298870328961959,0.02983804352728603,3,0.9825256767592773,0.0006167325227932051,3,0.7673720901357778,0.022366000630445186,3,0.8320996433055411,0.018384375659052786,3,0.6229035643569261,0.02925711131512405,3,0.8570899742524186,0.01802985924445146,3,0.09859614848019645,0.004947701120687596,3,0.373863021670525,0.01792631819829987,3,1389.6666666666667,15.275252316519461,3,BDL-Hard
sleep,gru,density_hard,objective_e20_bs32_eval5,none,4.0,0.0,0.45,0.6271773101623431,0.031232054492788753,3,0.97972517426006,0.00043792680547237884,3,0.7644706675357552,0.023376378787296013,3,0.8299117071658474,0.01935201117557485,3,0.6191223208792177,0.030359434385625213,3,0.8551338299548713,0.019092404480793485,3,0.08584223225318571,0.006271019752767202,3,0.37447875140893877,0.019210632210475448,3,1743.3333333333333,60.46762219017157,3,BDL-Hard
sleep,gru,density_hard,objective_e20_bs32_eval5,none,4.0,0.2393167939518393,0.45,0.6262361431510639,0.03070640173538105,3,0.9798086414421702,0.00041558582773557404,3,0.7638062313895705,0.02301019022449746,3,0.8293672453632966,0.01905720302289229,3,0.6182399526504163,0.029866457919229837,3,0.8545997898235099,0.018807161729647637,3,0.08654273742391637,0.006270970576858357,3,0.37505274173714565,0.01890633163975775,3,1747.3333333333333,53.2572373798466,3,BDL-Hard
sleep,gru,density_hard,objective_e20_bs32_eval5,none,16.0,1.0,0.8500000000000001,0.8058314168364585,0.0028167136298768184,3,0.7214604168047557,0.020838060700369473,3,0.7612084657147521,0.011684714710102401,3,0.845602524080248,0.006954396616071739,3,0.6145725944554942,0.015258786242155393,3,0.8917365154199214,0.003874200651314566,3,0.11716705170163504,0.01183175827447146,3,0.21426187845398292,0.006218212238954985,3,2540.3333333333335,125.00533321956041,3,BDL-Hard
sleep,gru,density_hard,objective_e20_bs32_eval5,none,0.5,0.0,0.55,0.7714630145617263,0.018688892190278167,3,0.7499073268786867,0.012765299735442947,3,0.760519646267877,0.01541754073818038,3,0.8432664904616886,0.010273294022629739,3,0.6137446962349348,0.019929922984834734,3,0.8869529333271805,0.007710826884656989,3,0.17816906354976306,0.0020562902064962295,3,0.23266110718018265,0.0023359288956439077,3,1553.0,78.30708780180757,3,BDL-Hard
sleep,gru,density_hard,objective_e20_bs32_eval5,none,2.0,1.0,0.45,0.6201111854998073,0.029511080080662694,3,0.9827526450058169,0.0006218215181686251,3,0.7601367987836126,0.02238313191361661,3,0.8261265748196361,0.018602788608857494,3,0.6134295109460152,0.028943203526939243,3,0.8512115271058881,0.018394964073297698,3,0.10693957562711194,0.004796874649150483,3,0.37985010344323694,0.01830342874005393,3,1204.3333333333333,22.47962040011652,3,BDL-Hard
sleep,gru,density_hard,objective_e20_bs32_eval5,none,0.5,0.0,0.5,0.6747479534563694,0.04499039698517902,3,0.8700700521759158,0.008694277501572107,3,0.7596501043650056,0.03193016853356151,3,0.8341893275052584,0.02415243488659734,3,0.6131547229043232,0.04116899327812706,3,0.8677348857937099,0.022027546884283995,3,0.17816906354976306,0.0020562902064962295,3,0.3093930710549501,0.0180041840051322,3,555.3333333333334,141.5709480555009,3,BDL-Hard
sleep,gru,density_hard,objective_e20_bs32_eval5,none,16.0,0.0,0.5,0.6338311008368174,0.06780185058986936,3,0.9511499389729922,0.002296527402893514,3,0.7593111419927219,0.049831814662452296,3,0.8271215318680726,0.0411683587979084,3,0.6137127734577962,0.06368492229608408,3,0.8539214643221241,0.04061286381260333,3,0.11167789477365135,0.012064030824476938,3,0.3620140496510446,0.04048586377947055,3,3712.6666666666665,44.81443219916245,3,BDL-Hard
sleep,gru,density_hard,objective_e20_bs32_eval5,none,16.0,0.2393167939518393,0.5,0.6335966485666722,0.06778852193138467,3,0.951157192137213,0.002296766921954128,3,0.7591444322867611,0.0498374389347148,3,0.8269844722741754,0.0411844918598291,3,0.613495872041164,0.0636740530249207,3,0.8537870062732491,0.04063732259766292,3,0.11214595169473456,0.01207177834412418,3,0.3621519793079344,0.040511076725514496,3,3713.3333333333335,40.377386410382464,3,BDL-Hard
sleep,gru,density_hard,objective_e20_bs32_eval5,none,16.0,0.5,0.5,0.6317676230727748,0.06846496851582715,3,0.9512475777221181,0.0023252106510038475,3,0.7578189437554247,0.05043687545637573,3,0.8258672160511139,0.04177669497385252,3,0.6118116951280262,0.0643042395788126,3,0.8526696291767184,0.04129233315422609,3,0.11326123024080514,0.012034494210800564,3,0.36331261798126313,0.041190795399276205,3,3820.3333333333335,42.852460061627006,3,BDL-Hard
sleep,gru,density_hard,objective_e20_bs32_eval5,none,1.0,0.0,0.45,0.6166496477796973,0.027736612598248896,3,0.9776479796143681,0.0015611361746338066,3,0.7560476186367139,0.021247835517028597,3,0.8231784218719923,0.017572552340087956,3,0.6080903944104226,0.027383439809191754,3,0.8486982698360205,0.01730852466942861,3,0.13524043152949897,0.003496512287905018,3,0.37992009640174773,0.016765576715157993,3,784.6666666666666,46.05793453177568,3,BDL-Hard
sleep,gru,density_hard,objective_e20_bs32_eval5,none,1.0,0.2393167939518393,0.45,0.6150276814522632,0.02756017126154059,3,0.9815121307497785,0.0018833842921731968,3,0.7559819532040916,0.021317318445933493,3,0.822810323530217,0.01764579016078042,3,0.6080075377042221,0.027471576280550417,3,0.8480482512922928,0.0173805679200236,3,0.13617939929651493,0.003515443702748707,3,0.382419627467619,0.01667196472106244,3,840.6666666666666,40.51337227796934,3,BDL-Hard
sleep,gru,density_hard,objective_e20_bs32_eval5,none,4.0,0.5,0.45,0.61325265290895,0.02913257675802678,3,0.9800891715168017,0.00043439346532145036,3,0.7541686658839577,0.022178550705951736,3,0.821384684291442,0.018645388077406233,3,0.6056902169138619,0.028351241407622213,3,0.846722711238268,0.01859977894155243,3,0.08832037761579788,0.00623477513264801,3,0.38306409143852327,0.01870960127980648,3,1753.6666666666667,56.871199506721645,3,BDL-Hard
sleep,gru,density_hard,objective_e20_bs32_eval5,none,4.0,1.0,0.45,0.6089675048327923,0.028710415407177205,3,0.9801633769661375,0.0004620395338158588,3,0.7509440636821644,0.02195229781654543,3,0.8186873055295302,0.018551961662749347,3,0.6015364982532345,0.02792498631684887,3,0.8440420690527403,0.018574064707869414,3,0.09469057772143569,0.0060622133636210745,3,0.38578025084450873,0.018713537247065128,3,1658.3333333333333,47.24757489367396,3,BDL-Hard
sleep,gru,density_hard,objective_e20_bs32_eval5,none,0.5,1.0,0.55,0.6550733910818168,0.014085928925556435,3,0.8791151943078059,0.011463369111031137,3,0.7507266955655668,0.01343694118059243,3,0.8268184464965889,0.00967615162159504,3,0.6010534620304417,0.01711877648777749,3,0.8602522085836095,0.008238673527170332,3,0.20413211559992303,0.0020187280334976188,3,0.3212050570967359,0.002755449604266684,3,1049.0,79.67433714816836,3,BDL-Hard
sleep,gru,density_hard,objective_e20_bs32_eval5,none,16.0,1.0,0.5,0.620576201866596,0.06484844134956398,3,0.9513473366269394,0.0022987730559110684,3,0.7498341300986698,0.04842727892462317,3,0.8193702341185275,0.04057282449964281,3,0.6013628585920774,0.06100071169884772,3,0.8463476440493007,0.040440986427810806,3,0.11716705170163504,0.01183175827447146,3,0.36968235107122077,0.040317641436891274,3,3699.6666666666665,48.2735262160672,3,BDL-Hard
sleep,gru,density_hard,objective_e20_bs32_eval5,none,2.0,0.0,0.4,0.5930701648723741,0.02172895315191367,3,0.9863484290650583,0.0009692515731716332,3,0.7405883630078788,0.016994757184391075,3,0.809473322091252,0.014605287692909452,3,0.5882349779233242,0.021325793790129836,3,0.8344072619203269,0.014773390365593246,3,0.09547378321874161,0.004965165628318759,3,0.39837543165439965,0.014831445319983861,3,1292.0,13.527749258468683,3,BDL-Hard
sleep,gru,density_hard,objective_e20_bs32_eval5,none,1.0,0.5,0.45,0.5936399350347755,0.026835542948403387,3,0.9831246765367725,0.0019286838163223526,3,0.7400544311263596,0.02128381428245904,3,0.8092449300333215,0.01808656919385011,3,0.5876713779269118,0.026748077902224453,3,0.8343808242900614,0.0181411067342416,3,0.1392372025627958,0.0035053759925397017,3,0.3968588730455381,0.017497517903045077,3,779.6666666666666,52.20472520120506,3,BDL-Hard
sleep,gru,density_hard,objective_e20_bs32_eval5,none,8.0,0.0,0.45,0.5973287901201182,0.03688081031269218,3,0.9719215506684851,0.0008472075597435009,3,0.739471436991055,0.028791196147899878,3,0.8095709761156011,0.024723816329186656,3,0.587180830870604,0.03578031156617824,3,0.8354589989207039,0.02501832662648401,3,0.09569049376064853,0.008452168488276358,3,0.39041850608482087,0.02485459402772927,3,2425.3333333333335,135.04196878501642,3,BDL-Hard
sleep,gru,density_hard,objective_e20_bs32_eval5,none,2.0,0.2393167939518393,0.4,0.591045357264857,0.021714334988934162,3,0.986710864101814,0.000931618212428204,3,0.7391084314805715,0.01702327857864535,3,0.808172947196718,0.014662348152688574,3,0.5863711242563726,0.021321980999708758,3,0.8330675950921504,0.014850937680575455,3,0.09631681113978978,0.0049735245184574315,3,0.39988857206460054,0.01490779951100883,3,1294.6666666666667,17.785762095938807,3,BDL-Hard
sleep,gru,density_hard,objective_e20_bs32_eval5,none,8.0,0.2393167939518393,0.45,0.5967664007420358,0.03670724236629942,3,0.9719488895182403,0.0008374667332974164,3,0.7390512024675363,0.028670184062600083,3,0.8092144236946162,0.024637839867540704,3,0.5866469751252138,0.03560818096012446,3,0.8351007289735919,0.02494309870905364,3,0.09625111848379048,0.008453742986448373,3,0.3907898613236804,0.02478834072754282,3,2430.0,142.05984654363104,3,BDL-Hard
sleep,gru,density_hard,objective_e20_bs32_eval5,none,4.0,0.0,0.4,0.589141312715069,0.0256013173023558,3,0.9826567916509608,0.0005193841947799692,3,0.7364152960808689,0.02002869826638127,3,0.8061776896245662,0.017360029719667394,3,0.5830619598294797,0.02493057615757193,3,0.8313299484621096,0.01766394392101468,3,0.08584223225318571,0.006271019752767202,3,0.39968580345186794,0.017883451383866256,3,1722.0,12.767145334803704,3,BDL-Hard
sleep,gru,density_hard,objective_e20_bs32_eval5,none,4.0,0.2393167939518393,0.4,0.5883125001609703,0.02525784967298366,3,0.9827927047897441,0.0005252854092467029,3,0.7358105606782516,0.019773994326033294,3,0.8056500819661574,0.01715927134474101,3,0.5822978093585577,0.02459191729419748,3,0.8307888048866569,0.017472285147846007,3,0.08654273742391637,0.006270970576858357,3,0.40029199962058,0.01770113606453561,3,1722.0,14.730919862656235,3,BDL-Hard
sleep,gru,density_hard,objective_e20_bs32_eval5,none,8.0,0.5,0.45,0.586637437078192,0.035540543445416135,3,0.9721572227120898,0.000824486265809895,3,0.7313027676548284,0.028115210272394917,3,0.8025796377115074,0.02447740447120876,3,0.5769300062241117,0.03450451845797314,3,0.8283995641369434,0.024977642502121044,3,0.09765380077359846,0.008415609096902444,3,0.39759074142438044,0.024820748999088704,3,2453.3333333333335,143.97684999100846,3,BDL-Hard
sleep,gru,density_hard,objective_e20_bs32_eval5,none,8.0,1.0,0.45,0.583701498887698,0.034985116694598875,3,0.9721723985633824,0.0008119165021030696,3,0.7290300074810938,0.027781822769971386,3,0.8006264437561484,0.02427677716451106,3,0.574096433778664,0.03397901641542053,3,0.8264229373521094,0.024826458202950662,3,0.10265529545660611,0.008229005784658268,3,0.399574631881368,0.024660535653120694,3,2382.3333333333335,140.0154753351691,3,BDL-Hard
sleep,gru,density_hard,objective_e20_bs32_eval5,none,2.0,0.5,0.4,0.57632583386366,0.02032570149376142,3,0.9871644658334677,0.0009808395706055113,3,0.7276252478542581,0.016249536950096198,3,0.7982008159902693,0.014273655076436608,3,0.5720341383623976,0.019989892804248656,3,0.8229127944884965,0.01462503754816099,3,0.09859614848019645,0.004947701120687596,3,0.41026048169255525,0.014662954317948765,3,1238.3333333333333,23.713568549109905,3,BDL-Hard
sleep,gru,density_hard,objective_e20_bs32_eval5,none,4.0,0.5,0.4,0.576576517029825,0.02384410274513699,3,0.9830442222074928,0.0005449805311144317,3,0.7266444072953316,0.01893848188398809,3,0.7976967528501898,0.016705311127461337,3,0.5708833803320327,0.023218031706023337,3,0.822693762727449,0.017172721000693454,3,0.08832037761579788,0.00623477513264801,3,0.408507426463865,0.017416717290093028,3,1702.3333333333333,10.692676621563644,3,BDL-Hard
sleep,gru,density_hard,objective_e20_bs32_eval5,none,1.0,1.0,0.45,0.5731635799247266,0.02523427302535256,3,0.9839582324864539,0.001690502740264637,3,0.7241674132180796,0.020474293544967218,3,0.7954223882393564,0.017851786252812144,3,0.5678727968960754,0.025145253317056332,3,0.8202828911893366,0.018191514104257386,3,0.15104039760363483,0.003396558020639027,3,0.41135577402117746,0.017620089357499008,3,418.3333333333333,77.00216447174283,3,BDL-Hard
sleep,gru,density_hard,objective_e20_bs32_eval5,none,4.0,1.0,0.4,0.5729138224899996,0.024176912650115578,3,0.9830649774158783,0.0005397951259876373,3,0.7237259247512103,0.019301081654222323,3,0.7951308102452462,0.017117329244206246,3,0.5672989635295361,0.02355105754265198,3,0.8200633253347486,0.017648037359393364,3,0.09469057772143569,0.0060622133636210745,3,0.41114779799642287,0.017890610561482983,3,1623.6666666666667,26.350205565295532,3,BDL-Hard
sleep,gru,density_hard,objective_e20_bs32_eval5,none,2.0,1.0,0.4,0.5685364028888236,0.0195175540221087,3,0.9873899834471634,0.0008808535816752842,3,0.7214527366066082,0.015745923203752614,3,0.7927590019172532,0.013985730765516893,3,0.5644329403562214,0.019191461285534506,3,0.8173230783100767,0.014418466440102602,3,0.10693957562711194,0.004796874649150483,3,0.41595813817555355,0.014475023670895289,3,1062.3333333333333,19.50213663508012,3,BDL-Hard
sleep,gru,density_hard,objective_e20_bs32_eval5,none,0.25,0.5,0.5,0.5871631920583545,0.04586411484418061,3,0.9177289204635866,0.012343108219737541,3,0.715561721731313,0.03574684784328606,3,0.7943184904483275,0.029256346900238997,3,0.5579153896660339,0.04390106519050345,3,0.8245582031640556,0.028677723811708924,3,0.2157736649246654,0.0011409219547346946,3,0.37538088880856124,0.025878281347575225,3,773.6666666666666,233.56869082420556,3,BDL-Hard
sleep,gru,density_hard,objective_e20_bs32_eval5,none,0.5,1.0,0.5,0.5691640483730008,0.031379723233418456,3,0.9587364139865109,0.0073023903322642246,3,0.7140265694007941,0.02665194963426969,3,0.7890186595877285,0.02272710439803598,3,0.5556858401664572,0.03211922861204935,3,0.8157281681787923,0.02280139076864534,3,0.20413211559992303,0.0020187280334976188,3,0.40383848754963864,0.019539459976473245,3,724.6666666666666,116.36293797138903,3,BDL-Hard
sleep,gru,density_hard,objective_e20_bs32_eval5,none,4.0,0.0,0.35000000000000003,0.5578649431018198,0.022246283896713116,3,0.9851593564814164,0.0004251157737191322,3,0.7121697879983566,0.018159151441372028,3,0.7846733962110882,0.01647487758783211,3,0.5532042817514525,0.02175782693776153,3,0.8091311782872603,0.017179539654142904,3,0.08584223225318571,0.006271019752767202,3,0.42308238521047986,0.01737502122198324,3,1645.3333333333333,17.24335620850341,3,BDL-Hard
sleep,gru,density_hard,objective_e20_bs32_eval5,none,4.0,0.2393167939518393,0.35000000000000003,0.5569879157076121,0.022055171461898896,3,0.9852584458633866,0.00039222512108014695,3,0.7114831959716431,0.01803072894426302,3,0.7840484396621035,0.01637821101315934,3,0.5523735532260823,0.02158084815981435,3,0.8084765665390824,0.017088031616578573,3,0.08654273742391637,0.006270970576858357,3,0.42378442446507325,0.017270835425839157,3,1645.3333333333333,16.653327995729054,3,BDL-Hard
sleep,gru,density_hard,objective_e20_bs32_eval5,none,16.0,0.0,0.45,0.5647736579384471,0.04151963332191193,3,0.9569629595409573,0.0016414710097500253,3,0.709725939338993,0.033405031266785484,3,0.7851036656558232,0.02999567888797551,3,0.5507413598097458,0.03957596206363792,3,0.811690821581139,0.03119245512385615,3,0.11167789477365135,0.012064030824476938,3,0.4070269992830329,0.03110054736877361,3,3471.6666666666665,351.1485915297587,3,BDL-Hard
sleep,gru,density_hard,objective_e20_bs32_eval5,none,16.0,0.2393167939518393,0.45,0.5644589278445814,0.04156356658799321,3,0.9569698779437524,0.001640526239807547,3,0.7094770944976666,0.03345281598018873,3,0.7848805249391922,0.030054077808219243,3,0.5504440261970943,0.039617105754447934,3,0.8114591050984997,0.03126152417334818,3,0.11214595169473456,0.01207177834412418,3,0.40726202714562465,0.031172438201545832,3,3471.0,348.52259611106996,3,BDL-Hard
sleep,gru,density_hard,objective_e20_bs32_eval5,none,8.0,0.0,0.4,0.557034266355362,0.026657277125374378,3,0.9749306095358355,0.0007866313938780394,3,0.7087345719742846,0.021879926193960404,3,0.7826260046427059,0.01980480179642551,3,0.5491620315681028,0.02600846775404449,3,0.807807454151274,0.020635289405156042,3,0.09569049376064853,0.008452168488276358,3,0.41951028749614383,0.020506580819850764,3,2210.0,96.317184344228,3,BDL-Hard
sleep,gru,density_hard,objective_e20_bs32_eval5,none,8.0,0.2393167939518393,0.4,0.5564077493034233,0.02660886864001584,3,0.9749434420571491,0.0007863287935234132,3,0.7082309118720337,0.021857069744988928,3,0.7821729957516755,0.019801735386558432,3,0.5485571929666708,0.02596288524303235,3,0.8073367308091646,0.020641024935134786,3,0.09625111848379048,0.008453742986448373,3,0.4199871529139716,0.02051198805314255,3,2210.0,91.03296106356203,3,BDL-Hard
sleep,gru,density_hard,objective_e20_bs32_eval5,none,16.0,0.5,0.45,0.556666010835216,0.04049329402379741,3,0.9571538851406768,0.0016425807813684177,3,0.7033507193467267,0.032907175447906466,3,0.779420101619105,0.029900735829613057,3,0.5430905755992211,0.038621956088802416,3,0.8058053511045481,0.03127928025359346,3,0.11326123024080514,0.012034494210800564,3,0.41300385316444016,0.03119894703753601,3,3526.6666666666665,356.4398032393875,3,BDL-Hard
sleep,gru,density_hard,objective_e20_bs32_eval5,none,4.0,0.5,0.35000000000000003,0.5457263274043611,0.021101834660057363,3,0.9854923325127215,0.00040078036233561615,3,0.7022938957009909,0.01750270117569842,3,0.7756959584843118,0.01618998152700714,3,0.5413667339079111,0.020655826149051315,3,0.7997620826913528,0.01703413812585044,3,0.08832037761579788,0.00623477513264801,3,0.4326108543189367,0.017223035108242923,3,1607.0,26.0,3,BDL-Hard
sleep,gru,density_hard,objective_e20_bs32_eval5,none,16.0,1.0,0.45,0.5543192194448499,0.03959822916757132,3,0.9571542199021024,0.001642253848341871,3,0.7014949062039939,0.032282937808644455,3,0.7777776123918855,0.02943110897606633,3,0.5408589528034681,0.03778488477410783,3,0.8041119274196787,0.030837863779887696,3,0.11716705170163504,0.01183175827447146,3,0.4146974370773718,0.030748291377456053,3,3456.0,346.41593496835566,3,BDL-Hard
sleep,gru,density_hard,objective_e20_bs32_eval5,none,2.0,0.0,0.35000000000000003,0.5433797736399176,0.018132187136375415,3,0.9898409950180804,0.0005620596483653737,3,0.7014859961748504,0.015136961558000588,3,0.7744999740017553,0.014031016965498863,3,0.5403609503760128,0.017863557786099785,3,0.798175023735117,0.014765217186223895,3,0.09547378321874161,0.004965165628318759,3,0.4362793292126948,0.01487329285280325,3,1052.0,32.2335229225724,3,BDL-Hard
sleep,gru,density_hard,objective_e20_bs32_eval5,none,8.0,0.5,0.4,0.5471111698545948,0.025652554900193577,3,0.9751453031967707,0.0007736773272516175,3,0.7007141697936919,0.021329183132454584,3,0.7753629297313572,0.019604399937740116,3,0.5395813064824942,0.025048606299687113,3,0.8002346486561779,0.020574317786753085,3,0.09765380077359846,0.008415609096902444,3,0.4271858525884737,0.02044207389532747,3,2216.3333333333335,96.64539995950838,3,BDL-Hard
sleep,gru,density_hard,objective_e20_bs32_eval5,none,2.0,0.2393167939518393,0.35000000000000003,0.5414495814195684,0.01784573720216371,3,0.9902395842887982,0.0005258525916029328,3,0.6999781882607866,0.01493517535175598,3,0.7730685516044419,0.013877863606101517,3,0.5385704806155912,0.017594605727889057,3,0.7966430565276058,0.014618188789860168,3,0.09631681113978978,0.0049735245184574315,3,0.43800207463294955,0.014715903293677723,3,1050.0,32.046840717924134,3,BDL-Hard
sleep,gru,density_hard,objective_e20_bs32_eval5,none,4.0,1.0,0.35000000000000003,0.5427384536012784,0.020996387370282164,3,0.9855262550038465,0.000385492280821777,3,0.6998231628907843,0.017491290416067937,3,0.7734251946384306,0.016260604197244344,3,0.5384367010049426,0.020561609618531485,3,0.7973813607336138,0.017145163717566535,3,0.09469057772143569,0.0060622133636210745,3,0.4350078127203136,0.017324966053940467,3,1525.6666666666667,32.51666239535252,3,BDL-Hard
sleep,gru,density_hard,objective_e20_bs32_eval5,none,8.0,1.0,0.4,0.5450797135549607,0.02554425096693256,3,0.975148985572452,0.0007723919693380342,3,0.699046707018602,0.021294866947202853,3,0.7738413584814144,0.019636781265490875,3,0.5376064216733357,0.02494539274005534,3,0.7986434237703244,0.02063861106895688,3,0.10265529545660611,0.008229005784658268,3,0.42877883998301153,0.02050617547611762,3,2151.6666666666665,94.32037602413025,3,BDL-Hard
sleep,gru,density_hard,objective_e20_bs32_eval5,none,1.0,0.0,0.4,0.5329486174303365,0.023565657133145148,3,0.9868274726650558,0.00110750934236142,3,0.6919093024375567,0.019877748123075342,3,0.7658809059111834,0.018523644203157785,3,0.529181689387114,0.023268810771339223,3,0.7893110204006643,0.019528760238934052,3,0.13524043152949897,0.003496512287905018,3,0.4437009595310915,0.01944096052719211,3,365.6666666666667,84.51232651710241,3,BDL-Hard
sleep,gru,density_hard,objective_e20_bs32_eval5,none,1.0,0.2393167939518393,0.4,0.5294509319681375,0.024409777360354466,3,0.9892598491832825,0.0011579055104973409,3,0.689529548029708,0.020743958033721588,3,0.7633212499443666,0.019463450698230564,3,0.5264247192863457,0.02418816906111916,3,0.7863932139783816,0.020567721219402608,3,0.13617939929651493,0.003515443702748707,3,0.4477829830534256,0.020439911659403946,3,367.0,103.79306335203717,3,BDL-Hard
sleep,gru,density_hard,objective_e20_bs32_eval5,none,2.0,0.5,0.35000000000000003,0.5282503304911501,0.016802717060316302,3,0.9906065943983702,0.0005373675865663315,3,0.6889475784724817,0.014294046460175612,3,0.7627427912440359,0.013601537347852882,3,0.5256123648417489,0.016557948347768563,3,0.7857300834382293,0.014466943143653212,3,0.09859614848019645,0.004947701120687596,3,0.4490907110878674,0.014597856105613281,3,955.6666666666666,44.81443219916252,3,BDL-Hard
sleep,gru,density_hard,objective_e20_bs32_eval5,none,4.0,0.0,0.30000000000000004,0.5273873451156089,0.018937207817930644,3,0.9872807396352842,0.00022362063228405227,3,0.68737968107992,0.01612133755521081,3,0.7616456338090813,0.015348573794048982,3,0.523822338852762,0.01862441989792918,3,0.7848292011584275,0.016332514712255435,3,0.08584223225318571,0.006271019752767202,3,0.44839972756956675,0.01643584965402694,3,1559.6666666666667,80.71142009240909,3,BDL-Hard
sleep,gru,density_hard,objective_e20_bs32_eval5,none,4.0,0.2393167939518393,0.30000000000000004,0.5258742716111268,0.018824071715013786,3,0.9873403271690364,0.00024984754778674954,3,0.686108134632034,0.016054548320320893,3,0.7604366078907718,0.015332623411848946,3,0.5223460575695719,0.018509124617447303,3,0.7835424897048129,0.016335203121891073,3,0.08654273742391637,0.006270970576858357,3,0.4497149596182555,0.01644872082630844,3,1557.6666666666667,76.05480480109944,3,BDL-Hard
sleep,gru,density_hard,objective_e20_bs32_eval5,none,8.0,0.0,0.35000000000000003,0.5272547241478028,0.023918237498432023,3,0.9775018004585339,0.0005906990647371189,3,0.684804871451213,0.02040858686787261,3,0.7603591127582442,0.01937110549989994,3,0.5209293385837194,0.023435856670704608,3,0.7842491755732105,0.020598362746988223,3,0.09569049376064853,0.008452168488276358,3,0.44429922441072395,0.020468857762365084,3,2115.3333333333335,60.25224753760926,3,BDL-Hard
sleep,gru,density_hard,objective_e20_bs32_eval5,none,8.0,0.2393167939518393,0.35000000000000003,0.5265332546355275,0.023906498641599352,3,0.9775171994841103,0.0005889085599902094,3,0.6841992270623559,0.020417753624157178,3,0.7597854431283323,0.01940898344937676,3,0.5202292472086261,0.023422493461250124,3,0.7836393208637445,0.020650836060436783,3,0.09625111848379048,0.008453742986448373,3,0.44491644961105176,0.020526187601203522,3,2110.6666666666665,56.00297611139363,3,BDL-Hard
sleep,gru,density_hard,objective_e20_bs32_eval5,none,2.0,1.0,0.35000000000000003,0.5225541060622035,0.016324194058987215,3,0.9907197437602143,0.0004853554665263103,3,0.6841154477897328,0.013999695493103976,3,0.7581504537995718,0.01345400146065892,3,0.52000436826876,0.016100586839858568,3,0.7808485218854443,0.014361127417886302,3,0.10693957562711194,0.004796874649150483,3,0.454026429725681,0.014472599450420452,3,791.0,40.779897008207364,3,BDL-Hard
sleep,gru,density_hard,objective_e20_bs32_eval5,none,0.5,0.2393167939518393,0.45,0.5280642311154966,0.02854335405523343,3,0.9706539207369751,0.003795681471574467,3,0.6837336808005846,0.024383764771315524,3,0.7601528938336016,0.022324798373163816,3,0.5197997048168921,0.028369892855215753,3,0.7845759874107744,0.02333768073372631,3,0.1794939641074316,0.0020777110847346675,3,0.44069478733249756,0.022161278693481393,3,447.6666666666667,207.3218110410319,3,BDL-Hard
sleep,gru,density_hard,objective_e20_bs32_eval5,none,16.0,0.2393167939518393,0.9,0.8251066636338696,0.002467964430941841,3,0.5770290503733371,0.027523740104189662,3,0.6788971078999125,0.019705337122116022,3,0.7985068829062353,0.011419335869735632,3,0.5141118249200279,0.02264772887712288,3,0.8695169423016611,0.00561097086614234,3,0.11214595169473456,0.01207177834412418,3,0.16735174845134237,0.007577430901969069,3,2623.0,297.9144172409251,3,BDL-Hard
sleep,gru,density_hard,objective_e20_bs32_eval5,none,16.0,0.0,0.9,0.825129832472023,0.0024660116096143327,3,0.5770097457977955,0.02752230174301358,3,0.6788914582684265,0.019701786023950094,3,0.7985046293870665,0.011416829978591558,3,0.5141052668104359,0.02264345067002629,3,0.8695179303747115,0.005608826695686278,3,0.11167789477365135,0.012064030824476938,3,0.16734152056003768,0.007579101896571612,3,2620.3333333333335,299.4066354196802,3,BDL-Hard
sleep,gru,density_hard,objective_e20_bs32_eval5,none,16.0,0.5,0.9,0.8250259344407586,0.0024565995055124794,3,0.5770539343059715,0.02752216279667887,3,0.6788870555448643,0.01970225040027338,3,0.7984975881301724,0.011417423842067835,3,0.5141002261214999,0.022643440955006408,3,0.8695052723577965,0.005609784362268283,3,0.11326123024080514,0.012034494210800564,3,0.16737532868116492,0.007577491573981065,3,2624.3333333333335,301.3674390728589,3,BDL-Hard
sleep,gru,density_hard,objective_e20_bs32_eval5,none,4.0,0.5,0.30000000000000004,0.5159128437407033,0.018012893098649382,3,0.9875334845115931,0.00024306814800962304,3,0.677624665865458,0.015567870067432502,3,0.7523139843766776,0.015144900792394089,3,0.5125689852456846,0.01772105070193241,3,0.7748816021438941,0.016240721998113834,3,0.08832037761579788,0.00623477513264801,3,0.45846829877107215,0.016350824500033254,3,1498.6666666666667,75.83095234357364,3,BDL-Hard
sleep,gru,density_hard,objective_e20_bs32_eval5,none,8.0,0.5,0.35000000000000003,0.5180913378593238,0.022845801345993396,3,0.9777005371581834,0.000592680993915988,3,0.6770865971084629,0.01973258731871892,3,0.7530163695317807,0.019042541443851393,3,0.5120374842464063,0.022398794798930508,3,0.7764290847687633,0.020372554705844505,3,0.09765380077359846,0.008415609096902444,3,0.4522144372747728,0.02024431650800433,3,2101.6666666666665,66.3952809568069,3,BDL-Hard
sleep,gru,density_hard,objective_e20_bs32_eval5,none,0.5,0.5,0.6000000000000001,0.8191813865470464,0.008545286692746125,3,0.576534607747763,0.01972364849608634,3,0.6766906586109073,0.01600181730299932,3,0.7969677753677908,0.009532640750764567,3,0.5115105402390172,0.018374746214161,3,0.8682229938805698,0.005230663583206466,3,0.18443725835419275,0.0020783056554599926,3,0.16840904002454268,0.004415915315448239,3,3252.0,149.9433226255841,3,BDL-Hard
sleep,gru,density_hard,objective_e20_bs32_eval5,none,8.0,1.0,0.35000000000000003,0.5165982417382137,0.0228734344119865,3,0.977708013496688,0.0006014719500054091,3,0.6758102316119334,0.01979733195436988,3,0.7517887362584954,0.019160250693559287,3,0.5105810760029706,0.02242794645757195,3,0.7751171908047038,0.020518983706999356,3,0.10265529545660611,0.008229005784658268,3,0.4535299096655549,0.020389266335356867,3,2052.3333333333335,54.84827557301451,3,BDL-Hard
sleep,gru,density_hard,objective_e20_bs32_eval5,none,4.0,1.0,0.30000000000000004,0.513568686408092,0.01781438582098816,3,0.9875632782784693,0.00022237307257234743,3,0.6756080468421156,0.015447997633119381,3,0.7503633140096002,0.015092731651135725,3,0.5102632959354657,0.01753220493631409,3,0.7727945248148403,0.016207162126162068,3,0.09469057772143569,0.0060622133636210745,3,0.460569636397663,0.016308159317316263,3,1424.0,77.1167945391923,3,BDL-Hard
sleep,gru,density_hard,objective_e20_bs32_eval5,none,1.0,0.5,0.4,0.5104527788506217,0.022234319679564348,3,0.9904677799938985,0.0009876804035071163,3,0.6735131779718717,0.019360177555532907,3,0.7478365175157949,0.01880044249739961,3,0.5079566382648818,0.02205184537960217,3,0.7698092623783656,0.02012092051238177,3,0.1392372025627958,0.0035053759925397017,3,0.46494509091126607,0.020032567746689645,3,221.33333333333334,111.35678395739225,3,BDL-Hard
sleep,gru,density_hard,objective_e20_bs32_eval5,none,16.0,1.0,0.9,0.8088238123127226,0.006315853648795942,3,0.5771236762696329,0.027532031406473218,3,0.6733988531075575,0.020106223871815352,3,0.7946180834943135,0.011724119568207429,3,0.5078440553859851,0.022952753403812257,3,0.8661708462690788,0.0059413264876621,3,0.11716705170163504,0.01183175827447146,3,0.1707431356161773,0.007420748826156995,3,2824.6666666666665,275.11149255044467,3,BDL-Hard
sleep,gru,density_hard,objective_e20_bs32_eval5,none,16.0,0.0,0.4,0.5175871982586474,0.027404853350694643,3,0.9614304623523954,0.0013223004696491878,3,0.672626428615471,0.023476396914890823,3,0.7508265071705281,0.02262799874217322,3,0.5070463432956012,0.02641965246190256,3,0.7754692919714204,0.02425452647583496,3,0.11167789477365135,0.012064030824476938,3,0.44538682579235983,0.02410387859506632,3,3008.0,208.06969986040735,3,BDL-Hard
sleep,gru,density_hard,objective_e20_bs32_eval5,none,16.0,0.2393167939518393,0.4,0.5172522236163752,0.02741215828606153,3,0.9614571316792994,0.001319723728597196,3,0.6723489830261234,0.02348549210192447,3,0.750556992647167,0.02265862262712136,3,0.5067315030448094,0.026417416862440375,3,0.7751788786086564,0.024297024852588778,3,0.11214595169473456,0.01207177834412418,3,0.44569000399074693,0.024165398939341033,3,3015.3333333333335,212.98434997279344,3,BDL-Hard
sleep,gru,density_hard,objective_e20_bs32_eval5,none,0.25,0.2393167939518393,0.5,0.6118611105212844,0.045821752878558344,3,0.7438096475118411,0.01272675512234509,3,0.6709557146565452,0.031072535318449373,3,0.7757948545354981,0.023784798906237074,3,0.5053894224644243,0.03520515289035976,3,0.8248661882043091,0.022224893095882464,3,0.2059304253734895,0.0011420936992414452,3,0.2918292981498145,0.018349915691304362,3,2351.0,155.65346125287417,3,BDL-Hard
sleep,gru,density_hard,objective_e20_bs32_eval5,none,0.5,0.0,0.45,0.5233597575357853,0.028333788584477156,3,0.9213894250651055,0.00420110184898168,3,0.6672715445249896,0.023476921965769084,3,0.7512068591213343,0.021361631582457095,3,0.5009931842482446,0.026601157233826108,3,0.7795967668540694,0.022419431195453195,3,0.17816906354976306,0.0020562902064962295,3,0.42209436556951035,0.021379812116477298,3,901.0,173.7440646468247,3,BDL-Hard
sleep,gru,density_hard,objective_e20_bs32_eval5,none,16.0,0.5,0.4,0.5099988496276838,0.026443601755362416,3,0.9616191562092776,0.0013236864823114394,3,0.6662412431470387,0.022884729655050028,3,0.7446802025121407,0.022371373997481077,3,0.4998133779950427,0.025512489329747083,3,0.7688797793894584,0.024096212567442873,3,0.11326123024080514,0.012034494210800564,3,0.4520666535920568,0.023946663284941334,3,3031.3333333333335,210.1483602918028,3,BDL-Hard
sleep,gru,density_hard,objective_e20_bs32_eval5,none,16.0,1.0,0.4,0.5088407914258711,0.026096404421703596,3,0.9616192677964195,0.0013238632295008807,3,0.6652579806133766,0.022617852054743093,3,0.7437359296662885,0.022156588333911743,3,0.4987013526281798,0.025179709547136664,3,0.7678691141823627,0.023881487816193907,3,0.11716705170163504,0.01183175827447146,3,0.4530773722085067,0.023733117786204145,3,2991.0,216.06249096037007,3,BDL-Hard
sleep,gru,density_hard,objective_e20_bs32_eval5,none,8.0,0.0,0.30000000000000004,0.5008618292078656,0.022091941422600396,3,0.9799374130038746,0.0006207362422204032,3,0.662712044832561,0.019545144118998225,3,0.7386987567430322,0.01950559275704987,3,0.49577591664695736,0.021728288699874924,3,0.760874518354445,0.02108479839027032,3,0.09569049376064853,0.008452168488276358,3,0.46883964760080915,0.020948919331426133,3,1996.3333333333333,73.51417096950308,3,BDL-Hard
sleep,gru,density_hard,objective_e20_bs32_eval5,none,8.0,0.2393167939518393,0.30000000000000004,0.49991617173706726,0.02208539327074222,3,0.9799974468861943,0.0006326230451952035,3,0.661896327903828,0.01955794964417576,3,0.7378793176923449,0.019565783119148212,3,0.4948640844106919,0.0217143334747944,3,0.7599848787436753,0.021165908631540612,3,0.09625111848379048,0.008453742986448373,3,0.4697580214440693,0.02104924422221003,3,2001.6666666666667,76.5136153461156,3,BDL-Hard
sleep,gru,density_hard,objective_e20_bs32_eval5,none,4.0,0.0,0.25,0.4954136997899485,0.01809092901078098,3,0.9894724226885225,0.00018397965334267507,3,0.660119396719269,0.016136469722877623,3,0.734789347679668,0.016314106554290903,3,0.492814090869149,0.017907989497154945,3,0.7558688334627975,0.017681532846058595,3,0.08584223225318571,0.006271019752767202,3,0.47840910838851586,0.017667010267617397,3,1429.0,15.874507866387544,3,BDL-Hard
sleep,gru,density_hard,objective_e20_bs32_eval5,none,1.0,0.5,0.7000000000000001,0.862902512983498,0.010879069295707306,3,0.5331038878522444,0.011875543058110182,3,0.6589823181541821,0.009720352222941408,3,0.788563269665315,0.005724469900403618,3,0.49145686220147194,0.010805862754468555,3,0.8679800347288985,0.0030923585727052013,3,0.1392372025627958,0.0035053759925397017,3,0.1478645978873823,0.0036841982486613334,3,3559.6666666666665,127.91142768858984,3,BDL-Hard
sleep,gru,density_hard,objective_e20_bs32_eval5,none,1.0,1.0,0.4,0.49355079357318404,0.01961863098953816,3,0.9909045320671317,0.0008856279121187877,3,0.6587588726257766,0.017503555707661423,3,0.733171302369394,0.017575042490512147,3,0.4913258150999947,0.019498062171377496,3,0.7539857531616202,0.018998302519668706,3,0.15104039760363483,0.003396558020639027,3,0.4809776443398475,0.018869996729494715,3,143.0,100.70253224224304,3,BDL-Hard
sleep,gru,density_hard,objective_e20_bs32_eval5,none,4.0,0.2393167939518393,0.25,0.49269551675226325,0.018575517504360595,3,0.9896510737026377,0.00017747449935095555,3,0.6577323532159897,0.0166293431421559,3,0.7323407118777739,0.016926039126335127,3,0.4901676402726785,0.018384541086956956,3,0.7531987663293759,0.018377237371065346,3,0.08654273742391637,0.006270970576858357,3,0.48116468389780614,0.018377387897382504,3,1451.6666666666667,23.18045153428498,3,BDL-Hard
sleep,gru,density_hard,objective_e20_bs32_eval5,none,2.0,0.0,0.30000000000000004,0.49158281888914707,0.016565520896619355,3,0.9924184348207229,0.0004954808749076427,3,0.6573742087315672,0.014805804447804634,3,0.7315988367030114,0.015165750849669377,3,0.4897386237670351,0.016361872976073256,3,0.7521757368568126,0.016498955950920102,3,0.09547378321874161,0.004965165628318759,3,0.4835122653513438,0.01665441959254936,3,656.0,18.193405398660254,3,BDL-Hard
sleep,gru,density_hard,objective_e20_bs32_eval5,none,0.5,0.5,0.45,0.49334934755473253,0.0260947122939019,3,0.983820422366259,0.0039871885380799105,3,0.6569132941129774,0.023559713953832908,3,0.7322304165991586,0.02305704733892784,3,0.4894150045558843,0.026326814433137367,3,0.7535089411531465,0.024675325930335296,3,0.18443725835419275,0.0020783056554599926,3,0.4780637635050893,0.023460315272369147,3,670.0,265.21500711686735,3,BDL-Hard
sleep,gru,density_hard,objective_e20_bs32_eval5,none,2.0,0.2393167939518393,0.30000000000000004,0.4895719906784622,0.016172978115614734,3,0.9928140112386106,0.0004175810319149213,3,0.6556648362407617,0.014514013727995717,3,0.7298069666000391,0.01492409890878588,3,0.4878393823227131,0.01599847702049809,3,0.7502010328087252,0.016247220332078708,3,0.09631681113978978,0.0049735245184574315,3,0.4856763055596147,0.016365404005013375,3,649.3333333333334,15.631165450257809,3,BDL-Hard
sleep,gru,density_hard,objective_e20_bs32_eval5,none,8.0,0.5,0.30000000000000004,0.49239007462692225,0.02112629676864662,3,0.9801464157205751,0.0006446608415293282,3,0.6553095109060921,0.018910423092507303,3,0.7312820182928749,0.01920746175245812,3,0.487526053173152,0.020793278643925488,3,0.7528403094495247,0.020861762044875432,3,0.09765380077359846,0.008415609096902444,3,0.4769738922259053,0.020720774030808548,3,1969.3333333333333,75.65932416651188,3,BDL-Hard
sleep,gru,density_hard,objective_e20_bs32_eval5,none,8.0,1.0,0.30000000000000004,0.4911929607763243,0.021096447505430816,3,0.9801486474634121,0.0006445623269793797,3,0.6542484152572512,0.018914917130256614,3,0.7302091926429618,0.019264862342439976,3,0.4863529421692719,0.02076385723497239,3,0.7516764128055976,0.020938978071816442,3,0.10265529545660611,0.008229005784658268,3,0.47813885705691384,0.02079947730189852,3,1928.0,75.9012516365837,3,BDL-Hard
sleep,gru,density_hard,objective_e20_bs32_eval5,none,0.5,1.0,0.6000000000000001,0.6777036071492986,0.008248723949299708,3,0.6316913508583172,0.02087491282949762,3,0.6538269819010175,0.014470699129964055,3,0.7748855796666344,0.008718408352176158,3,0.4858077119053748,0.015989696696026873,3,0.8399908093183514,0.005097182119352629,3,0.20413211559992303,0.0020187280334976188,3,0.22304109443884715,0.0053330847222564145,3,3297.6666666666665,143.5002903597527,3,BDL-Hard
sleep,gru,density_hard,objective_e20_bs32_eval5,none,4.0,0.5,0.25,0.48504303074298005,0.017307843848690312,3,0.9897157942449155,0.00017156743511937807,3,0.6509059648142634,0.015663044407498234,3,0.7253933842345646,0.016201189121490867,3,0.4826090476633884,0.017144684082199938,3,0.7456561905286843,0.017656922054840235,3,0.08832037761579788,0.00623477513264801,3,0.48873823712385933,0.01763473506608163,3,1346.6666666666667,26.102362600602547,3,BDL-Hard
sleep,gru,density_hard,objective_e20_bs32_eval5,none,0.25,0.5,0.55,0.734528369897248,0.02005888392737271,3,0.5829065683092963,0.025621134303219415,3,0.6498945911047552,0.022236732544284512,3,0.7771332546271598,0.01369733644584145,3,0.481634709528326,0.02448985201192148,3,0.8497807973290196,0.008521122867806197,3,0.2157736649246654,0.0011409219547346946,3,0.18990107092164035,0.005703614559001074,3,3434.6666666666665,196.5536398374076,3,BDL-Hard
sleep,gru,density_hard,objective_e20_bs32_eval5,none,4.0,1.0,0.25,0.48299134888650697,0.017017586089491592,3,0.9897400086546987,0.00019712227876796852,3,0.6490641712414575,0.015440611225863822,3,0.7234967333073766,0.01603743894746299,3,0.48058368269862384,0.016859467778528637,3,0.7435906371693214,0.01749444940462625,3,0.09469057772143569,0.0060622133636210745,3,0.4908153803130557,0.017469263819612075,3,1260.6666666666667,19.629909152447308,3,BDL-Hard
sleep,gru,density_hard,objective_e20_bs32_eval5,none,1.0,1.0,0.7000000000000001,0.7829169500120385,0.006962716511349057,3,0.553823723113915,0.011915642365896146,3,0.6486864676659941,0.008692716814325537,3,0.7792466707555675,0.005067327501898246,3,0.4800822913109993,0.00953031822665965,3,0.8564660194734778,0.0026574828616228088,3,0.15104039760363483,0.003396558020639027,3,0.16929582223486958,0.003795313470135269,3,3498.6666666666665,128.1457503522194,3,BDL-Hard
sleep,gru,density_hard,objective_e20_bs32_eval5,none,16.0,0.0,0.35000000000000003,0.48827431189193266,0.023879975058342707,3,0.9653109052105169,0.0009924917710186268,3,0.6482868525009823,0.021301640466647436,3,0.7264093505094293,0.021733446224728496,3,0.4798472497435767,0.023166528421138664,3,0.7488211220322558,0.023688597921531215,3,0.11167789477365135,0.012064030824476938,3,0.47389230601936244,0.02352947406239402,3,2804.3333333333335,147.05894509798904,3,BDL-Hard
sleep,gru,density_hard,objective_e20_bs32_eval5,none,16.0,0.2393167939518393,0.35000000000000003,0.48774996404270726,0.02386072692737736,3,0.9653502954715929,0.0009891130832776285,3,0.6478327407584831,0.0212896559079722,3,0.7259427126347523,0.02175354077437505,3,0.4793498276428763,0.02313857493352386,3,0.7483100212184682,0.02372129537696655,3,0.11214595169473456,0.01207177834412418,3,0.4744222603351373,0.023584847383372267,3,2817.6666666666665,146.56170486635762,3,BDL-Hard
sleep,gru,density_hard,objective_e20_bs32_eval5,none,2.0,0.5,0.30000000000000004,0.47823756353533775,0.015405904466755984,3,0.9931029103488817,0.0004125707428669757,3,0.6454870118075845,0.014042027033062435,3,0.7192629852652187,0.014823905786581156,3,0.4766508252934003,0.015246009104665911,3,0.7387018386490595,0.016230578494248138,3,0.09859614848019645,0.004947701120687596,3,0.4973137765369717,0.01635010933311943,3,532.3333333333334,33.20140559273557,3,BDL-Hard
sleep,gru,density_hard,objective_e20_bs32_eval5,none,16.0,0.5,0.35000000000000003,0.4814224948910502,0.02307757780926102,3,0.965495916691718,0.0009939304253881696,3,0.6422678909890326,0.02078166137320656,3,0.7202565126055814,0.021522184040105505,3,0.47327324311955427,0.02240386307075524,3,0.7421038809800318,0.023542942001699707,3,0.11326123024080514,0.012034494210800564,3,0.4806980997806371,0.02338236001196726,3,2818.3333333333335,151.34177656329186,3,BDL-Hard
sleep,gru,density_hard,objective_e20_bs32_eval5,none,2.0,1.0,0.30000000000000004,0.47416998248020387,0.014973309353150634,3,0.9931832530910197,0.00041492986619880677,3,0.6417919241945489,0.0137112605177686,3,0.7153744065984077,0.014610395597243623,3,0.4726281176297488,0.014813018847735528,3,0.7344475966645216,0.016026627923867706,3,0.10693957562711194,0.004796874649150483,3,0.5016064732564409,0.01615902042681868,3,379.0,29.546573405388315,3,BDL-Hard
sleep,gru,density_hard,objective_e20_bs32_eval5,none,8.0,0.0,0.25,0.4767058909145568,0.019452730947217892,3,0.9822748288643798,0.0006103714659580007,3,0.6417390323436463,0.017742617416900267,3,0.7170396483081941,0.018623944500908072,3,0.47263803662314574,0.019171615252960007,3,0.7371575338807578,0.020380221192345144,3,0.09569049376064853,0.008452168488276358,3,0.4936753978142329,0.020300606339069372,3,1907.6666666666667,100.66942601074737,3,BDL-Hard
sleep,gru,density_hard,objective_e20_bs32_eval5,none,16.0,1.0,0.35000000000000003,0.4805361346513581,0.02285989627100686,3,0.9654962514531436,0.0009938028974613832,3,0.6414818874730558,0.02060998181485912,3,0.7194538634579638,0.02138378814713924,3,0.472416840674552,0.022194527896295443,3,0.7412287687135696,0.023401460044003803,3,0.11716705170163504,0.01183175827447146,3,0.48157337227516156,0.023240518510715562,3,2783.3333333333335,150.67293497285223,3,BDL-Hard
sleep,gru,density_hard,objective_e20_bs32_eval5,none,8.0,0.2393167939518393,0.25,0.47398316430134985,0.01981996134232279,3,0.9824569390798926,0.0006261901349343897,3,0.639297632833753,0.018151567665209523,3,0.7144335314784714,0.01919612067180946,3,0.47000287480896796,0.019535235923504927,3,0.7342879561052019,0.021037530478282357,3,0.09625111848379048,0.008453742986448373,3,0.4966321396556335,0.020963492791906645,3,1949.6666666666667,94.73295801004706,3,BDL-Hard
sleep,gru,density_hard,objective_e20_bs32_eval5,none,0.25,0.0,0.5,0.6107025714603003,0.04654342709720659,3,0.6689282032707085,0.007934149483315446,3,0.6379824119343765,0.027593838050380324,3,0.7581105312988078,0.021202560841449516,3,0.46881207265307284,0.02978457386148569,3,0.817818850639246,0.020125098076790013,3,0.20305225643431557,0.0011290006612273916,3,0.2630358613903352,0.01784294065301478,3,3069.3333333333335,149.85771028990584,3,BDL-Hard
sleep,gru,density_hard,objective_e20_bs32_eval5,none,8.0,0.5,0.9500000000000001,0.8722631669914632,0.002057709138051976,3,0.5016837383834996,0.029803583962482394,3,0.6366804376096696,0.02434711487874449,3,0.7761953427539084,0.013952405326833903,3,0.4673222235467467,0.026436277671402213,3,0.8631747417337275,0.006421788331866868,3,0.09765380077359846,0.008415609096902444,3,0.1376311520098581,0.007843210784611514,3,1372.0,202.65981348062078,3,BDL-Hard
sleep,gru,density_hard,objective_e20_bs32_eval5,none,8.0,0.2393167939518393,0.9500000000000001,0.8723327717364557,0.0020665095643187465,3,0.5014768558224943,0.029839938509713573,3,0.6365313640950178,0.024385322601040968,3,0.7761129641587384,0.013974090283737143,3,0.4671627313852238,0.02647335933477479,3,0.8631435239662727,0.006431108272548685,3,0.09625111848379048,0.008453742986448373,3,0.13756334883486424,0.007851289320677196,3,1368.6666666666667,202.07506855951658,3,BDL-Hard
sleep,gru,density_hard,objective_e20_bs32_eval5,none,8.0,0.0,0.9500000000000001,0.8723659491852115,0.002074868808060504,3,0.5013243161995741,0.02985797085929165,3,0.6364167816331278,0.024407289503463873,3,0.7760489330431861,0.013986531679248774,3,0.4670399673004066,0.026493293075453332,3,0.8631176471342249,0.006436364658074019,3,0.09569049376064853,0.008452168488276358,3,0.13751621507989611,0.007854664209210407,3,1362.6666666666667,198.67142052477834,3,BDL-Hard
sleep,gru,density_hard,objective_e20_bs32_eval5,none,8.0,0.5,0.25,0.46890946258266913,0.01868873871678507,3,0.9824672050969436,0.0006118122929811296,3,0.6346830034713079,0.017230602246042497,3,0.7095760333353018,0.018426714230942463,3,0.46501631166617363,0.018427237332491696,3,0.728969078761279,0.020236135091556893,3,0.09765380077359846,0.008415609096902444,3,0.501955930660131,0.020156691215342665,3,1871.3333333333333,102.3441905206804,3,BDL-Hard
sleep,gru,density_hard,objective_e20_bs32_eval5,none,8.0,1.0,0.25,0.4681077900491508,0.01859958430949839,3,0.9824691020783551,0.0006106145979278111,3,0.6339494285489851,0.01716814719603735,3,0.7087953694690992,0.018398949506769867,3,0.46422829338048704,0.01833929906976083,3,0.7281124995406795,0.02021339731758791,3,0.10265529545660611,0.008229005784658268,3,0.5028134178397498,0.02013521006947443,3,1830.6666666666667,104.52910280555047,3,BDL-Hard
sleep,gru,density_hard,objective_e20_bs32_eval5,none,8.0,1.0,0.9500000000000001,0.8522370149738298,0.006948612412020829,3,0.5021004047711983,0.029810014731884077,3,0.631634141316269,0.02497502770133096,3,0.7726178613312119,0.014415600211625858,3,0.46192524068006846,0.026942396104032956,3,0.8600401467432685,0.006879760278163744,3,0.10265529545660611,0.008229005784658268,3,0.1409651775284202,0.00745672814083996,3,1596.6666666666667,173.70185184198044,3,BDL-Hard
sleep,gru,density_hard,objective_e20_bs32_eval5,none,4.0,0.0,0.2,0.46066201392661027,0.016274846196062013,3,0.991672809538826,0.000259032022863838,3,0.6289784180259069,0.01524631161617822,3,0.7018423481365477,0.01674037319400926,3,0.4588860553611811,0.016161585950425463,3,0.7197174036302979,0.018437094142499152,3,0.08584223225318571,0.006271019752767202,3,0.5156137172739524,0.018406144092976723,3,1142.6666666666667,63.81483631047984,3,BDL-Hard
sleep,gru,density_hard,objective_e20_bs32_eval5,none,1.0,0.2393167939518393,0.7000000000000001,0.8583366729493066,0.010690352922176306,3,0.4946743920676718,0.012700987994470107,3,0.6275553894412428,0.010590352545004806,3,0.7704921288525552,0.006128580727647602,3,0.45731164664402835,0.011262519895294476,3,0.8595149458600059,0.003071248941069181,3,0.13617939929651493,0.003515443702748707,3,0.13793603930757548,0.0038996141000381336,3,3952.3333333333335,126.51218650127474,3,BDL-Hard
sleep,gru,density_hard,objective_e20_bs32_eval5,none,16.0,0.0,0.30000000000000004,0.46208445496531797,0.02204660113350617,3,0.9689056849854815,0.0010466939514106528,3,0.625536737003765,0.020425091363012807,3,0.7020724221991617,0.02220907328068546,3,0.45532631131464285,0.021484966979705443,3,0.7218558607579685,0.02451285158529127,3,0.11167789477365135,0.012064030824476938,3,0.5025781496350645,0.02438482091317005,3,2677.3333333333335,145.01838963846396,3,BDL-Hard
sleep,gru,density_hard,objective_e20_bs32_eval5,none,16.0,0.2393167939518393,0.30000000000000004,0.46117237325888577,0.02233348113341842,3,0.9689968516803796,0.0010794689508084891,3,0.6247126469809592,0.020712627571616574,3,0.7011538560491717,0.022590035415238074,3,0.45446000678451287,0.021758999269509423,3,0.720833525607008,0.024946541523353953,3,0.11214595169473456,0.01207177834412418,3,0.5036441202283015,0.024837523426130954,3,2696.6666666666665,134.3738565842825,3,BDL-Hard
sleep,gru,density_hard,objective_e20_bs32_eval5,none,4.0,0.2393167939518393,0.2,0.45333111471086673,0.015475498439893872,3,0.9918909624011589,0.00024850085701084957,3,0.6221603063289923,0.014652071523959594,3,0.6943042934072828,0.016402946156604963,3,0.4516566902285361,0.015377800606113996,3,0.7113979353652815,0.01810818431400365,3,0.08654273742391637,0.006270970576858357,3,0.5240376008261786,0.018066453664222732,3,1129.0,63.221831672294975,3,BDL-Hard
sleep,gru,density_hard,objective_e20_bs32_eval5,none,4.0,0.5,0.2,0.4515816449628971,0.015566178353647465,3,0.9918984387396633,0.0002495764859895443,3,0.620510017952954,0.014773603026617165,3,0.6924575750994645,0.01661947400469967,3,0.44992161726663743,0.015468218313334925,3,0.7093592469110166,0.018356984968532948,3,0.08832037761579788,0.00623477513264801,3,0.5260798677071663,0.018315209525629865,3,1042.3333333333333,61.40304009846199,3,BDL-Hard
sleep,gru,density_hard,objective_e20_bs32_eval5,none,16.0,0.5,0.30000000000000004,0.45576171198312004,0.021214973281419542,3,0.9690874604395686,0.0010481737336030688,3,0.6197637528722578,0.019830133205977395,3,0.6957910214416981,0.021912489966736053,3,0.4492254390036599,0.02068706213361165,3,0.7149132589362396,0.024242171096671223,3,0.11326123024080514,0.012034494210800564,3,0.509607755294576,0.0241128841407201,3,2674.0,142.64291079475348,3,BDL-Hard
sleep,gru,density_hard,objective_e20_bs32_eval5,none,8.0,0.0,0.2,0.4521266737408349,0.017285208750799794,3,0.9844881598231389,0.0006160284264937854,3,0.6195386390173946,0.01627211643576382,3,0.6927474015662769,0.018211862720850465,3,0.4489248652809917,0.017034827624286514,3,0.7102753508567288,0.020139992981725096,3,0.09569049376064853,0.008452168488276358,3,0.521616955376271,0.020179670656918447,3,1812.3333333333333,64.06507108661732,3,BDL-Hard
sleep,gru,density_hard,objective_e20_bs32_eval5,none,16.0,1.0,0.30000000000000004,0.4551883509196002,0.021193270947836244,3,0.9690874604395686,0.0010481737336030688,3,0.6192332905580943,0.01982530457613235,3,0.6952099074191218,0.021937685810049224,3,0.44866843883968816,0.020667305126949566,3,0.7142711716815914,0.02427438106789642,3,0.11716705170163504,0.01183175827447146,3,0.5102498425492242,0.0241435257849785,3,2645.6666666666665,140.57145276809695,3,BDL-Hard
sleep,gru,density_hard,objective_e20_bs32_eval5,none,4.0,1.0,0.2,0.4497161390108028,0.015339767556018756,3,0.9919386101107324,0.00024999776164421516,3,0.6187564334229353,0.014591801156684625,3,0.6904892986407957,0.01649586536799811,3,0.44807789081669386,0.015242019962870328,3,0.7071837236916204,0.018230352821134676,3,0.09469057772143569,0.0060622133636210745,3,0.5282746182940282,0.01819398466700749,3,942.3333333333334,71.65426249242493,3,BDL-Hard
sleep,gru,density_hard,objective_e20_bs32_eval5,none,1.0,0.0,0.7000000000000001,0.8570003073487383,0.011091174939440855,3,0.4788893865675416,0.014432991427435817,3,0.6143348330767169,0.012167826557472993,3,0.7629601396116131,0.006987580060398312,3,0.4434245189764729,0.012707038717642418,3,0.8561519724715371,0.00336163424528867,3,0.13524043152949897,0.003496512287905018,3,0.13374377887843775,0.004352049531139146,3,4121.666666666667,166.6893317922095,3,BDL-Hard
sleep,gru,density_hard,objective_e20_bs32_eval5,none,8.0,0.2393167939518393,0.2,0.44606699862410526,0.016646405886294482,3,0.9846748451114676,0.000612910079495236,3,0.6138673691736831,0.015806274314120704,3,0.6863619054579079,0.017993190414591947,3,0.4429881270408931,0.0164110701097611,3,0.7032029375999289,0.019933737900161196,3,0.09625111848379048,0.008453742986448373,3,0.5287787224824326,0.019972913646005563,3,1818.0,67.7347768875044,3,BDL-Hard
sleep,gru,density_hard,objective_e20_bs32_eval5,none,8.0,0.5,0.2,0.4449447588144431,0.01663176104391012,3,0.9846761841571702,0.0006131936006145611,3,0.6128036390216793,0.015816379161338157,3,0.685155547529097,0.018058652305685305,3,0.4418815933542722,0.016397788891753685,3,0.7018677037481403,0.020011643304392868,3,0.09765380077359846,0.008415609096902444,3,0.5301145972464701,0.020049589579944866,3,1756.6666666666667,61.776478803289976,3,BDL-Hard
sleep,gru,density_hard,objective_e20_bs32_eval5,none,0.5,1.0,0.45,0.44458006402249556,0.019077080057534834,3,0.9852614587162168,0.0039661143971419215,3,0.6125541587472055,0.018582352343981322,3,0.6847033154987402,0.020293070922530087,3,0.4416710307785677,0.019411959116095903,3,0.70130167141369,0.02220724388816067,3,0.20413211559992303,0.0020187280334976188,3,0.5309607616430255,0.02086495576192786,3,1726.6666666666667,212.02908605503478,3,BDL-Hard
sleep,gru,density_hard,objective_e20_bs32_eval5,none,8.0,1.0,0.2,0.44444645203635774,0.01658637874793188,3,0.9846789738357166,0.000612175684480711,3,0.6123317707670334,0.015784407443594516,3,0.6846200229222009,0.018047393082757376,3,0.4413907028726212,0.016353552626336858,3,0.7012748065085921,0.02000166044976343,3,0.10265529545660611,0.008229005784658268,3,0.5307088297198701,0.020039014872403647,3,1726.6666666666667,65.36308846232204,3,BDL-Hard
sleep,gru,density_hard,objective_e20_bs32_eval5,none,2.0,0.0,0.25,0.43810718718604447,0.016476852354762123,3,0.9949345016953434,9.607963953258343e-05,3,0.6082171911446667,0.01586219599413495,3,0.6777841665143405,0.01846346799641911,3,0.4371303132508741,0.016384976751607768,3,0.6928938373723623,0.020450789479264573,3,0.09547378321874161,0.004965165628318759,3,0.5439984389513992,0.020496217183231438,3,58.666666666666664,65.49300217071541,3,BDL-Hard
sleep,gru,density_hard,objective_e20_bs32_eval5,none,0.5,0.2393167939518393,0.6000000000000001,0.8073188044808486,0.010135338936560732,3,0.48759441109104773,0.022660749357738028,3,0.6078609058974019,0.020014209644334594,3,0.7573903432370885,0.011644392552276998,3,0.43683730113420655,0.020788936278825672,3,0.8495552496267754,0.005771188179868877,3,0.1794939641074316,0.0020777110847346675,3,0.14450701884367467,0.005232374919755031,3,4160.0,169.04141504376966,3,BDL-Hard
sleep,gru,density_hard,objective_e20_bs32_eval5,none,2.0,0.2393167939518393,0.25,0.4354866859020515,0.016463925820217332,3,0.9952255209613098,0.00019562912751423954,3,0.6057390942331414,0.015890892014525024,3,0.6748228427686637,0.018662420791610207,3,0.4345760451466189,0.016358411183984154,3,0.6895930057673557,0.020687219417728938,3,0.09631681113978978,0.0049735245184574315,3,0.5474385621518244,0.02078016836092671,3,62.0,69.19537556802477,3,BDL-Hard
sleep,gru,density_hard,objective_e20_bs32_eval5,none,1.0,0.0,0.35000000000000003,0.4343569924992861,0.01512586674355669,3,0.9926698406513297,0.0005230700925429032,3,0.6041901710939369,0.014503846655839245,3,0.6735996842271672,0.016980446470730992,3,0.432963488434007,0.01494670893085641,3,0.6884369870031541,0.018846521063176965,3,0.13524043152949897,0.003496512287905018,3,0.5473713464797254,0.01904137906928955,3,806.3333333333334,217.05375678235413,3,BDL-Hard
sleep,gru,density_hard,objective_e20_bs32_eval5,none,16.0,0.0,0.25,0.436224963325339,0.024736447477309405,3,0.9722258488043326,0.000900370275142853,3,0.6019588556490579,0.023831791242583722,3,0.6748962904353565,0.028033231886811647,3,0.4308479692253886,0.024190649405105853,3,0.6914774213023849,0.031180718946721853,3,0.11167789477365135,0.012064030824476938,3,0.5345457310116928,0.031076209457718162,3,2581.3333333333335,132.51540790916863,3,BDL-Hard
sleep,gru,density_hard,objective_e20_bs32_eval5,none,1.0,0.2393167939518393,0.35000000000000003,0.42995997634070277,0.01457812146671733,3,0.9943193217822787,0.0006083812842338389,3,0.6002287610107638,0.014065077865699582,3,0.6685654696313504,0.016725206201756784,3,0.4289014331775603,0.014411316483369642,3,0.6827320401433251,0.018578370508152198,3,0.13617939929651493,0.003515443702748707,3,0.55386579041144,0.018810179503066973,3,840.3333333333334,229.0116445365461,3,BDL-Hard
sleep,gru,density_hard,objective_e20_bs32_eval5,none,16.0,0.2393167939518393,0.25,0.43362867298793245,0.02485795033699473,3,0.9723827403257853,0.0009065958922791569,3,0.5995059687200839,0.024051332536806178,3,0.6719926604200607,0.0285263802072182,3,0.42834595653990265,0.024322459966280286,3,0.6882389451182568,0.03173948014023262,3,0.11214595169473456,0.01207177834412418,3,0.5378593007476455,0.031616169293013,3,2653.3333333333335,123.54081646700149,3,BDL-Hard
sleep,gru,density_hard,objective_e20_bs32_eval5,none,2.0,0.5,0.25,0.4267530778428486,0.015460161081734355,3,0.9954105324425108,0.000125120786775079,3,0.597281424823319,0.015116578519561889,3,0.664749728908349,0.018220728331559837,3,0.42591321727998627,0.015376439604497137,3,0.6784191012786627,0.020215328770226117,3,0.09859614848019645,0.004947701120687596,3,0.5587010193495681,0.0202746090883799,3,153.0,94.29740187301027,3,BDL-Hard
sleep,gru,density_hard,objective_e20_bs32_eval5,none,16.0,0.5,0.25,0.4305936460437154,0.023888596947551022,3,0.972382963500069,0.0009062908926724304,3,0.5966164362964786,0.023205836806296655,3,0.6686500589154937,0.027750487099257898,3,0.4253848702808834,0.023380117849342616,3,0.6845268614868992,0.03088790232642706,3,0.11326123024080514,0.012034494210800564,3,0.5415714911977112,0.03076206267570054,3,2573.0,132.52546925025393,3,BDL-Hard
sleep,gru,density_hard,objective_e20_bs32_eval5,none,16.0,1.0,0.25,0.4301181928497844,0.023947616157412456,3,0.9723843025457714,0.000904793707024017,3,0.5961582081140282,0.023279149329333542,3,0.6681043842282058,0.027880259830263633,3,0.42492107179831323,0.023438705183639483,3,0.6839199175872303,0.031033858120958976,3,0.11716705170163504,0.01183175827447146,3,0.5421790760096291,0.03090698468687786,3,2543.6666666666665,133.19284265054682,3,BDL-Hard
sleep,gru,density_hard,objective_e20_bs32_eval5,none,2.0,1.0,0.25,0.4239498150341093,0.015347422130724346,3,0.9954863001118327,0.0001385549731009843,3,0.5945438005939427,0.015062960007131584,3,0.6614173295470136,0.018319708735943276,3,0.42313455234818664,0.015264139139717508,3,0.6747190347519713,0.02032960290278553,3,0.10693957562711194,0.004796874649150483,3,0.5624373508276741,0.02039461196117642,3,281.6666666666667,98.71845487715727,3,BDL-Hard
sleep,gru,density_hard,objective_e20_bs32_eval5,none,4.0,0.0,0.15000000000000002,0.42243873394924414,0.015215267234846562,3,0.9937376180117715,0.00017533415287954453,3,0.5927461966668393,0.014987125486232194,3,0.6596256260905563,0.018402217191831386,3,0.42131502470076404,0.015110656175628186,3,0.6728626858325066,0.020431426560417843,3,0.08584223225318571,0.006271019752767202,3,0.5634567217594836,0.02049314277597865,3,751.0,39.949968710876355,3,BDL-Hard
sleep,gru,density_hard,objective_e20_bs32_eval5,none,8.0,0.0,0.15000000000000002,0.4226077197202847,0.019707232873206724,3,0.9868234555279489,0.00039778166376507984,3,0.5916007627135103,0.01938039054336898,3,0.6596045803461715,0.023906889611640905,3,0.42023029929456485,0.019448153228754605,3,0.6733560013313884,0.026582881967926537,3,0.09569049376064853,0.008452168488276358,3,0.5596540558636207,0.026703215096974035,3,1678.6666666666667,72.80338819954287,3,BDL-Hard
sleep,gru,density_hard,objective_e20_bs32_eval5,none,4.0,0.2393167939518393,0.15000000000000002,0.4158176014076718,0.01466360149970693,3,0.99393568518857,0.00017219280828552664,3,0.5862359711927277,0.014581325385427777,3,0.6515515453998982,0.018309799359220558,3,0.41476339587902383,0.014566645497259693,3,0.6638920774273269,0.020326771239499664,3,0.08654273742391637,0.006270970576858357,3,0.5725221317681402,0.020387663094016142,3,690.0,41.569219381653056,3,BDL-Hard
sleep,gru,density_hard,objective_e20_bs32_eval5,none,8.0,0.2393167939518393,0.15000000000000002,0.4170386168771492,0.019059484220731945,3,0.9869923984607224,0.0003711636767289681,3,0.586158732312323,0.01889745806134869,3,0.6529002842701465,0.023745153894071058,3,0.4147536422035218,0.01881897909226735,3,0.6659000020936466,0.026398846972940797,3,0.09625111848379048,0.008453742986448373,3,0.5671909168634267,0.026504869284551865,3,1655.6666666666667,72.56950691119059,3,BDL-Hard
sleep,gru,density_hard,objective_e20_bs32_eval5,none,8.0,0.5,0.15000000000000002,0.4164184188492855,0.019037063394611267,3,0.9869931795707153,0.00037111274781585286,3,0.5855457968876978,0.01889270086186378,3,0.652138762711738,0.02379311136369373,3,0.4141403394537682,0.018797032921069212,3,0.6650545053140171,0.026451379875577632,3,0.09765380077359846,0.008415609096902444,3,0.5680367875085348,0.026557922867298266,3,1610.3333333333333,72.8857553526979,3,BDL-Hard
sleep,gru,density_hard,objective_e20_bs32_eval5,none,0.5,0.0,0.6000000000000001,0.8020419095235236,0.0107763304990516,3,0.4611627647990773,0.023111556649550082,3,0.5854715876047925,0.021032177216885817,3,0.7446353171475092,0.012163897059628876,3,0.4141088206116834,0.02118946745652695,3,0.8438436533023644,0.005857883548647931,3,0.17816906354976306,0.0020562902064962295,3,0.13756754146915887,0.00535914667790665,3,4447.333333333333,176.66446539509116,3,BDL-Hard
sleep,gru,density_hard,objective_e20_bs32_eval5,none,1.0,0.5,0.35000000000000003,0.4147998280655738,0.013305195295289798,3,0.9951639248590042,0.00045637760483420805,3,0.5854533188251515,0.013149392020440253,3,0.6503364662080942,0.01641549276990051,3,0.41396226258425983,0.0131899797775844,3,0.662453523180087,0.018238853790426557,3,0.1392372025627958,0.0035053759925397017,3,0.5745485627756457,0.01839957302172144,3,1119.3333333333333,237.3021983322812,3,BDL-Hard
sleep,gru,density_hard,objective_e20_bs32_eval5,none,8.0,1.0,0.15000000000000002,0.41590152047340795,0.019064868657340965,3,0.9870017717806384,0.00037922490812063566,3,0.5850350317327965,0.01893197771013771,3,0.6514986146116324,0.02388639302337495,3,0.41363045336578574,0.018823222490901747,3,0.6643431995364922,0.026554843186983052,3,0.10265529545660611,0.008229005784658268,3,0.5687522058063231,0.026666522766505017,3,1573.6666666666667,72.96802952891997,3,BDL-Hard
sleep,gru,density_hard,objective_e20_bs32_eval5,none,4.0,0.5,0.15000000000000002,0.41456538915468394,0.014534199208400305,3,0.9939552129383952,0.00018612464319988715,3,0.5849948658030358,0.014475868124917034,3,0.6499973355573818,0.018249819613703484,3,0.41352090215425125,0.014438108136422503,3,0.6621666348346916,0.02025900405784086,3,0.08832037761579788,0.00623477513264801,3,0.5742569209977381,0.02032035808690702,3,612.6666666666666,35.85154575933,3,BDL-Hard
sleep,gru,density_hard,objective_e20_bs32_eval5,none,2.0,0.5,0.8500000000000001,0.912253853296613,0.01797576328886821,3,0.43038200965318046,0.010355434905540199,3,0.5848265409146797,0.012630972097217181,3,0.7480423879804289,0.007556709879594329,3,0.41332899882623525,0.012551070490102451,3,0.8537726124523268,0.004191965159108787,3,0.09859614848019645,0.004947701120687596,3,0.1129058790453313,0.0017101477756450991,3,4148.666666666667,161.6982786962598,3,BDL-Hard
sleep,gru,density_hard,objective_e20_bs32_eval5,none,4.0,1.0,0.15000000000000002,0.41329024651854906,0.014502379703750443,3,0.9939784230639018,0.0001735735032445849,3,0.5837279017942711,0.014471907019202557,3,0.6483982758408589,0.018330491746485978,3,0.41225616204716603,0.01440722923845795,3,0.6603915215427698,0.0203464299223523,3,0.09469057772143569,0.0060622133636210745,3,0.5760431434353067,0.02040794415710674,3,525.3333333333334,40.61198509471476,3,BDL-Hard
sleep,gru,density_hard,objective_e20_bs32_eval5,none,2.0,1.0,0.8500000000000001,0.8464709751145931,0.017515436156640914,3,0.4429568762563318,0.009823633213096806,3,0.5815565498107433,0.01189250107468485,3,0.7441415799241967,0.007211328470750713,3,0.4100620579745773,0.011766727883815737,3,0.8474566892865963,0.00422628875323693,3,0.10693957562711194,0.004796874649150483,3,0.12524055573073825,0.0018601318547422365,3,4049.6666666666665,165.69952725742266,3,BDL-Hard
sleep,gru,density_hard,objective_e20_bs32_eval5,none,16.0,0.0,0.2,0.40954449928499365,0.032613399884098906,3,0.9753991639444983,0.0009887394102782957,3,0.5763616555739431,0.0327950931249567,3,0.6423159957150416,0.042826981354942194,3,0.40534246132824503,0.03199075959319569,3,0.6550460997498734,0.0475886220440756,3,0.11167789477365135,0.012064030824476938,3,0.572495907775291,0.047540120753919585,3,2383.3333333333335,104.643840398436,3,BDL-Hard
sleep,gru,density_hard,objective_e20_bs32_eval5,none,0.25,1.0,0.5,0.414261928233752,0.018259009998539494,3,0.9394884131259508,0.010143299971837934,3,0.5748714411299712,0.018806304134134613,3,0.650556985077098,0.02086199909458569,3,0.4035458455827172,0.01860593735692996,3,0.6670400781656579,0.022840711620277218,3,0.25422785950608223,0.0011379173146467629,3,0.5433138378509101,0.020058576440121243,3,3281.3333333333335,247.23538042386522,3,BDL-Hard
sleep,gru,density_hard,objective_e20_bs32_eval5,none,1.0,1.0,0.35000000000000003,0.4036972544710165,0.012032225736791736,3,0.9953248335175636,0.0004993148554032623,3,0.5743439959522735,0.012080319483786088,3,0.6361243687714402,0.01572008912122458,3,0.402930313206522,0.011923319695507454,3,0.646687829589124,0.017450720016613436,3,0.15104039760363483,0.003396558020639027,3,0.5903912726551798,0.01762617251048448,3,1509.3333333333333,223.5851813813548,3,BDL-Hard
sleep,gru,density_hard,objective_e20_bs32_eval5,none,16.0,0.2393167939518393,0.2,0.4051501245347498,0.031835195437780704,3,0.9755434461189211,0.0009901669360783776,3,0.5720336087815173,0.03222175544966521,3,0.6367774228218738,0.04273297003795561,3,0.4010632312247373,0.031246736194422014,3,0.6488906449884507,0.047438376657101676,3,0.11214595169473456,0.01207177834412418,3,0.5787204208315281,0.047361340363712735,3,2389.6666666666665,107.22095566321595,3,BDL-Hard
sleep,gru,density_hard,objective_e20_bs32_eval5,none,16.0,0.5,0.2,0.40460444365925735,0.031645420411525176,3,0.975543557706063,0.000990338386055679,3,0.5714938983787105,0.032052812199173844,3,0.6360956454637015,0.04258668662561481,3,0.4005286526469165,0.03106135622801036,3,0.6481336475085177,0.04727112470154349,3,0.11326123024080514,0.012034494210800564,3,0.5794774717208152,0.047194013745481496,3,2361.0,112.1739720255996,3,BDL-Hard
sleep,gru,density_hard,objective_e20_bs32_eval5,none,2.0,0.2393167939518393,0.8500000000000001,0.9116725144596668,0.017942444385729006,3,0.41618868314451674,0.00940042837521685,3,0.571462332926246,0.011493673504389004,3,0.7405060728183089,0.0068639706670951045,3,0.40009327184687016,0.011220499574024505,3,0.8506278963892714,0.0038050029759353135,3,0.09631681113978978,0.0049735245184574315,3,0.10925719231725668,0.0018931404547976591,3,4286.0,167.39474304768356,3,BDL-Hard
sleep,gru,density_hard,objective_e20_bs32_eval5,none,16.0,1.0,0.2,0.4042652427449522,0.0316730906903323,3,0.9755436692932049,0.0009905098440692217,3,0.5711536756759518,0.03209688549326263,3,0.6356488949905063,0.04270247414722492,3,0.40019622615903977,0.031089056099241567,3,0.6476388098430449,0.047395121138038045,3,0.11716705170163504,0.01183175827447146,3,0.5799723627956421,0.047317805644027426,3,2333.0,105.95753866525968,3,BDL-Hard
sleep,gru,density_hard,objective_e20_bs32_eval5,none,0.25,1.0,0.55,0.4691579020431134,0.018195011826439258,3,0.7104494439947482,0.020793277176754877,3,0.5650000305587386,0.016946391562520466,3,0.688800346224077,0.013580780826320457,3,0.3938570578089617,0.016360669698939383,3,0.7380858952732293,0.01359052304778682,3,0.25422785950608223,0.0011379173146467629,3,0.36264227717831116,0.013296431818980903,3,4224.333333333333,125.6834648366018,3,BDL-Hard
sleep,gru,density_hard,objective_e20_bs32_eval5,none,2.0,0.0,0.8500000000000001,0.9104977816263622,0.018702333276810163,3,0.4044260593469519,0.010096697808863592,3,0.5600511068394947,0.012408676942150835,3,0.7340722489237939,0.00737845490419602,3,0.38900664570760624,0.011916943267790265,3,0.8479510195632054,0.004011323285068317,3,0.09547378321874161,0.004965165628318759,3,0.10630408231193285,0.0018987652572683594,3,4431.333333333333,153.3242750947591,3,BDL-Hard
sleep,gru,density_hard,objective_e20_bs32_eval5,none,8.0,0.0,0.1,0.3834888975939543,0.03171332068252377,3,0.9893946464506475,0.00027459260388988893,3,0.5522203147602512,0.03330161842826863,3,0.6057707362730217,0.04898373035997501,3,0.38190748403519253,0.03142174445120464,3,0.6138452427647416,0.05361548743090079,3,0.09569049376064853,0.008452168488276358,3,0.620395472766784,0.05374581433620537,3,1533.6666666666667,64.25988899253824,3,BDL-Hard
sleep,gru,density_hard,objective_e20_bs32_eval5,none,8.0,0.2393167939518393,0.1,0.3788567925794036,0.030823450738629198,3,0.9895343535522539,0.00020824555530369067,3,0.5474384854581001,0.032590600016606325,3,0.5989245058583338,0.0488991588323608,3,0.3773350337013384,0.030555215002943954,3,0.6063386915733712,0.0533529974264364,3,0.09625111848379048,0.008453742986448373,3,0.6279688924694521,0.05345016612808264,3,1477.3333333333333,56.89756878227161,3,BDL-Hard
sleep,gru,density_hard,objective_e20_bs32_eval5,none,8.0,0.5,0.1,0.3784845533054643,0.030767513881362996,3,0.9895395981479213,0.00020700341177799312,3,0.5470512930861782,0.0325497126265351,3,0.5983633255953525,0.04892112206524037,3,0.37696660105598334,0.030500492686419658,3,0.6057251249137973,0.053361996564020756,3,0.09765380077359846,0.008415609096902444,3,0.6285849693686673,0.05345762565296394,3,1448.0,58.92367945062494,3,BDL-Hard
sleep,gru,density_hard,objective_e20_bs32_eval5,none,8.0,1.0,0.1,0.3779523188216396,0.030640545840270005,3,0.9895470744864258,0.00020642242945768707,3,0.5464988204429435,0.03243852682467566,3,0.5975692734542971,0.048860985115624034,3,0.37643980277557826,0.030375425199192178,3,0.6048554336967733,0.05327726996460565,3,0.10265529545660611,0.008229005784658268,3,0.629458239012414,0.05337123189921311,3,1405.3333333333333,55.07570547286099,3,BDL-Hard
sleep,gru,density_hard,objective_e20_bs32_eval5,none,16.0,0.0,0.15000000000000002,0.3781212549958047,0.03789399352684293,3,0.9786434485068859,0.0008189204192874755,3,0.5447357198177355,0.04004626588422153,3,0.5971927273041858,0.06061524993160392,3,0.3750048573967959,0.03728703035742564,3,0.6052806789738909,0.06614407096762598,3,0.11167789477365135,0.012064030824476938,3,0.6238141521115494,0.06619306084847763,3,2283.6666666666665,61.20729803980343,3,BDL-Hard
sleep,gru,density_hard,objective_e20_bs32_eval5,none,2.0,0.0,0.2,0.37370326694744316,0.013497062970564893,3,0.9969816793998755,7.33825246542429e-05,3,0.5435400157379413,0.014231990929243016,3,0.592770576957231,0.02087241391253034,3,0.37328022465404165,0.013458679935145337,3,0.5988618626875416,0.022846141182170168,3,0.09547378321874161,0.004965165628318759,3,0.6390102616460165,0.02287065030271809,3,1278.0,189.04232330353963,3,BDL-Hard
sleep,gru,density_hard,objective_e20_bs32_eval5,none,4.0,0.0,0.1,0.37363731684095436,0.01762707195574613,3,0.9957824523863246,0.0002356616613337011,3,0.5432236941856052,0.01865235457067492,3,0.5923548435185865,0.02789058410798995,3,0.373044092119236,0.017539791291086914,3,0.5985330747038772,0.03045084753303024,3,0.08584223225318571,0.006271019752767202,3,0.638765059301474,0.03055862860742773,3,98.66666666666667,41.356176483487125,3,BDL-Hard
sleep,gru,density_hard,objective_e20_bs32_eval5,none,4.0,0.5,0.9500000000000001,0.9220670590984135,0.0024845493587883384,3,0.3836591343114169,0.02478424673266672,3,0.5415660568417966,0.02476113984689139,3,0.7240550224751158,0.013899460413798182,3,0.3716001418574237,0.023516894456902537,3,0.8447462713861736,0.005619705577112748,3,0.08832037761579788,0.00623477513264801,3,0.09956908264947996,0.006249085996624698,3,2022.6666666666667,128.5197779850764,3,BDL-Hard
sleep,gru,density_hard,objective_e20_bs32_eval5,none,16.0,0.2393167939518393,0.15000000000000002,0.3743660848003907,0.03687501240768011,3,0.9787705462614625,0.0008036300892114424,3,0.540871792887703,0.039184946813936,3,0.5916079709381182,0.060275980362473836,3,0.37133139093108064,0.03630201524284166,3,0.5991615692779141,0.06558864581207759,3,0.11214595169473456,0.01207177834412418,3,0.6299940950618138,0.0656042519056297,3,2280.6666666666665,61.59816014568394,3,BDL-Hard
sleep,gru,density_hard,objective_e20_bs32_eval5,none,16.0,0.5,0.15000000000000002,0.37403791669661796,0.03684373973752718,3,0.9787705462614625,0.0008036300892114424,3,0.5405290219904663,0.039169918982154835,3,0.5911002624667626,0.060344606255154774,3,0.3710085309932731,0.03627182447334854,3,0.5986088091679506,0.06564519122192167,3,0.11326123024080514,0.012034494210800564,3,0.6305468551717773,0.06566053391231788,3,2248.6666666666665,59.601454120963574,3,BDL-Hard
sleep,gru,density_hard,objective_e20_bs32_eval5,none,16.0,1.0,0.15000000000000002,0.3737996524265981,0.036799444046146164,3,0.9787705462614625,0.0008036300892114424,3,0.5402808800767767,0.0391359032033614,3,0.5907364267533993,0.06035766286056533,3,0.3707741328733336,0.03622858186831262,3,0.5982119776671991,0.06564676689141283,3,0.11716705170163504,0.01183175827447146,3,0.6309436866725289,0.06566206594765069,3,2224.6666666666665,54.72050194701549,3,BDL-Hard
sleep,gru,density_hard,objective_e20_bs32_eval5,none,4.0,1.0,0.9500000000000001,0.875939674815533,0.006276725502091209,3,0.3904873746960087,0.024332247584099503,3,0.5399385075181878,0.024250708959513922,3,0.7218857729055821,0.01370160907832289,3,0.3700597330961246,0.02297615477841095,3,0.840925125853802,0.005769633904749807,3,0.09469057772143569,0.0060622133636210745,3,0.10665845337619755,0.005881426603729542,3,1860.3333333333333,133.88552324031656,3,BDL-Hard
sleep,gru,density_hard,objective_e20_bs32_eval5,none,0.25,0.2393167939518393,0.45,0.38726075775771934,0.012636550557827964,3,0.886837805634392,0.00882312110951079,3,0.5390534289114584,0.01339925799409781,3,0.6196722494632639,0.015232715233341076,3,0.3690525593532609,0.012609966242774457,3,0.6368117991090465,0.01677864560391768,3,0.2059304253734895,0.0011420936992414452,3,0.5483417677385284,0.014300638871384337,3,3657.6666666666665,301.2247223143102,3,BDL-Hard
sleep,gru,density_hard,objective_e20_bs32_eval5,none,4.0,0.2393167939518393,0.9500000000000001,0.9221911644487911,0.0026857516447868933,3,0.3802289455706935,0.024421816418188913,3,0.5381639244007007,0.02454308149744457,3,0.7221571865984351,0.013769580874358487,3,0.36840210678326074,0.02319793263241996,3,0.8440081274082277,0.0055467496109879244,3,0.08654273742391637,0.006270970576858357,3,0.09866542308326647,0.006150047686126619,3,2066.6666666666665,124.7290396552998,3,BDL-Hard
sleep,gru,density_hard,objective_e20_bs32_eval5,none,0.5,0.2393167939518393,0.4,0.3692179088657394,0.00940156822602138,3,0.991087088631212,0.0010412752034887212,3,0.5379612516620964,0.00993132388978407,3,0.5865900445122769,0.01474493658600107,3,0.3679950410250837,0.009327691220576844,3,0.5923809313224071,0.01614507817396442,3,0.1794939641074316,0.0020777110847346675,3,0.6426698438823216,0.01619530192244702,3,2978.6666666666665,228.42139421107933,3,BDL-Hard
sleep,gru,density_hard,objective_e20_bs32_eval5,none,4.0,0.2393167939518393,0.1,0.3682587740054371,0.0171239164882051,3,0.9959862105073577,0.00024567223935583566,3,0.5375502969668775,0.018263797799085248,3,0.58379523573494,0.028024794417029597,3,0.3677102750373901,0.017041120657083006,3,0.5891960514250897,0.030464400462746326,3,0.08654273742391637,0.006270970576858357,3,0.648199608060796,0.030577091280585143,3,76.33333333333333,70.74131277643448,3,BDL-Hard
sleep,gru,density_hard,objective_e20_bs32_eval5,none,2.0,0.2393167939518393,0.2,0.36744375682774155,0.0129343258366267,3,0.9973317282638848,7.256399526340103e-05,3,0.536943740529475,0.013773510167996793,3,0.582769478908178,0.020808229591570665,3,0.36708242253177265,0.012904860544843142,3,0.587943575367435,0.02266529807328003,3,0.09631681113978978,0.0049735245184574315,3,0.6500960941098456,0.022677294512810645,3,1335.0,197.36514383244068,3,BDL-Hard
sleep,gru,density_hard,objective_e20_bs32_eval5,none,4.0,0.5,0.1,0.3671463747224337,0.01697643030182242,3,0.996010424917141,0.00023158265384342974,3,0.5363694210800483,0.01813812220392766,3,0.5819964495578916,0.02797559682968087,3,0.3666046215099812,0.016896843932709033,3,0.5872388923498151,0.03038124105481757,3,0.08832037761579788,0.00623477513264801,3,0.6501683569659042,0.030486128557741105,3,127.0,111.80787092150534,3,BDL-Hard
sleep,gru,density_hard,objective_e20_bs32_eval5,none,4.0,1.0,0.1,0.36657771069964035,0.016846452886699143,3,0.9960148884028154,0.00023478982078961691,3,0.5357647275231111,0.018013635081133694,3,0.5810789958345044,0.027862170094928106,3,0.366038224099746,0.016766950045946485,3,0.5862408851596341,0.030243400976992907,3,0.09469057772143569,0.0060622133636210745,3,0.6511685005302481,0.030350271150537872,3,176.33333333333334,108.96941466913243,3,BDL-Hard
sleep,gru,density_hard,objective_e20_bs32_eval5,none,4.0,0.0,0.9500000000000001,0.9220054002336419,0.0024967737274854897,3,0.37727289059572583,0.023889495579961357,3,0.5351704759973447,0.024085174459875056,3,0.7204803479942862,0.013499653590869715,3,0.36559506196692726,0.022667355596983053,3,0.8433396559326684,0.005404725731684856,3,0.08584223225318571,0.006271019752767202,3,0.09791902736011664,0.00603676565474272,3,2107.3333333333335,120.70349345952386,3,BDL-Hard
sleep,gru,density_hard,objective_e20_bs32_eval5,none,2.0,0.5,0.2,0.3646356317052147,0.012616718731143827,3,0.9973990153104254,6.889446528095546e-05,3,0.5339517053657344,0.013488473290480555,3,0.5781688392720489,0.020648431219655303,3,0.3642887478629309,0.01258778580873861,3,0.58294336493458,0.022440973952811756,3,0.09859614848019645,0.004947701120687596,3,0.6551285103832057,0.022456571707788038,3,1525.0,193.59493795035036,3,BDL-Hard
sleep,gru,density_hard,objective_e20_bs32_eval5,none,2.0,1.0,0.2,0.36319395203334787,0.012599144796407561,3,0.9974126289417321,7.662234918243855e-05,3,0.5324057827867142,0.013497254920018357,3,0.5757642299701041,0.0208058237474761,3,0.3628515858032966,0.01257004225007302,3,0.5803377895961996,0.022584131079777595,3,0.10693957562711194,0.004796874649150483,3,0.6577406016627827,0.022601194482529476,3,1620.3333333333333,206.91141421713138,3,BDL-Hard
sleep,gru,density_hard,objective_e20_bs32_eval5,none,0.5,0.0,0.4,0.3682644543039708,0.009594020206911053,3,0.9473829802381403,0.0014281545991998777,3,0.5303178368610597,0.009910057255832334,3,0.5895770325945753,0.014218044774541165,3,0.36087985197384725,0.009209536402012287,3,0.5982005213607507,0.01581925100134328,3,0.17816906354976306,0.0020562902064962295,3,0.615931999637671,0.01584662772935467,3,3233.0,215.36945001554886,3,BDL-Hard
sleep,gru,density_hard,objective_e20_bs32_eval5,none,0.25,0.0,0.45,0.3907921460088639,0.017271037610325373,3,0.8040674852253046,0.00833370756296874,3,0.5258424293806047,0.016658432932884028,3,0.6258060664640008,0.01833602900791782,3,0.35682323338716565,0.015419435303416072,3,0.6525958388131331,0.02066824154776473,3,0.20305225643431557,0.0011290006612273916,3,0.49294107260510317,0.018746923899204404,3,4130.666666666667,271.71001699115436,3,BDL-Hard
sleep,gru,density_hard,objective_e20_bs32_eval5,none,0.5,0.5,0.4,0.3408306756416924,0.0077675304842346506,3,0.9954869696346839,0.0007816063741571266,3,0.5077693608086379,0.008617027361120515,3,0.5361239367281141,0.0148115697007004,3,0.3403052833028732,0.0077653726626230385,3,0.5379310562148406,0.01569079397554367,3,0.18443725835419275,0.0020783056554599926,3,0.6992256498209292,0.01561220474357795,3,3853.6666666666665,223.97842157969887,3,BDL-Hard
sleep,gru,density_hard,objective_e20_bs32_eval5,none,0.25,0.5,0.45,0.34063565140768404,0.007244567059636306,3,0.9865103420078946,0.006227223151516487,3,0.5063880621572691,0.008433180954953283,3,0.5374637754193431,0.013187573262126445,3,0.3390644438221064,0.0075841230321728546,3,0.5396025820645407,0.013938686832884984,3,0.2157736649246654,0.0011409219547346946,3,0.6932576084829436,0.012947635193816528,3,4482.333333333333,250.70367634586708,3,BDL-Hard
sleep,gru,density_hard,objective_e20_bs32_eval5,none,16.0,0.0,0.9500000000000001,0.8243377372263759,0.003172746165412171,3,0.3634014929913232,0.029141129879976954,3,0.5040171233552003,0.02834487803121008,3,0.7004000393032745,0.015705259368543972,3,0.3372368574679765,0.02558384383676844,3,0.829138455845846,0.005894202966900066,3,0.11167789477365135,0.012064030824476938,3,0.10548091064230518,0.008056006311442425,3,2843.0,373.53848529970776,3,BDL-Hard
sleep,gru,density_hard,objective_e20_bs32_eval5,none,16.0,0.2393167939518393,0.9500000000000001,0.8242848675781037,0.003172053019768749,3,0.3634060680641394,0.029140404271061054,3,0.5040117165026059,0.028343633427792787,3,0.7003953095123147,0.01570459876388609,3,0.3372319932801205,0.02558250514359322,3,0.8291325808168981,0.0058940398230208565,3,0.11214595169473456,0.01207177834412418,3,0.10548897545476997,0.0080557534708524,3,2845.0,371.84808726145144,3,BDL-Hard
sleep,gru,density_hard,objective_e20_bs32_eval5,none,16.0,0.5,0.9500000000000001,0.8241911546248986,0.0031128774662184215,3,0.3634114242469486,0.029139205238327564,3,0.5039986962101033,0.028330081167711647,3,0.7003849509632696,0.01569515449446701,3,0.33722003756229696,0.025569613504032643,3,0.8291212847385121,0.00588595765989868,3,0.11326123024080514,0.012034494210800564,3,0.10550283518215153,0.008063107508890877,3,2843.6666666666665,373.0017873058162,3,BDL-Hard
sleep,gru,density_hard,objective_e20_bs32_eval5,none,16.0,1.0,0.9500000000000001,0.8148968258499453,0.0058859945412199615,3,0.3634871919162703,0.029171737093740865,3,0.5023370844943824,0.028528744584656086,3,0.6991595189433312,0.015847951794027267,3,0.3357403473498189,0.025699786680059147,3,0.8279412851743325,0.006057584247821432,3,0.11716705170163504,0.01183175827447146,3,0.10671909969774579,0.007936708734988213,3,3090.6666666666665,379.1231110514543,3,BDL-Hard
sleep,gru,density_hard,objective_e20_bs32_eval5,none,0.25,0.2393167939518393,0.55,0.6987506589829974,0.023363869783845394,3,0.39215337072395284,0.024516676669861504,3,0.502250089468662,0.02527494199399059,3,0.6939860316914905,0.014785637969641179,3,0.33559201356269064,0.022719628981825193,3,0.8141253801677824,0.007573769950901724,3,0.2059304253734895,0.0011420936992414452,3,0.13425560071850537,0.005199735812038074,3,5397.333333333333,224.62487247260344,3,BDL-Hard
sleep,gru,density_hard,objective_e20_bs32_eval5,none,1.0,0.0,0.30000000000000004,0.3339147672524046,0.005572932923715352,3,0.9963499845898157,0.00019778546252751498,3,0.5001776605033036,0.006235280273380559,3,0.5222868209288177,0.011282705451060856,3,0.33350667387584626,0.005556931311450861,3,0.5233539610940628,0.011812635993437234,3,0.13524043152949897,0.003496512287905018,3,0.7142158128860961,0.011822843739838712,3,3478.3333333333335,186.69315288283434,3,BDL-Hard
sleep,gru,density_hard,objective_e20_bs32_eval5,none,1.0,0.2393167939518393,0.30000000000000004,0.33015706209139606,0.005758613147528291,3,0.997437178112941,0.0003260229704970867,3,0.4960832736370862,0.006500545767585711,3,0.5142199276558489,0.011991690909031572,3,0.32987747037983967,0.005762221276736961,3,0.5149461804620893,0.012461379967601688,3,0.13617939929651493,0.003515443702748707,3,0.7231439608547889,0.012404996975219046,3,3585.0,186.66279757894984,3,BDL-Hard
sleep,gru,density_hard,objective_e20_bs32_eval5,none,16.0,0.0,0.1,0.33224090884042967,0.030217116316190746,3,0.982067723129091,0.0007705286228542873,3,0.4959859556949384,0.034075607584423205,3,0.5168177645279002,0.06544980460230734,3,0.3302258088286888,0.02985978427344885,3,0.5192543925989163,0.06739207886400554,3,0.11167789477365135,0.012064030824476938,3,0.7114794113349178,0.06743976096873212,3,2188.3333333333335,124.12225156406625,3,BDL-Hard
sleep,gru,density_hard,objective_e20_bs32_eval5,none,16.0,0.2393167939518393,0.1,0.32952904842923614,0.029383847343853638,3,0.9821211733700411,0.0007665883394542004,3,0.49298409694523615,0.03326924760544818,3,0.5113456373622421,0.06494624162123226,3,0.3275534366155057,0.029043335032493543,3,0.5135508343822931,0.06654395145155975,3,0.11214595169473456,0.01207177834412418,3,0.7172085526321411,0.06657573060565772,3,2166.6666666666665,130.61521095696827,3,BDL-Hard
sleep,gru,density_hard,objective_e20_bs32_eval5,none,16.0,0.5,0.1,0.32935603951259995,0.02936931797347435,3,0.9821211733700411,0.0007665883394542004,3,0.49279037516258956,0.03326134828396135,3,0.5109793431089015,0.06500480568152939,3,0.3273824960687515,0.029029161464676007,3,0.5131738978659331,0.06658018361226295,3,0.11326123024080514,0.012034494210800564,3,0.7175854891485011,0.0666119220721937,3,2137.3333333333335,118.98039054118685,3,BDL-Hard
sleep,gru,density_hard,objective_e20_bs32_eval5,none,16.0,1.0,0.1,0.32923570294990107,0.029325615226019158,3,0.9821211733700411,0.0007665883394542004,3,0.49265672551039547,0.03321802553785477,3,0.5107357764307682,0.06497175422849187,3,0.3272636129090776,0.02898602128719073,3,0.5129204170715096,0.06653062031179559,3,0.11716705170163504,0.01183175827447146,3,0.7178389699429246,0.06656257640575101,3,2118.0,114.0570032922135,3,BDL-Hard
sleep,gru,density_hard,objective_e20_bs32_eval5,none,0.5,1.0,0.4,0.32484096873762863,0.005178934026956859,3,0.9959022969766803,0.0006699806761444805,3,0.48987537491286065,0.005885959956939609,3,0.5031344445901627,0.01124299868183324,3,0.32440744776553937,0.005173460776347735,3,0.503531853766043,0.011575629071944251,3,0.20413211559992303,0.0020187280334976188,3,0.7338236418855809,0.011548261641010894,3,4575.0,214.39216403590873,3,BDL-Hard
sleep,gru,density_hard,objective_e20_bs32_eval5,none,1.0,0.5,0.30000000000000004,0.3201463315746464,0.0048925026227108846,3,0.9979112002915548,0.0002255711647484624,3,0.48475662039234074,0.0056047383225872535,3,0.49209233774076705,0.011087639073566568,3,0.319932037482818,0.004892644669897681,3,0.49224063563113196,0.011285759097110994,3,0.1392372025627958,0.0035053759925397017,3,0.7460763886218421,0.011255915069970819,3,3994.6666666666665,181.32935044645507,3,BDL-Hard
sleep,gru,density_hard,objective_e20_bs32_eval5,none,1.0,1.0,0.30000000000000004,0.31555706449950965,0.004790438135870292,3,0.9979503673783472,0.00022417779038118237,3,0.4794819357962486,0.005525854635821028,3,0.4813301555093544,0.011295338138811556,3,0.31535276949018076,0.004790248327214486,3,0.4813806980303485,0.011375574964183654,3,0.15104039760363483,0.003396558020639027,3,0.7569550729059046,0.011348165998285241,3,4261.333333333333,171.10328264920372,3,BDL-Hard
sleep,gru,density_hard,objective_e20_bs32_eval5,none,8.0,0.0,0.05,0.31377703405579765,0.023523643540769672,3,0.9930526961350455,7.59930556531839e-05,3,0.4765465296374103,0.02734127156040449,3,0.4744088175990984,0.05949860335546625,3,0.3130869431847394,0.023419262622824528,3,0.4756649357763199,0.05861292805388582,3,0.09569049376064853,0.008452168488276358,3,0.7603266452003791,0.05862319697561973,3,1193.6666666666667,71.59841711471933,3,BDL-Hard
sleep,gru,density_hard,objective_e20_bs32_eval5,none,8.0,0.2393167939518393,0.05,0.3109738326186954,0.02280502044038874,3,0.9930993395603421,7.38301379473629e-05,3,0.4733256152665634,0.026618941508394795,3,0.46764074517897863,0.05909728516594364,3,0.3103009973634041,0.022708371462425624,3,0.46892849406130704,0.057795307122514426,3,0.09625111848379048,0.008453742986448373,3,0.7670854120253937,0.05778983315161935,3,1100.6666666666667,61.010927982889534,3,BDL-Hard
sleep,gru,density_hard,objective_e20_bs32_eval5,none,8.0,0.5,0.05,0.31065939671639603,0.022697663256200325,3,0.9930996743217678,7.38301379473629e-05,3,0.47296356364267034,0.0265052677818793,3,0.46688252881464365,0.05897306336793652,3,0.30998796970600057,0.022601562433713415,3,0.46817339261344365,0.05762876012710685,3,0.09765380077359846,0.008415609096902444,3,0.7678406737013196,0.05762330870736986,3,1054.0,65.0,3,BDL-Hard
sleep,gru,density_hard,objective_e20_bs32_eval5,none,8.0,1.0,0.05,0.31039285125986543,0.02264726052051312,3,0.9931001206703352,7.350764327205715e-05,3,0.4726554151495386,0.02645694993931485,3,0.46622232274280256,0.05898565815824422,3,0.3097226179551327,0.022551396979120297,3,0.4675215848563545,0.05759826453305412,3,0.10265529545660611,0.008229005784658268,3,0.768492695095825,0.0575931628529956,3,1004.6666666666666,62.13158080504095,3,BDL-Hard
sleep,gru,density_hard,objective_e20_bs32_eval5,none,0.25,0.0,0.55,0.6927306096257034,0.02594783144650167,3,0.35269760799570965,0.024434090978506837,3,0.46729310315810285,0.026555395976121374,3,0.6749865751552812,0.01540807177484679,3,0.30514355400240173,0.022737791872288207,3,0.8077144150564814,0.007577976028881178,3,0.20305225643431557,0.0011290006612273916,3,0.12178171255171094,0.0050584754763445166,3,5829.666666666667,199.66555369751015,3,BDL-Hard
sleep,gru,density_hard,objective_e20_bs32_eval5,none,0.25,1.0,0.45,0.3028498132637388,0.002911250669542797,3,0.9899070546060607,0.004666554776741891,3,0.4638004528361637,0.003683409033874155,3,0.4519360472731287,0.007066242854246562,3,0.301919193585002,0.003125757916021773,3,0.4522087491785642,0.0069195126665680395,3,0.25422785950608223,0.0011379173146467629,3,0.782277222106858,0.006596752102925739,3,6022.666666666667,193.90805381245352,3,BDL-Hard
sleep,gru,density_hard,objective_e20_bs32_eval5,none,2.0,0.0,0.15000000000000002,0.30053178562434885,0.005429269013169929,3,0.9985627576128654,2.376884702779785e-05,3,0.461996036047341,0.006405875001931157,3,0.44253642483854366,0.014788670833637845,3,0.30040182937220394,0.00542510006950363,3,0.44329050864505165,0.014265949693804248,3,0.09547378321874161,0.004965165628318759,3,0.7953383728263462,0.01426288876936918,3,4068.6666666666665,236.2844331168122,3,BDL-Hard
sleep,gru,density_hard,objective_e20_bs32_eval5,none,2.0,0.2393167939518393,0.15000000000000002,0.29599209654721065,0.005094032441029016,3,0.9988431761003552,6.389764648080135e-06,3,0.45664403761788835,0.00605339427215293,3,0.4296678446993722,0.014543391569321214,3,0.29589063772275587,0.0050902900090327285,3,0.4310156504362049,0.013813607239386893,3,0.09631681113978978,0.0049735245184574315,3,0.8077474487419747,0.013814839271634844,3,4205.666666666667,233.61150085844102,3,BDL-Hard
sleep,gru,density_hard,objective_e20_bs32_eval5,none,2.0,0.5,0.15000000000000002,0.2944805046627712,0.004911376293060937,3,0.9988916049199217,1.2399736728499991e-05,3,0.45484901612848144,0.00584935058459322,3,0.42527204142711145,0.01424193666691629,3,0.29438427531461087,0.004907348549115756,3,0.42686288622440305,0.013456765612653568,3,0.09859614848019645,0.004947701120687596,3,0.8119233926134436,0.01346108196637347,3,4372.333333333333,222.0953248795059,3,BDL-Hard
sleep,gru,density_hard,objective_e20_bs32_eval5,none,2.0,1.0,0.15000000000000002,0.2935890704740742,0.004755170131193857,3,0.9989014245884053,2.0566270088681982e-05,3,0.4537867599029081,0.00567089883368992,3,0.42265900477029844,0.01391799762749928,3,0.2934942670974754,0.004751044858064354,3,0.4244028246711906,0.013109246929791001,3,0.10693957562711194,0.004796874649150483,3,0.8143881541898143,0.013114816074397701,3,4445.0,221.2080468699093,3,BDL-Hard
sleep,gru,density_hard,objective_e20_bs32_eval5,none,4.0,0.0,0.05,0.29314187278985265,0.01424843633518802,3,0.9981860394219518,0.00010794555066648527,3,0.45306651194034336,0.01705413310592156,3,0.4196900241606348,0.04317546608069109,3,0.29298494940485464,0.01422417895836198,3,0.42224268334576703,0.04011819220493482,3,0.08584223225318571,0.006271019752767202,3,0.8162058881462851,0.04016981311699949,3,1936.0,265.7291854501496,3,BDL-Hard
sleep,gru,density_hard,objective_e20_bs32_eval5,none,4.0,0.2393167939518393,0.05,0.28953520531071525,0.0137772565353679,3,0.9983365704763186,6.537111541967486e-05,3,0.4487671067247463,0.016589379415870638,3,0.40873783172157124,0.043360638959110964,3,0.28939515784381326,0.013760355440796986,3,0.41207960429223206,0.039738826368451954,3,0.08654273742391637,0.006270970576858357,3,0.8264410164184627,0.03975824556340547,3,2127.6666666666665,267.4347272388784,3,BDL-Hard
sleep,gru,density_hard,objective_e20_bs32_eval5,none,4.0,0.5,0.05,0.2892505054227485,0.013692327416778461,3,0.998337797934879,6.677322728309049e-05,3,0.4484263803587009,0.016493715588152037,3,0.4078749143563177,0.043213074843729396,3,0.28911083924915576,0.013675525146273768,3,0.41127902477937667,0.03956412598843881,3,0.08832037761579788,0.00623477513264801,3,0.8272421834342129,0.03958354695334572,3,2177.0,265.18672666632466,3,BDL-Hard
sleep,gru,density_hard,objective_e20_bs32_eval5,none,4.0,1.0,0.05,0.28908405594305414,0.013623596022291832,3,0.9983400296777162,6.77313729055547e-05,3,0.4482275831325177,0.016414715971516454,3,0.4073746787182899,0.04306303035761706,3,0.28894474371619505,0.013606933383483464,3,0.4108132150978417,0.03940485913520095,3,0.09469057772143569,0.0060622133636210745,3,0.8277090613028294,0.039423956212484866,3,2203.6666666666665,268.8667575832559,3,BDL-Hard
sleep,gru,density_hard,objective_e20_bs32_eval5,none,16.0,0.0,0.05,0.2794176939922702,0.01235160896996006,3,0.9865598866988797,0.0009031632681484172,3,0.43539422511269077,0.015030219638962184,3,0.38147058361483777,0.04291111649025077,3,0.27835568495727775,0.012244171419654818,3,0.3867865898939247,0.03806552828518376,3,0.11167789477365135,0.012064030824476938,3,0.8460973144067673,0.03818963592189386,3,2208.6666666666665,114.7707860621915,3,BDL-Hard
sleep,gru,density_hard,objective_e20_bs32_eval5,none,16.0,0.2393167939518393,0.05,0.27802314335006034,0.011954159745544623,3,0.9865598866988797,0.0009031632681484172,3,0.43370450876493094,0.014576658488988467,3,0.3768201563276719,0.04218174646352826,3,0.27697178968060315,0.011850226185145373,3,0.38260391644384284,0.037194874795659895,3,0.11214595169473456,0.01207177834412418,3,0.8502799878568492,0.03731875318881327,3,2145.0,100.9504829111778,3,BDL-Hard
sleep,gru,density_hard,objective_e20_bs32_eval5,none,16.0,0.5,0.05,0.2779630641137802,0.011937445103056016,3,0.9865598866988797,0.0009031632681484172,3,0.43363161579096604,0.01455765409297414,3,0.3766177642527995,0.042154370803587915,3,0.27691216536031665,0.011833611150902928,3,0.382422618391447,0.037160037598341654,3,0.11326123024080514,0.012034494210800564,3,0.8504612859092452,0.03728418191651856,3,2127.0,96.96906723280368,3,BDL-Hard
sleep,gru,density_hard,objective_e20_bs32_eval5,none,16.0,1.0,0.05,0.27789926921443625,0.011924583662786785,3,0.9865598866988797,0.0009031632681484172,3,0.4335541390291695,0.014543282508578071,3,0.3764014831483342,0.04213612720372361,3,0.2768488581091581,0.01182092647622051,3,0.382229276529708,0.03713448018532514,3,0.11716705170163504,0.01183175827447146,3,0.8506546277709841,0.03725829592632015,3,2111.0,96.96906723280368,3,BDL-Hard
sleep,gru,density_hard,objective_e20_bs32_eval5,none,0.5,0.0,0.35000000000000003,0.27581138245259545,0.00103392281797173,3,0.9718937654701624,0.0014457195691072824,3,0.4296825059586166,0.0011206098544899168,3,0.37830395223537816,0.004156393436216641,3,0.2736282228622363,0.0009092353763265529,3,0.3825578508759562,0.0036890842099865638,3,0.17816906354976306,0.0020562902064962295,3,0.8433063552004048,0.0043586702409634005,3,6930.666666666667,148.02815047595954,3,BDL-Hard
sleep,gru,density_hard,objective_e20_bs32_eval5,none,0.25,0.2393167939518393,0.4,0.27714742118938923,0.0010965514841845773,3,0.9477583593833515,0.000732969015465328,3,0.42887900047454247,0.0012733328705470943,3,0.39388804286601475,0.0036694686971303165,3,0.27297698660323966,0.001031425174179289,3,0.39591339395508657,0.0034035769343493593,3,0.2059304253734895,0.0011420936992414452,3,0.8183987961104316,0.0036267353427612,3,7178.666666666667,166.77629727672132,3,BDL-Hard
sleep,gru,density_hard,objective_e20_bs32_eval5,none,0.5,0.2393167939518393,0.35000000000000003,0.27201571773228894,0.0019193833941044765,3,0.997014262845298,0.0002608719561758245,3,0.42741610125461943,0.0023444827372284855,3,0.35187114651694823,0.007323376460147957,3,0.2717941261473739,0.0018971981460026831,3,0.36069414428387453,0.0062732407003994245,3,0.1794939641074316,0.0020777110847346675,3,0.8771935755810724,0.006395211802092778,3,7119.333333333333,204.04983051532622,3,BDL-Hard
sleep,gru,density_hard,objective_e20_bs32_eval5,none,0.25,0.0,0.4,0.2773976946061076,0.00046335958740985626,3,0.8664850920694348,0.0023418508470745636,3,0.42025420883737397,0.0006912224956760146,3,0.42777652921120946,0.001182202340146973,3,0.26602663952592204,0.0005539985622505663,3,0.4278767826974202,0.0012065194469763083,3,0.20305225643431557,0.0011290006612273916,3,0.7475352918329835,0.0018938140410166735,3,7299.0,158.64110438344787,3,BDL-Hard
sleep,gru,density_hard,objective_e20_bs32_eval5,none,1.0,0.0,0.25,0.26594587041059287,0.0012193909747111385,3,0.9985794956841442,0.00013172014885930956,3,0.4200270829313695,0.001513652303458259,3,0.327222272355065,0.005049028350623878,3,0.2658452570036985,0.00121223253824409,3,0.34003198793034056,0.004165147493329091,3,0.13524043152949897,0.003496512287905018,3,0.8986049049441679,0.0042080074600232085,3,7243.0,202.85955732969546,3,BDL-Hard
sleep,gru,density_hard,objective_e20_bs32_eval5,none,1.0,0.2393167939518393,0.25,0.26256228116234853,0.001258353031506599,3,0.9992789238893117,5.026217340409823e-05,3,0.41585625577833385,0.0015751743519943158,3,0.3126397087581414,0.0054327977431650855,3,0.2625125245612116,0.0012548946749291884,3,0.32814803278394333,0.004391816894113364,3,0.13617939929651493,0.003515443702748707,3,0.9108236299218856,0.004412551768352096,3,7427.666666666667,209.46917036483745,3,BDL-Hard
sleep,gru,density_hard,objective_e20_bs32_eval5,none,0.5,0.5,0.35000000000000003,0.2580631949922973,0.00174204636978642,3,0.9989525314993762,0.0002799680472157337,3,0.4101643629531526,0.002183352885883689,3,0.29294906011254135,0.00805945200840261,3,0.25799325944427903,0.0017278677335270166,3,0.3124005517827188,0.006337003169468422,3,0.18443725835419275,0.0020783056554599926,3,0.9264148885624509,0.006433111421025892,3,8006.333333333333,164.33603784116664,3,BDL-Hard
sleep,gru,density_hard,objective_e20_bs32_eval5,none,1.0,0.5,0.25,0.2572857480490551,0.0012463057284777413,3,0.999537917645565,8.047189343830113e-05,3,0.40923192973219263,0.0015713908253301803,3,0.28901396198189394,0.00581711564272948,3,0.25725511969010056,0.0012414962431043165,3,0.3093511180073269,0.004542435133774089,3,0.1392372025627958,0.0035053759925397017,3,0.9297445078093022,0.004575179463868546,3,7826.0,184.48848202530152,3,BDL-Hard
sleep,gru,density_hard,objective_e20_bs32_eval5,none,1.0,1.0,0.25,0.2564633642783221,0.0011238072033886856,3,0.9995427158926647,8.175584081693686e-05,3,0.40819155358166387,0.0014177341980314753,3,0.2851993479416581,0.005308574858137663,3,0.25643324857425154,0.0011188008027471442,3,0.30637026184256294,0.004124057662293979,3,0.15104039760363483,0.003396558020639027,3,0.9327276605762912,0.004158627955205878,3,7901.333333333333,173.8658486688325,3,BDL-Hard
sleep,gru,density_hard,objective_e20_bs32_eval5,none,0.5,1.0,0.35000000000000003,0.2558093453176021,0.0016740533488208264,3,0.9989998444475242,0.0002899693600412261,3,0.4073164697954046,0.0021016871954456593,3,0.2824795352081731,0.008019247183198627,3,0.2557437084451837,0.0016576676190779213,3,0.3042182120342811,0.006211839982542175,3,0.20413211559992303,0.0020187280334976188,3,0.9346198738770148,0.006325785288329264,3,8184.333333333333,162.28472920559517,3,BDL-Hard
sleep,gru,density_hard,objective_e20_bs32_eval5,none,0.25,0.2393167939518393,0.35000000000000003,0.2551557519893339,0.0007946533635105652,3,0.9893117372042467,0.00038897073695292694,3,0.4056808899477473,0.0010194236504658424,3,0.2863335602967682,0.0035818333082984093,3,0.25445435131137967,0.0008019001021984092,3,0.30629578249831013,0.0028206274793230505,3,0.2059304253734895,0.0011420936992414452,3,0.9279052498831404,0.0027544127245080316,3,8462.0,75.66372975210778,3,BDL-Hard
sleep,gru,density_hard,objective_e20_bs32_eval5,none,0.5,0.0,0.30000000000000004,0.2530638833887051,0.0011639935377143315,3,0.9886306092903437,0.0002467573980172173,3,0.40297529036010604,0.0014677086864033002,3,0.2769655611521398,0.00566173674905304,3,0.25232948086631407,0.001150317515145942,3,0.2989358666885431,0.004363635445308789,3,0.17816906354976306,0.0020562902064962295,3,0.9349391549956546,0.004419171458373633,3,8527.0,103.435970532499,3,BDL-Hard
sleep,gru,density_hard,objective_e20_bs32_eval5,none,0.25,0.5,0.4,0.2516658343882281,0.0019941853221098044,3,0.9987308078485039,0.0006728002895334315,3,0.40202358466999694,0.002495644889811331,3,0.2625234201637973,0.010366605214804446,3,0.2515849637259608,0.0019556968789248876,3,0.288942869723049,0.007778445249649243,3,0.2157736649246654,0.0011409219547346946,3,0.9497664462355805,0.008061371814188166,3,8705.0,212.88259675229443,3,BDL-Hard
sleep,gru,density_hard,objective_e20_bs32_eval5,none,2.0,0.0,0.1,0.24892509819337008,0.0002069500510136242,3,0.999593711216494,3.0240527201474735e-05,3,0.3985906212064984,0.0002644874678183681,3,0.24792969919250607,0.0010931064368262119,3,0.2488999145698869,0.0002062476914980016,3,0.27811166635475604,0.0008046640774900466,3,0.09547378321874161,0.004965165628318759,3,0.9610106641389088,0.0008101628235087422,3,8264.666666666666,185.00090089870753,3,BDL-Hard
sleep,gru,density_hard,objective_e20_bs32_eval5,none,0.25,1.0,0.4,0.24794648272497857,0.0012669032180872312,3,0.9988788839857499,0.0006227778156932713,3,0.39727724088625394,0.001584985097746581,3,0.2433025978416445,0.0071138160191743394,3,0.24787727202275534,0.001234508554118371,3,0.27464849701804894,0.005167477623114479,3,0.25422785950608223,0.0011379173146467629,3,0.9641316931534335,0.005420943387492612,3,8931.0,158.54652314068574,3,BDL-Hard
sleep,gru,density_hard,objective_e20_bs32_eval5,none,0.5,0.0,0.25,0.24789232664530503,0.00015739624038865573,3,0.9955550377912173,4.810907216451085e-05,3,0.39694554423003564,0.0002051677284474879,3,0.24577421514361283,0.0007932431097281153,3,0.2476182668924102,0.00015968797044526618,3,0.2760740193828955,0.0005894585619860912,3,0.17816906354976306,0.0020562902064962295,3,0.9611152663588579,0.0005694130690637046,3,8932.0,15.716233645501712,3,BDL-Hard
sleep,gru,density_hard,objective_e20_bs32_eval5,none,0.5,0.2393167939518393,0.30000000000000004,0.24763492927825473,0.0009933850340102183,3,0.9991774911773627,7.508736833578052e-05,3,0.39690143657159577,0.0012748279023170857,3,0.24142332306747272,0.005335485405116953,3,0.2475844520955379,0.0009917927111372658,3,0.2732978812722877,0.003890044879644399,3,0.1794939641074316,0.0020777110847346675,3,0.9656252323306903,0.0039000483573198236,3,8922.333333333334,97.21282494266528,3,BDL-Hard
sleep,gru,density_hard,objective_e20_bs32_eval5,none,0.25,0.2393167939518393,0.30000000000000004,0.24630392969499446,0.00017639583614023185,3,0.9981585889850546,0.00010572544568864407,3,0.39511092016821264,0.00021885893856791303,3,0.23513014408868668,0.001044800736384928,3,0.2461920577135963,0.0001699564246964615,3,0.2685921700177832,0.0007452359456458142,3,0.2059304253734895,0.0011420936992414452,3,0.9698432627731676,0.0007948706746312381,3,9071.0,1.7320508075688772,3,BDL-Hard
sleep,gru,density_hard,objective_e20_bs32_eval5,none,0.25,0.0,0.35000000000000003,0.25276963976305233,0.00021794134924122611,3,0.9018878982182436,0.0008082709306420104,3,0.39487000420655044,0.00022491143496194618,3,0.33267023730408546,0.001198488829946188,3,0.24600501605468736,0.00017459190689350076,3,0.3384685092039272,0.0010200924970905055,3,0.20305225643431557,0.0011290006612273916,3,0.853888537455339,0.001358461690368139,3,8520.666666666666,54.07710544521908,3,BDL-Hard
sleep,gru,density_hard,objective_e20_bs32_eval5,none,1.0,0.0,0.2,0.24597342391271396,0.0005217318575124277,3,0.9991915511572368,6.755133876970244e-05,3,0.39476608140499003,0.0006712788224635454,3,0.23244712371845444,0.002871062256394674,3,0.24592447865623548,0.000520976064923087,3,0.2667758781138722,0.002068073537974122,3,0.13524043152949897,0.003496512287905018,3,0.9721539650677188,0.0020733990304037954,3,8995.0,83.14445261110329,3,BDL-Hard
sleep,gru,density_hard,objective_e20_bs32_eval5,none,2.0,0.2393167939518393,0.1,0.2456494287007365,0.00021677150401899084,3,0.999849580532775,4.495078562589558e-05,3,0.39440008269341287,0.0002762141042561998,3,0.23011160648340692,0.0012326899563282919,3,0.2456403478221336,0.00021427381298673705,3,0.265169965655649,0.0008803460959923804,3,0.09631681113978978,0.0049735245184574315,3,0.9740748324869019,0.0009001794220731774,3,8484.333333333334,180.32563138204526,3,BDL-Hard
sleep,gru,density_hard,objective_e20_bs32_eval5,none,2.0,0.5,0.1,0.24530111445281255,0.00023689691631038816,3,0.9998502500556262,4.4414065538140065e-05,3,0.3939510670004022,0.0003022008961582249,3,0.2281827264432592,0.0013524340206144513,3,0.24529209920780104,0.0002343086285465584,3,0.26378639633842565,0.0009635170683088556,3,0.09859614848019645,0.004947701120687596,3,0.9754587222602497,0.0009840235923450926,3,8559.0,184.9648615278048,3,BDL-Hard
sleep,gru,density_hard,objective_e20_bs32_eval5,none,2.0,1.0,0.1,0.24521171800930439,0.00022524410739138847,3,0.9998508079913355,4.4343359883423584e-05,3,0.3938358200622565,0.000287198772182893,3,0.2276858075084288,0.0012895853279911178,3,0.24520274303898668,0.0002226477642940085,3,0.26343055651692393,0.0009178612029511892,3,0.10693957562711194,0.004796874649150483,3,0.9758148291285217,0.0009384458788790956,3,8578.333333333334,181.265918841169,3,BDL-Hard
sleep,gru,density_hard,objective_e20_bs32_eval5,none,0.5,0.0,0.2,0.24475507708328118,0.0001680902132705893,3,0.9977361200659792,0.00012491461598097966,3,0.39308281524019395,0.00021789973766758397,3,0.22697056476394886,0.000931460320992869,3,0.24461922710462133,0.00016877177633795173,3,0.2626657879759735,0.0006668970138677385,3,0.17816906354976306,0.0020562902064962295,3,0.9755674370004623,0.0006694746941203777,3,9201.0,5.291502622129181,3,BDL-Hard
sleep,gru,density_hard,objective_e20_bs32_eval5,none,0.25,0.0,0.15000000000000002,0.24500617262706037,0.00014900837785903048,3,0.9929919927298746,0.0006821823767778355,3,0.39303638952965275,0.00023956476295333395,3,0.23242010993048592,0.00042503553184980995,3,0.2445832728259778,0.00018553292747693976,3,0.26602916193459786,0.0003401009745921145,3,0.20305225643431557,0.0011290006612273916,3,0.9699333643534862,0.000331577021990582,3,9171.666666666666,4.618802153516874,3,BDL-Hard
sleep,gru,density_hard,objective_e20_bs32_eval5,none,0.5,0.0,0.15000000000000002,0.24370245362322787,0.00022627246310419425,3,0.998888926828517,0.00011170653202426945,3,0.3918128899631208,0.00029247387346214806,3,0.22004161309968517,0.0012925150515566732,3,0.24363640997572134,0.00022615094226128036,3,0.25787147060306426,0.0009137645868309207,3,0.17816906354976306,0.0020562902064962295,3,0.9809135264102847,0.0009193607710036639,3,9290.333333333334,4.163331998932447,3,BDL-Hard
sleep,gru,density_hard,objective_e20_bs32_eval5,none,0.25,0.0,0.1,0.24371144085005,0.00015310706483104118,3,0.998145756463741,0.0001968408568790291,3,0.39176730596462955,0.00018584836985675174,3,0.22074916851183,0.0010137626447859875,3,0.24360114380349188,0.00014370229361516219,3,0.2582819481937811,0.0006982115181122761,3,0.20305225643431557,0.0011290006612273916,3,0.9801473425214513,0.0007800431152163576,3,9299.666666666666,2.3094010767586344,3,BDL-Hard
sleep,gru,density_hard,objective_e20_bs32_eval5,none,0.25,0.0,0.30000000000000004,0.2479691569260528,0.00021843189428255165,3,0.9313583971444404,0.0005194330633761111,3,0.39166073425071835,0.00030886511114893925,3,0.2941242525045147,0.0007299267565351657,3,0.24351875985422922,0.00023879068935991584,3,0.30760177472874456,0.0006212002159441407,3,0.20305225643431557,0.0011290006612273916,3,0.898860842568879,0.0005229917584387182,3,8861.333333333334,19.29594085120815,3,BDL-Hard
sleep,gru,density_hard,objective_e20_bs32_eval5,none,0.25,0.0,0.2,0.24516908068599333,0.00029880549051611294,3,0.9702720695375361,0.001161282769352913,3,0.3914310621177511,0.0004742108831144195,3,0.25197886666149955,0.0006373284447711576,3,0.2433412511987277,0.000366501262178218,3,0.27797670091701726,0.0005935876229551218,3,0.20305225643431557,0.0011290006612273916,3,0.9471113070166218,0.00019804709180874422,3,9074.333333333334,22.479620400116683,3,BDL-Hard
sleep,gru,density_hard,objective_e20_bs32_eval5,none,1.0,0.0,0.15000000000000002,0.24333445793834604,0.00010829498158138386,3,0.999489712000282,4.6032232018070584e-05,3,0.391383252568785,0.00014289146921832703,3,0.2174100864304331,0.0005887082618273948,3,0.24330423248048852,0.00011043584385487748,3,0.2560851680514644,0.00041943570217019537,3,0.13524043152949897,0.003496512287905018,3,0.9829873849242058,0.0004027301027933958,3,9278.333333333334,5.033222956846956,3,BDL-Hard
sleep,gru,density_hard,objective_e20_bs32_eval5,none,0.5,0.0,0.1,0.24326322729751312,0.000233994856587402,3,0.9992718938993748,0.0001002648192420044,3,0.3912743916883626,0.0003102798371248314,3,0.2171949407997267,0.0012537355685607208,3,0.2432201235960539,0.00023977064497903122,3,0.2559069410369276,0.0008959344674563792,3,0.17816906354976306,0.0020562902064962295,3,0.9830613568795948,0.0008487190212681426,3,9305.0,0.0,3,BDL-Hard
sleep,gru,density_hard,objective_e20_bs32_eval5,none,0.5,0.2393167939518393,0.25,0.2432133765467235,0.00014552141903077106,3,0.9996697020600994,7.750311426716411e-05,3,0.39124039886095235,0.0001916497740975149,3,0.21655472204417872,0.0007985729209057321,3,0.24319383549130322,0.00014811010203981775,3,0.2555047418960919,0.0005674123766187074,3,0.1794939641074316,0.0020777110847346675,3,0.9836539603676956,0.0005494142704870715,3,9268.666666666666,8.962886439832763,3,BDL-Hard
sleep,gru,density_hard,objective_e20_bs32_eval5,none,0.25,0.0,0.05,0.24320631532849246,0.00019077940031812814,3,0.9992746835779212,0.00010143289608620934,3,0.39120099529908753,0.00025423694605548056,3,0.21686663517333435,0.0010092926314563104,3,0.2431633954590866,0.00019644185819260492,3,0.25567567853379786,0.000722897616371965,3,0.20305225643431557,0.0011290006612273916,3,0.9832939546165763,0.0006771387592116989,3,9307.0,2.0,3,BDL-Hard
sleep,gru,density_hard,objective_e20_bs32_eval5,none,0.25,0.2393167939518393,0.25,0.2431223026529847,0.00017321412698081666,3,0.9996239513319377,0.0001260145940078883,3,0.3911190514189728,0.00023367677376888443,3,0.21607211705862595,0.0008856331472140225,3,0.243100075172472,0.00018053548424239467,3,0.2551593436033112,0.0006384610140410832,3,0.2059304253734895,0.0011420936992414452,3,0.983977460825307,0.0005792028499121693,3,9287.666666666666,8.082903768654798,3,BDL-Hard
sleep,gru,density_hard,objective_e20_bs32_eval5,none,1.0,0.0,0.1,0.2429615877299577,9.159639863739203e-05,3,0.9996471614574441,3.124778700353553e-05,3,0.3909128395111329,0.00011617680872812038,3,0.21512621423580805,0.0005564261756788523,3,0.24294075303086296,8.973811906041893e-05,3,0.2544968806800848,0.00038708033258835734,3,0.13524043152949897,0.003496512287905018,3,0.9846510328941802,0.0004020195760293036,3,9304.333333333334,3.055050463303695,3,BDL-Hard
sleep,gru,density_hard,objective_e20_bs32_eval5,none,0.5,0.0,0.05,0.2429064649089174,9.808463421328656e-05,3,0.9996683630143971,3.94071693793082e-05,3,0.3908431073826226,0.00012514111020704192,3,0.21478909738588228,0.0005889648634488511,3,0.24288689141453226,9.665265566399903e-05,3,0.2542626806624811,0.00041039981125311675,3,0.17816906354976306,0.0020562902064962295,3,0.9848953806890576,0.0004228318304275048,3,9307.666666666666,1.1547005383791202,3,BDL-Hard
sleep,gru,density_hard,objective_e20_bs32_eval5,none,1.0,0.0,0.05,0.24259218740336094,9.620748546443275e-05,3,0.9997450233808539,2.620207709530976e-05,3,0.39044202407442014,0.0001228160421115672,3,0.2129008470007022,0.0005796534785251848,3,0.2425771781305949,9.481496345659321e-05,3,0.2529478224792708,0.0004030661057816798,3,0.13524043152949897,0.003496512287905018,3,0.986246931098515,0.00041442056998973155,3,9309.0,0.0,3,BDL-Hard
sleep,gru,density_hard,objective_e20_bs32_eval5,none,2.0,0.0,0.05,0.24235782035800224,8.297806314210507e-05,3,0.9997770488905671,1.0059566913321552e-05,3,0.39014086036985635,0.00010688179810448067,3,0.21150882148597452,0.000491257686979743,3,0.24234472236906804,8.248061463320847e-05,3,0.2519778284953004,0.00034228394535779126,3,0.09547378321874161,0.004965165628318759,3,0.9872322535671039,0.0003463033811588215,3,9295.666666666666,5.773502691896389,3,BDL-Hard
sleep,gru,density_hard,objective_e20_bs32_eval5,none,1.0,0.2393167939518393,0.2,0.24232253395941147,0.0005340941029400019,3,0.9999341635863036,1.8819230195651983e-05,3,0.39010690274623205,0.0006917876411697846,3,0.21115109760842765,0.003129889727451047,3,0.24231866671925084,0.0005337060357991779,3,0.2517509722638815,0.0021826022974413897,3,0.13617939929651493,0.003515443702748707,3,0.9875343101690556,0.0021856979204408432,3,9148.666666666666,80.16441438277569,3,BDL-Hard
sleep,gru,density_hard,objective_e20_bs32_eval5,none,0.5,0.5,0.30000000000000004,0.24143537566791473,0.0009613231596521817,3,0.999959047518938,2.815248718519943e-05,3,0.3889579074754135,0.0012481683412775377,3,0.2058914788088739,0.005720073884052262,3,0.24143298878207287,0.0009613805636256726,3,0.24810223212645285,0.00395509357095856,3,0.18443725835419275,0.0020783056554599926,3,0.9911949605924422,0.003954546097012629,3,9390.666666666666,88.34213792598285,3,BDL-Hard
sleep,gru,density_hard,objective_e20_bs32_eval5,none,0.5,1.0,0.30000000000000004,0.24128242392742785,0.0008859338203163496,3,0.999959828628931,2.7321536880015012e-05,3,0.3887595529772159,0.0011504726585639096,3,0.20498824942386262,0.005283804443670671,3,0.24128008529113945,0.0008859467071396312,3,0.2474750727862677,0.0036491973569675344,3,0.20413211559992303,0.0020187280334976188,3,0.9918224937981058,0.0036490258862000233,3,9402.666666666666,82.28203530135465,3,BDL-Hard
sleep,gru,density_hard,objective_e20_bs32_eval5,none,0.25,0.0,0.25,0.244428511280224,0.00038925174127594125,3,0.9471323555175267,0.0010235136835896293,3,0.38857624408409963,0.0005590937494016137,3,0.26631163829516713,0.0014068115145342871,3,0.24113856034931383,0.0004306884474762495,3,0.28668675178835884,0.0011455354293669498,3,0.20305225643431557,0.0011290006612273916,3,0.9273258118008182,0.000987342839550803,3,9094.333333333334,12.055427546683177,3,BDL-Hard
sleep,gru,density_hard,objective_e20_bs32_eval5,none,1.0,0.5,0.2,0.24111196078764108,0.00046470329692640747,3,0.9999767898744935,1.8681767191653985e-05,3,0.38853993350114596,0.0006029161550132417,3,0.20397797880097004,0.0027808145178704626,3,0.2411106102999114,0.0004642594021525632,3,0.24677161818379142,0.001918824808481161,3,0.1392372025627958,0.0035053759925397017,3,0.992534066622401,0.001922497061054273,3,9358.0,77.272245987806,3,BDL-Hard
sleep,gru,density_hard,objective_e20_bs32_eval5,none,1.0,1.0,0.2,0.24100244330742374,0.0004616435753321533,3,0.9999771246359191,1.860663309421114e-05,3,0.38839775187527636,0.0005989370519841874,3,0.2033248300854413,0.002768370891451005,3,0.24100111330183446,0.000461123223241859,3,0.24632044266527206,0.001908426774800552,3,0.15104039760363483,0.003396558020639027,3,0.9929854023689826,0.0019127248270380524,3,9369.333333333334,75.579979712443,3,BDL-Hard
sleep,gru,density_hard,objective_e20_bs32_eval5,none,0.25,0.5,0.35000000000000003,0.24054726291834713,0.0006585662929895524,3,0.999989845570091,1.2748800435641907e-05,3,0.38780723331334993,0.0008558570999190227,3,0.20057832980128187,0.003975589575514029,3,0.24054667467905336,0.0006583834211974092,3,0.24443234188481186,0.0027292571654265606,3,0.2157736649246654,0.0011409219547346946,3,0.994879591815807,0.002730783522379026,3,9487.333333333334,45.72016331262729,3,BDL-Hard
sleep,gru,density_hard,objective_e20_bs32_eval5,none,0.25,1.0,0.35000000000000003,0.2403287164163168,0.0006434383771074785,3,0.9999918541386443,1.2953724464940969e-05,3,0.3875233299041856,0.0008364329311079473,3,0.1992601421967978,0.0038974224482361207,3,0.24032824522531546,0.0006432435191960688,3,0.24352681299120582,0.0026709675277648633,3,0.25422785950608223,0.0011379173146467629,3,0.9957860820777862,0.0026726076703812896,3,9500.666666666666,43.9810565281617,3,BDL-Hard
sleep,gru,density_hard,objective_e20_bs32_eval5,none,0.5,0.2393167939518393,0.2,0.23987499627821307,4.870498825367202e-05,3,0.999985047322991,1.9362218090573574e-05,3,0.38693304102712195,6.405964165931378e-05,3,0.19653107897200459,0.0002880715249094376,3,0.23987413602245256,4.923994342742154e-05,3,0.24165158386507687,0.00019801323903462792,3,0.1794939641074316,0.0020777110847346675,3,0.9976580532333168,0.0001941950287931829,3,9472.0,2.0,3,BDL-Hard
sleep,gru,density_hard,objective_e20_bs32_eval5,none,1.0,0.2393167939518393,0.15000000000000002,0.23968141477536017,4.570631295567008e-05,3,0.9999991073028651,1.0227130483143802e-06,3,0.3866822066365782,5.944066085593035e-05,3,0.1953378020246337,0.00027963805924328575,3,0.2396813634840973,4.567383173473445e-05,3,0.2408385065633687,0.0001907150197743173,3,0.13617939929651493,0.003515443702748707,3,0.998477860113638,0.00019098721823124288,3,9509.333333333334,2.3094010767586344,3,BDL-Hard
sleep,gru,density_hard,objective_e20_bs32_eval5,none,0.5,0.5,0.25,0.23947555905380793,0.0001286641772050811,3,0.999999218890007,1.3529221942263425e-06,3,0.3864142603662691,0.00016740595171493941,3,0.19407811007144593,0.0007894181890337707,3,0.23947551420826754,0.00012859441016854168,3,0.23997997790134565,0.0005375168453210524,3,0.18443725835419275,0.0020783056554599926,3,0.9993364421850152,0.0005380986651048951,3,9563.0,11.0,3,BDL-Hard
sleep,gru,density_hard,objective_e20_bs32_eval5,none,0.5,1.0,0.25,0.23947550780176588,0.00012858444419563627,3,0.999999218890007,1.3529221942263425e-06,3,0.3864141936592735,0.00016730219184719195,3,0.19407779676821135,0.0007889307607814429,3,0.23947546295628305,0.00012851468761740468,3,0.2399797642639294,0.0005371844444158665,3,0.20413211559992303,0.0020187280334976188,3,0.9993366558224315,0.0005377661782561275,3,9563.0,11.0,3,BDL-Hard
sleep,gru,density_hard,objective_e20_bs32_eval5,none,0.25,0.5,0.30000000000000004,0.23941110812902777,0.00013396773317502885,3,1.0,0.0,3,0.3863304092892023,0.00017441122715679963,3,0.19368218274086665,0.0008212671235918348,3,0.23941110812902777,0.00013396773317502885,3,0.23971052771005472,0.0005591849490794996,3,0.2157736649246654,0.0011409219547346946,3,0.9996062662417846,0.0005591849490794384,3,9572.0,9.539392014169456,3,BDL-Hard
sleep,gru,density_hard,objective_e20_bs32_eval5,none,0.25,1.0,0.30000000000000004,0.23940690084920177,0.0001267476025411539,3,1.0,0.0,3,0.38632493285860336,0.00016501313243726896,3,0.19365644074347368,0.0007770927461097045,3,0.23940690084920177,0.0001267476025411539,3,0.23969298273724224,0.0005290764601621023,3,0.25422785950608223,0.0011379173146467629,3,0.9996238112145971,0.0005290764601621286,3,9572.666666666666,8.386497083606228,3,BDL-Hard
sleep,gru,density_hard,objective_e20_bs32_eval5,none,1.0,0.5,0.15000000000000002,0.23940162228227432,6.247727709710833e-05,3,0.999999330477149,8.85695480601094e-07,3,0.38631801881215505,8.127747336878971e-05,3,0.1936251337454825,0.0003840811359981174,3,0.2394015838922504,6.242688478915797e-05,3,0.23967143206287433,0.0002613148057093391,3,0.1392372025627958,0.0035053759925397017,3,0.9996450414328405,0.0002617354005354737,3,9566.0,8.717797887081348,3,BDL-Hard
sleep,gru,density_hard,objective_e20_bs32_eval5,none,1.0,1.0,0.15000000000000002,0.23939986436541258,6.475623264619186e-05,3,0.999999330477149,8.85695480601094e-07,3,0.3863157298250044,8.424526796627295e-05,3,0.19361433812538276,0.0003980763261689444,3,0.23939982597539378,6.470606495438512e-05,3,0.2396640882766895,0.00027083437797562136,3,0.15104039760363483,0.003396558020639027,3,0.9996523852190253,0.00027125310764152053,3,9566.0,8.717797887081348,3,BDL-Hard
sleep,gru,density_hard,objective_e20_bs32_eval5,none,0.25,0.2393167939518393,0.2,0.23936137540124836,3.3717197270553716e-05,3,1.0,0.0,3,0.3862656682040612,4.390174444278336e-05,3,0.19337758180029893,0.00020698630116599998,3,0.23936137540124836,3.3717197270553716e-05,3,0.23950303236948675,0.0001408305850018784,3,0.2059304253734895,0.0011420936992414452,3,0.9998137615823525,0.00014083058500184167,3,9568.0,7.211102550927978,3,BDL-Hard
sleep,gru,density_hard,objective_e20_bs32_eval5,none,2.0,0.2393167939518393,0.05,0.23936094863966914,2.5161599830343214e-05,3,0.9999996652385744,3.347614255799769e-07,3,0.3862650879073946,3.273718022264435e-05,3,0.19337530159370453,0.00015480130980823683,3,0.2393609294572642,2.5142416945091253e-05,3,0.23950143008886463,0.00010527475497308724,3,0.09631681113978978,0.0049735245184574315,3,0.9998152036349124,0.00010543497556131963,3,9562.0,4.0,3,BDL-Hard
sleep,gru,density_hard,objective_e20_bs32_eval5,none,2.0,0.5,0.05,0.2393475541025987,1.0633669875697304e-05,3,0.9999996652385744,3.347614255799769e-07,3,0.3862476474606318,1.3829681693375454e-05,3,0.19329307473984572,6.551542083448603e-05,3,0.2393475349242801,1.0621044305994283e-05,3,0.2394454837904747,4.4537805449801335e-05,3,0.09859614848019645,0.004947701120687596,3,0.9998711499333024,4.4643886776869234e-05,3,9567.333333333334,4.618802153516874,3,BDL-Hard
sleep,gru,density_hard,objective_e20_bs32_eval5,none,2.0,1.0,0.05,0.23934744542147057,1.0492789442552206e-05,3,0.9999996652385744,3.347614255799769e-07,3,0.3862475059492116,1.3646023914486039e-05,3,0.1932924074406915,6.465329758532827e-05,3,0.23934742624316938,1.0479994185069465e-05,3,0.23944502981096508,4.395087679111067e-05,3,0.10693957562711194,0.004796874649150483,3,0.9998716039128119,4.405837131543056e-05,3,9567.333333333334,4.618802153516874,3,BDL-Hard
sleep,gru,density_hard,objective_e20_bs32_eval5,none,1.0,0.2393167939518393,0.1,0.23931985529973168,5.302410089274479e-06,3,1.0,0.0,3,0.3862116051221469,6.9045506639028145e-06,3,0.19312261757017166,3.257672541972282e-05,3,0.23931985529973168,5.302410089274479e-06,3,0.23932958549213942,2.2155597706896517e-05,3,0.13617939929651493,0.003515443702748707,3,0.9999872084596998,2.2155597706908538e-05,3,9576.666666666666,2.3094010767582405,3,BDL-Hard
sleep,gru,density_hard,objective_e20_bs32_eval5,none,0.5,0.2393167939518393,0.15000000000000002,0.23931905638670567,3.918652137336658e-06,3,1.0,0.0,3,0.3862105648206309,5.102695582927031e-06,3,0.19311770953261517,2.4075755006477062e-05,3,0.23931905638670567,3.918652137336658e-06,3,0.23932624740750996,1.637386552868405e-05,3,0.1794939641074316,0.0020777110847346675,3,0.9999905465443293,1.6373865528700076e-05,3,9577.333333333334,1.1547005383795141,3,BDL-Hard
sleep,gru,density_hard,objective_e20_bs32_eval5,none,0.5,0.5,0.2,0.23931817440530892,2.3910155469116e-06,3,1.0,0.0,3,0.3862094163472833,3.113481393714854e-06,3,0.1931122909347398,1.4690468180535994e-05,3,0.23931817440530892,2.3910155469116e-06,3,0.23932256216207903,9.990833203938194e-06,3,0.18443725835419275,0.0020783056554599926,3,0.9999942317897603,9.990833203930181e-06,3,9577.333333333334,1.1547005383791202,3,BDL-Hard
sleep,gru,density_hard,objective_e20_bs32_eval5,none,0.5,1.0,0.2,0.23931817440530892,2.3910155469116e-06,3,1.0,0.0,3,0.3862094163472833,3.113481393714854e-06,3,0.1931122909347398,1.4690468180535994e-05,3,0.23931817440530892,2.3910155469116e-06,3,0.23932256216207903,9.990833203938194e-06,3,0.20413211559992303,0.0020187280334976188,3,0.9999942317897603,9.990833203930181e-06,3,9577.333333333334,1.1547005383791202,3,BDL-Hard
sleep,gru,density_hard,objective_e20_bs32_eval5,none,0.25,0.0,0.0,0.23931679395183933,0.0,3,1.0,0.0,3,0.38620761877796256,0.0,3,0.19310380938898128,0.0,3,0.23931679395183933,0.0,3,0.23931679395183933,0.0,3,0.20305225643431557,0.0011290006612273916,3,1.0,0.0,3,9578.0,0.0,3,BDL-Hard
sleep,gru,density_hard,objective_e20_bs32_eval5,none,0.25,0.2393167939518393,0.0,0.23931679395183933,0.0,3,1.0,0.0,3,0.38620761877796256,0.0,3,0.19310380938898128,0.0,3,0.23931679395183933,0.0,3,0.23931679395183933,0.0,3,0.2059304253734895,0.0011420936992414452,3,1.0,0.0,3,9578.0,0.0,3,BDL-Hard
sleep,gru,density_hard,objective_e20_bs32_eval5,none,0.25,0.2393167939518393,0.05,0.23931679395183933,0.0,3,1.0,0.0,3,0.38620761877796256,0.0,3,0.19310380938898128,0.0,3,0.23931679395183933,0.0,3,0.23931679395183933,0.0,3,0.2059304253734895,0.0011420936992414452,3,1.0,0.0,3,9578.0,0.0,3,BDL-Hard
sleep,gru,density_hard,objective_e20_bs32_eval5,none,0.25,0.2393167939518393,0.1,0.23931679395183933,0.0,3,1.0,0.0,3,0.38620761877796256,0.0,3,0.19310380938898128,0.0,3,0.23931679395183933,0.0,3,0.23931679395183933,0.0,3,0.2059304253734895,0.0011420936992414452,3,1.0,0.0,3,9578.0,0.0,3,BDL-Hard
sleep,gru,density_hard,objective_e20_bs32_eval5,none,0.25,0.2393167939518393,0.15000000000000002,0.23931679395183933,0.0,3,1.0,0.0,3,0.38620761877796256,0.0,3,0.19310380938898128,0.0,3,0.23931679395183933,0.0,3,0.23931679395183933,0.0,3,0.2059304253734895,0.0011420936992414452,3,1.0,0.0,3,9578.0,0.0,3,BDL-Hard
sleep,gru,density_hard,objective_e20_bs32_eval5,none,0.25,0.5,0.0,0.23931679395183933,0.0,3,1.0,0.0,3,0.38620761877796256,0.0,3,0.19310380938898128,0.0,3,0.23931679395183933,0.0,3,0.23931679395183933,0.0,3,0.2157736649246654,0.0011409219547346946,3,1.0,0.0,3,9578.0,0.0,3,BDL-Hard
sleep,gru,density_hard,objective_e20_bs32_eval5,none,0.25,0.5,0.05,0.23931679395183933,0.0,3,1.0,0.0,3,0.38620761877796256,0.0,3,0.19310380938898128,0.0,3,0.23931679395183933,0.0,3,0.23931679395183933,0.0,3,0.2157736649246654,0.0011409219547346946,3,1.0,0.0,3,9578.0,0.0,3,BDL-Hard
sleep,gru,density_hard,objective_e20_bs32_eval5,none,0.25,0.5,0.1,0.23931679395183933,0.0,3,1.0,0.0,3,0.38620761877796256,0.0,3,0.19310380938898128,0.0,3,0.23931679395183933,0.0,3,0.23931679395183933,0.0,3,0.2157736649246654,0.0011409219547346946,3,1.0,0.0,3,9578.0,0.0,3,BDL-Hard
sleep,gru,density_hard,objective_e20_bs32_eval5,none,0.25,0.5,0.15000000000000002,0.23931679395183933,0.0,3,1.0,0.0,3,0.38620761877796256,0.0,3,0.19310380938898128,0.0,3,0.23931679395183933,0.0,3,0.23931679395183933,0.0,3,0.2157736649246654,0.0011409219547346946,3,1.0,0.0,3,9578.0,0.0,3,BDL-Hard
sleep,gru,density_hard,objective_e20_bs32_eval5,none,0.25,0.5,0.2,0.23931679395183933,0.0,3,1.0,0.0,3,0.38620761877796256,0.0,3,0.19310380938898128,0.0,3,0.23931679395183933,0.0,3,0.23931679395183933,0.0,3,0.2157736649246654,0.0011409219547346946,3,1.0,0.0,3,9578.0,0.0,3,BDL-Hard
sleep,gru,density_hard,objective_e20_bs32_eval5,none,0.25,0.5,0.25,0.23931679395183933,0.0,3,1.0,0.0,3,0.38620761877796256,0.0,3,0.19310380938898128,0.0,3,0.23931679395183933,0.0,3,0.23931679395183933,0.0,3,0.2157736649246654,0.0011409219547346946,3,1.0,0.0,3,9578.0,0.0,3,BDL-Hard
sleep,gru,density_hard,objective_e20_bs32_eval5,none,0.25,1.0,0.0,0.23931679395183933,0.0,3,1.0,0.0,3,0.38620761877796256,0.0,3,0.19310380938898128,0.0,3,0.23931679395183933,0.0,3,0.23931679395183933,0.0,3,0.25422785950608223,0.0011379173146467629,3,1.0,0.0,3,9578.0,0.0,3,BDL-Hard
sleep,gru,density_hard,objective_e20_bs32_eval5,none,0.25,1.0,0.05,0.23931679395183933,0.0,3,1.0,0.0,3,0.38620761877796256,0.0,3,0.19310380938898128,0.0,3,0.23931679395183933,0.0,3,0.23931679395183933,0.0,3,0.25422785950608223,0.0011379173146467629,3,1.0,0.0,3,9578.0,0.0,3,BDL-Hard
sleep,gru,density_hard,objective_e20_bs32_eval5,none,0.25,1.0,0.1,0.23931679395183933,0.0,3,1.0,0.0,3,0.38620761877796256,0.0,3,0.19310380938898128,0.0,3,0.23931679395183933,0.0,3,0.23931679395183933,0.0,3,0.25422785950608223,0.0011379173146467629,3,1.0,0.0,3,9578.0,0.0,3,BDL-Hard
sleep,gru,density_hard,objective_e20_bs32_eval5,none,0.25,1.0,0.15000000000000002,0.23931679395183933,0.0,3,1.0,0.0,3,0.38620761877796256,0.0,3,0.19310380938898128,0.0,3,0.23931679395183933,0.0,3,0.23931679395183933,0.0,3,0.25422785950608223,0.0011379173146467629,3,1.0,0.0,3,9578.0,0.0,3,BDL-Hard
sleep,gru,density_hard,objective_e20_bs32_eval5,none,0.25,1.0,0.2,0.23931679395183933,0.0,3,1.0,0.0,3,0.38620761877796256,0.0,3,0.19310380938898128,0.0,3,0.23931679395183933,0.0,3,0.23931679395183933,0.0,3,0.25422785950608223,0.0011379173146467629,3,1.0,0.0,3,9578.0,0.0,3,BDL-Hard
sleep,gru,density_hard,objective_e20_bs32_eval5,none,0.25,1.0,0.25,0.23931679395183933,0.0,3,1.0,0.0,3,0.38620761877796256,0.0,3,0.19310380938898128,0.0,3,0.23931679395183933,0.0,3,0.23931679395183933,0.0,3,0.25422785950608223,0.0011379173146467629,3,1.0,0.0,3,9578.0,0.0,3,BDL-Hard
sleep,gru,density_hard,objective_e20_bs32_eval5,none,0.5,0.0,0.0,0.23931679395183933,0.0,3,1.0,0.0,3,0.38620761877796256,0.0,3,0.19310380938898128,0.0,3,0.23931679395183933,0.0,3,0.23931679395183933,0.0,3,0.17816906354976306,0.0020562902064962295,3,1.0,0.0,3,9578.0,0.0,3,BDL-Hard
sleep,gru,density_hard,objective_e20_bs32_eval5,none,0.5,0.2393167939518393,0.0,0.23931679395183933,0.0,3,1.0,0.0,3,0.38620761877796256,0.0,3,0.19310380938898128,0.0,3,0.23931679395183933,0.0,3,0.23931679395183933,0.0,3,0.1794939641074316,0.0020777110847346675,3,1.0,0.0,3,9578.0,0.0,3,BDL-Hard
sleep,gru,density_hard,objective_e20_bs32_eval5,none,0.5,0.2393167939518393,0.05,0.23931679395183933,0.0,3,1.0,0.0,3,0.38620761877796256,0.0,3,0.19310380938898128,0.0,3,0.23931679395183933,0.0,3,0.23931679395183933,0.0,3,0.1794939641074316,0.0020777110847346675,3,1.0,0.0,3,9578.0,0.0,3,BDL-Hard
sleep,gru,density_hard,objective_e20_bs32_eval5,none,0.5,0.2393167939518393,0.1,0.23931679395183933,0.0,3,1.0,0.0,3,0.38620761877796256,0.0,3,0.19310380938898128,0.0,3,0.23931679395183933,0.0,3,0.23931679395183933,0.0,3,0.1794939641074316,0.0020777110847346675,3,1.0,0.0,3,9578.0,0.0,3,BDL-Hard
sleep,gru,density_hard,objective_e20_bs32_eval5,none,0.5,0.5,0.0,0.23931679395183933,0.0,3,1.0,0.0,3,0.38620761877796256,0.0,3,0.19310380938898128,0.0,3,0.23931679395183933,0.0,3,0.23931679395183933,0.0,3,0.18443725835419275,0.0020783056554599926,3,1.0,0.0,3,9578.0,0.0,3,BDL-Hard
sleep,gru,density_hard,objective_e20_bs32_eval5,none,0.5,0.5,0.05,0.23931679395183933,0.0,3,1.0,0.0,3,0.38620761877796256,0.0,3,0.19310380938898128,0.0,3,0.23931679395183933,0.0,3,0.23931679395183933,0.0,3,0.18443725835419275,0.0020783056554599926,3,1.0,0.0,3,9578.0,0.0,3,BDL-Hard
sleep,gru,density_hard,objective_e20_bs32_eval5,none,0.5,0.5,0.1,0.23931679395183933,0.0,3,1.0,0.0,3,0.38620761877796256,0.0,3,0.19310380938898128,0.0,3,0.23931679395183933,0.0,3,0.23931679395183933,0.0,3,0.18443725835419275,0.0020783056554599926,3,1.0,0.0,3,9578.0,0.0,3,BDL-Hard
sleep,gru,density_hard,objective_e20_bs32_eval5,none,0.5,0.5,0.15000000000000002,0.23931679395183933,0.0,3,1.0,0.0,3,0.38620761877796256,0.0,3,0.19310380938898128,0.0,3,0.23931679395183933,0.0,3,0.23931679395183933,0.0,3,0.18443725835419275,0.0020783056554599926,3,1.0,0.0,3,9578.0,0.0,3,BDL-Hard
sleep,gru,density_hard,objective_e20_bs32_eval5,none,0.5,1.0,0.0,0.23931679395183933,0.0,3,1.0,0.0,3,0.38620761877796256,0.0,3,0.19310380938898128,0.0,3,0.23931679395183933,0.0,3,0.23931679395183933,0.0,3,0.20413211559992303,0.0020187280334976188,3,1.0,0.0,3,9578.0,0.0,3,BDL-Hard
sleep,gru,density_hard,objective_e20_bs32_eval5,none,0.5,1.0,0.05,0.23931679395183933,0.0,3,1.0,0.0,3,0.38620761877796256,0.0,3,0.19310380938898128,0.0,3,0.23931679395183933,0.0,3,0.23931679395183933,0.0,3,0.20413211559992303,0.0020187280334976188,3,1.0,0.0,3,9578.0,0.0,3,BDL-Hard
sleep,gru,density_hard,objective_e20_bs32_eval5,none,0.5,1.0,0.1,0.23931679395183933,0.0,3,1.0,0.0,3,0.38620761877796256,0.0,3,0.19310380938898128,0.0,3,0.23931679395183933,0.0,3,0.23931679395183933,0.0,3,0.20413211559992303,0.0020187280334976188,3,1.0,0.0,3,9578.0,0.0,3,BDL-Hard
sleep,gru,density_hard,objective_e20_bs32_eval5,none,0.5,1.0,0.15000000000000002,0.23931679395183933,0.0,3,1.0,0.0,3,0.38620761877796256,0.0,3,0.19310380938898128,0.0,3,0.23931679395183933,0.0,3,0.23931679395183933,0.0,3,0.20413211559992303,0.0020187280334976188,3,1.0,0.0,3,9578.0,0.0,3,BDL-Hard
sleep,gru,density_hard,objective_e20_bs32_eval5,none,1.0,0.0,0.0,0.23931679395183933,0.0,3,1.0,0.0,3,0.38620761877796256,0.0,3,0.19310380938898128,0.0,3,0.23931679395183933,0.0,3,0.23931679395183933,0.0,3,0.13524043152949897,0.003496512287905018,3,1.0,0.0,3,9578.0,0.0,3,BDL-Hard
sleep,gru,density_hard,objective_e20_bs32_eval5,none,1.0,0.2393167939518393,0.0,0.23931679395183933,0.0,3,1.0,0.0,3,0.38620761877796256,0.0,3,0.19310380938898128,0.0,3,0.23931679395183933,0.0,3,0.23931679395183933,0.0,3,0.13617939929651493,0.003515443702748707,3,1.0,0.0,3,9578.0,0.0,3,BDL-Hard
sleep,gru,density_hard,objective_e20_bs32_eval5,none,1.0,0.2393167939518393,0.05,0.23931679395183933,0.0,3,1.0,0.0,3,0.38620761877796256,0.0,3,0.19310380938898128,0.0,3,0.23931679395183933,0.0,3,0.23931679395183933,0.0,3,0.13617939929651493,0.003515443702748707,3,1.0,0.0,3,9578.0,0.0,3,BDL-Hard
sleep,gru,density_hard,objective_e20_bs32_eval5,none,1.0,0.5,0.0,0.23931679395183933,0.0,3,1.0,0.0,3,0.38620761877796256,0.0,3,0.19310380938898128,0.0,3,0.23931679395183933,0.0,3,0.23931679395183933,0.0,3,0.1392372025627958,0.0035053759925397017,3,1.0,0.0,3,9578.0,0.0,3,BDL-Hard
sleep,gru,density_hard,objective_e20_bs32_eval5,none,1.0,0.5,0.05,0.23931679395183933,0.0,3,1.0,0.0,3,0.38620761877796256,0.0,3,0.19310380938898128,0.0,3,0.23931679395183933,0.0,3,0.23931679395183933,0.0,3,0.1392372025627958,0.0035053759925397017,3,1.0,0.0,3,9578.0,0.0,3,BDL-Hard
sleep,gru,density_hard,objective_e20_bs32_eval5,none,1.0,0.5,0.1,0.23931679395183933,0.0,3,1.0,0.0,3,0.38620761877796256,0.0,3,0.19310380938898128,0.0,3,0.23931679395183933,0.0,3,0.23931679395183933,0.0,3,0.1392372025627958,0.0035053759925397017,3,1.0,0.0,3,9578.0,0.0,3,BDL-Hard
sleep,gru,density_hard,objective_e20_bs32_eval5,none,1.0,1.0,0.0,0.23931679395183933,0.0,3,1.0,0.0,3,0.38620761877796256,0.0,3,0.19310380938898128,0.0,3,0.23931679395183933,0.0,3,0.23931679395183933,0.0,3,0.15104039760363483,0.003396558020639027,3,1.0,0.0,3,9578.0,0.0,3,BDL-Hard
sleep,gru,density_hard,objective_e20_bs32_eval5,none,1.0,1.0,0.05,0.23931679395183933,0.0,3,1.0,0.0,3,0.38620761877796256,0.0,3,0.19310380938898128,0.0,3,0.23931679395183933,0.0,3,0.23931679395183933,0.0,3,0.15104039760363483,0.003396558020639027,3,1.0,0.0,3,9578.0,0.0,3,BDL-Hard
sleep,gru,density_hard,objective_e20_bs32_eval5,none,1.0,1.0,0.1,0.23931679395183933,0.0,3,1.0,0.0,3,0.38620761877796256,0.0,3,0.19310380938898128,0.0,3,0.23931679395183933,0.0,3,0.23931679395183933,0.0,3,0.15104039760363483,0.003396558020639027,3,1.0,0.0,3,9578.0,0.0,3,BDL-Hard
sleep,gru,density_hard,objective_e20_bs32_eval5,none,2.0,0.0,0.0,0.23931679395183933,0.0,3,1.0,0.0,3,0.38620761877796256,0.0,3,0.19310380938898128,0.0,3,0.23931679395183933,0.0,3,0.23931679395183933,0.0,3,0.09547378321874161,0.004965165628318759,3,1.0,0.0,3,9578.0,0.0,3,BDL-Hard
sleep,gru,density_hard,objective_e20_bs32_eval5,none,2.0,0.2393167939518393,0.0,0.23931679395183933,0.0,3,1.0,0.0,3,0.38620761877796256,0.0,3,0.19310380938898128,0.0,3,0.23931679395183933,0.0,3,0.23931679395183933,0.0,3,0.09631681113978978,0.0049735245184574315,3,1.0,0.0,3,9578.0,0.0,3,BDL-Hard
sleep,gru,density_hard,objective_e20_bs32_eval5,none,2.0,0.5,0.0,0.23931679395183933,0.0,3,1.0,0.0,3,0.38620761877796256,0.0,3,0.19310380938898128,0.0,3,0.23931679395183933,0.0,3,0.23931679395183933,0.0,3,0.09859614848019645,0.004947701120687596,3,1.0,0.0,3,9578.0,0.0,3,BDL-Hard
sleep,gru,density_hard,objective_e20_bs32_eval5,none,2.0,1.0,0.0,0.23931679395183933,0.0,3,1.0,0.0,3,0.38620761877796256,0.0,3,0.19310380938898128,0.0,3,0.23931679395183933,0.0,3,0.23931679395183933,0.0,3,0.10693957562711194,0.004796874649150483,3,1.0,0.0,3,9578.0,0.0,3,BDL-Hard
sleep,gru,density_hard,objective_e20_bs32_eval5,none,4.0,0.0,0.0,0.23931679395183933,0.0,3,1.0,0.0,3,0.38620761877796256,0.0,3,0.19310380938898128,0.0,3,0.23931679395183933,0.0,3,0.23931679395183933,0.0,3,0.08584223225318571,0.006271019752767202,3,1.0,0.0,3,9578.0,0.0,3,BDL-Hard
sleep,gru,density_hard,objective_e20_bs32_eval5,none,4.0,0.2393167939518393,0.0,0.23931679395183933,0.0,3,1.0,0.0,3,0.38620761877796256,0.0,3,0.19310380938898128,0.0,3,0.23931679395183933,0.0,3,0.23931679395183933,0.0,3,0.08654273742391637,0.006270970576858357,3,1.0,0.0,3,9578.0,0.0,3,BDL-Hard
sleep,gru,density_hard,objective_e20_bs32_eval5,none,4.0,0.5,0.0,0.23931679395183933,0.0,3,1.0,0.0,3,0.38620761877796256,0.0,3,0.19310380938898128,0.0,3,0.23931679395183933,0.0,3,0.23931679395183933,0.0,3,0.08832037761579788,0.00623477513264801,3,1.0,0.0,3,9578.0,0.0,3,BDL-Hard
sleep,gru,density_hard,objective_e20_bs32_eval5,none,4.0,1.0,0.0,0.23931679395183933,0.0,3,1.0,0.0,3,0.38620761877796256,0.0,3,0.19310380938898128,0.0,3,0.23931679395183933,0.0,3,0.23931679395183933,0.0,3,0.09469057772143569,0.0060622133636210745,3,1.0,0.0,3,9578.0,0.0,3,BDL-Hard
sleep,gru,density_hard,objective_e20_bs32_eval5,none,8.0,0.0,0.0,0.23931679395183933,0.0,3,1.0,0.0,3,0.38620761877796256,0.0,3,0.19310380938898128,0.0,3,0.23931679395183933,0.0,3,0.23931679395183933,0.0,3,0.09569049376064853,0.008452168488276358,3,1.0,0.0,3,9578.0,0.0,3,BDL-Hard
sleep,gru,density_hard,objective_e20_bs32_eval5,none,8.0,0.2393167939518393,0.0,0.23931679395183933,0.0,3,1.0,0.0,3,0.38620761877796256,0.0,3,0.19310380938898128,0.0,3,0.23931679395183933,0.0,3,0.23931679395183933,0.0,3,0.09625111848379048,0.008453742986448373,3,1.0,0.0,3,9578.0,0.0,3,BDL-Hard
sleep,gru,density_hard,objective_e20_bs32_eval5,none,8.0,0.5,0.0,0.23931679395183933,0.0,3,1.0,0.0,3,0.38620761877796256,0.0,3,0.19310380938898128,0.0,3,0.23931679395183933,0.0,3,0.23931679395183933,0.0,3,0.09765380077359846,0.008415609096902444,3,1.0,0.0,3,9578.0,0.0,3,BDL-Hard
sleep,gru,density_hard,objective_e20_bs32_eval5,none,8.0,1.0,0.0,0.23931679395183933,0.0,3,1.0,0.0,3,0.38620761877796256,0.0,3,0.19310380938898128,0.0,3,0.23931679395183933,0.0,3,0.23931679395183933,0.0,3,0.10265529545660611,0.008229005784658268,3,1.0,0.0,3,9578.0,0.0,3,BDL-Hard
sleep,gru,density_hard,objective_e20_bs32_eval5,none,16.0,0.0,0.0,0.23931679395183933,0.0,3,1.0,0.0,3,0.38620761877796256,0.0,3,0.19310380938898128,0.0,3,0.23931679395183933,0.0,3,0.23931679395183933,0.0,3,0.11167789477365135,0.012064030824476938,3,1.0,0.0,3,9578.0,0.0,3,BDL-Hard
sleep,gru,density_hard,objective_e20_bs32_eval5,none,16.0,0.2393167939518393,0.0,0.23931679395183933,0.0,3,1.0,0.0,3,0.38620761877796256,0.0,3,0.19310380938898128,0.0,3,0.23931679395183933,0.0,3,0.23931679395183933,0.0,3,0.11214595169473456,0.01207177834412418,3,1.0,0.0,3,9578.0,0.0,3,BDL-Hard
sleep,gru,density_hard,objective_e20_bs32_eval5,none,16.0,0.5,0.0,0.23931679395183933,0.0,3,1.0,0.0,3,0.38620761877796256,0.0,3,0.19310380938898128,0.0,3,0.23931679395183933,0.0,3,0.23931679395183933,0.0,3,0.11326123024080514,0.012034494210800564,3,1.0,0.0,3,9578.0,0.0,3,BDL-Hard
sleep,gru,density_hard,objective_e20_bs32_eval5,none,16.0,1.0,0.0,0.23931679395183933,0.0,3,1.0,0.0,3,0.38620761877796256,0.0,3,0.19310380938898128,0.0,3,0.23931679395183933,0.0,3,0.23931679395183933,0.0,3,0.11716705170163504,0.01183175827447146,3,1.0,0.0,3,9578.0,0.0,3,BDL-Hard
sleep,gru,density_hard,objective_e20_bs32_eval5,none,0.25,1.0,0.6000000000000001,0.4158501359557654,0.004571876410616476,3,0.35968340942460536,0.015475789066946266,3,0.38566787382142625,0.010830785940443231,3,0.6046252559366843,0.005299116345058007,3,0.23893970802649048,0.008333649885330415,3,0.7258946494081816,0.0008050610434285429,3,0.25422785950608223,0.0011379173146467629,3,0.20694511740230573,0.006603173946374456,3,7155.333333333333,88.93443277681236,3,BDL-Hard
sleep,gru,density_hard,objective_e20_bs32_eval5,none,0.5,1.0,0.65,0.5875639347782685,0.015467494825609461,3,0.2797245270546373,0.01698799829713608,3,0.37892565740921186,0.018427083276318583,3,0.6228779031814394,0.010256528265359414,3,0.23385610098158108,0.014039502058683087,3,0.7806904034927155,0.004093985216440898,3,0.20413211559992303,0.0020187280334976188,3,0.11387835656426598,0.00448470820274969,3,6853.0,155.00967711726904,3,BDL-Hard
sleep,gru,density_hard,objective_e20_bs32_eval5,none,1.0,1.0,0.75,0.6995512727756612,0.0275964963921828,3,0.22613212408579444,0.011709278809594267,3,0.34171480728949066,0.01563181206399686,3,0.6089398781991716,0.008917128779014998,3,0.20613633724722458,0.01132587607928966,3,0.7915465757340368,0.004199594660545718,3,0.15104039760363483,0.003396558020639027,3,0.07737106020558755,0.003085295674076968,3,7042.333333333333,158.0706593056832,3,BDL-Hard
sleep,gru,density_hard,objective_e20_bs32_eval5,none,1.0,0.5,0.75,0.8454725830794443,0.045063574810711056,3,0.18924353514314288,0.011407024711885346,3,0.3091784842735334,0.01704717968253812,3,0.5953247961821025,0.009700114105003288,3,0.18293680832547898,0.011879544394040778,3,0.7976612791583028,0.004445650425721597,3,0.1392372025627958,0.0035053759925397017,3,0.05360023910299631,0.0028023220391568183,3,7311.333333333333,129.4076247109627,3,BDL-Hard
sleep,gru,density_hard,objective_e20_bs32_eval5,none,0.5,0.5,0.65,0.7532917196810164,0.041948069000632984,3,0.18231910664226925,0.018832940352299776,3,0.2934191343779436,0.026697232870837046,3,0.5850689962321526,0.014849870983003707,3,0.17212488262368045,0.01831143587080989,3,0.7900709019857172,0.005739949549965535,3,0.18443725835419275,0.0020783056554599926,3,0.057876352218026374,0.004217111015026855,3,7416.666666666667,208.50979193633398,3,BDL-Hard
sleep,gru,density_hard,objective_e20_bs32_eval5,none,1.0,0.2393167939518393,0.75,0.8307373063981699,0.05178734779079526,3,0.15905731628906694,0.012619967460886615,3,0.26688975435113366,0.019364408018674204,3,0.5724963191028388,0.010873239491911305,3,0.15409036257637618,0.012845785079827856,3,0.7909656955991546,0.00459417051903804,3,0.13617939929651493,0.003515443702748707,3,0.04584768442677236,0.0030121429372542683,3,7642.666666666667,146.8888468650132,3,BDL-Hard
sleep,gru,density_hard,objective_e20_bs32_eval5,none,0.25,1.0,0.65,0.37051270585083884,0.007500442519523577,3,0.20836845538623325,0.007708540467599818,3,0.2667009360927295,0.007753277774371978,3,0.5490492455559853,0.0040908178329243094,3,0.15388439826734016,0.0051747228130403266,3,0.7258366735543369,0.002105416004308195,3,0.25422785950608223,0.0011379173146467629,3,0.1345786739012841,0.003703652204870011,3,8470.333333333334,71.15007613020056,3,BDL-Hard
sleep,gru,density_hard,objective_e20_bs32_eval5,none,1.0,0.0,0.75,0.8285521287782481,0.05232902102297606,3,0.15384061740719243,0.01208574706941878,3,0.2593978873927663,0.0186859638376013,3,0.5684747486885832,0.010487325494699478,3,0.14911564842665162,0.012292159748952985,3,0.7898512827217748,0.0044387864638147,3,0.13524043152949897,0.003496512287905018,3,0.04446521000130746,0.0029395307094083663,3,7708.666666666667,145.77494069054976,3,BDL-Hard
sleep,gru,density_hard,objective_e20_bs32_eval5,none,0.5,0.2393167939518393,0.65,0.7103317526337557,0.05043765595713631,3,0.13390055309282733,0.017862751171769577,3,0.22516083246470023,0.027148399783536732,3,0.5483874180952851,0.014927467456293746,3,0.12703838117216962,0.01723164237478494,3,0.7797309578561742,0.005302093883314589,3,0.1794939641074316,0.0020777110847346675,3,0.0450415503410935,0.004081601774965104,3,7949.333333333333,202.4458775409699,3,BDL-Hard
sleep,gru,density_hard,objective_e20_bs32_eval5,none,0.5,0.0,0.65,0.704691414181271,0.05040813003494927,3,0.12726625116078524,0.015814092154314164,3,0.2154658377168394,0.02442376757669707,3,0.5432302464572082,0.013455117143968595,3,0.12088041558190048,0.015317103487164169,3,0.7784281434823069,0.004877638760938593,3,0.17816906354976306,0.0020562902064962295,3,0.043168964977991074,0.0036013682743206107,3,8033.333333333333,176.73237771651625,3,BDL-Hard
sleep,gru,density_hard,objective_e20_bs32_eval5,none,0.25,1.0,0.7000000000000001,0.3663371165123315,0.008472939815146933,3,0.15202118905919318,0.0019049239699732003,3,0.21487084944449641,0.003341425174400441,3,0.5274156335460619,0.0023099185570744523,3,0.12036973276942929,0.0020961275857406376,3,0.7341182478826397,0.001970860088722111,3,0.25422785950608223,0.0011379173146467629,3,0.09932740532230622,0.0011059591321314498,3,8848.333333333334,29.2631736715846,3,BDL-Hard
sleep,gru,density_hard,objective_e20_bs32_eval5,none,0.5,1.0,0.7000000000000001,0.4809710301180478,0.016197943086412377,3,0.12354928346548598,0.003342920578285936,3,0.1965672952588466,0.004719270406691557,3,0.5271621698723511,0.0026906758856973237,3,0.10900125382608387,0.0029021729630182855,3,0.758306436382623,0.002025752913460556,3,0.20413211559992303,0.0020187280334976188,3,0.061511606493551994,0.0022934522045634765,3,8545.0,44.23799272118933,3,BDL-Hard
sleep,gru,density_hard,objective_e20_bs32_eval5,none,0.25,0.5,0.6000000000000001,0.6215017332906593,0.05682330270179561,3,0.11282308104150081,0.017399267820427815,3,0.1908622152717477,0.02725351444989597,3,0.5288669493424628,0.015030536453990058,3,0.10566610383521852,0.016640259101122958,3,0.7713655041373023,0.005395769782909228,3,0.2157736649246654,0.0011409219547346946,3,0.04331861798809954,0.0035946462106235012,3,8202.666666666666,148.73578363438102,3,BDL-Hard
sleep,gru,density_hard,objective_e20_bs32_eval5,none,2.0,1.0,0.9,0.6973048340127503,0.038350828533374584,3,0.10385348340464867,0.0064944856235862975,3,0.1807809985492648,0.01112449792577929,3,0.5251049266470191,0.006372274620477195,3,0.09940020020300538,0.006706086402640298,3,0.7747579327845416,0.0028333279973499943,3,0.10693957562711194,0.004796874649150483,3,0.03563303864188131,0.0003182662053498832,3,8040.0,99.69453345093702,3,BDL-Hard
sleep,gru,density_hard,objective_e20_bs32_eval5,none,0.25,1.0,0.75,0.3659689509840269,0.007686794175959833,3,0.11305495912228232,0.0008207250365560058,3,0.1727397787284124,0.001692852582471704,3,0.5095494454856595,0.0012987529127215542,3,0.09453548054037852,0.0010139943583256986,3,0.7408490015014438,0.0014664045737387585,3,0.25422785950608223,0.0011379173146467629,3,0.07394610526171864,0.0012322912200153076,3,9050.333333333334,18.147543451755098,3,BDL-Hard
sleep,gru,density_hard,objective_e20_bs32_eval5,none,0.25,1.0,0.8,0.3973290669739748,0.011378450873845968,3,0.08901038496894419,0.001524565829940332,3,0.14543692641676206,0.002780327073075441,3,0.49939407626198923,0.00180366827326536,3,0.07842274297075455,0.0016168027813642696,3,0.7496622659495286,0.0013444201267517459,3,0.25422785950608223,0.0011379173146467629,3,0.05362430001700554,0.0006677277811574743,3,9084.666666666666,25.929391302792638,3,BDL-Hard
sleep,gru,density_hard,objective_e20_bs32_eval5,none,2.0,0.5,0.9,0.892291454153599,0.044515629080653825,3,0.07714353878088369,0.005361117036522366,3,0.1420062387679544,0.00964098067641918,3,0.506902762034703,0.005419750914594166,3,0.07644915731356094,0.005572872772201641,3,0.7769296372351217,0.00214388553908614,3,0.09859614848019645,0.004947701120687596,3,0.020677057563319994,0.0004553789233537689,3,8323.666666666666,77.2161468433473,3,BDL-Hard
sleep,gru,density_hard,objective_e20_bs32_eval5,none,1.0,1.0,0.8,0.5341428456213305,0.04839315850413097,3,0.07817571984307277,0.0033973766655355088,3,0.13636593656941576,0.006768628268080684,3,0.49949963764398814,0.0044318679692420355,3,0.07318147592362506,0.003890326066161385,3,0.7629691798117769,0.0033754975076291044,3,0.15104039760363483,0.003396558020639027,3,0.035131551511826536,0.001754266399248311,3,8734.666666666666,37.554404979088005,3,BDL-Hard
sleep,gru,density_hard,objective_e20_bs32_eval5,none,0.5,1.0,0.75,0.4314199446137892,0.021326369253525553,3,0.07972934761916557,0.001113637422756449,3,0.1345652201472882,0.00238149025276413,3,0.4957826689103248,0.001814693585812241,3,0.07213728040325879,0.0013678248602227042,3,0.7545572599548627,0.002142386611627501,3,0.20413211559992303,0.0020187280334976188,3,0.04428708980547886,0.0018627495237260258,3,8962.333333333334,15.885003409925016,3,BDL-Hard
sleep,gru,density_hard,objective_e20_bs32_eval5,none,2.0,0.2393167939518393,0.9,0.8855040061547919,0.051250449262141805,3,0.06776363522341866,0.006098631073004303,3,0.1258870034955779,0.011042507651744011,3,0.49832740438546014,0.006160961023228769,3,0.06719614745685705,0.00627165661323042,3,0.774826296757753,0.002310065773856856,3,0.09631681113978978,0.0049735245184574315,3,0.01829086114678856,0.0006204046931750896,3,8452.333333333334,88.16083786655663,3,BDL-Hard
sleep,gru,density_hard,objective_e20_bs32_eval5,none,2.0,0.0,0.9,0.8865407231347406,0.052230306427329946,3,0.06547732627388439,0.005663162875409978,3,0.12194374672361123,0.010317962279786479,3,0.49624762143482287,0.005772878717824178,3,0.064952198228309,0.005834781980083362,3,0.7743672700641852,0.002206197589079288,3,0.09547378321874161,0.004965165628318759,3,0.017655583584784574,0.0005081852208420338,3,8493.666666666666,89.36628745412544,3,BDL-Hard
sleep,gru,density_hard,objective_e20_bs32_eval5,none,0.25,0.2393167939518393,0.6000000000000001,0.5397706580084973,0.07094966410511012,3,0.06770415927680819,0.013020858174047693,3,0.120249789425308,0.022101837792121954,3,0.4917124674076246,0.012152893035586006,3,0.06406919397702618,0.012507716616196075,3,0.763184312689977,0.004310061597153525,3,0.2059304253734895,0.0011420936992414452,3,0.029904378028844467,0.0026935846899994154,3,8708.666666666666,102.50040650325921,3,BDL-Hard
sleep,gru,density_hard,objective_e20_bs32_eval5,none,0.25,1.0,0.8500000000000001,0.39153065254512737,0.011147187111710968,3,0.06230055193232106,0.0006881223929892994,3,0.10749274137576648,0.0013970818752511891,3,0.48188002990217466,0.0009994471741131565,3,0.05679950111952367,0.0007803184933587669,3,0.7524080141376697,0.0010208079617736183,3,0.25422785950608223,0.0011379173146467629,3,0.03809432861023734,0.0007810872770620021,3,9208.0,10.14889156509222,3,BDL-Hard
sleep,gru,density_hard,objective_e20_bs32_eval5,none,0.25,0.0,0.6000000000000001,0.5294703422630629,0.07472739834038233,3,0.059547808729819185,0.011531252073329579,3,0.10700092527782208,0.01995987025878487,3,0.4849702678391757,0.010995574120893222,3,0.05660274228413432,0.011123523067573388,3,0.7623558801989733,0.003992033202895964,3,0.20305225643431557,0.0011290006612273916,3,0.026828907193342716,0.0024081097399194255,3,8808.666666666666,93.98049443013898,3,BDL-Hard
sleep,gru,density_hard,objective_e20_bs32_eval5,none,0.5,1.0,0.8,0.4094479277123239,0.016611858292898768,3,0.05862453671808379,0.00025020910390541166,3,0.10255317518328418,0.0008483948015622904,3,0.4801571130605125,0.0008721791893283192,3,0.05404812423655505,0.00047124877579960296,3,0.7544420025687764,0.0014032695820228047,3,0.20413211559992303,0.0020187280334976188,3,0.034300875827951806,0.0013214776436790128,3,9155.0,14.0,3,BDL-Hard
sleep,gru,density_hard,objective_e20_bs32_eval5,none,0.25,1.0,0.9,0.38905330455658743,0.005373396996529,3,0.048674534452864814,0.0014393119691504383,3,0.08652259586892526,0.0024076421528773585,3,0.47220638103421053,0.0012458959668214167,3,0.0452185666568913,0.0013143625217987465,3,0.75404386253885,0.00021434480701108477,3,0.25422785950608223,0.0011379173146467629,3,0.029936610574026648,0.00047635398686667843,3,9258.0,4.358898943540674,3,BDL-Hard
sleep,gru,density_hard,objective_e20_bs32_eval5,none,0.5,1.0,0.8500000000000001,0.4077049689209827,0.027858476375492314,3,0.048235996985361775,0.0013816618473952629,3,0.08625646899780372,0.0028328606747912706,3,0.4725295489417487,0.0019896809362603706,3,0.045073640850971076,0.0015459283921350452,3,0.755402569801753,0.0018389592330453005,3,0.20413211559992303,0.0020187280334976188,3,0.02836800454962242,0.001199866868567835,3,9201.333333333334,16.196707484341527,3,BDL-Hard
sleep,gru,density_hard,objective_e20_bs32_eval5,none,1.0,1.0,0.8500000000000001,0.4589110265036582,0.04827033579393332,3,0.04675925275000931,0.0011320268001247951,3,0.08483759295497721,0.002721038633747826,3,0.472876500348742,0.002211775283034418,3,0.0442992625447578,0.0014825206124690188,3,0.7585306755556923,0.002660813469914533,3,0.15104039760363483,0.003396558020639027,3,0.024533079403900333,0.002120414897348379,3,9114.333333333334,3.0550504633038438,3,BDL-Hard
sleep,gru,density_hard,objective_e20_bs32_eval5,none,0.5,1.0,0.9,0.41089687964486893,0.02967759798349489,3,0.03809718927611858,0.00015748488268739561,3,0.06971081247338384,0.0006225069725420774,3,0.46486347195980304,0.0008401970621373506,3,0.036114252513706625,0.0003341394679118721,3,0.7566509333391442,0.0016622533649042995,3,0.20413211559992303,0.0020187280334976188,3,0.022266867101290628,0.001625269311841125,3,9236.666666666666,13.203534880225527,3,BDL-Hard
sleep,gru,density_hard,objective_e20_bs32_eval5,none,1.0,1.0,0.9,0.425750874066187,0.033028933606820084,3,0.03390564146649607,0.0005868323868241279,3,0.06279394246706166,0.001218073867533269,3,0.461855470427971,0.0009960794657747055,3,0.03241496667990535,0.0006493940893571783,3,0.7577806212917886,0.0015255343176888607,3,0.15104039760363483,0.003396558020639027,3,0.01913096358165692,0.0014351113323410204,3,9230.666666666666,11.150485789118228,3,BDL-Hard
sleep,gru,density_hard,objective_e20_bs32_eval5,none,0.25,1.0,0.9500000000000001,0.3952660525216816,0.01328700224450666,3,0.03371114507823709,0.0009605024035616869,3,0.06212112140080168,0.0017256410650255726,3,0.46107087808025565,0.0009605927260561952,3,0.03205679152673251,0.0009194969913029124,3,0.7563991082346969,0.0006400597542959741,3,0.25422785950608223,0.0011379173146467629,3,0.02041938413460183,0.000623768767110956,3,9286.333333333334,5.033222956846956,3,BDL-Hard
sleep,gru,density_hard,objective_e20_bs32_eval5,none,1.0,0.5,0.8,0.7180087228939138,0.14997498211810417,3,0.031325077223881524,0.0030671903283449914,3,0.06000811840440729,0.0061669679786311065,3,0.4628776078128413,0.003923618113024265,3,0.030939082114432342,0.0032713943933904512,3,0.7650511298428397,0.0027754973581764326,3,0.1392372025627958,0.0035053759925397017,3,0.010625310308347157,0.0013265246248837024,3,9146.333333333334,34.53018003621351,3,BDL-Hard
sleep,gru,density_hard,objective_e20_bs32_eval5,none,0.5,1.0,0.9500000000000001,0.40974864655500715,0.008782081932351334,3,0.029469717816203927,0.0004809652671653808,3,0.054984575492314364,0.0009070948895679054,3,0.4579684335930285,0.0005384041425193013,3,0.028269629576027522,0.00047968219395013296,3,0.7575745947084576,0.0003273640703060951,3,0.20413211559992303,0.0020187280334976188,3,0.01721380811258179,0.00018797972260879041,3,9283.0,5.291502622129181,3,BDL-Hard
sleep,gru,density_hard,objective_e20_bs32_eval5,none,1.0,1.0,0.9500000000000001,0.4305381903584355,0.013262564577024601,3,0.026812493207132738,0.0006022645845961722,3,0.05047944522996609,0.0011057009313145984,3,0.45610292894359755,0.0006083840577542146,3,0.0258934813174429,0.000581757165851845,3,0.758605849221548,0.00044748983483638044,3,0.15104039760363483,0.003396558020639027,3,0.014910716650985681,0.00046025746076237183,3,9260.333333333334,12.055427546683177,3,BDL-Hard
sleep,gru,density_hard,objective_e20_bs32_eval5,none,2.0,1.0,0.9500000000000001,0.46383095992716655,0.015850808915336457,3,0.02596521203900283,0.000923799270243129,3,0.04917570885818056,0.0017103553037818523,3,0.4558266381219252,0.0009255248070027912,3,0.025208182138556957,0.0008991055775565047,3,0.7597096069327905,0.00044805018236967104,3,0.10693957562711194,0.004796874649150483,3,0.013401421714277903,0.0004413044904741312,3,9181.666666666666,14.189197769195133,3,BDL-Hard
sleep,gru,density_hard,objective_e20_bs32_eval5,none,0.5,0.5,0.7000000000000001,0.5144667367534609,0.12660431922483645,3,0.02429352506682396,0.0038800499937360956,3,0.046352054587732054,0.007413153917776252,3,0.45478100047402936,0.004374469288553757,3,0.023735720966772494,0.003882548942225943,3,0.7607405943991106,0.0028465723976053158,3,0.18443725835419275,0.0020783056554599926,3,0.01157030871461203,0.001984150340745478,3,9262.333333333334,53.52880844305535,3,BDL-Hard
sleep,gru,density_hard,objective_e20_bs32_eval5,none,1.0,0.2393167939518393,0.8,0.6775704975356526,0.1703290204520759,3,0.02363973600267631,0.0026316560483035517,3,0.045662217646466524,0.005314399623173634,3,0.45531666336990284,0.0034558170334465484,3,0.023369584564752393,0.0027786093801903393,3,0.7634170439503438,0.0026249754183476663,3,0.13617939929651493,0.003515443702748707,3,0.008580933757873608,0.0013812687279291102,3,9241.0,30.512292604784715,3,BDL-Hard
sleep,gru,density_hard,objective_e20_bs32_eval5,none,1.0,0.0,0.8,0.6725815709700869,0.16882821391017508,3,0.022911964663476614,0.0022870428566338524,3,0.04428910900805458,0.004662853488400556,3,0.45459110893199206,0.0031104931387761683,3,0.022649911718741127,0.0024352110820243904,3,0.7632552136075071,0.002537349807055119,3,0.13524043152949897,0.003496512287905018,3,0.008394428293455774,0.0014463113220096612,3,9248.333333333334,26.57693235370329,3,BDL-Hard
sleep,gru,density_hard,objective_e20_bs32_eval5,none,0.5,0.2393167939518393,0.7000000000000001,0.44241457717954985,0.10983772977482271,3,0.017198033477481604,0.0022110774727942045,3,0.033061642913441346,0.004206368613375535,3,0.4477906621025813,0.002457215521092374,3,0.016811785996222742,0.00217663354481178,3,0.7592688729429922,0.0023398482835772626,3,0.1794939641074316,0.0020777110847346675,3,0.00964588957338317,0.002235560100966176,3,9344.333333333334,35.85154575932989,3,BDL-Hard
sleep,gru,density_hard,objective_e20_bs32_eval5,none,0.5,0.0,0.7000000000000001,0.4352268228095055,0.10575351888114923,3,0.01657481929020312,0.0022505316841838685,3,0.03188385457787187,0.004248361151155402,3,0.44717797163352024,0.002379915688415839,3,0.016203350042857764,0.0021962298334659677,3,0.7591595439952078,0.0022584945363258555,3,0.17816906354976306,0.0020562902064962295,3,0.009456927278678046,0.0023028601476503398,3,9354.333333333334,37.647487742654555,3,BDL-Hard
sleep,gru,density_hard,objective_e20_bs32_eval5,none,0.25,0.5,0.65,0.2459449784136617,0.08421029024439441,3,0.007981828257122663,0.0020167946598790678,3,0.015426345515080245,0.0038810146073838077,3,0.438147287402584,0.002341840765695999,3,0.00777570048730889,0.0019729959040442396,3,0.7561925475578253,0.002832931194751466,3,0.2157736649246654,0.0011409219547346946,3,0.008311029587073056,0.002752460687351304,3,9437.666666666666,42.09908945967032,3,BDL-Hard
sleep,gru,density_hard,objective_e20_bs32_eval5,none,0.25,0.2393167939518393,0.65,0.18866731352051694,0.0727823845076584,3,0.005325831106611917,0.0019100014409526537,3,0.010333279723387415,0.0036864943341077604,3,0.43557158246901023,0.002161770126049159,3,0.005195775646004341,0.0018644402020226106,3,0.7559472918039286,0.002697985282930242,3,0.2059304253734895,0.0011420936992414452,3,0.007285035895358684,0.0026909705017335826,3,9474.333333333334,41.645327869202106,3,BDL-Hard
sleep,gru,density_hard,objective_e20_bs32_eval5,none,0.25,0.0,0.65,0.1777346049368547,0.06972268654825092,3,0.004707526753575196,0.001781416509925474,3,0.009150133766516568,0.0034440316318166274,3,0.43504395338179097,0.0020051819741032395,3,0.004598100602571727,0.0017396194960275903,3,0.7561077067988826,0.0025207994531476203,3,0.20305225643431557,0.0011290006612273916,3,0.006828679669494371,0.0025293324461837137,3,9480.666666666666,40.066611203511165,3,BDL-Hard
sleep,gru,density_hard,objective_e20_bs32_eval5,none,1.0,0.5,0.8500000000000001,0.49203946917003655,0.30161219247074383,3,0.0025983065981700156,0.00016144989774830506,3,0.0051516870112793675,0.00030810271637521174,3,0.43430007560170963,0.0006134347049333678,3,0.002582511553479002,0.00015484017420853177,3,0.7598599008551479,0.0019428831164119095,3,0.1392372025627958,0.0035053759925397017,3,0.002066942002568776,0.0019707381956111506,3,9528.666666666666,13.012814197295201,3,BDL-Hard
sleep,gru,density_hard,objective_e20_bs32_eval5,none,0.5,0.5,0.75,0.1831725665335495,0.08709797335426128,3,0.0023675443888070955,0.0003771840832314257,3,0.0046607296863697785,0.000725792464666994,3,0.4334905588743671,0.0005506069799280114,3,0.0023358965410741656,0.00036459477968621315,3,0.758102706401517,0.001869222347849993,3,0.18443725835419275,0.0020783056554599926,3,0.0037136859119796754,0.001961990659039804,3,9517.333333333334,5.131601439446944,3,BDL-Hard
sleep,gru,density_hard,objective_e20_bs32_eval5,none,1.0,0.2393167939518393,0.8500000000000001,0.45836733957167825,0.29331101012248123,3,0.0021387907479976246,0.00011066941352728448,3,0.004241995718772371,0.00018427004048981777,3,0.43382013875429787,0.0005377800507746084,3,0.002125511748852509,9.253154056757951e-05,3,0.7597558327287395,0.0019356643400267872,3,0.13617939929651493,0.003515443702748707,3,0.0019510704089105602,0.001987952700157028,3,9537.333333333334,13.613718571108347,3,BDL-Hard
sleep,gru,density_hard,objective_e20_bs32_eval5,none,1.0,0.0,0.8500000000000001,0.45563164838710035,0.29614487722631955,3,0.002087014314175383,4.699117250464126e-05,3,0.0041401986513279225,6.146547454870825e-05,3,0.43376641505786645,0.0006045659599669692,3,0.002074394159901315,3.086053357910824e-05,3,0.7597441093755207,0.001951599241972528,3,0.13524043152949897,0.003496512287905018,3,0.0019380118218400675,0.0019730884380323873,3,9538.0,12.489995996796797,3,BDL-Hard
sleep,gru,density_hard,objective_e20_bs32_eval5,none,0.5,0.2393167939518393,0.75,0.14709243272099015,0.06836042022528639,3,0.001780038086923259,0.0003568114503107387,3,0.003505661225580476,0.0006838646653380086,3,0.43289799098231657,0.00042388057465730683,3,0.0017559867658790962,0.00034307546938983834,3,0.7580222719142853,0.001870368055149902,3,0.1794939641074316,0.0020777110847346675,3,0.0035129201500247397,0.002002595785728592,3,9524.0,4.358898943540674,3,BDL-Hard
sleep,gru,density_hard,objective_e20_bs32_eval5,none,0.5,0.0,0.75,0.14368690713472362,0.07219425940505035,3,0.001689429327734337,0.0002798872459959451,3,0.003327890501235147,0.0005274690097735683,3,0.4328118041512569,0.00038082527850119796,3,0.0016667651757905349,0.00026457957199149787,3,0.7580253696568214,0.0018802706545371583,3,0.17816906354976306,0.0020562902064962295,3,0.0034664540119824956,0.002006317440900922,3,9525.333333333334,2.8867513459483916,3,BDL-Hard
sleep,gru,density_hard,objective_e20_bs32_eval5,none,2.0,0.5,0.9500000000000001,0.8246703749220602,0.11906701440315433,3,0.000984756526899308,0.0002140490662936909,3,0.001967055982227818,0.00042707990039254017,3,0.43306242016596164,0.00022361801947881643,3,0.000984526762511743,0.0002139770732626824,3,0.7608643171678174,5.8660614710285174e-05,3,0.09859614848019645,0.004947701120687596,3,0.00029022643002477337,7.26323426237068e-05,3,9542.666666666666,11.372481406154401,3,BDL-Hard
sleep,gru,density_hard,objective_e20_bs32_eval5,none,2.0,0.2393167939518393,0.9500000000000001,0.8089421205939273,0.15981758130503787,3,0.0007541059046782464,0.0003037777488173095,3,0.0015066067171448077,0.0006064255580279885,3,0.4328198885272618,0.00031622915634253577,3,0.0007539326868158345,0.0003036888122290786,3,0.7608129640738776,7.134622648761079e-05,3,0.09631681113978978,0.0049735245184574315,3,0.00023118238909868084,9.859255732598305e-05,3,9548.0,14.0,3,BDL-Hard
sleep,gru,density_hard,objective_e20_bs32_eval5,none,2.0,0.0,0.9500000000000001,0.8073313064002439,0.16231071255531046,3,0.0007488613090109072,0.0003042834045151245,3,0.0014961368757206498,0.0006074392792636325,3,0.4328143455674352,0.0003171219724627244,3,0.000748690103035151,0.00030419702128563756,3,0.7608117089540568,7.254488087593208e-05,3,0.09547378321874161,0.004965165628318759,3,0.00022992726927799955,9.78940027465931e-05,3,9548.666666666666,13.012814197295201,3,BDL-Hard
sleep,gru,density_hard,objective_e20_bs32_eval5,none,0.25,0.5,0.7000000000000001,0.018498714941155407,0.016095487302912912,3,0.0002921351373849732,0.0003272385542449669,3,0.0005736451404592425,0.0006398172050095779,3,0.43118599855783185,0.0003831302933969577,3,0.000286973153208021,0.0003201192531102654,3,0.7571757603569284,0.001484821544606905,3,0.2157736649246654,0.0011409219547346946,3,0.00364727138019171,0.0015852389014909003,3,9554.333333333334,1.527525231652145,3,BDL-Hard
sleep,gru,density_hard,objective_e20_bs32_eval5,none,0.5,0.0,0.8,0.006271668419617467,0.010862848351002657,3,8.982764919591421e-05,0.00015558605233179703,3,0.00017711847168541206,0.00030677819191808327,3,0.4317099642976266,0.00041305974146912207,3,8.858277031004851e-05,0.00015342985885220787,3,0.7593970553927639,0.0017432543499945447,3,0.17816906354976306,0.0020562902064962295,3,0.001329145185424459,0.0018177091467433434,3,9565.333333333334,5.033222956847408,3,BDL-Hard
sleep,gru,density_hard,objective_e20_bs32_eval5,none,0.5,0.2393167939518393,0.8,0.006271375261956514,0.010862340587039259,3,8.982764919591421e-05,0.00015558605233179703,3,0.00017711835477510532,0.0003067779894234921,3,0.43170990386020547,0.0004130507570927058,3,8.85827118238223e-05,0.00015342975755109256,3,0.7593968684600245,0.0017432272857218908,3,0.1794939641074316,0.0020777110847346675,3,0.0013293321181637094,0.0018176822435728118,3,9564.666666666666,4.16333199893201,3,BDL-Hard
sleep,gru,density_hard,objective_e20_bs32_eval5,none,0.5,0.5,0.8,0.006270642487692404,0.01086107138478334,3,8.982764919591421e-05,0.00015558605233179703,3,0.00017711806250001374,0.00030677748318818374,3,0.4317097312231986,0.0004130102005212171,3,8.85825656085947e-05,0.0001534295042988895,3,0.7593963343664839,0.0017431030816772765,3,0.18443725835419275,0.0020783056554599926,3,0.001329866211704425,0.0018175583896926104,3,9565.333333333334,5.033222956847408,3,BDL-Hard
sleep,gru,density_hard,objective_e20_bs32_eval5,none,0.25,0.2393167939518393,0.7000000000000001,0.004382173362257853,0.007590146911005535,3,8.993923633777248e-05,0.00015577932693096696,3,0.0001762609133879895,0.0003052928573764952,3,0.4310368982204899,0.0003533497742884027,3,8.815376378838067e-05,0.00015268679775990078,3,0.7573170815078015,0.001453162394346705,3,0.2059304253734895,0.0011420936992414452,3,0.0034091724797407634,0.001516629535417663,3,9555.666666666666,0.5773502691893632,3,BDL-Hard
sleep,gru,density_hard,objective_e20_bs32_eval5,none,0.25,0.0,0.7000000000000001,0.004590347155695452,0.007950714498043805,3,8.982764919591421e-05,0.00015558605233179703,3,0.00017620713378411711,0.00030519970837017727,3,0.43110345792199056,0.0003704649007785902,3,8.812685976411121e-05,0.00015264019862293806,3,0.7575227609303311,0.0014874636675623193,3,0.20305225643431557,0.0011290006612273916,3,0.0032034396478571744,0.0015485026269150125,3,9559.0,7.0,3,BDL-Hard
sleep,gru,density_hard,objective_e20_bs32_eval5,none,1.0,0.0,0.9,0.009970965770171149,0.017270219314466574,3,8.73727320750321e-05,0.00015133401115005848,3,0.00017322752074250226,0.0003000388671952055,3,0.43191140054690264,0.00022041297458451323,3,8.663627205117182e-05,0.00015005842497098912,3,0.7600260039463104,0.0011383074312459227,3,0.13524043152949897,0.003496512287905018,3,0.0006990216260883758,0.001210740971974481,3,9568.333333333334,16.74315780649941,3,BDL-Hard
sleep,gru,density_hard,objective_e20_bs32_eval5,none,1.0,0.2393167939518393,0.9,0.009970965770171149,0.017270219314466574,3,8.73727320750321e-05,0.00015133401115005848,3,0.00017322752074250226,0.0003000388671952055,3,0.43191140054690264,0.00022041297458451323,3,8.663627205117182e-05,0.00015005842497098912,3,0.7600260039463104,0.0011383074312459227,3,0.13617939929651493,0.003515443702748707,3,0.0006990216260883758,0.001210740971974481,3,9568.333333333334,16.74315780649941,3,BDL-Hard
sleep,gru,density_hard,objective_e20_bs32_eval5,none,1.0,0.5,0.9,0.009970965770171149,0.017270219314466574,3,8.73727320750321e-05,0.00015133401115005848,3,0.00017322752074250226,0.0003000388671952055,3,0.43191140054690264,0.00022041297458451323,3,8.663627205117182e-05,0.00015005842497098912,3,0.7600260039463104,0.0011383074312459227,3,0.1392372025627958,0.0035053759925397017,3,0.0006990216260883758,0.001210740971974481,3,9568.333333333334,16.74315780649941,3,BDL-Hard
sleep,gru,density_hard,objective_e20_bs32_eval5,none,0.25,0.0,0.75,0.0,0.0,3,0.0,0.0,3,0.0,0.0,3,0.43157514401963604,0.0004987139944391083,3,0.0,0.0,3,0.7592483904557058,0.001542903864662129,3,0.20305225643431557,0.0011290006612273916,3,0.00143481559245501,0.001542903864662123,3,9569.666666666666,2.5166114784236133,3,BDL-Hard
sleep,gru,density_hard,objective_e20_bs32_eval5,none,0.25,0.0,0.8,0.0,0.0,3,0.0,0.0,3,0.0,0.0,3,0.43179203234251906,0.00042716476938518583,3,0.0,0.0,3,0.759919665922354,0.0013224902915149384,3,0.20305225643431557,0.0011290006612273916,3,0.0007635401258068017,0.0013224902915149129,3,9577.666666666666,0.5773502691893632,3,BDL-Hard
sleep,gru,density_hard,objective_e20_bs32_eval5,none,0.25,0.0,0.8500000000000001,0.0,0.0,3,0.0,0.0,3,0.0,0.0,3,0.43184887171308667,0.0003287160916917427,3,0.0,0.0,3,0.7600954628112805,0.0010180011480817248,3,0.20305225643431557,0.0011290006612273916,3,0.0005877432368803126,0.0010180011480816914,3,9577.0,1.7320508075688772,3,BDL-Hard
sleep,gru,density_hard,objective_e20_bs32_eval5,none,0.25,0.0,0.9,0.0,0.0,3,0.0,0.0,3,0.0,0.0,3,0.4320232436261369,2.6695078875818035e-05,3,0.0,0.0,3,0.7606354313809437,8.274815093456269e-05,3,0.20305225643431557,0.0011290006612273916,3,4.777466721699665e-05,8.274815093453343e-05,3,9576.333333333334,2.8867513459483916,3,BDL-Hard
sleep,gru,density_hard,objective_e20_bs32_eval5,none,0.25,0.0,0.9500000000000001,0.0,0.0,3,0.0,0.0,3,0.0,0.0,3,0.4320386560371119,0.0,3,0.0,0.0,3,0.7606832060481606,0.0,3,0.20305225643431557,0.0011290006612273916,3,0.0,0.0,3,9578.0,0.0,3,BDL-Hard
sleep,gru,density_hard,objective_e20_bs32_eval5,none,0.25,0.0,1.0,0.0,0.0,3,0.0,0.0,3,0.0,0.0,3,0.4320386560371119,0.0,3,0.0,0.0,3,0.7606832060481606,0.0,3,0.20305225643431557,0.0011290006612273916,3,0.0,0.0,3,9578.0,0.0,3,BDL-Hard
sleep,gru,density_hard,objective_e20_bs32_eval5,none,0.25,0.2393167939518393,0.75,0.0,0.0,3,0.0,0.0,3,0.0,0.0,3,0.4315582374381642,0.0005157037135656215,3,0.0,0.0,3,0.7591961294027466,0.0015953628292228856,3,0.2059304253734895,0.0011420936992414452,3,0.0014870766454140167,0.001595362829222961,3,9568.333333333334,3.511884584284268,3,BDL-Hard
sleep,gru,density_hard,objective_e20_bs32_eval5,none,0.25,0.2393167939518393,0.8,0.0,0.0,3,0.0,0.0,3,0.0,0.0,3,0.43179203234251906,0.00042716476938518583,3,0.0,0.0,3,0.759919665922354,0.0013224902915149384,3,0.2059304253734895,0.0011420936992414452,3,0.0007635401258068017,0.0013224902915149129,3,9577.666666666666,0.5773502691893632,3,BDL-Hard
sleep,gru,density_hard,objective_e20_bs32_eval5,none,0.25,0.2393167939518393,0.8500000000000001,0.0,0.0,3,0.0,0.0,3,0.0,0.0,3,0.4318485178136795,0.00032932906344582287,3,0.0,0.0,3,0.760094367919522,0.0010198975562361679,3,0.2059304253734895,0.0011420936992414452,3,0.0005888381286387793,0.001019897556236144,3,9577.0,1.7320508075688772,3,BDL-Hard
sleep,gru,density_hard,objective_e20_bs32_eval5,none,0.25,0.2393167939518393,0.9,0.0,0.0,3,0.0,0.0,3,0.0,0.0,3,0.4320231230048641,2.6904001048787015e-05,3,0.0,0.0,3,0.7606350575154653,8.33957049385396e-05,3,0.2059304253734895,0.0011420936992414452,3,4.814853269549746e-05,8.339570493849286e-05,3,9576.333333333334,2.8867513459483916,3,BDL-Hard
sleep,gru,density_hard,objective_e20_bs32_eval5,none,0.25,0.2393167939518393,0.9500000000000001,0.0,0.0,3,0.0,0.0,3,0.0,0.0,3,0.4320386560371119,0.0,3,0.0,0.0,3,0.7606832060481606,0.0,3,0.2059304253734895,0.0011420936992414452,3,0.0,0.0,3,9578.0,0.0,3,BDL-Hard
sleep,gru,density_hard,objective_e20_bs32_eval5,none,0.25,0.2393167939518393,1.0,0.0,0.0,3,0.0,0.0,3,0.0,0.0,3,0.4320386560371119,0.0,3,0.0,0.0,3,0.7606832060481606,0.0,3,0.2059304253734895,0.0011420936992414452,3,0.0,0.0,3,9578.0,0.0,3,BDL-Hard
sleep,gru,density_hard,objective_e20_bs32_eval5,none,0.25,0.5,0.75,0.0,0.0,3,0.0,0.0,3,0.0,0.0,3,0.4315428343575743,0.000515675538964645,3,0.0,0.0,3,0.7591484615542378,0.001595187325164966,3,0.2157736649246654,0.0011409219547346946,3,0.00153474449392287,0.0015951873251649979,3,9564.666666666666,3.511884584284268,3,BDL-Hard
sleep,gru,density_hard,objective_e20_bs32_eval5,none,0.25,0.5,0.8,0.0,0.0,3,0.0,0.0,3,0.0,0.0,3,0.43179203234251906,0.00042716476938518583,3,0.0,0.0,3,0.759919665922354,0.0013224902915149384,3,0.2157736649246654,0.0011409219547346946,3,0.0007635401258068017,0.0013224902915149129,3,9577.666666666666,0.5773502691893632,3,BDL-Hard
sleep,gru,density_hard,objective_e20_bs32_eval5,none,0.25,0.5,0.8500000000000001,0.0,0.0,3,0.0,0.0,3,0.0,0.0,3,0.4318484660234114,0.0003294187668213687,3,0.0,0.0,3,0.7600942076914597,0.0010201750793807248,3,0.2157736649246654,0.0011409219547346946,3,0.0005889983567009939,0.001020175079380698,3,9577.0,1.7320508075688772,3,BDL-Hard
sleep,gru,density_hard,objective_e20_bs32_eval5,none,0.25,0.5,0.9,0.0,0.0,3,0.0,0.0,3,0.0,0.0,3,0.43202298515179266,2.7142769572491584e-05,3,0.0,0.0,3,0.7606346302406326,8.413576665733143e-05,3,0.2157736649246654,0.0011409219547346946,3,4.8575807528069825e-05,8.413576665730369e-05,3,9576.333333333334,2.8867513459483916,3,BDL-Hard
sleep,gru,density_hard,objective_e20_bs32_eval5,none,0.25,0.5,0.9500000000000001,0.0,0.0,3,0.0,0.0,3,0.0,0.0,3,0.4320386560371119,0.0,3,0.0,0.0,3,0.7606832060481606,0.0,3,0.2157736649246654,0.0011409219547346946,3,0.0,0.0,3,9578.0,0.0,3,BDL-Hard
sleep,gru,density_hard,objective_e20_bs32_eval5,none,0.25,0.5,1.0,0.0,0.0,3,0.0,0.0,3,0.0,0.0,3,0.4320386560371119,0.0,3,0.0,0.0,3,0.7606832060481606,0.0,3,0.2157736649246654,0.0011409219547346946,3,0.0,0.0,3,9578.0,0.0,3,BDL-Hard
sleep,gru,density_hard,objective_e20_bs32_eval5,none,0.25,1.0,1.0,0.0,0.0,3,0.0,0.0,3,0.0,0.0,3,0.4320386560371119,0.0,3,0.0,0.0,3,0.7606832060481606,0.0,3,0.25422785950608223,0.0011379173146467629,3,0.0,0.0,3,9578.0,0.0,3,BDL-Hard
sleep,gru,density_hard,objective_e20_bs32_eval5,none,0.5,0.0,0.8500000000000001,0.0,0.0,3,0.0,0.0,3,0.0,0.0,3,0.4317472569482643,0.0005047180271632216,3,0.0,0.0,3,0.7597812555812776,0.00156222403455224,3,0.17816906354976306,0.0020562902064962295,3,0.0009019504668832095,0.0015622240345521889,3,9577.666666666666,0.5773502691893632,3,BDL-Hard
sleep,gru,density_hard,objective_e20_bs32_eval5,none,0.5,0.0,0.9,0.0,0.0,3,0.0,0.0,3,0.0,0.0,3,0.43185393837186936,0.00031994038125561535,3,0.0,0.0,3,0.7601111384567004,0.0009908501337728551,3,0.17816906354976306,0.0020562902064962295,3,0.0005720675914603143,0.00099085013377282,3,9574.333333333334,6.350852961086146,3,BDL-Hard
sleep,gru,density_hard,objective_e20_bs32_eval5,none,0.5,0.0,0.9500000000000001,0.0,0.0,3,0.0,0.0,3,0.0,0.0,3,0.4320386560371119,0.0,3,0.0,0.0,3,0.7606832060481606,0.0,3,0.17816906354976306,0.0020562902064962295,3,0.0,0.0,3,9578.0,0.0,3,BDL-Hard
sleep,gru,density_hard,objective_e20_bs32_eval5,none,0.5,0.0,1.0,0.0,0.0,3,0.0,0.0,3,0.0,0.0,3,0.4320386560371119,0.0,3,0.0,0.0,3,0.7606832060481606,0.0,3,0.17816906354976306,0.0020562902064962295,3,0.0,0.0,3,9578.0,0.0,3,BDL-Hard
sleep,gru,density_hard,objective_e20_bs32_eval5,none,0.5,0.2393167939518393,0.8500000000000001,0.0,0.0,3,0.0,0.0,3,0.0,0.0,3,0.4317472569482643,0.0005047180271632216,3,0.0,0.0,3,0.7597812555812776,0.00156222403455224,3,0.1794939641074316,0.0020777110847346675,3,0.0009019504668832095,0.0015622240345521889,3,9577.666666666666,0.5773502691893632,3,BDL-Hard
sleep,gru,density_hard,objective_e20_bs32_eval5,none,0.5,0.2393167939518393,0.9,0.0,0.0,3,0.0,0.0,3,0.0,0.0,3,0.43185393837186936,0.00031994038125561535,3,0.0,0.0,3,0.7601111384567004,0.0009908501337728551,3,0.1794939641074316,0.0020777110847346675,3,0.0005720675914603143,0.00099085013377282,3,9574.333333333334,6.350852961086146,3,BDL-Hard
sleep,gru,density_hard,objective_e20_bs32_eval5,none,0.5,0.2393167939518393,0.9500000000000001,0.0,0.0,3,0.0,0.0,3,0.0,0.0,3,0.4320386560371119,0.0,3,0.0,0.0,3,0.7606832060481606,0.0,3,0.1794939641074316,0.0020777110847346675,3,0.0,0.0,3,9578.0,0.0,3,BDL-Hard
sleep,gru,density_hard,objective_e20_bs32_eval5,none,0.5,0.2393167939518393,1.0,0.0,0.0,3,0.0,0.0,3,0.0,0.0,3,0.4320386560371119,0.0,3,0.0,0.0,3,0.7606832060481606,0.0,3,0.1794939641074316,0.0020777110847346675,3,0.0,0.0,3,9578.0,0.0,3,BDL-Hard
sleep,gru,density_hard,objective_e20_bs32_eval5,none,0.5,0.5,0.8500000000000001,0.0,0.0,3,0.0,0.0,3,0.0,0.0,3,0.4317472569482643,0.0005047180271632216,3,0.0,0.0,3,0.7597812555812776,0.00156222403455224,3,0.18443725835419275,0.0020783056554599926,3,0.0009019504668832095,0.0015622240345521889,3,9577.666666666666,0.5773502691893632,3,BDL-Hard
sleep,gru,density_hard,objective_e20_bs32_eval5,none,0.5,0.5,0.9,0.0,0.0,3,0.0,0.0,3,0.0,0.0,3,0.43185393837186936,0.00031994038125561535,3,0.0,0.0,3,0.7601111384567004,0.0009908501337728551,3,0.18443725835419275,0.0020783056554599926,3,0.0005720675914603143,0.00099085013377282,3,9574.333333333334,6.350852961086146,3,BDL-Hard
sleep,gru,density_hard,objective_e20_bs32_eval5,none,0.5,0.5,0.9500000000000001,0.0,0.0,3,0.0,0.0,3,0.0,0.0,3,0.4320386560371119,0.0,3,0.0,0.0,3,0.7606832060481606,0.0,3,0.18443725835419275,0.0020783056554599926,3,0.0,0.0,3,9578.0,0.0,3,BDL-Hard
sleep,gru,density_hard,objective_e20_bs32_eval5,none,0.5,0.5,1.0,0.0,0.0,3,0.0,0.0,3,0.0,0.0,3,0.4320386560371119,0.0,3,0.0,0.0,3,0.7606832060481606,0.0,3,0.18443725835419275,0.0020783056554599926,3,0.0,0.0,3,9578.0,0.0,3,BDL-Hard
sleep,gru,density_hard,objective_e20_bs32_eval5,none,0.5,1.0,1.0,0.0,0.0,3,0.0,0.0,3,0.0,0.0,3,0.4320386560371119,0.0,3,0.0,0.0,3,0.7606832060481606,0.0,3,0.20413211559992303,0.0020187280334976188,3,0.0,0.0,3,9578.0,0.0,3,BDL-Hard
sleep,gru,density_hard,objective_e20_bs32_eval5,none,1.0,0.0,0.9500000000000001,0.0,0.0,3,0.0,0.0,3,0.0,0.0,3,0.4320386560371119,0.0,3,0.0,0.0,3,0.7606832060481606,0.0,3,0.13524043152949897,0.003496512287905018,3,0.0,0.0,3,9578.0,0.0,3,BDL-Hard
sleep,gru,density_hard,objective_e20_bs32_eval5,none,1.0,0.0,1.0,0.0,0.0,3,0.0,0.0,3,0.0,0.0,3,0.4320386560371119,0.0,3,0.0,0.0,3,0.7606832060481606,0.0,3,0.13524043152949897,0.003496512287905018,3,0.0,0.0,3,9578.0,0.0,3,BDL-Hard
sleep,gru,density_hard,objective_e20_bs32_eval5,none,1.0,0.2393167939518393,0.9500000000000001,0.0,0.0,3,0.0,0.0,3,0.0,0.0,3,0.4320386560371119,0.0,3,0.0,0.0,3,0.7606832060481606,0.0,3,0.13617939929651493,0.003515443702748707,3,0.0,0.0,3,9578.0,0.0,3,BDL-Hard
sleep,gru,density_hard,objective_e20_bs32_eval5,none,1.0,0.2393167939518393,1.0,0.0,0.0,3,0.0,0.0,3,0.0,0.0,3,0.4320386560371119,0.0,3,0.0,0.0,3,0.7606832060481606,0.0,3,0.13617939929651493,0.003515443702748707,3,0.0,0.0,3,9578.0,0.0,3,BDL-Hard
sleep,gru,density_hard,objective_e20_bs32_eval5,none,1.0,0.5,0.9500000000000001,0.0,0.0,3,0.0,0.0,3,0.0,0.0,3,0.4320386560371119,0.0,3,0.0,0.0,3,0.7606832060481606,0.0,3,0.1392372025627958,0.0035053759925397017,3,0.0,0.0,3,9578.0,0.0,3,BDL-Hard
sleep,gru,density_hard,objective_e20_bs32_eval5,none,1.0,0.5,1.0,0.0,0.0,3,0.0,0.0,3,0.0,0.0,3,0.4320386560371119,0.0,3,0.0,0.0,3,0.7606832060481606,0.0,3,0.1392372025627958,0.0035053759925397017,3,0.0,0.0,3,9578.0,0.0,3,BDL-Hard
sleep,gru,density_hard,objective_e20_bs32_eval5,none,1.0,1.0,1.0,0.0,0.0,3,0.0,0.0,3,0.0,0.0,3,0.4320386560371119,0.0,3,0.0,0.0,3,0.7606832060481606,0.0,3,0.15104039760363483,0.003396558020639027,3,0.0,0.0,3,9578.0,0.0,3,BDL-Hard
sleep,gru,density_hard,objective_e20_bs32_eval5,none,2.0,0.0,1.0,0.0,0.0,3,0.0,0.0,3,0.0,0.0,3,0.4320386560371119,0.0,3,0.0,0.0,3,0.7606832060481606,0.0,3,0.09547378321874161,0.004965165628318759,3,0.0,0.0,3,9578.0,0.0,3,BDL-Hard
sleep,gru,density_hard,objective_e20_bs32_eval5,none,2.0,0.2393167939518393,1.0,0.0,0.0,3,0.0,0.0,3,0.0,0.0,3,0.4320386560371119,0.0,3,0.0,0.0,3,0.7606832060481606,0.0,3,0.09631681113978978,0.0049735245184574315,3,0.0,0.0,3,9578.0,0.0,3,BDL-Hard
sleep,gru,density_hard,objective_e20_bs32_eval5,none,2.0,0.5,1.0,0.0,0.0,3,0.0,0.0,3,0.0,0.0,3,0.4320386560371119,0.0,3,0.0,0.0,3,0.7606832060481606,0.0,3,0.09859614848019645,0.004947701120687596,3,0.0,0.0,3,9578.0,0.0,3,BDL-Hard
sleep,gru,density_hard,objective_e20_bs32_eval5,none,2.0,1.0,1.0,0.0,0.0,3,0.0,0.0,3,0.0,0.0,3,0.4320386560371119,0.0,3,0.0,0.0,3,0.7606832060481606,0.0,3,0.10693957562711194,0.004796874649150483,3,0.0,0.0,3,9578.0,0.0,3,BDL-Hard
sleep,gru,density_hard,objective_e20_bs32_eval5,none,4.0,0.0,1.0,0.0,0.0,3,0.0,0.0,3,0.0,0.0,3,0.4320386560371119,0.0,3,0.0,0.0,3,0.7606832060481606,0.0,3,0.08584223225318571,0.006271019752767202,3,0.0,0.0,3,9578.0,0.0,3,BDL-Hard
sleep,gru,density_hard,objective_e20_bs32_eval5,none,4.0,0.2393167939518393,1.0,0.0,0.0,3,0.0,0.0,3,0.0,0.0,3,0.4320386560371119,0.0,3,0.0,0.0,3,0.7606832060481606,0.0,3,0.08654273742391637,0.006270970576858357,3,0.0,0.0,3,9578.0,0.0,3,BDL-Hard
sleep,gru,density_hard,objective_e20_bs32_eval5,none,4.0,0.5,1.0,0.0,0.0,3,0.0,0.0,3,0.0,0.0,3,0.4320386560371119,0.0,3,0.0,0.0,3,0.7606832060481606,0.0,3,0.08832037761579788,0.00623477513264801,3,0.0,0.0,3,9578.0,0.0,3,BDL-Hard
sleep,gru,density_hard,objective_e20_bs32_eval5,none,4.0,1.0,1.0,0.0,0.0,3,0.0,0.0,3,0.0,0.0,3,0.4320386560371119,0.0,3,0.0,0.0,3,0.7606832060481606,0.0,3,0.09469057772143569,0.0060622133636210745,3,0.0,0.0,3,9578.0,0.0,3,BDL-Hard
sleep,gru,density_hard,objective_e20_bs32_eval5,none,8.0,0.0,1.0,0.0,0.0,3,0.0,0.0,3,0.0,0.0,3,0.4320386560371119,0.0,3,0.0,0.0,3,0.7606832060481606,0.0,3,0.09569049376064853,0.008452168488276358,3,0.0,0.0,3,9578.0,0.0,3,BDL-Hard
sleep,gru,density_hard,objective_e20_bs32_eval5,none,8.0,0.2393167939518393,1.0,0.0,0.0,3,0.0,0.0,3,0.0,0.0,3,0.4320386560371119,0.0,3,0.0,0.0,3,0.7606832060481606,0.0,3,0.09625111848379048,0.008453742986448373,3,0.0,0.0,3,9578.0,0.0,3,BDL-Hard
sleep,gru,density_hard,objective_e20_bs32_eval5,none,8.0,0.5,1.0,0.0,0.0,3,0.0,0.0,3,0.0,0.0,3,0.4320386560371119,0.0,3,0.0,0.0,3,0.7606832060481606,0.0,3,0.09765380077359846,0.008415609096902444,3,0.0,0.0,3,9578.0,0.0,3,BDL-Hard
sleep,gru,density_hard,objective_e20_bs32_eval5,none,8.0,1.0,1.0,0.0,0.0,3,0.0,0.0,3,0.0,0.0,3,0.4320386560371119,0.0,3,0.0,0.0,3,0.7606832060481606,0.0,3,0.10265529545660611,0.008229005784658268,3,0.0,0.0,3,9578.0,0.0,3,BDL-Hard
sleep,gru,density_hard,objective_e20_bs32_eval5,none,16.0,0.0,1.0,0.0,0.0,3,0.0,0.0,3,0.0,0.0,3,0.4320386560371119,0.0,3,0.0,0.0,3,0.7606832060481606,0.0,3,0.11167789477365135,0.012064030824476938,3,0.0,0.0,3,9578.0,0.0,3,BDL-Hard
sleep,gru,density_hard,objective_e20_bs32_eval5,none,16.0,0.2393167939518393,1.0,0.0,0.0,3,0.0,0.0,3,0.0,0.0,3,0.4320386560371119,0.0,3,0.0,0.0,3,0.7606832060481606,0.0,3,0.11214595169473456,0.01207177834412418,3,0.0,0.0,3,9578.0,0.0,3,BDL-Hard
sleep,gru,density_hard,objective_e20_bs32_eval5,none,16.0,0.5,1.0,0.0,0.0,3,0.0,0.0,3,0.0,0.0,3,0.4320386560371119,0.0,3,0.0,0.0,3,0.7606832060481606,0.0,3,0.11326123024080514,0.012034494210800564,3,0.0,0.0,3,9578.0,0.0,3,BDL-Hard
sleep,gru,density_hard,objective_e20_bs32_eval5,none,16.0,1.0,1.0,0.0,0.0,3,0.0,0.0,3,0.0,0.0,3,0.4320386560371119,0.0,3,0.0,0.0,3,0.7606832060481606,0.0,3,0.11716705170163504,0.01183175827447146,3,0.0,0.0,3,9578.0,0.0,3,BDL-Hard
