dataset,model,objective,run_tag,smooth,scale,initial_prob,threshold,precision_mean,precision_std,precision_count,recall_mean,recall_std,recall_count,f1_mean,f1_std,f1_count,macro_f1_mean,macro_f1_std,macro_f1_count,iou_mean,iou_std,iou_count,accuracy_mean,accuracy_std,accuracy_count,brier_mean,brier_std,brier_count,pred_positive_rate_mean,pred_positive_rate_std,pred_positive_rate_count,abs_transition_count_error_mean,abs_transition_count_error_std,abs_transition_count_error_count,objective_label
sleep,gru,density_custom,objective_e20_bs32_eval5,none,4.0,0.5,0.8,0.8686997412095079,0.004714152022375554,3,0.9054735278475755,0.004469948442620421,3,0.8866981731043335,0.0033717357176205956,3,0.9250265429095146,0.0022414549709308916,3,0.7964689965882418,0.005434533467762621,3,0.9446211492923902,0.001679402274400615,3,0.092462515908829,0.008341961649531287,3,0.24945210014125707,0.001759899476485003,3,1083.0,65.19969325081216,3,BDL-Tolerance
sleep,gru,density_custom,objective_e20_bs32_eval5,none,4.0,0.2393167939518393,0.8,0.8689677944097808,0.0047058307946565535,3,0.9051328523034822,0.004347176224805244,3,0.8866743957974381,0.0032962729203230763,3,0.9250192415609422,0.0021934457424499973,3,0.7964301440866061,0.0053130839996324,3,0.9446287868300224,0.0016469782832747482,3,0.09061661464721482,0.008372599709030796,3,0.24928140384564443,0.0017542878790885175,3,1077.0,68.4324484437025,3,BDL-Tolerance
sleep,gru,density_custom,objective_e20_bs32_eval5,none,4.0,0.0,0.8,0.8691149485040511,0.004740031369700684,3,0.9048566741273829,0.004383851454699047,3,0.8866184725621428,0.003351841522095356,3,0.9249881113692897,0.002229748084369613,3,0.796340268246489,0.005402255734785131,3,0.9446148736932868,0.0016729241179864966,3,0.08985772282976758,0.00837814274993365,3,0.24916312883105296,0.0017493313438457126,3,1077.0,65.19969325081216,3,BDL-Tolerance
sleep,gru,density_custom,objective_e20_bs32_eval5,none,2.0,0.5,0.7000000000000001,0.8649244785463934,0.002109513374897402,3,0.9050463722685421,0.002956124986213849,3,0.8845263854433543,0.0008762256694193411,3,0.923540816076366,0.0005577562005600511,3,0.7929611215951734,0.0014089954449683045,3,0.9434486003331034,0.0003970103844647457,3,0.09671778825058869,0.006631585418151654,3,0.2504201980931579,0.00135107031961112,3,655.3333333333334,15.534906930308074,3,BDL-Tolerance
sleep,gru,density_custom,objective_e20_bs32_eval5,none,2.0,0.2393167939518393,0.7000000000000001,0.865595035950359,0.0021248073466974987,3,0.9037845448684086,0.0029992980329196176,3,0.8842733024649919,0.0009226534009814353,3,0.9234007825162879,0.0005877264974708125,3,0.7925544998189898,0.0014830616139879385,3,0.9433875000320455,0.00041715673712386945,3,0.09434615267035888,0.006652249556855788,3,0.2498773454183747,0.0013570996504259213,3,646.0,15.620499351813308,3,BDL-Tolerance
sleep,gru,density_custom,objective_e20_bs32_eval5,none,4.0,0.2393167939518393,0.75,0.8483913490489957,0.0017430060906131698,3,0.9229360228512613,0.0032628639297911837,3,0.8840910263785297,0.0009849180094460136,3,0.9227449038885464,0.0006165100995105009,3,0.7922618118839627,0.001582305039679676,3,0.942085112933011,0.00041613577075145673,3,0.09061661464721482,0.008372599709030796,3,0.26034627313800035,0.0013718023503334438,3,1287.3333333333333,40.820746359337114,3,BDL-Tolerance
sleep,gru,density_custom,objective_e20_bs32_eval5,none,4.0,0.5,0.75,0.8479696589081552,0.001705822068051463,3,0.9233782426944456,0.003271871182619966,3,0.8840648313204261,0.0010180451069784293,3,0.9227143592962271,0.0006384670496901694,3,0.7922198046202261,0.0016354577747481306,3,0.9420425723824929,0.0004314620439174211,3,0.092462515908829,0.008341961649531287,3,0.26060047495870386,0.0013582103251050352,3,1302.6666666666667,36.66515148384543,3,BDL-Tolerance
sleep,gru,density_custom,objective_e20_bs32_eval5,none,4.0,0.0,0.75,0.8485345647439528,0.001779412207972417,3,0.9226743510036036,0.0033063155042868135,3,0.8840485700876982,0.0010070941618271277,3,0.9227226711357278,0.0006314457734633845,3,0.792193667722655,0.0016177856388779504,3,0.9420775555094099,0.00042780305254405335,3,0.08985772282976758,0.00837814274993365,3,0.26022858562630374,0.00139076325792402,3,1282.6666666666667,42.35957192103495,3,BDL-Tolerance
sleep,gru,density_custom,objective_e20_bs32_eval5,none,2.0,0.0,0.7000000000000001,0.8661506805988064,0.00207422782574563,3,0.9016439687261412,0.0031712334914008387,3,0.883536168221971,0.0007771652830556781,3,0.9229512523800943,0.0004743925857289125,3,0.7913707451251949,0.0012472975460148777,3,0.9431145515280629,0.0003107790553630747,3,0.09345766170109016,0.006643265385855383,3,0.24912574228320286,0.0014274091280369358,3,620.0,14.0,3,BDL-Tolerance
sleep,gru,density_custom,objective_e20_bs32_eval5,none,4.0,0.5,0.8500000000000001,0.8864949586432119,0.0057308126824029545,3,0.8733281735438938,0.008914903452481292,3,0.8798465771137934,0.0059931612683700175,3,0.9212083524182074,0.003871854086061022,3,0.7855036913515794,0.00952873614891602,3,0.9429215835318026,0.002720292255309901,3,0.092462515908829,0.008341961649531287,3,0.23576581963703858,0.002448542085770997,3,801.6666666666666,55.139217743211894,3,BDL-Tolerance
sleep,gru,density_custom,objective_e20_bs32_eval5,none,4.0,0.2393167939518393,0.8500000000000001,0.8867552172732834,0.005763524612465118,3,0.8729463223444548,0.009049446451861842,3,0.879780233956596,0.0060456489316796196,3,0.9211738231511118,0.0039037281525733597,3,0.7853985408616236,0.009610828910821306,3,0.9429109550703423,0.002739480266517419,3,0.09061661464721482,0.008372599709030796,3,0.235593681288866,0.002494867768341082,3,797.0,54.064775963653084,3,BDL-Tolerance
sleep,gru,density_custom,objective_e20_bs32_eval5,none,4.0,0.2393167939518393,0.7000000000000001,0.8310733913635054,0.00582622377681999,3,0.9345320470460318,0.002717094652551933,3,0.8797648880112247,0.0038043321391204913,3,0.9193884189925141,0.0026265661017108245,3,0.7853532131305719,0.006054939170878895,3,0.9388650095666834,0.002106462356861809,3,0.09061661464721482,0.008372599709030796,3,0.2691166231700887,0.0018197483362744286,3,1450.6666666666667,31.390019645316166,3,BDL-Tolerance
sleep,gru,density_custom,objective_e20_bs32_eval5,none,4.0,0.0,0.7000000000000001,0.8312775757469613,0.005798256322193158,3,0.934228641607319,0.002668244924173672,3,0.879744824835539,0.003770638963071317,3,0.9193832741553626,0.002603895647607415,3,0.785320996436368,0.006001212117164305,3,0.9388732880165646,0.0020891313946020226,3,0.08985772282976758,0.00837814274993365,3,0.2689631246864871,0.0018125332787380939,3,1446.6666666666667,32.88363321370275,3,BDL-Tolerance
sleep,gru,density_custom,objective_e20_bs32_eval5,none,4.0,0.5,0.7000000000000001,0.8305981013716895,0.005829774782095695,3,0.9348488429417673,0.002704162645950066,3,0.879638705514442,0.0037949011565258425,3,0.9192905350520947,0.002621440461660272,3,0.7851520635089159,0.006038394901443318,3,0.938771302854965,0.002104294225987213,3,0.092462515908829,0.008341961649531287,3,0.26936195903801635,0.001830767674138072,3,1460.6666666666667,31.390019645316166,3,BDL-Tolerance
sleep,gru,density_custom,objective_e20_bs32_eval5,none,4.0,0.0,0.8500000000000001,0.8868743954731996,0.005722119777500696,3,0.872398206303647,0.009110577938817078,3,0.879559911520931,0.006023409314390066,3,0.9210387117049187,0.003886510565776239,3,0.7850471906460429,0.009570727968846835,3,0.9428280904575003,0.002722969379776886,3,0.08985772282976758,0.00837814274993365,3,0.23541419915450856,0.0025292978213443764,3,791.0,56.824290580701486,3,BDL-Tolerance
sleep,gru,density_custom,objective_e20_bs32_eval5,none,2.0,0.2393167939518393,0.65,0.8323558522729737,0.01704167611435648,3,0.929188696758148,0.0015433125238892853,3,0.878055963741382,0.009967472935289346,3,0.9183316822755719,0.006955269452567144,3,0.7827139955812591,0.01585211847157857,3,0.9381956034274278,0.005676429792620978,3,0.09434615267035888,0.006652249556855788,3,0.2672285223896285,0.005186878680297397,3,952.3333333333334,31.134118476894983,3,BDL-Tolerance
sleep,gru,density_custom,objective_e20_bs32_eval5,none,2.0,0.5,0.65,0.8313915606549275,0.017070649468361725,3,0.9302672980713501,0.0015544671698491037,3,0.8780001885360241,0.010043067197262816,3,0.9182602739194202,0.007007503629632716,3,0.7826268359175786,0.01597746162704457,3,0.9380914284823113,0.005717860444663719,3,0.09671778825058869,0.006631585418151654,3,0.2678489521512006,0.005176842706973117,3,969.6666666666666,29.005746557076122,3,BDL-Tolerance
sleep,gru,density_custom,objective_e20_bs32_eval5,none,2.0,0.0,0.65,0.8328322192037705,0.017111040623042265,3,0.9279747402418718,0.0017540809678578645,3,0.8777786552367451,0.010062797059983176,3,0.9181734731542684,0.007015591422942065,3,0.7822752271164767,0.01599508250486219,3,0.9381163973553397,0.005717373757408607,3,0.09345766170109016,0.006643265385855383,3,0.26672668809877226,0.005158389179650638,3,937.0,32.18695387886216,3,BDL-Tolerance
sleep,gru,density_custom,objective_e20_bs32_eval5,none,2.0,0.5,0.75,0.8873168754435502,0.007631848128353198,3,0.8630425171559651,0.005580282439590539,3,0.8749893353466275,0.0038958580796735406,3,0.9181802696798612,0.002593489272875052,3,0.7777751472935212,0.006160423110335762,3,0.940980313739364,0.0019620254669875346,3,0.09671778825058869,0.006631585418151654,3,0.2327840288085783,0.0028700022262840327,3,202.66666666666666,59.40819247657122,3,BDL-Tolerance
sleep,gru,density_custom,objective_e20_bs32_eval5,none,2.0,0.2393167939518393,0.75,0.8882924479967578,0.007789965859409121,3,0.8607061055797365,0.0056147246438435616,3,0.8742600186714063,0.00411680194210399,3,0.9177505383079437,0.002736436970858095,3,0.7766250458388758,0.006502364473091183,3,0.9407471819088418,0.002061384633591605,3,0.09434615267035888,0.006652249556855788,3,0.2318988755835506,0.0028387376692230785,3,174.66666666666666,59.911045169762595,3,BDL-Tolerance
sleep,gru,density_custom,objective_e20_bs32_eval5,none,2.0,0.0,0.75,0.8884320686751231,0.00769969182963777,3,0.85701212483566,0.0055878893108056655,3,0.8724185399049041,0.004164012666251954,3,0.9166023773889366,0.0027625935202102883,3,0.7737239110256983,0.006555252315159381,3,0.940011281123767,0.002072391028531608,3,0.09345766170109016,0.006643265385855383,3,0.23086671311144094,0.00276698030071645,3,138.66666666666666,54.63820397243429,3,BDL-Tolerance
sleep,gru,density_custom,objective_e20_bs32_eval5,none,4.0,1.0,0.8,0.8398738361918316,0.0042044677285436325,3,0.9062664660776205,0.004449948625260557,3,0.8718011102484944,0.003117367790736334,3,0.9146729395735544,0.0020817275487005297,3,0.7727460878491014,0.0048926511512249905,3,0.936213689116541,0.0015773651482995355,3,0.09897724601695712,0.00821174223885854,3,0.25823908718713867,0.001772745257490496,3,1082.0,62.69768735766894,3,BDL-Tolerance
sleep,gru,density_custom,objective_e20_bs32_eval5,none,4.0,1.0,0.75,0.8187911063422669,0.0020165695129086086,3,0.9239644099506271,0.003433030915422978,3,0.8681994918533373,0.0010742381692191662,3,0.9115804554697197,0.0006886298222794464,3,0.7670969280784229,0.001677203129100532,3,0.9328644419320685,0.0005004388731096228,3,0.09897724601695712,0.00821174223885854,3,0.2700591647460663,0.0015443784591963028,3,1266.3333333333333,38.39704849768189,3,BDL-Tolerance
sleep,gru,density_custom,objective_e20_bs32_eval5,none,4.0,0.0,0.65,0.802971266830839,0.016634861188017203,3,0.9425846215510925,0.002087583693082495,3,0.867144499829021,0.010499765870526045,3,0.910196188159753,0.007405877870734906,3,0.7655516262096768,0.01641061863792431,3,0.930836648986034,0.006142493270497875,3,0.08985772282976758,0.00837814274993365,3,0.28099921637795705,0.005236071014264729,3,1563.0,62.74551776820397,3,BDL-Tolerance
sleep,gru,density_custom,objective_e20_bs32_eval5,none,4.0,0.2393167939518393,0.65,0.8027297561026093,0.016611248235919873,3,0.9428785420827471,0.002076978815415432,3,0.8671280553589386,0.010488655559370941,3,0.9101746455976191,0.007399481986621438,3,0.7655257734416079,0.016391634253641384,3,0.930805270990517,0.006138968570952682,3,0.09061661464721482,0.008372599709030796,3,0.2811712746120985,0.0052353419421512955,3,1571.0,63.0,3,BDL-Tolerance
sleep,gru,density_custom,objective_e20_bs32_eval5,none,4.0,0.5,0.65,0.8021801646206033,0.0166437381799765,3,0.9430516137397694,0.0021933762841410223,3,0.8668807172659384,0.010560061860792848,3,0.9099925406119075,0.00744860751072353,3,0.7651417402919801,0.01649761472413005,3,0.9306438679225129,0.006177831439470442,3,0.092462515908829,0.008341961649531287,3,0.2814155155882677,0.005223915864386136,3,1579.0,66.18912297349165,3,BDL-Tolerance
sleep,gru,density_custom,objective_e20_bs32_eval5,none,2.0,0.2393167939518393,0.6000000000000001,0.8001008482028693,0.024313211623329754,3,0.9459649308394052,0.001198403371894001,3,0.8668186298382637,0.014643440094609803,3,0.9098266262293393,0.010377466131980826,3,0.7651403554689672,0.022962619250106262,3,0.9303429062123197,0.008672146940155553,3,0.09434615267035888,0.006652249556855788,3,0.28311088871456075,0.00814212716100483,3,1144.0,78.61933604400383,3,BDL-Tolerance
sleep,gru,density_custom,objective_e20_bs32_eval5,none,2.0,0.0,0.6000000000000001,0.8004304186747132,0.024484120533007393,3,0.9452434083801498,0.0012699230604998311,3,0.8667077885377621,0.014758773462737185,3,0.9097714092572988,0.01045451700551501,3,0.7649708197544506,0.023140620779780362,3,0.93032821863995,0.008730682360483976,3,0.09345766170109016,0.006643265385855383,3,0.2827802314035038,0.008165534560074008,3,1138.0,78.24960063795854,3,BDL-Tolerance
sleep,gru,density_custom,objective_e20_bs32_eval5,none,2.0,0.5,0.6000000000000001,0.7988269807913292,0.02463300669021277,3,0.9469889660402387,0.0012828989628356447,3,0.8664964507755392,0.014900004475811269,3,0.9095606335423853,0.010564181648830127,3,0.764645550153214,0.023355249445534455,3,0.9300701713457533,0.00883373897706005,3,0.09671778825058869,0.006631585418151654,3,0.28387376122344166,0.008261046981137396,3,1166.0,74.50503338701353,3,BDL-Tolerance
sleep,gru,density_custom,objective_e20_bs32_eval5,none,4.0,1.0,0.8500000000000001,0.8585970938116172,0.0052314803062981285,3,0.8744688173079691,0.009033695237408606,3,0.8664421970407115,0.005502812120134859,3,0.9119575656597138,0.003550459906132862,3,0.7643840897556197,0.00854628664918638,3,0.935488123041479,0.002494734495903859,3,0.09897724601695712,0.00821174223885854,3,0.24374523054468142,0.0027352012528076793,3,833.3333333333334,56.871199506721624,3,BDL-Tolerance
sleep,gru,density_custom,objective_e20_bs32_eval5,none,1.0,0.5,0.6000000000000001,0.8312934007480542,0.01673803804309659,3,0.9018328857573072,0.003978335147690849,3,0.8650834221615534,0.010312522399288503,3,0.9101019587150243,0.007115448693837505,3,0.7623414534785588,0.016077350020117072,3,0.9326471993843825,0.0057008278931589985,3,0.1347419946868673,0.004629402393878063,3,0.2596835164633266,0.004513662158724379,3,385.6666666666667,65.9570567364352,3,BDL-Tolerance
sleep,gru,density_custom,objective_e20_bs32_eval5,none,8.0,0.0,0.8,0.8348879775411668,0.003785110977152343,3,0.8947902864732059,0.011724498637993097,3,0.8637684407051526,0.005156950553470551,3,0.9094361268014612,0.0032424787871215754,3,0.7602286946750709,0.007968216772137195,3,0.9324654206477999,0.002153355369624172,3,0.1067909213145062,0.010421410085362378,3,0.2564944706363917,0.0039184280980218015,3,1737.0,64.11708040764177,3,BDL-Tolerance
sleep,gru,density_custom,objective_e20_bs32_eval5,none,8.0,0.2393167939518393,0.8,0.8347731306676626,0.003796131909372732,3,0.8948478654384046,0.011755786745592548,3,0.8637336641852785,0.00517570851945604,3,0.9094099092054165,0.0032547287264409436,3,0.7601749951686512,0.007996630770622532,3,0.9324411728010514,0.0021622280297018746,3,0.10737478824968899,0.010419665217086304,3,0.25654627770984106,0.003926898484291992,3,1738.3333333333333,65.27122898592714,3,BDL-Tolerance
sleep,gru,density_custom,objective_e20_bs32_eval5,none,8.0,0.5,0.8,0.8345464994220059,0.0037739445326404725,3,0.8948829038009481,0.011761825575519556,3,0.8636286846009987,0.0051760787179641965,3,0.9093353267153342,0.003254479176995518,3,0.7600123866827747,0.0079957169386194,3,0.9323782832866322,0.0021611907463907347,3,0.10873499807435962,0.010392423215673168,3,0.25662593776143877,0.003925864848256191,3,1741.6666666666667,62.96295206971582,3,BDL-Tolerance
sleep,gru,density_custom,objective_e20_bs32_eval5,none,8.0,0.0,0.75,0.819397728962895,0.0036324929433979415,3,0.912407552842649,0.006528035951947331,3,0.8633892685651844,0.002327514118422582,3,0.9085730091043924,0.0014885915612438902,3,0.759622306879664,0.003607242614864832,3,0.9309035442020087,0.0010614388564767713,3,0.1067909213145062,0.010421410085362378,3,0.2664885624936443,0.0027833394803747553,3,1862.0,25.238858928247925,3,BDL-Tolerance
sleep,gru,density_custom,objective_e20_bs32_eval5,none,8.0,0.2393167939518393,0.75,0.8192284786724761,0.0036253481707918802,3,0.9124346685181205,0.006537446971830418,3,0.8633075079721549,0.002351233429114374,3,0.9085144465435304,0.0015044900787893306,3,0.7594958401038358,0.003643534971380274,3,0.9308536064559517,0.0010729457896626075,3,0.10737478824968899,0.010419665217086304,3,0.26655147871274054,0.0027779796603970798,3,1865.3333333333333,23.713568549109883,3,BDL-Tolerance
sleep,gru,density_custom,objective_e20_bs32_eval5,none,8.0,0.5,0.75,0.8189917508399925,0.0036133061719729313,3,0.9124741703663384,0.0065643284402783645,3,0.863193658521884,0.0023550378419022007,3,0.9084328364281835,0.0015056608062576405,3,0.7593196445235013,0.00364871963740986,3,0.9307839339535655,0.0010718161466344715,3,0.10873499807435962,0.010392423215673168,3,0.26664005812646824,0.002784341987088769,3,1867.3333333333333,24.986663109213556,3,BDL-Tolerance
sleep,gru,density_custom,objective_e20_bs32_eval5,none,4.0,1.0,0.7000000000000001,0.8010175533401314,0.00581872846993028,3,0.9352258958941064,0.0027476265946043063,3,0.862927479808454,0.003852206692587248,3,0.9074603757713872,0.0026983457227354635,3,0.758916203141396,0.005949806549301077,3,0.928891213263978,0.0022169615708514034,3,0.09897724601695712,0.00821174223885854,3,0.279422518836411,0.001987928635276049,3,1410.3333333333333,26.633312473917556,3,BDL-Tolerance
sleep,gru,density_custom,objective_e20_bs32_eval5,none,1.0,0.2393167939518393,0.6000000000000001,0.8330806989907943,0.01707450150633654,3,0.8943891306982253,0.003656056230687545,3,0.862599543997316,0.010257804406217257,3,0.9086107099782949,0.007078362406444564,3,0.7584914080576066,0.015928823831401467,3,0.9317768939597867,0.0056742095282154665,3,0.13166342944518683,0.004639171009392186,3,0.25699099069651776,0.004632422358630771,3,305.6666666666667,70.74131277643448,3,BDL-Tolerance
sleep,gru,density_custom,objective_e20_bs32_eval5,none,2.0,1.0,0.7000000000000001,0.8224090648304269,0.0014377283474433951,3,0.9066811238967659,0.0029751793835460535,3,0.8624878676206781,0.0005818215689403317,3,0.9081320135836655,0.0003111296766431541,3,0.758223311927312,0.0008991145127847384,3,0.9308101846510916,0.0001268747356181307,3,0.10536306938607833,0.006503234134106978,3,0.2638410608123178,0.0013219470764823235,3,561.6666666666666,8.32666399786452,3,BDL-Tolerance
sleep,gru,density_custom,objective_e20_bs32_eval5,none,8.0,0.0,0.7000000000000001,0.8026915903810892,0.007025498066591841,3,0.9237344288512572,0.003910171675786917,3,0.8589587914838432,0.004733713424839811,3,0.9050372739470177,0.0032944142875233674,3,0.7528051957556912,0.007275130443589512,3,0.9273961786248074,0.002680965990341629,3,0.1067909213145062,0.010421410085362378,3,0.27541735137458584,0.00242318186434082,3,1997.0,105.05712731652241,3,BDL-Tolerance
sleep,gru,density_custom,objective_e20_bs32_eval5,none,8.0,0.2393167939518393,0.7000000000000001,0.802519950017819,0.007024607585531871,3,0.9237671238838218,0.003935942267710246,3,0.8588746456149368,0.004743581550057438,3,0.9049762365169759,0.003300763392342338,3,0.7526760260199753,0.007289232135231474,3,0.9273431965455684,0.0026854329037873446,3,0.10737478824968899,0.010419665217086304,3,0.2754859823945678,0.0024230026870699583,3,1998.3333333333333,105.10153820631422,3,BDL-Tolerance
sleep,gru,density_custom,objective_e20_bs32_eval5,none,8.0,0.5,0.7000000000000001,0.8022621998241025,0.007024709962362714,3,0.9237982566964001,0.003955177172791331,3,0.8587404498355458,0.004750046792463995,3,0.9048796203919375,0.0033051909479281457,3,0.7524699866187167,0.007297402653570839,3,0.9272603052280495,0.002688957466505217,3,0.10873499807435962,0.010392423215673168,3,0.2755837749218728,0.0024252867682884437,3,1998.3333333333333,107.09964207845574,3,BDL-Tolerance
sleep,gru,density_custom,objective_e20_bs32_eval5,none,2.0,1.0,0.65,0.7909006391863449,0.015213680051607358,3,0.9315000012274585,0.0017972697259532719,3,0.8554166065691754,0.009475694871145395,3,0.902211305147716,0.006737436004643429,3,0.7474405919328967,0.014481818486096676,3,0.9246055665792463,0.005660378738734539,3,0.10536306938607833,0.006503234134106978,3,0.281924827188694,0.005039362699915932,3,850.0,38.0,3,BDL-Tolerance
sleep,gru,density_custom,objective_e20_bs32_eval5,none,2.0,1.0,0.75,0.8436490202638098,0.006915388508141696,3,0.8653400964068271,0.005757333590383504,3,0.8543374533137739,0.003976314699191038,3,0.9038648302445426,0.002668643781024044,3,0.7457287707403281,0.006061897045579003,3,0.9293811105641994,0.0020569271891041673,3,0.10536306938607833,0.006503234134106978,3,0.24548293058407614,0.0028770675700113078,3,132.33333333333334,59.0705792534095,3,BDL-Tolerance
sleep,gru,density_custom,objective_e20_bs32_eval5,none,8.0,1.0,0.8,0.814626867139885,0.0031960054087755417,3,0.8951076403046508,0.011823663475383012,3,0.8529377273074729,0.004615635739160494,3,0.9018133318067507,0.002846557428364726,3,0.7436032785713284,0.006999921914986497,3,0.926143889499892,0.0018086642710892556,3,0.11345721597411458,0.01026673761649319,3,0.26296789798727915,0.0041550830102255396,3,1800.6666666666667,82.47625921035296,3,BDL-Tolerance
sleep,gru,density_custom,objective_e20_bs32_eval5,none,8.0,0.0,0.8500000000000001,0.8467277450948943,0.004084807103184951,3,0.8585675380060226,0.022987302766469892,3,0.8525020003663025,0.011607016237632068,3,0.9028544882549596,0.00724143071553686,3,0.7430407084660867,0.017540262614865555,3,0.9289560522198209,0.004668212077606668,3,0.1067909213145062,0.010421410085362378,3,0.2426664150017903,0.006590683829333308,3,1585.0,63.92964883369844,3,BDL-Tolerance
sleep,gru,density_custom,objective_e20_bs32_eval5,none,8.0,0.2393167939518393,0.8500000000000001,0.8466089194900944,0.0040427040022461115,3,0.8586546875638139,0.022960212136545366,3,0.8524849124364051,0.011579884827643687,3,0.9028394381563342,0.007223649767946066,3,0.7430141998159804,0.017499219336539282,3,0.9289390680452262,0.00465529927627196,3,0.10737478824968899,0.010419665217086304,3,0.24272511188191492,0.006586061729769557,3,1587.6666666666667,64.22097269065091,3,BDL-Tolerance
sleep,gru,density_custom,objective_e20_bs32_eval5,none,8.0,0.5,0.8500000000000001,0.846442905789805,0.00404517524231419,3,0.8587788840527022,0.02297642672210615,3,0.8524618524539537,0.011586171222727497,3,0.9028189762596108,0.007227857872083773,3,0.7429792973261818,0.017508101475110227,3,0.928915808271528,0.004658598499678593,3,0.10873499807435962,0.010392423215673168,3,0.24280781626669468,0.006590882495609277,3,1591.6666666666667,64.76367294504945,3,BDL-Tolerance
sleep,gru,density_custom,objective_e20_bs32_eval5,none,1.0,0.5,0.55,0.7768296948598424,0.04314199805943564,3,0.9436431371787601,0.0017610913897612268,3,0.851738162442819,0.026647170165381984,3,0.8989614574992174,0.01925680607237463,3,0.7423862961140099,0.040290369021588134,3,0.9210495984898399,0.016553739232230573,3,0.1347419946868673,0.004629402393878063,3,0.291292908006874,0.015832639672636043,3,850.0,51.6817182376902,3,BDL-Tolerance
sleep,gru,density_custom,objective_e20_bs32_eval5,none,1.0,0.2393167939518393,0.55,0.7795724325176251,0.04361770363387151,3,0.9394498039748679,0.0015401896009427601,3,0.8516550632190049,0.02664563379052074,3,0.8990629722463498,0.019224028118206456,3,0.7422603388960242,0.040301123004151465,3,0.9213464209750925,0.01649236757368303,3,0.13166342944518683,0.004639171009392186,3,0.2889890154049668,0.015881255634230863,3,794.0,51.6817182376902,3,BDL-Tolerance
sleep,gru,density_custom,objective_e20_bs32_eval5,none,8.0,1.0,0.75,0.7975132611174329,0.003942748918437662,3,0.9126780400745135,0.006567486876973561,3,0.8511999727283784,0.0019727034350853637,3,0.8999195699730499,0.0012674391557010475,3,0.740950458550005,0.002991525574908673,3,0.9236371214665439,0.0009505486149510789,3,0.11345721597411458,0.01026673761649319,3,0.2738844495033785,0.0030880027982954014,3,1889.0,35.510561809129406,3,BDL-Tolerance
sleep,gru,density_custom,objective_e20_bs32_eval5,none,4.0,0.0,0.6000000000000001,0.7698311177924969,0.030576827429889923,3,0.9496590231706237,0.0014813078215833624,3,0.8501376866510405,0.01910260125967114,3,0.8976467198958704,0.013779733538359422,3,0.7396607863568355,0.02908394516953781,3,0.9197068606238042,0.011812586503723532,3,0.08985772282976758,0.00837814274993365,3,0.2955150509696148,0.011158184144239636,3,1707.0,185.49123968532854,3,BDL-Tolerance
sleep,gru,density_custom,objective_e20_bs32_eval5,none,4.0,0.2393167939518393,0.6000000000000001,0.7694741188323521,0.030692466534925595,3,0.9498242837277157,0.001530764951075548,3,0.8499848219833662,0.019204293200867577,3,0.8975283779280764,0.013855402244996168,3,0.7394328695319534,0.02922872465059834,3,0.9195951549597635,0.011879939640474804,3,0.09061661464721482,0.008372599709030796,3,0.2957058558870354,0.011202998020424562,3,1711.6666666666667,185.02522350569757,3,BDL-Tolerance
sleep,gru,density_custom,objective_e20_bs32_eval5,none,1.0,0.0,0.6000000000000001,0.8316195070150506,0.017710171492924406,3,0.8691555955483872,0.0029326287297725463,3,0.849921683331325,0.010210719853407478,3,0.9006287671731448,0.007051088698166248,3,0.73910381225565,0.015510934313568115,3,0.9265049634380925,0.005665214450617116,3,0.13073167217370957,0.004612935467782647,3,0.2501853037539512,0.004736600546445383,3,71.66666666666667,38.759944960401235,3,BDL-Tolerance
sleep,gru,density_custom,objective_e20_bs32_eval5,none,4.0,1.0,0.65,0.7726485066547673,0.015663869523411554,3,0.9433591479027307,0.002171992634384925,3,0.8494663782480248,0.010271768528161916,3,0.8974683667291066,0.007356946369540203,3,0.7384164345147727,0.015560743987475797,3,0.9199432237202477,0.006241291531971671,3,0.09897724601695712,0.00821174223885854,3,0.29226335597035397,0.005291658020971442,3,1508.0,59.3548650070068,3,BDL-Tolerance
sleep,gru,density_custom,objective_e20_bs32_eval5,none,4.0,0.5,0.6000000000000001,0.7681848721609624,0.030660981405477163,3,0.9499558449679667,0.0015779791819497105,3,0.849250449069544,0.019233016542781745,3,0.8969891290558053,0.013883676919643274,3,0.7383234227236435,0.02923940737527222,3,0.9191209600096393,0.011912855581761856,3,0.092462515908829,0.008341961649531287,3,0.2962430204656099,0.011210376512121006,3,1720.3333333333333,192.8583245113711,3,BDL-Tolerance
sleep,gru,density_custom,objective_e20_bs32_eval5,none,1.0,0.0,0.55,0.779380881975911,0.04359085296814342,3,0.9268877698930303,0.001434341924449887,3,0.8463251275547191,0.025967067640560518,3,0.895712633273677,0.018753755803550393,3,0.7341743553110844,0.038901059895034985,3,0.9191187969307993,0.016126356820653078,3,0.13073167217370957,0.004612935467782647,3,0.28520402800530165,0.015924106006192276,3,674.6666666666666,54.44569159569316,3,BDL-Tolerance
sleep,gru,density_custom,objective_e20_bs32_eval5,none,8.0,0.0,0.65,0.7753362925016686,0.016687891395741186,3,0.9314433149593945,0.0030127559399800185,3,0.8462007290321095,0.010948164571270435,3,0.8955763379444827,0.0077961841751097985,3,0.7335083506977943,0.016533113555178156,3,0.9189250277942279,0.00656101346596204,3,0.1067909213145062,0.010421410085362378,3,0.287578234021844,0.005407246005899627,3,2161.3333333333335,185.66726510974775,3,BDL-Tolerance
sleep,gru,density_custom,objective_e20_bs32_eval5,none,8.0,0.2393167939518393,0.65,0.7751682648134408,0.0166975910479574,3,0.931482370459045,0.0030535986007511973,3,0.8461168962655314,0.010973887724378108,3,0.8955141373766763,0.007813798235312242,3,0.7333828839365956,0.016569651441337308,3,0.9188693752472853,0.006574820414787509,3,0.10737478824968899,0.010419665217086304,3,0.2876525798427116,0.005401210133669892,3,2160.0,185.25927777037242,3,BDL-Tolerance
sleep,gru,density_custom,objective_e20_bs32_eval5,none,8.0,0.5,0.65,0.7747155344116612,0.01651198231185343,3,0.9315042415388491,0.0030553780456048737,3,0.8458572849274906,0.010868038603309354,3,0.8953259798337504,0.007739602832246149,3,0.7329909098988009,0.016401422581921586,3,0.9187066903547834,0.006513774418389921,3,0.10873499807435962,0.010392423215673168,3,0.2878257329686115,0.005342386592576931,3,2168.0,188.36400930114013,3,BDL-Tolerance
sleep,gru,density_custom,objective_e20_bs32_eval5,none,8.0,1.0,0.7000000000000001,0.7799344240617921,0.006924978250207135,3,0.9239771308847989,0.003981933056546965,3,0.8458555797354386,0.0046776278110173515,3,0.8956450110642874,0.0032952952929656202,3,0.7329043625414823,0.007023091682686464,3,0.9194008250249741,0.0027364497692328564,3,0.11345721597411458,0.01026673761649319,3,0.2835288703195247,0.0026074549169955038,3,1998.6666666666667,115.69932295970162,3,BDL-Tolerance
sleep,gru,density_custom,objective_e20_bs32_eval5,none,8.0,1.0,0.8500000000000001,0.8304123715997799,0.0031937707222606,3,0.8590204702148254,0.02303562419720822,3,0.8443578460517828,0.01055559112435103,3,0.8971572442232905,0.006499478460649758,3,0.7307353813574196,0.015740168429629556,3,0.924267939347483,0.004052914495750692,3,0.11345721597411458,0.01026673761649319,3,0.24757131644230465,0.007119718445591042,3,1734.6666666666667,81.15622793928591,3,BDL-Tolerance
sleep,gru,density_custom,objective_e20_bs32_eval5,none,2.0,0.0,0.55,0.7561172738816556,0.052934545902711065,3,0.9576094954408841,0.0010441764280255561,3,0.8443540918376505,0.03359048369603352,3,0.8929052485667969,0.024676745775991035,3,0.7316056995643673,0.05015670807569276,3,0.9149480604713526,0.021665338121824574,3,0.09345766170109016,0.006643265385855383,3,0.3040792141903099,0.021203271819103236,3,1258.6666666666667,58.94347574866393,3,BDL-Tolerance
sleep,gru,density_custom,objective_e20_bs32_eval5,none,2.0,0.2393167939518393,0.55,0.7556411062432883,0.05265649090522613,3,0.9583263312401816,0.0009990111264055555,3,0.8443407315754684,0.033442013440099,3,0.8928673255464273,0.02458014327621679,3,0.731576947576207,0.049926536774894836,3,0.9148799902495884,0.021593862995021806,3,0.09434615267035888,0.006652249556855788,3,0.30449038610262974,0.021153964488039426,3,1268.6666666666667,62.50066666311115,3,BDL-Tolerance
sleep,gru,density_custom,objective_e20_bs32_eval5,none,2.0,1.0,0.6000000000000001,0.760990246143804,0.021885736893642864,3,0.9479165899505068,0.0012905752563721385,3,0.844125885168901,0.013873266735374848,3,0.8933771270003192,0.010046163905207567,3,0.7304594467795873,0.02089799440341529,3,0.916131638462255,0.00865788572001741,3,0.10536306938607833,0.006503234134106978,3,0.2982562860673368,0.00807170083485335,3,1021.0,81.83520025025906,3,BDL-Tolerance
sleep,gru,density_custom,objective_e20_bs32_eval5,none,2.0,0.5,0.55,0.7527059770455962,0.05340088718864037,3,0.9591755093897233,0.0011526724040486322,3,0.8428104237359314,0.034106357094304825,3,0.891694754500667,0.025118712144214985,3,0.7293228424210123,0.050776111397270694,3,0.9137930564848783,0.02212114410924546,3,0.09671778825058869,0.006631585418151654,3,0.3059837650518242,0.02162396834521308,3,1292.0,59.50630218724736,3,BDL-Tolerance
sleep,gru,density_custom,objective_e20_bs32_eval5,none,4.0,0.5,0.9,0.9058617833042231,0.0038248072729571182,3,0.7856518128558654,0.02363491763551167,3,0.8413643404049908,0.014089882790792317,3,0.897882317286712,0.008670192689042846,3,0.7263373498054162,0.020867657388118813,3,0.9291653100690732,0.005329107384038529,3,0.092462515908829,0.008341961649531287,3,0.20755724200931971,0.006112871291339657,3,329.0,16.64331697709324,3,BDL-Tolerance
sleep,gru,density_custom,objective_e20_bs32_eval5,none,4.0,0.2393167939518393,0.9,0.9061202893385195,0.003827979710425617,3,0.7843142177864101,0.02374335966824955,3,0.8407071690006016,0.014212455169916446,3,0.8974866743308753,0.008744345800207389,3,0.7253614875873295,0.021024313047438268,3,0.9289379998581447,0.005371763035522453,3,0.09061661464721482,0.008372599709030796,3,0.20714433429299262,0.006119559034618149,3,313.0,16.46207763315433,3,BDL-Tolerance
sleep,gru,density_custom,objective_e20_bs32_eval5,none,4.0,0.0,0.9,0.9062542112804358,0.0038897265250648974,3,0.7830147855194705,0.023878955100235955,3,0.8400151267566766,0.014295795024217097,3,0.8970662334882853,0.0087910403361418,3,0.7243339384486265,0.021120152892769667,3,0.9286895128383269,0.005391837695298606,3,0.08985772282976758,0.00837814274993365,3,0.2067708693846473,0.00616862285629269,3,301.0,13.076696830622021,3,BDL-Tolerance
sleep,gru,density_custom,objective_e20_bs32_eval5,none,1.0,0.5,0.65,0.868837608919952,0.0057521445222330336,3,0.8122777323618111,0.002676501680794957,3,0.8395929291940355,0.0014847610654331485,3,0.8956309685287059,0.0010986446937971898,3,0.7235349844284653,0.0022051152320425615,3,0.9257193652490542,0.0010096792550765483,3,0.1347419946868673,0.004629402393878063,3,0.2237472462137041,0.002188358911179193,3,483.0,15.716233645501712,3,BDL-Tolerance
sleep,gru,density_custom,objective_e20_bs32_eval5,none,1.0,1.0,0.6000000000000001,0.7763299112132529,0.014773811732122406,3,0.9062503975291928,0.004112500554458888,3,0.8362400754495418,0.009968210942133024,3,0.889432417440621,0.007030846592137915,3,0.7186518727523962,0.014773116047147162,3,0.9150237682307489,0.005835039290717076,3,0.1466685151931914,0.004498765150127691,3,0.27942131712594437,0.004353929972850833,3,176.66666666666666,79.95206897468842,3,BDL-Tolerance
sleep,gru,density_custom,objective_e20_bs32_eval5,none,0.5,0.5,0.55,0.7972809243064489,0.024775351295345513,3,0.8781528667964201,0.004140852410859063,3,0.8356650691901683,0.015339697649492836,3,0.8901861476486558,0.010763974206457656,3,0.717917351611852,0.022606760887259027,3,0.9172587360612269,0.008874207445496413,3,0.17979125913452987,0.0030886375392096717,3,0.26373792734960566,0.007062898042936344,3,54.666666666666664,39.3742724800514,3,BDL-Tolerance
sleep,gru,density_custom,objective_e20_bs32_eval5,none,8.0,1.0,0.65,0.7527661162618884,0.0159095511324768,3,0.9316703947930761,0.00304400996528933,3,0.8326708203167136,0.010738110270777257,3,0.8857175044517595,0.0077366763731442365,3,0.7134099235474264,0.015840872462993896,3,0.910342438346378,0.006620049167168127,3,0.11345721597411458,0.01026673761649319,3,0.2962695115052294,0.005430521855094665,3,2145.0,182.51849221380283,3,BDL-Tolerance
sleep,gru,density_custom,objective_e20_bs32_eval5,none,4.0,1.0,0.6000000000000001,0.7397440937128762,0.02856024838688408,3,0.9502394994825704,0.0015435996469796408,3,0.8316956793157743,0.018521938090802836,3,0.8840954565865798,0.0136148635820123,3,0.7121711741348381,0.02729113248459199,3,0.9077945184057179,0.01196624593657233,3,0.09897724601695712,0.00821174223885854,3,0.30770522864758115,0.011291584244238036,3,1629.3333333333333,169.80086375909084,3,BDL-Tolerance
sleep,gru,density_custom,objective_e20_bs32_eval5,none,4.0,1.0,0.9,0.8800217331997761,0.0024287311629242053,3,0.7875712232829697,0.023460312696276506,3,0.8311093879251445,0.013164234541341791,3,0.8908140662697482,0.008053235602726846,3,0.7111680272232825,0.019170570550645104,3,0.9234646359575699,0.004872335920766021,3,0.09897724601695712,0.00821174223885854,3,0.21417661042020772,0.006421043364234116,3,429.3333333333333,33.70954365359064,3,BDL-Tolerance
sleep,gru,density_custom,objective_e20_bs32_eval5,none,1.0,0.2393167939518393,0.65,0.8699037269130027,0.006326238181375957,3,0.794223379157709,0.003448576835695802,3,0.830324083580563,0.0010466687691516737,3,0.8899752490748022,0.000856705042350686,3,0.7098762479192153,0.001529493623972577,3,0.9223162814356777,0.0009055727214813894,3,0.13166342944518683,0.004639171009392186,3,0.21850891017572105,0.0025446863919908777,3,667.6666666666666,10.598742063723094,3,BDL-Tolerance
sleep,gru,density_custom,objective_e20_bs32_eval5,none,2.0,0.5,0.8,0.910124583923603,0.006261959378286611,3,0.761204297533277,0.0037063340838867673,3,0.8290238521199774,0.004038508888519153,3,0.8904359532496189,0.002617493698891746,3,0.70799029010161,0.005902124237726321,3,0.9248583797567439,0.0018559071965455805,3,0.09671778825058869,0.006631585418151654,3,0.20016277034746843,0.0013247697808964451,3,758.3333333333334,51.86842327788009,3,BDL-Tolerance
sleep,gru,density_custom,objective_e20_bs32_eval5,none,16.0,0.0,0.7000000000000001,0.7761291944891787,0.013782378205096184,3,0.8881375726627572,0.015250416959374583,3,0.82829820556719,0.011387243281073104,3,0.884511317698669,0.007715020402854212,3,0.7070270412127453,0.016682794758503865,3,0.9118754737409707,0.006027806552781189,3,0.12995199194381646,0.014031019953878945,3,0.2739002052628296,0.006038522959414679,3,2645.0,216.00231480241132,3,BDL-Tolerance
sleep,gru,density_custom,objective_e20_bs32_eval5,none,16.0,0.2393167939518393,0.7000000000000001,0.7760382108325521,0.013769820951827324,3,0.8881459416983964,0.015254413453719418,3,0.8282501415384985,0.011386861914355978,3,0.8844763302732243,0.007714396296321916,3,0.7069570043301665,0.016680836180304567,3,0.9118449235904417,0.0060267572117094475,3,0.13038118060490375,0.014037647616079646,3,0.2739347611149139,0.006033930240350728,3,2647.0,216.00231480241132,3,BDL-Tolerance
sleep,gru,density_custom,objective_e20_bs32_eval5,none,16.0,0.5,0.7000000000000001,0.7758798836062283,0.013780154889768779,3,0.8881573235868659,0.015257702205573884,3,0.8281648769962472,0.011395879189687368,3,0.8844143360696116,0.007721198965741727,3,0.7068329594476621,0.016691692750125012,3,0.9117909000287984,0.006033035075087717,3,0.13131632363419946,0.014015876768294432,3,0.2739942324306725,0.0060364213019898924,3,2647.6666666666665,218.8203220300466,3,BDL-Tolerance
sleep,gru,density_custom,objective_e20_bs32_eval5,none,1.0,0.2393167939518393,0.5,0.725686304994305,0.05169283065915625,3,0.9643311701050012,0.0007876159511001246,3,0.8274745526797466,0.03441015476511981,3,0.880039186165206,0.02602076914674925,3,0.7066862266671192,0.0493930527668855,3,0.9031190101409409,0.02363987113121389,3,0.13166342944518683,0.004639171009392186,3,0.3191254837819292,0.02335000134567378,3,1021.0,47.65501022977542,3,BDL-Tolerance
sleep,gru,density_custom,objective_e20_bs32_eval5,none,2.0,0.2393167939518393,0.8,0.9106759892515016,0.006262761269811162,3,0.755801359711641,0.004099559031431346,3,0.8260358967932726,0.004252458203214231,3,0.8886313771423479,0.002742338792368613,3,0.70364453612657,0.006183496443348843,3,0.9238137194957815,0.0019209015866095424,3,0.09434615267035888,0.006652249556855788,3,0.1986214030936407,0.001332999664948033,3,815.6666666666666,47.162838478333065,3,BDL-Tolerance
sleep,gru,density_custom,objective_e20_bs32_eval5,none,1.0,0.0,0.5,0.7263712755394672,0.05239946867898026,3,0.9583776613254366,0.0007064110452760347,3,0.8256983955640717,0.03466842619002614,3,0.878992026837684,0.02618461255354384,3,0.7041165837780333,0.04962271648455734,3,0.9025110514635445,0.02376603296418164,3,0.13073167217370957,0.004612935467782647,3,0.3168838931915465,0.02346805412845068,3,959.0,47.634021455258214,3,BDL-Tolerance
sleep,gru,density_custom,objective_e20_bs32_eval5,none,8.0,0.0,0.6000000000000001,0.7370390445834548,0.03825254501788007,3,0.9376126332713133,0.0024450733977957836,3,0.8249855296704175,0.024882199925229803,3,0.8796492684057861,0.018314897466229975,3,0.7026168934966384,0.03614212857495399,3,0.9044952623766566,0.016132056191210126,3,0.1067909213145062,0.010421410085362378,3,0.3049608423979689,0.014972981384036946,3,2382.6666666666665,375.3616034350521,3,BDL-Tolerance
sleep,gru,density_custom,objective_e20_bs32_eval5,none,8.0,0.2393167939518393,0.6000000000000001,0.7366296954128627,0.038165892620407676,3,0.9376295945168757,0.002445526476792109,3,0.8247367082542922,0.02483937465007587,3,0.8794643480448606,0.01828791459210309,3,0.7022544573014917,0.03606489865427856,3,0.9043302274725754,0.016113318055610424,3,0.10737478824968899,0.010419665217086304,3,0.30513399552386883,0.014954073944861557,3,2385.3333333333335,374.59355751712195,3,BDL-Tolerance
sleep,gru,density_custom,objective_e20_bs32_eval5,none,16.0,0.0,0.75,0.7900973238328092,0.006924765143736388,3,0.8627329744244503,0.023111913699070303,3,0.8247358013305482,0.01265535636663073,3,0.8831262510737194,0.008027109681886082,3,0.7018766538891149,0.01833668224801231,3,0.9123016002724306,0.005434139827832547,3,0.12995199194381646,0.014031019953878945,3,0.2613145847273175,0.00641978594175511,3,2414.3333333333335,103.63557947603394,3,BDL-Tolerance
sleep,gru,density_custom,objective_e20_bs32_eval5,none,16.0,0.2393167939518393,0.75,0.7900260214367888,0.006909031570884337,3,0.8627397812401035,0.023112511019943147,3,0.8247000261405825,0.012648283204799089,3,0.8831004027690049,0.0080219676462741,3,0.7018246941155483,0.018325190473201695,3,0.9122792217530744,0.005429632051095777,3,0.13038118060490375,0.014037647616079646,3,0.2613402212172718,0.0064216863609790845,3,2415.6666666666665,103.47141312137049,3,BDL-Tolerance
sleep,gru,density_custom,objective_e20_bs32_eval5,none,16.0,0.5,0.75,0.789889428386128,0.006889769372719884,3,0.8627506051928638,0.02310948749531724,3,0.8246306808839033,0.012645101391410882,3,0.8830503901234783,0.008019621441720796,3,0.7017242048345617,0.01831811125416011,3,0.9122360402903077,0.005427431250537412,3,0.13131632363419946,0.014015876768294432,3,0.26138858338738363,0.006417244634802822,3,2419.0,105.30432089900205,3,BDL-Tolerance
sleep,gru,density_custom,objective_e20_bs32_eval5,none,8.0,0.5,0.6000000000000001,0.735935370938452,0.03800543024013952,3,0.93765447844951,0.002443389919700942,3,0.8243129361250001,0.02476220289947439,3,0.8791494320023497,0.01824164583290616,3,0.7016372556075442,0.03591873423369476,3,0.904049267565482,0.01608429238495291,3,0.10873499807435962,0.010392423215673168,3,0.3054268657169202,0.014927222033238107,3,2392.6666666666665,373.46262642108286,3,BDL-Tolerance
sleep,gru,density_custom,objective_e20_bs32_eval5,none,4.0,0.0,0.55,0.7239812899614293,0.05888496614631259,3,0.9555075284496998,0.0008491521659093454,3,0.8228996679433971,0.03856185119650436,3,0.8769556389942973,0.029045040901703463,3,0.7003005625658836,0.05541452985010325,3,0.9007602127230481,0.02628333933708099,3,0.08985772282976758,0.00837814274993365,3,0.3172609899359686,0.026071672889479574,3,1747.3333333333333,120.54183229623372,3,BDL-Tolerance
sleep,gru,density_custom,objective_e20_bs32_eval5,none,1.0,0.5,0.5,0.71676972246915,0.05126650180165388,3,0.9669558112686497,0.0008784410478278691,3,0.8225885966713088,0.03455924548094249,3,0.8762229114256558,0.02633157892124946,3,0.6996038224921733,0.04917490820395698,3,0.8995140923785279,0.02411730657033113,3,0.1347419946868673,0.004629402393878063,3,0.32398664296145896,0.023857940029767946,3,1105.0,39.1279950930277,3,BDL-Tolerance
sleep,gru,density_custom,objective_e20_bs32_eval5,none,4.0,0.2393167939518393,0.55,0.7232467889838476,0.05926568990003951,3,0.9556326176357229,0.0009129239508549476,3,0.8224594303483409,0.03887645513473038,3,0.8766121084090672,0.029295122197953466,3,0.6996838347663269,0.05582736700563017,3,0.9004363918093125,0.026522212018160022,3,0.09061661464721482,0.008372599709030796,3,0.3176446827356186,0.026273566429440856,3,1754.6666666666667,126.50823425110846,3,BDL-Tolerance
sleep,gru,density_custom,objective_e20_bs32_eval5,none,1.0,1.0,0.55,0.7274551434017832,0.03746750280394526,3,0.9460539773786083,0.0015426215613701122,3,0.8221396492670872,0.024551388928310196,3,0.8771136007994312,0.018304411120728087,3,0.6984847119955374,0.035303788062751834,3,0.9017268152130349,0.016376355670802374,3,0.1466685151931914,0.004498765150127691,3,0.3117696003783946,0.015687561012287462,3,573.6666666666666,54.77529856909347,3,BDL-Tolerance
sleep,gru,density_custom,objective_e20_bs32_eval5,none,2.0,1.0,0.55,0.7196865307238142,0.048344473465127887,3,0.9597480630145981,0.001109152323188364,3,0.8219699637531419,0.032073045145431835,3,0.876178970197797,0.024156922860207417,3,0.6985863054377868,0.046104310628636555,3,0.8999498058890435,0.021853407400547715,3,0.10536306938607833,0.006503234134106978,3,0.32010105904339997,0.021387160559326157,3,1117.0,67.97793759742936,3,BDL-Tolerance
sleep,gru,density_custom,objective_e20_bs32_eval5,none,4.0,0.5,0.55,0.7211914491161603,0.059154121761821554,3,0.9557426425575951,0.000926022373770234,3,0.8211657530083954,0.038902150635293044,3,0.8756314029106185,0.029366358532298333,3,0.6978171921298862,0.055727941222201705,3,0.8995427732016643,0.02663999805116494,3,0.092462515908829,0.008341961649531287,3,0.3185909629663812,0.026406045514798467,3,1763.3333333333333,124.90930042768366,3,BDL-Tolerance
sleep,gru,density_custom,objective_e20_bs32_eval5,none,2.0,0.0,0.8,0.9105875467423852,0.006190140779673292,3,0.7474030882411032,0.003842166026522499,3,0.8209604711536788,0.0043101299879870405,3,0.8855425229008782,0.0027790827052099716,3,0.696311113418604,0.006214177538774897,3,0.9219827133148238,0.0019428927008587886,3,0.09345766170109016,0.006643265385855383,3,0.19643271446846586,0.0011083220284661241,3,902.3333333333334,53.12563725107994,3,BDL-Tolerance
sleep,gru,density_custom,objective_e20_bs32_eval5,none,16.0,1.0,0.7000000000000001,0.7610814461023341,0.013618858822395913,3,0.8882841981671588,0.015270977405124413,3,0.8197056956995631,0.010997458644607808,3,0.8782837477882494,0.0075037989877584374,3,0.6945912394602325,0.015874766068988074,3,0.9064789659009046,0.0059544275478223135,3,0.1344745416214108,0.013890187075758752,3,0.27936689299414547,0.006470420228671382,3,2741.3333333333335,234.61102560053175,3,BDL-Tolerance
sleep,gru,density_custom,objective_e20_bs32_eval5,none,16.0,0.0,0.65,0.7474544747086268,0.02259124325722953,3,0.9039226897500292,0.010142387879780428,3,0.8181944327101688,0.016453387649851724,3,0.8763861709001907,0.011659880272083808,3,0.6925461736280568,0.023748132091378323,3,0.9037841435318709,0.009748832476881,3,0.12995199194381646,0.014031019953878945,3,0.28954682269889004,0.007073178991910522,3,2909.3333333333335,433.13893075240117,3,BDL-Tolerance
sleep,gru,density_custom,objective_e20_bs32_eval5,none,2.0,0.0,0.5,0.7102673611228653,0.05129850172809042,3,0.9666675816812299,0.0006692144927641124,3,0.8181662087613558,0.034739714685903485,3,0.8728792744529824,0.02661145336208062,3,0.6932472190312864,0.04908642603181051,3,0.8964820166432093,0.024515368088690044,3,0.09345766170109016,0.006643265385855383,3,0.3268807623352108,0.024367340311963293,3,1365.0,58.59180830116101,3,BDL-Tolerance
sleep,gru,density_custom,objective_e20_bs32_eval5,none,16.0,0.2393167939518393,0.65,0.747299415319539,0.02251088663832273,3,0.9039288270428315,0.010142938571395132,3,0.8181046616631669,0.01640886465396892,3,0.8763202578098763,0.011628146212840503,3,0.6924163858347493,0.02367965811513222,3,0.903726060859318,0.009722039619660948,3,0.13038118060490375,0.014037647616079646,3,0.28960784288591673,0.007047606853472286,3,2914.6666666666665,435.43235218956033,3,BDL-Tolerance
sleep,gru,density_custom,objective_e20_bs32_eval5,none,16.0,1.0,0.75,0.7778093874961369,0.006651950526820716,3,0.862875582791745,0.023116283564315044,3,0.8180427176910587,0.01183971640368528,3,0.8783228351163114,0.007462230508100028,3,0.6922218528887698,0.016969722208654323,3,0.9081902817193881,0.004998168783483562,3,0.1344745416214108,0.013890187075758752,3,0.26549416043486324,0.006971793248886769,3,2576.0,122.38872497088937,3,BDL-Tolerance
sleep,gru,density_custom,objective_e20_bs32_eval5,none,2.0,0.2393167939518393,0.5,0.709533854466287,0.05180655154375513,3,0.9675332747277664,0.0007631108508607483,3,0.8179757515938464,0.03518733094309362,3,0.8726805668657307,0.02697077758413441,3,0.6929988448443657,0.04969437244301651,3,0.8962408734095763,0.024859609416723886,3,0.09434615267035888,0.006652249556855788,3,0.32753625533773084,0.024654563291177333,3,1383.0,62.52199612936234,3,BDL-Tolerance
sleep,gru,density_custom,objective_e20_bs32_eval5,none,16.0,0.5,0.65,0.7470080117708414,0.022395567395252086,3,0.9039386467113149,0.010143546150378734,3,0.8179347073354345,0.016338873261009523,3,0.8761953804908598,0.011579320227859357,3,0.6921711207308944,0.023571236628869806,3,0.9036159307712225,0.009682290996112303,3,0.13131632363419946,0.014015876768294432,3,0.28972267299717064,0.007021451755970576,3,2919.3333333333335,432.03857852434123,3,BDL-Tolerance
sleep,gru,density_custom,objective_e20_bs32_eval5,none,2.0,0.5,0.5,0.703453589261784,0.05068045305239429,3,0.9679841983680157,0.0008680984293143467,3,0.8140985670501076,0.03472663324310821,3,0.8697111954926955,0.02674463929105266,3,0.6874318072058131,0.04871665142886249,3,0.8935051661800006,0.024772091878707114,3,0.09671778825058869,0.006631585418151654,3,0.33048778976710963,0.024516080942388652,3,1441.6666666666667,62.067167917775414,3,BDL-Tolerance
sleep,gru,density_custom,objective_e20_bs32_eval5,none,1.0,1.0,0.65,0.8075012800307565,0.004355961182299939,3,0.8204809495083806,0.003447749581376564,3,0.8139291850448563,0.0017640346709243363,3,0.8773838285517472,0.0012284208028045327,3,0.6862424457916512,0.0025100629844938623,3,0.9102223741184252,0.0010469625549021234,3,0.1466685151931914,0.004498765150127691,3,0.24317057259954863,0.002113030010365024,3,618.6666666666666,53.16327052894067,3,BDL-Tolerance
sleep,gru,density_custom,objective_e20_bs32_eval5,none,0.5,0.5,0.5,0.7058558520483942,0.047969473724338914,3,0.9575217879473835,0.0015957702152533941,3,0.8120590716302228,0.03285897354249902,3,0.86877102562255,0.0251599499774445,3,0.6844320156432538,0.04591212085895283,3,0.8933271260982032,0.023174904936202924,3,0.17979125913452987,0.0030886375392096717,3,0.32565816881115905,0.02241327737728632,3,684.3333333333334,124.54048873090764,3,BDL-Tolerance
sleep,gru,density_custom,objective_e20_bs32_eval5,none,1.0,0.0,0.65,0.8677304297043786,0.006458320261750516,3,0.7630904549921075,0.002859826405938192,3,0.8120368714693136,0.0014054366163258228,3,0.8787492300421387,0.001072612876814493,3,0.6835555055671025,0.001990963686558139,3,0.9154549152414915,0.0010429543726158078,3,0.13073167217370957,0.004612935467782647,3,0.21046901317459218,0.0023371409828670444,3,1005.6666666666666,17.897858344878383,3,BDL-Tolerance
sleep,gru,density_custom,objective_e20_bs32_eval5,none,2.0,1.0,0.8,0.862719934700099,0.005326027658470847,3,0.7653433993862261,0.003672164833506478,3,0.8111138585961498,0.0035937974949531546,3,0.8780096653977104,0.002346710380956632,3,0.6822571428080669,0.005093510862754966,3,0.9146934580804934,0.0016983114033257106,3,0.10536306938607833,0.006503234134106978,3,0.21230880519429465,0.0013846743506034454,3,787.3333333333334,45.61067126598043,3,BDL-Tolerance
sleep,gru,density_custom,objective_e20_bs32_eval5,none,8.0,1.0,0.6000000000000001,0.7149899782073401,0.036009121988761106,3,0.9378138248880837,0.002454193029110094,3,0.8110795889661127,0.02405832629845567,3,0.8692513574780353,0.017969683376251034,3,0.6826588095337071,0.03413200664393555,3,0.8951517765660264,0.01611372420239763,3,0.11345721597411458,0.01026673761649319,3,0.31440062527399,0.014951065020052353,3,2356.3333333333335,362.8475345559528,3,BDL-Tolerance
sleep,gru,density_custom,objective_e20_bs32_eval5,none,0.5,0.2393167939518393,0.5,0.7199848683483845,0.0497958828830511,3,0.9255096686910805,0.0023009141830038727,3,0.8092896473674139,0.032507132117107616,3,0.8684164057614708,0.024556079092189223,3,0.680492186216349,0.04519562209681032,3,0.8950295225545566,0.022340537013874465,3,0.1749172712725391,0.0031141229602186576,3,0.3086336968587609,0.021738588619809415,3,335.6666666666667,119.79287680548178,3,BDL-Tolerance
sleep,gru,density_custom,objective_e20_bs32_eval5,none,16.0,0.0,0.8,0.8023334584608505,0.004674152653738659,3,0.8158658169082639,0.03458638401086436,3,0.8088479670328121,0.019051251411548176,3,0.8740700563211231,0.011772397108972724,3,0.679331151316705,0.026669170873397114,3,0.9078574613294913,0.007390187264706155,3,0.12995199194381646,0.014031019953878945,3,0.24332652791343753,0.00925014676742145,3,2317.6666666666665,50.8461732417822,3,BDL-Tolerance
sleep,gru,density_custom,objective_e20_bs32_eval5,none,16.0,0.2393167939518393,0.8,0.8022532648388846,0.004680214203569488,3,0.815872065788208,0.0345881828803289,3,0.8088102505944942,0.019050838849471216,3,0.8740430265883332,0.011772106279112158,3,0.6792779474802506,0.026666796835939983,3,0.9078342549651471,0.0073900340663379,3,0.13038118060490375,0.014037647616079646,3,0.24335272520160964,0.009251823679622689,3,2320.3333333333335,49.973326218427154,3,BDL-Tolerance
sleep,gru,density_custom,objective_e20_bs32_eval5,none,16.0,0.5,0.8,0.8021593943949288,0.004684320110449366,3,0.8158802116495637,0.03459102434216377,3,0.8087665698074589,0.019052740227930354,3,0.8740116819332586,0.01177338879728259,3,0.6792164068177992,0.026667512395185396,3,0.9078072832413411,0.00739109518053147,3,0.13131632363419946,0.014015876768294432,3,0.243383595808263,0.009252173470227339,3,2321.0,51.068581339214816,3,BDL-Tolerance
sleep,gru,density_custom,objective_e20_bs32_eval5,none,16.0,1.0,0.65,0.7312771742316101,0.021570996472840588,3,0.9040670835115939,0.010153348424346662,3,0.8084653905536642,0.015955914965720696,3,0.8692004066378208,0.01140162837761476,3,0.6787099067244601,0.022651787793842346,3,0.8974062121060632,0.009651959933157192,3,0.1344745416214108,0.013890187075758752,3,0.29599386582886617,0.007150669856975275,3,2967.0,448.6557700509378,3,BDL-Tolerance
sleep,gru,density_custom,objective_e20_bs32_eval5,none,8.0,0.5,0.9,0.8585345129705338,0.00588284262057224,3,0.7612529495271273,0.039215712450704834,3,0.8066640216594175,0.023798195227502927,3,0.875208933666971,0.0145314255764517,3,0.6764144209666195,0.03313211345634821,3,0.9128679263583281,0.00873667997193383,3,0.10873499807435962,0.010392423215673168,3,0.21217651022425946,0.010178765269947819,3,1436.6666666666667,68.29592471980543,3,BDL-Tolerance
sleep,gru,density_custom,objective_e20_bs32_eval5,none,8.0,0.2393167939518393,0.9,0.8586955819027278,0.00593512604645858,3,0.7611218346354437,0.03921476818526995,3,0.8066615589048434,0.0238145341706877,3,0.8752134835905326,0.014541913569768574,3,0.6764115476258068,0.03315344784629306,3,0.9128815457436162,0.008743813932145463,3,0.10737478824968899,0.010419665217086304,3,0.2121001348479372,0.010174202505581724,3,1433.3333333333333,69.24112458166272,3,BDL-Tolerance
sleep,gru,density_custom,objective_e20_bs32_eval5,none,8.0,0.0,0.9,0.8587810984182901,0.005923974714769619,3,0.7610369168204896,0.03920109184429183,3,0.806651392504031,0.023800286087417983,3,0.8752104761678646,0.014532285182697623,3,0.6763967367879345,0.033133500841430616,3,0.9128854980358176,0.008736262909059272,3,0.1067909213145062,0.010421410085362378,3,0.2120555380372874,0.01017541266414769,3,1433.3333333333333,68.11999217067877,3,BDL-Tolerance
sleep,gru,density_custom,objective_e20_bs32_eval5,none,4.0,1.0,0.55,0.6961034074242032,0.05467398050586177,3,0.9559696108041349,0.0009444319533088538,3,0.8047963666533215,0.03706862432039295,3,0.8632084871077107,0.02853083550531019,3,0.6744227278562955,0.051646600627319225,3,0.8882153168200156,0.026431758254226147,3,0.09897724601695712,0.00821174223885854,3,0.3300270539742114,0.02619247859081987,3,1649.6666666666667,112.39365343885451,3,BDL-Tolerance
sleep,gru,density_custom,objective_e20_bs32_eval5,none,16.0,1.0,0.8,0.7938729449191929,0.0035750682902549167,3,0.8159337734776556,0.03461036530167084,3,0.804549418127077,0.01849720293575685,3,0.8710148919114045,0.01137793609718113,3,0.6732746825987143,0.025722711546187407,3,0.9052722883643662,0.007059956909368983,3,0.1344745416214108,0.013890187075758752,3,0.24594422717519207,0.0095500175024621,3,2549.3333333333335,61.19912853410037,3,BDL-Tolerance
sleep,gru,density_custom,objective_e20_bs32_eval5,none,8.0,1.0,0.9,0.8495604509897579,0.004383340434564584,3,0.7615906122183903,0.03925666758982724,3,0.8028589476506752,0.023289945448650307,3,0.8725598037482406,0.014180549003838723,3,0.671065078193549,0.032242702097190434,3,0.9106907207442786,0.008456446104519526,3,0.11345721597411458,0.01026673761649319,3,0.21451533254372945,0.010408998093278575,3,1689.0,88.09653795694811,3,BDL-Tolerance
sleep,gru,density_custom,objective_e20_bs32_eval5,none,0.5,0.2393167939518393,0.55,0.7951430251442604,0.02550052007729946,3,0.8086633132498795,0.003947019580619146,3,0.8017330044236904,0.014296569024563867,3,0.8692854789468093,0.010020432039476874,3,0.6692351662612009,0.01987312158668,3,0.9042004961515356,0.008279843179904151,3,0.1749172712725391,0.0031141229602186576,3,0.2435361329234913,0.007062308068913647,3,741.3333333333334,58.7054795852426,3,BDL-Tolerance
sleep,gru,density_custom,objective_e20_bs32_eval5,none,2.0,1.0,0.5,0.677209223853887,0.04766289620630486,3,0.9684169333041422,0.0008302496396384637,3,0.7964097911895108,0.03366005994937753,3,0.8560430528155019,0.026498926908349756,3,0.6625507466474511,0.045893201367795865,3,0.8808090683955916,0.025078142307234017,3,0.10536306938607833,0.006503234134106978,3,0.34339100902660813,0.02484707842370318,3,1198.6666666666667,80.32641740631365,3,BDL-Tolerance
sleep,gru,density_custom,objective_e20_bs32_eval5,none,1.0,1.0,0.5,0.6762214650009456,0.04461303853969357,3,0.9684659200594178,0.0009750432288639933,3,0.7958199405778726,0.031514038113769974,3,0.8556267299382506,0.0248109397693122,3,0.6616306572811003,0.04295887116055469,3,0.8804573410943535,0.023483722590167316,3,0.1466685151931914,0.004498765150127691,3,0.3437661830342837,0.023277115107153242,3,727.6666666666666,61.231800017093526,3,BDL-Tolerance
sleep,gru,density_custom,objective_e20_bs32_eval5,none,16.0,0.0,0.6000000000000001,0.7031525781788281,0.03982676862780767,3,0.9144157866346724,0.006758092524262019,3,0.7946699010844167,0.02791178864585291,3,0.8581373452766924,0.020758497644931977,3,0.6598903086990956,0.03846835751508899,3,0.8865536182914647,0.01851665306274645,3,0.12995199194381646,0.014031019953878945,3,0.3117996965494139,0.015355515454136636,3,3232.6666666666665,648.8068536423866,3,BDL-Tolerance
sleep,gru,density_custom,objective_e20_bs32_eval5,none,16.0,0.2393167939518393,0.6000000000000001,0.7029046231828177,0.03973121078717076,3,0.914422481863184,0.006758202481083914,3,0.7945154864743061,0.027856090804940285,3,0.8580206058205843,0.020719256641605163,3,0.6596751936911086,0.038383349884757785,3,0.8864471467441231,0.018483901415357485,3,0.13038118060490375,0.014037647616079646,3,0.31190937265799984,0.015323644323602956,3,3237.3333333333335,649.170496351562,3,BDL-Tolerance
sleep,gru,density_custom,objective_e20_bs32_eval5,none,16.0,0.5,0.6000000000000001,0.7024197695367249,0.039515692768457594,3,0.9144344216873628,0.0067583831075220206,3,0.7942134632037433,0.027728650887306285,3,0.8577925431387311,0.02062849169396,3,0.6592538362468947,0.038191482881154044,3,0.8862394377661388,0.018407045245144,3,0.13131632363419946,0.014015876768294432,3,0.31212279643686974,0.015248781867087906,3,3236.6666666666665,648.2795179036071,3,BDL-Tolerance
sleep,gru,density_custom,objective_e20_bs32_eval5,none,8.0,0.0,0.55,0.6828042596869425,0.06503012157946447,3,0.9428266540617831,0.002022755334597684,3,0.7908938027976952,0.04475581304731435,3,0.8530786888983184,0.03474238289996646,3,0.6556178752500007,0.0609379025296609,3,0.8794978954578122,0.03247891758762727,3,0.1067909213145062,0.010421410085362378,3,0.3324538147951602,0.03157888013371329,3,2398.3333333333335,177.37061011715932,3,BDL-Tolerance
sleep,gru,density_custom,objective_e20_bs32_eval5,none,8.0,0.2393167939518393,0.55,0.6822790045473138,0.06503319532864901,3,0.9428419415002177,0.0020225199444101585,3,0.7905446607066414,0.04478059189580786,3,0.8528058940789718,0.03477415066869475,3,0.6551409282227243,0.06094443322148464,3,0.8792412368068213,0.032520197524227634,3,0.10737478824968899,0.010419665217086304,3,0.33271779052765876,0.031619732693626126,3,2399.6666666666665,179.61718551779316,3,BDL-Tolerance
sleep,gru,density_custom,objective_e20_bs32_eval5,none,8.0,0.5,0.55,0.6811377233155437,0.06459681208943283,3,0.9428803274770169,0.0020224675455655324,3,0.78980220892,0.044545637501170354,3,0.8522329487947747,0.03462402173669042,3,0.6541079182830989,0.06054886177140904,3,0.8787089591841443,0.03241001269954048,3,0.10873499807435962,0.010392423215673168,3,0.3332684409681364,0.0315110007232378,3,2407.0,175.7014513315129,3,BDL-Tolerance
sleep,gru,density_custom,objective_e20_bs32_eval5,none,4.0,0.0,0.5,0.6714162850670625,0.04917641884565917,3,0.9607974284966333,0.0007502382963695458,3,0.7897707330810545,0.034734309556770364,3,0.8513001227975749,0.02744810178820958,3,0.653476376951846,0.04688030332879103,3,0.8768301249266156,0.02608260708488308,3,0.08985772282976758,0.00837814274993365,3,0.34372300157151686,0.02582833809015091,3,1879.3333333333333,106.92676621563629,3,BDL-Tolerance
sleep,gru,density_custom,objective_e20_bs32_eval5,none,0.5,0.0,0.5,0.7168046862794109,0.051953659313754265,3,0.8793291068587483,0.0012886508060711657,3,0.7890930208246457,0.03206719330367194,3,0.8558921139627534,0.02425678681954145,3,0.6524161651504222,0.04314128190008866,3,0.8869067342359087,0.02219533673039986,3,0.17362683400297937,0.0030914070572386192,3,0.2946529171761919,0.02224205478189404,3,149.0,122.85357137665962,3,BDL-Tolerance
sleep,gru,density_custom,objective_e20_bs32_eval5,none,4.0,0.2393167939518393,0.5,0.6701755493939184,0.04904106261573977,3,0.9608996423185755,0.0007659100242718817,3,0.7889467237803203,0.03468232980448805,3,0.8506477563045101,0.02743644131782938,3,0.6523476114683187,0.04675535316179626,3,0.8762085468639308,0.026097167031003652,3,0.09061661464721482,0.008372599709030796,3,0.34439350260253104,0.025852213338463447,3,1883.3333333333333,105.24891131661808,3,BDL-Tolerance
sleep,gru,density_custom,objective_e20_bs32_eval5,none,4.0,0.5,0.5,0.6666772141273102,0.04801237988576608,3,0.9609932639305946,0.0007500182379281189,3,0.7865679886789022,0.03410832298371744,3,0.8487831708364219,0.027078511232068933,3,0.6490754820536014,0.04578212087244136,3,0.8744506847933741,0.025840560400180717,3,0.092462515908829,0.008341961649531287,3,0.3461961751211538,0.02560993957553186,3,1942.0,92.71461589199407,3,BDL-Tolerance
sleep,gru,density_custom,objective_e20_bs32_eval5,none,16.0,1.0,0.6000000000000001,0.687441017606495,0.03773930299200344,3,0.9145583950019672,0.00676555634072352,3,0.7846088850480268,0.026996003226978014,3,0.8504619935728019,0.020285736525814276,3,0.6461026345056342,0.03659265317310947,3,0.8794845965286484,0.018313594431727174,3,0.1344745416214108,0.013890187075758752,3,0.31893697546673366,0.015150514476023396,3,3263.0,656.9452031942999,3,BDL-Tolerance
sleep,gru,density_custom,objective_e20_bs32_eval5,none,2.0,0.0,0.45,0.6491588275135142,0.034748511090883186,3,0.9744651795671445,0.0005052028331156445,3,0.7788638014512004,0.025410556821650238,3,0.8419345170092849,0.020544155178848843,3,0.6382862636846811,0.03368640417677888,3,0.8671447658405734,0.019899213945142807,3,0.09345766170109016,0.006643265385855383,3,0.359950205391012,0.01981305421076092,3,1425.0,39.84971769034255,3,BDL-Tolerance
sleep,gru,density_custom,objective_e20_bs32_eval5,none,2.0,0.2393167939518393,0.45,0.6480790691909138,0.035236122867057296,3,0.9750854924887347,0.000672432662662561,3,0.7782738139190984,0.025855236615761012,3,0.8414101976008718,0.02092456432704526,3,0.6375110439006241,0.034236139929887395,3,0.8665911511809449,0.020281619318960147,3,0.09434615267035888,0.006652249556855788,3,0.3608007226499243,0.020139300641432815,3,1437.6666666666667,41.295681775862846,3,BDL-Tolerance
sleep,gru,density_custom,objective_e20_bs32_eval5,none,0.5,0.0,0.55,0.7910557080612893,0.025602297189837718,3,0.7659846906904856,0.0016085766862152214,3,0.7781939648947417,0.01295377901933341,3,0.8548861368467066,0.00915016335843449,3,0.6370436618860138,0.017349603306754877,3,0.895422615400523,0.007686400132504591,3,0.17362683400297937,0.0030914070572386192,3,0.23188659143211413,0.007163775053701232,3,1211.6666666666667,59.24806607251696,3,BDL-Tolerance
sleep,gru,density_custom,objective_e20_bs32_eval5,none,8.0,1.0,0.55,0.6630548267146309,0.06122098115461519,3,0.9430246096514397,0.002033103702723573,3,0.7776046945916013,0.043161382412129114,3,0.8427016013196974,0.03406771226767386,3,0.6374856639587654,0.057520462234902314,3,0.8697469763896474,0.03236297443742468,3,0.11345721597411458,0.01026673761649319,3,0.3422994820574479,0.03145686696815896,3,2350.6666666666665,169.0631045891839,3,BDL-Tolerance
sleep,gru,density_custom,objective_e20_bs32_eval5,none,1.0,0.2393167939518393,0.45,0.644541206641457,0.03588906295418299,3,0.979489836977881,0.0005654011466378851,3,0.7770881112805718,0.026487676096800417,3,0.8401327816079555,0.021529350415125107,3,0.6359465673467479,0.035026457652593775,3,0.8650439088981693,0.02093369553664591,3,0.13166342944518683,0.004639171009392186,3,0.3644560321379038,0.02083778033179043,3,1067.3333333333333,53.81759315812382,3,BDL-Tolerance
sleep,gru,density_custom,objective_e20_bs32_eval5,none,1.0,0.0,0.45,0.6459839655408373,0.0358944630727796,3,0.9760087645004701,0.0007672437077873511,3,0.7770378421556422,0.026411195151924024,3,0.8403415890047697,0.021412130974260292,3,0.6358763537206137,0.03492164016585365,3,0.8654891826830639,0.020781592969120324,3,0.13073167217370957,0.004612935467782647,3,0.3623446001433934,0.02062351386603059,3,1029.3333333333333,57.88206400374244,3,BDL-Tolerance
sleep,gru,density_custom,objective_e20_bs32_eval5,none,4.0,1.0,0.5,0.6471557319835437,0.04492623390512799,3,0.9611969104644859,0.0008015813461983795,3,0.7729218681502236,0.03268269058232592,3,0.837952959057338,0.026414514570186405,3,0.6306505525016336,0.042943988581527585,3,0.864123879364933,0.025599351834402855,3,0.09897724601695712,0.00821174223885854,3,0.35662045262077563,0.02533660305847926,3,1766.3333333333333,117.18930554164633,3,BDL-Tolerance
sleep,gru,density_custom,objective_e20_bs32_eval5,none,0.25,0.5,0.5,0.6556838577694029,0.04376784632577098,3,0.9344329576640615,0.0039089001961612425,3,0.7701235383018569,0.031484944771766034,3,0.8377058808349478,0.024771876171839364,3,0.6268883115896887,0.04153088271992732,3,0.8659017165339123,0.023470536076218414,3,0.21147170560170658,0.0021336507925262213,3,0.3420324886964443,0.021982276428578997,3,136.33333333333334,96.58847412260602,3,BDL-Tolerance
sleep,gru,density_custom,objective_e20_bs32_eval5,none,0.5,1.0,0.55,0.6755431837445695,0.016493088211692614,3,0.8922276877604304,0.004749831758807656,3,0.7688646655455456,0.012417578800351391,3,0.8399639539479837,0.009273283932283367,3,0.6246267956187507,0.016362554141899088,3,0.8715552301857706,0.008309682800910826,3,0.1992604893029266,0.0028933037522578912,3,0.31617811528216805,0.006090376491620581,3,679.3333333333334,50.52062285179523,3,BDL-Tolerance
sleep,gru,density_custom,objective_e20_bs32_eval5,none,2.0,0.5,0.45,0.6296687511824227,0.03272953907400298,3,0.9755094120406543,0.0007335897241303258,3,0.7650039576183488,0.024558913583731804,3,0.8306529858427386,0.020256642376452368,3,0.6198605891945189,0.03184690450821393,3,0.8561493287085105,0.01993033868747159,3,0.09671778825058869,0.006631585418151654,3,0.3714454472584765,0.019791383341324475,3,1406.0,50.23942674832188,3,BDL-Tolerance
sleep,gru,density_custom,objective_e20_bs32_eval5,none,16.0,0.0,0.8500000000000001,0.8056253523555492,0.006473609861348016,3,0.726561622994807,0.041654119393580845,3,0.763708774971723,0.02541566759366218,3,0.8471226366782302,0.015313247484532288,3,0.6181931240868078,0.032930662038474806,3,0.8926486403687552,0.008848670855773401,3,0.12995199194381646,0.014031019953878945,3,0.21579136212652975,0.011231361994215303,3,2206.3333333333335,52.38638499966699,3,BDL-Tolerance
sleep,gru,density_custom,objective_e20_bs32_eval5,none,16.0,0.2393167939518393,0.8500000000000001,0.8055564323547116,0.006477904544261216,3,0.7265678718747509,0.04165694718420614,3,0.7636812939858443,0.025417769812835445,3,0.8471028502942549,0.015314652613380584,3,0.6181572096245471,0.03293194136248559,3,0.8926313624427132,0.008849808683054338,3,0.13038118060490375,0.014037647616079646,3,0.2158116309763999,0.011231638534181394,3,2206.3333333333335,52.38638499966699,3,BDL-Tolerance
sleep,gru,density_custom,objective_e20_bs32_eval5,none,16.0,0.5,0.8500000000000001,0.8054572296744955,0.006486178263228004,3,0.7265756829746811,0.04165984783094114,3,0.7636408969882723,0.025415917891884885,3,0.8470738405871486,0.015313336753329524,3,0.6181042407817108,0.03292726764685579,3,0.8926061532275913,0.008848854767233695,3,0.13131632363419946,0.014015876768294432,3,0.2158405788463067,0.011235041125211401,3,2208.3333333333335,53.20087718575074,3,BDL-Tolerance
sleep,gru,density_custom,objective_e20_bs32_eval5,none,16.0,1.0,0.8500000000000001,0.8003041639641983,0.005229389248605669,3,0.7266030218244364,0.04166733649133259,3,0.76132847315878,0.025120444581808343,3,0.8454376821381642,0.015102443175174191,3,0.6150717110518819,0.032444974163671,3,0.8912215958373176,0.008667223016475125,3,0.1344745416214108,0.013890187075758752,3,0.21723822152832786,0.01133500461141654,3,2465.6666666666665,67.3003219407852,3,BDL-Tolerance
sleep,gru,density_custom,objective_e20_bs32_eval5,none,1.0,0.5,0.45,0.6196267286795781,0.033484848159386967,3,0.981495950614209,0.0007720601047670732,3,0.7593156658680903,0.02551246028547166,3,0.8254807279545567,0.021316901041486144,3,0.6124630630985103,0.032787836334578276,3,0.8506203122609931,0.021161469120553396,3,0.1347419946868673,0.004629402393878063,3,0.3798398221425782,0.021074197238382004,3,996.3333333333334,52.72886622461488,3,BDL-Tolerance
sleep,gru,density_custom,objective_e20_bs32_eval5,none,2.0,1.0,0.45,0.6210613225973263,0.03234089513698656,3,0.9757906116381371,0.0006940837460853885,3,0.7586996564083628,0.02453889361677351,3,0.8254495638701506,0.020436556314528363,3,0.6116287522246183,0.031500436593359146,3,0.8510251818695326,0.02025044697014228,3,0.10536306938607833,0.006503234134106978,3,0.37670418566971486,0.02009909299338919,3,1231.3333333333333,61.71979693204878,3,BDL-Tolerance
sleep,gru,density_custom,objective_e20_bs32_eval5,none,16.0,0.0,0.55,0.6423974437015139,0.06609892842146185,3,0.9224943609437862,0.004484579020437185,3,0.756191980592478,0.047879234584215107,3,0.8270250320181413,0.038337771693976855,3,0.6095423940011496,0.06147207411371026,3,0.8561744044002472,0.03692362562503616,3,0.12995199194381646,0.014031019953878945,3,0.3460455874473491,0.03478551483946674,3,3455.3333333333335,399.55516932375355,3,BDL-Tolerance
sleep,gru,density_custom,objective_e20_bs32_eval5,none,16.0,0.2393167939518393,0.55,0.6421458330353959,0.06600043360143425,3,0.9225012793465814,0.004484510354263322,3,0.7560225365056245,0.047823336162765094,3,0.8268901487988183,0.03830088132488338,3,0.6093190772110043,0.0613847270801383,3,0.8560450736493629,0.03689468575365268,3,0.13038118060490375,0.014037647616079646,3,0.3461782295781857,0.034756510752049025,3,3457.3333333333335,394.4240526810369,3,BDL-Tolerance
sleep,gru,density_custom,objective_e20_bs32_eval5,none,16.0,0.5,0.55,0.6415350583436181,0.06574448731607087,3,0.9225184637664275,0.004483183216713307,3,0.7556117003003914,0.0476751559784787,3,0.8265633730474832,0.03820111638790414,3,0.6087770740392418,0.06115702650430815,3,0.8557319613111184,0.03681442230082069,3,0.13131632363419946,0.014015876768294432,3,0.3464995669569572,0.03467667507934647,3,3465.3333333333335,399.7953643219658,3,BDL-Tolerance
sleep,gru,density_custom,objective_e20_bs32_eval5,none,4.0,0.0,0.45,0.6192200227613694,0.03528184466925972,3,0.9655051784244922,0.0007430776964327544,3,0.7541404823157841,0.026587063761754078,3,0.8224711823080146,0.022124640304222145,3,0.6058002146890984,0.03393553795161296,3,0.8488305113967015,0.021931914622118392,3,0.08985772282976758,0.00837814274993365,3,0.3739759023403552,0.021767515265623837,3,1893.3333333333333,41.47690120215507,3,BDL-Tolerance
sleep,gru,density_custom,objective_e20_bs32_eval5,none,4.0,0.2393167939518393,0.45,0.6177949142161735,0.034669151414110026,3,0.9655792722866862,0.0007828197012625362,3,0.7531168185369842,0.026179727034249246,3,0.8216278581688575,0.021817283186988667,3,0.6044664739224056,0.03336225608645061,3,0.8479998891221809,0.02164977070354375,3,0.09061661464721482,0.008372599709030796,3,0.3748419884259793,0.021475929264226735,3,1894.6666666666667,41.78915329763614,3,BDL-Tolerance
sleep,gru,density_custom,objective_e20_bs32_eval5,none,8.0,0.0,0.5,0.6254508121840212,0.05279913731047537,3,0.9472972813131931,0.0015946867923761368,3,0.7525987338531467,0.03929774400953108,3,0.8223475061393181,0.03247605702480724,3,0.604380727798569,0.049874944427003146,3,0.8498565317930931,0.03206175064387375,3,0.1067909213145062,0.010421410085362378,3,0.36423497082140166,0.03147595046006978,3,2481.0,74.22263805605402,3,BDL-Tolerance
sleep,gru,density_custom,objective_e20_bs32_eval5,none,8.0,0.2393167939518393,0.5,0.6249589801120767,0.05259821890786716,3,0.9473213841358347,0.0016027394812538568,3,0.7522551167557388,0.0391746516203132,3,0.8220675223030195,0.032390831297191856,3,0.6039317730553417,0.04969124491270542,3,0.8495829957862157,0.03198993092498251,3,0.10737478824968899,0.010419665217086304,3,0.36452004324875853,0.031403349659508056,3,2487.6666666666665,74.5408165593411,3,BDL-Tolerance
sleep,gru,density_custom,objective_e20_bs32_eval5,none,8.0,0.5,0.5,0.622771866935569,0.05223725511163579,3,0.9473664653411453,0.0015976171543896681,3,0.750686979087907,0.039013172501514426,3,0.8207798946949878,0.03233708054274026,3,0.6019073487369581,0.04936026957093257,3,0.8483185560332488,0.0319961832396868,3,0.10873499807435962,0.010392423215673168,3,0.36580606038077024,0.03141468630003968,3,2537.0,71.42128534267638,3,BDL-Tolerance
sleep,gru,density_custom,objective_e20_bs32_eval5,none,16.0,1.0,0.55,0.6284210315797734,0.06334905203761912,3,0.9226397589896275,0.004492479002982626,3,0.746508249157645,0.04670914910742004,3,0.8192091984956895,0.037904493880930444,3,0.5970097918821925,0.059055944060652434,3,0.8485940147768728,0.036920931365757706,3,0.1344745416214108,0.013890187075758752,3,0.35369556945907865,0.034778663596322715,3,3459.0,399.28561206234315,3,BDL-Tolerance
sleep,gru,density_custom,objective_e20_bs32_eval5,none,1.0,1.0,0.45,0.6006914628845328,0.030246207805554343,3,0.9822423570060991,0.0008858393522628504,3,0.7451853904613865,0.023617183199927887,3,0.8136258917814962,0.020169736698119518,3,0.594233532411996,0.02969423049649269,3,0.8388119847599613,0.020319233867196612,3,0.1466685151931914,0.004498765150127691,3,0.3920054048129946,0.020195292731938756,3,711.0,41.50903516103452,3,BDL-Tolerance
sleep,gru,density_custom,objective_e20_bs32_eval5,none,4.0,0.5,0.45,0.6047679949751438,0.0327750495206079,3,0.9657765583534915,0.0008005965128499135,3,0.7434381799068671,0.025149437704174025,3,0.8135641796195044,0.02126299605679918,3,0.5920661628115292,0.031585387215418065,3,0.8399993815196799,0.021313599607197666,3,0.092462515908829,0.008341961649531287,3,0.382936923766479,0.021129613724234945,3,1913.0,18.681541692269406,3,BDL-Tolerance
sleep,gru,density_custom,objective_e20_bs32_eval5,none,8.0,1.0,0.5,0.6087712338754124,0.04966885448060093,3,0.9474853056472243,0.0016079870185175538,3,0.7404989775257826,0.037743968408223874,3,0.8123640005016077,0.03176036135344328,3,0.5888697540546074,0.04702055419843221,3,0.8400172202439397,0.031768921712300995,3,0.11345721597411458,0.01026673761649319,3,0.37416427713216555,0.03117387574573542,3,2425.3333333333335,79.19806394940046,3,BDL-Tolerance
sleep,gru,density_custom,objective_e20_bs32_eval5,none,2.0,0.0,0.4,0.5943317944450804,0.024218536517529855,3,0.9814969548984859,0.00045399689095085803,3,0.7401620918033092,0.018971576164603824,3,0.8095174571843936,0.016235926515493562,3,0.5877446186693988,0.023788210215921073,3,0.83480444058188,0.01638002609154645,3,0.09345766170109016,0.006643265385855383,3,0.395656174505878,0.016254476429404988,3,1389.6666666666667,44.65795935030318,3,BDL-Tolerance
sleep,gru,density_custom,objective_e20_bs32_eval5,none,0.5,1.0,0.5,0.6010172058000526,0.03594892393755086,3,0.9623164642587501,0.0017110354439639382,3,0.739518360684935,0.028078449648678106,3,0.8105109746589371,0.023789370576883823,3,0.5872138606695644,0.034934367628187274,3,0.8371796613761496,0.023865002978813835,3,0.1992604893029266,0.0028933037522578912,3,0.3841005266589586,0.023057846288454073,3,272.3333333333333,112.18882891506325,3,BDL-Tolerance
sleep,gru,density_custom,objective_e20_bs32_eval5,none,4.0,1.0,0.45,0.598593318649452,0.03195636635121138,3,0.9658484204728482,0.0008019507661221755,3,0.7387844949348077,0.024722386412296633,3,0.8096431931323972,0.02105719510923083,3,0.5861745833021003,0.03082172438401585,3,0.8360782803811633,0.02121127200291764,3,0.09897724601695712,0.00821174223885854,3,0.38689242052901757,0.02101408742603432,3,1760.3333333333333,30.859898466024383,3,BDL-Tolerance
sleep,gru,density_custom,objective_e20_bs32_eval5,none,2.0,0.2393167939518393,0.4,0.5924087868702643,0.024132282283681764,3,0.9818969948020477,0.0005283189008687786,3,0.738782170428182,0.01895068569363255,3,0.8083029223744188,0.01625802642489044,3,0.5860064387933182,0.0237146612717249,3,0.8335501486061867,0.016427376158268676,3,0.09434615267035888,0.006652249556855788,3,0.39710193901591767,0.016307432478679107,3,1400.3333333333333,47.24757489367402,3,BDL-Tolerance
sleep,gru,density_custom,objective_e20_bs32_eval5,none,0.5,0.2393167939518393,0.45,0.5848782925378778,0.034506073883904226,3,0.9751334749597338,0.0006135966293504568,3,0.7307870524415739,0.027257962180192264,3,0.8018684581038492,0.023835377329800563,3,0.5762586243852992,0.033450277180259724,3,0.8274532037921496,0.024387224053104666,3,0.1749172712725391,0.0031141229602186576,3,0.3999616360609704,0.024476645111849344,3,420.3333333333333,47.056703383612984,3,BDL-Tolerance
sleep,gru,density_custom,objective_e20_bs32_eval5,none,2.0,0.5,0.4,0.575403479054047,0.022741776689793523,3,0.9822351038418784,0.0005229162419244934,3,0.725515244466265,0.018243761699668692,3,0.7968096165535724,0.016015625760850714,3,0.5694749883668173,0.022359947773433142,3,0.8218619120377847,0.016406359955825258,3,0.09671778825058869,0.006631585418151654,3,0.40895200592715647,0.01630234972723828,3,1309.3333333333333,52.78573039499725,3,BDL-Tolerance
sleep,gru,density_custom,objective_e20_bs32_eval5,none,4.0,0.0,0.4,0.5759282704816963,0.026691768623192565,3,0.9700276936968665,0.0007560148105848373,3,0.7225103436421855,0.021247834163154903,3,0.795349118669132,0.018484372232378102,3,0.5658587281247401,0.02600347413749687,3,0.8213209019857172,0.018852689872989565,3,0.08985772282976758,0.00837814274993365,3,0.4036501394625054,0.01853366082395264,3,1774.6666666666667,50.05330491918924,3,BDL-Tolerance
sleep,gru,density_custom,objective_e20_bs32_eval5,none,0.25,0.2393167939518393,0.5,0.6883576765024291,0.04019836117436437,3,0.7611202724154577,0.0013984547466646185,3,0.722476253015357,0.021976549673690834,3,0.8142970737761348,0.016805338435433324,3,0.565835259193443,0.026737770010514573,3,0.8597321082936609,0.015780576227513787,3,0.2018692105645603,0.002219038033560601,3,0.2652488245669356,0.016326247648502844,3,1610.6666666666667,133.2378825009364,3,BDL-Tolerance
sleep,gru,density_custom,objective_e20_bs32_eval5,none,4.0,0.2393167939518393,0.4,0.5747751520193659,0.026205623565733912,3,0.9700775731492771,0.0007556733563232535,3,0.7216235418845258,0.020897575815561748,3,0.7945775401372132,0.01820927723795586,3,0.5647626579147637,0.02553595665759597,3,0.820532606624298,0.018589852547703054,3,0.09061661464721482,0.008372599709030796,3,0.40446230880519424,0.018271402006293028,3,1776.0,54.11099703387473,3,BDL-Tolerance
sleep,gru,density_custom,objective_e20_bs32_eval5,none,2.0,1.0,0.4,0.5696506503049922,0.02140946316039787,3,0.9824388619629115,0.0005382087540202953,3,0.7209964211384247,0.01730683241100894,3,0.7928376798957822,0.015310359287726425,3,0.5639073239398172,0.0210670486149887,3,0.8177858970677837,0.015750426379245903,3,0.10536306938607833,0.006503234134106978,3,0.41312554637769217,0.015639228103482793,3,1170.0,45.574115460423364,3,BDL-Tolerance
sleep,gru,density_custom,objective_e20_bs32_eval5,none,8.0,0.0,0.45,0.5757230299169563,0.03707173320421944,3,0.951517730192557,0.0012983352505901646,3,0.7169276931858976,0.029311328590521955,3,0.7921508538091143,0.02564498461781156,3,0.5592962250174195,0.035302183050820654,3,0.8194722974225926,0.02629864901671116,3,0.1067909213145062,0.010421410085362378,3,0.3966392537815959,0.025925672727389017,3,2451.0,29.46183972531247,3,BDL-Tolerance
sleep,gru,density_custom,objective_e20_bs32_eval5,none,8.0,0.2393167939518393,0.45,0.5750506442783822,0.0366703483496869,3,0.9515358073095381,0.0012997564185383138,3,0.7164199270741959,0.02902137575674791,3,0.7917155969238784,0.02541387353586106,3,0.5586683745434772,0.034924015901046,3,0.8190311094532848,0.02607530471450965,3,0.10737478824968899,0.010419665217086304,3,0.39708909406626347,0.02570384848552402,3,2455.6666666666665,34.77547028198656,3,BDL-Tolerance
sleep,gru,density_custom,objective_e20_bs32_eval5,none,0.5,0.0,0.45,0.5810217902027827,0.03454951650012951,3,0.9255971530102975,0.001274781061443998,3,0.7134844846282365,0.02608682318308956,3,0.7918878674789224,0.022769706185064638,3,0.5550082989657633,0.03118278011213069,3,0.8215095171196207,0.02344091246870337,3,0.17362683400297937,0.0030914070572386192,3,0.3821955752272888,0.024013206347863313,3,74.0,33.28663395418648,3,BDL-Tolerance
sleep,gru,density_custom,objective_e20_bs32_eval5,none,4.0,0.5,0.4,0.5620438341287134,0.025250692730318616,3,0.9702619151076268,0.0007696572390734818,3,0.7115609950110766,0.020463657380692706,3,0.7857006202616333,0.01813537697344152,3,0.5525267897779974,0.02463534805326496,3,0.8113985388909826,0.018691049263481536,3,0.092462515908829,0.008341961649531287,3,0.41368460879143604,0.018360851056477043,3,1739.6666666666667,46.23130252689549,3,BDL-Tolerance
sleep,gru,density_custom,objective_e20_bs32_eval5,none,1.0,0.0,0.4,0.556243500611668,0.020156094366119922,3,0.9872885507352143,0.000555021353159788,3,0.7114374154473887,0.016659147700282616,3,0.7838190481813118,0.015057236759886964,3,0.5522891759842646,0.01996703565045927,3,0.8080894555407719,0.01565247544337756,3,0.13073167217370957,0.004612935467782647,3,0.4251432118420075,0.015516241649331484,3,846.3333333333334,18.14754345175493,3,BDL-Tolerance
sleep,gru,density_custom,objective_e20_bs32_eval5,none,16.0,0.0,0.5,0.5778673504415263,0.05554373299628997,3,0.9286206066189475,0.0033795840064318817,3,0.7114283639597905,0.04389213534684369,3,0.789233374470069,0.03822565719934993,3,0.5532891429568276,0.05209726704093134,3,0.8181674534932708,0.03913307396507218,3,0.12995199194381646,0.014031019953878945,3,0.3869847653022072,0.03760925865745947,3,3414.6666666666665,73.32348418708244,3,BDL-Tolerance
sleep,gru,density_custom,objective_e20_bs32_eval5,none,8.0,0.5,0.45,0.5682669147557748,0.03603434302784685,3,0.9516620123669798,0.001309521032216658,3,0.7111704062873403,0.0287727680675024,3,0.7871173471511161,0.02543225482593696,3,0.5523067055334334,0.03434751470186681,3,0.8143108174451187,0.026232153141972265,3,0.10873499807435962,0.010392423215673168,3,0.40186979205388446,0.025856153044287438,3,2610.6666666666665,48.42864166310397,3,BDL-Tolerance
sleep,gru,density_custom,objective_e20_bs32_eval5,none,16.0,0.2393167939518393,0.5,0.5774875497382425,0.05550931317955017,3,0.9286343318373961,0.0033785937859303963,3,0.7111443005865778,0.04388552476142798,3,0.7889860323078773,0.038237475867920166,3,0.5529459719563975,0.052068727127891436,3,0.8179139726988472,0.03915573174285181,3,0.13038118060490375,0.014037647616079646,3,0.38724481544718153,0.03763028783114908,3,3415.3333333333335,76.5136153461156,3,BDL-Tolerance
sleep,gru,density_custom,objective_e20_bs32_eval5,none,16.0,0.5,0.5,0.5764417399832805,0.05550531033569404,3,0.9286661341728258,0.003366871260430299,3,0.7103556104388996,0.043938169352380485,3,0.7882954238769261,0.03834082047294963,3,0.5519976397552245,0.05206718364199183,3,0.8172042157925906,0.03929657949194274,3,0.13131632363419946,0.014015876768294432,3,0.3879697940193487,0.0377767560264552,3,3467.3333333333335,76.00219295081779,3,BDL-Tolerance
sleep,gru,density_custom,objective_e20_bs32_eval5,none,1.0,0.2393167939518393,0.4,0.5537190163128135,0.020545202272897127,3,0.9895817780875437,0.0004134766192249944,3,0.7099518227725921,0.01701335170979306,3,0.7822180151131892,0.015468993327981866,3,0.5505085825069288,0.020346468506814593,3,0.8062364714106137,0.016126505567413008,3,0.13166342944518683,0.004639171009392186,3,0.42809381160768994,0.016078364893619152,3,855.3333333333334,24.986663109213545,3,BDL-Tolerance
sleep,gru,density_custom,objective_e20_bs32_eval5,none,4.0,1.0,0.4,0.5582760658993889,0.02464166765032475,3,0.9703238459713583,0.000766016462070957,3,0.7085574789139995,0.020073256528978362,3,0.7830238187626636,0.017890798616487232,3,0.5489050230789755,0.024048465282505007,3,0.8086287030841551,0.018495114849801216,3,0.09897724601695712,0.00821174223885854,3,0.41648408678977306,0.01816845393648239,3,1631.0,58.1033561853358,3,BDL-Tolerance
sleep,gru,density_custom,objective_e20_bs32_eval5,none,8.0,1.0,0.45,0.5612968608011514,0.035146664030576195,3,0.951692475656707,0.001297930285918753,3,0.7057046622091662,0.028316036126929598,3,0.7823003713614717,0.025270680422588288,3,0.5457313483181876,0.033527162973771896,3,0.8093507441418484,0.026201940411051318,3,0.11345721597411458,0.01026673761649319,3,0.40684444611081627,0.025821986335148164,3,2384.6666666666665,34.19551627528573,3,BDL-Tolerance
sleep,gru,density_custom,objective_e20_bs32_eval5,none,2.0,0.0,0.35000000000000003,0.5491712148637075,0.020778643876112238,3,0.9874307127539416,0.0002003325483689879,3,0.7056482643680365,0.017261140953933732,3,0.7785482855518343,0.01575992701029396,3,0.5453576583207703,0.020540901207032853,3,0.8025866630861036,0.016465222065361114,3,0.09345766170109016,0.006643265385855383,3,0.43071404781376293,0.01639164104203593,3,1309.3333333333333,23.8607068908977,3,BDL-Tolerance
sleep,gru,density_custom,objective_e20_bs32_eval5,none,2.0,0.2393167939518393,0.35000000000000003,0.5468522589769679,0.02020054962540792,3,0.9877276461384265,0.0002664295081521596,3,0.7038138448019996,0.016848368005274363,3,0.776849424579965,0.015433610825823528,3,0.5431615020141904,0.019994157678908275,3,0.8007923758360701,0.01614690262629596,3,0.09434615267035888,0.006652249556855788,3,0.43265045735498076,0.016048553247163675,3,1312.6666666666667,25.32455988429678,3,BDL-Tolerance
sleep,gru,density_custom,objective_e20_bs32_eval5,none,16.0,1.0,0.5,0.5660646501897287,0.05358838934896931,3,0.928761987527682,0.003387293444355732,3,0.7024772497269799,0.0429882207524293,3,0.7814384048678349,0.038012620305879576,3,0.5425109597963077,0.05035679807191506,3,0.8101859062114651,0.03925658007304526,3,0.1344745416214108,0.013890187075758752,3,0.39503398223562153,0.03772375257067878,3,3395.0,77.12976079309465,3,BDL-Tolerance
sleep,gru,density_custom,objective_e20_bs32_eval5,none,0.5,0.5,0.45,0.5434527017139302,0.030077410616090622,3,0.9863749868048205,0.0009850217335077506,3,0.7004649297000413,0.025323300069483586,3,0.7737098036866327,0.023598417955030204,3,0.5393973810533494,0.029669408820572632,3,0.7975154449170104,0.02488063382201295,3,0.17979125913452987,0.0030886375392096717,3,0.4352799600839852,0.024840337792917513,3,226.33333333333334,84.6541985570316,3,BDL-Tolerance
sleep,gru,density_custom,objective_e20_bs32_eval5,none,4.0,0.0,0.35000000000000003,0.545734706784399,0.022608326213377036,3,0.9743558241681235,0.0005356145497117216,3,0.6994349080992673,0.01875830213075669,3,0.7743538938314312,0.01713385120321856,3,0.5380056511726878,0.02210773268714221,3,0.7992765649581655,0.017927497319545287,3,0.08985772282976758,0.00837814274993365,3,0.4277660651064299,0.01772749681342881,3,1718.6666666666667,61.17461347105788,3,BDL-Tolerance
sleep,gru,density_custom,objective_e20_bs32_eval5,none,4.0,0.2393167939518393,0.35000000000000003,0.544313716147927,0.02221924465681004,3,0.9744097207576411,0.0005439744753025932,3,0.6982857497444538,0.018471568907023263,3,0.7733040804943497,0.016908749249045122,3,0.5366410933925211,0.02173201173700947,3,0.7981763055596147,0.017709788974922924,3,0.09061661464721482,0.008372599709030796,3,0.4288921212229973,0.01750967488159681,3,1719.3333333333333,63.40609855000803,3,BDL-Tolerance
sleep,gru,density_custom,objective_e20_bs32_eval5,none,1.0,0.5,0.4,0.532417821707219,0.018514578592853444,3,0.9907755373311437,0.0006114763904397741,3,0.6925070724574356,0.015808237532704546,3,0.7660440338121083,0.014853052021122552,3,0.529793471220144,0.018422108540124518,3,0.7891967243829511,0.015701184804273176,3,0.1347419946868673,0.004629402393878063,3,0.44570493190520993,0.015564863682812473,3,687.6666666666666,39.50105483823608,3,BDL-Tolerance
sleep,gru,density_custom,objective_e20_bs32_eval5,none,2.0,0.5,0.35000000000000003,0.5321745052137251,0.019084291764064416,3,0.9880150946158534,0.0002996079848747236,3,0.6916176745025319,0.016230582688204508,3,0.765542825442667,0.015224152224371785,3,0.5287615845121794,0.018912587499023262,3,0.7888921041320041,0.016089978701824947,3,0.09671778825058869,0.006631585418151654,3,0.44468831155513516,0.015973982481588926,3,1183.0,24.979991993593593,3,BDL-Tolerance
sleep,gru,density_custom,objective_e20_bs32_eval5,none,4.0,0.5,0.35000000000000003,0.5325612455122711,0.021297312974290557,3,0.9745699598933495,0.0005482449233431628,3,0.6885852043440317,0.017984113763501168,3,0.7643372785295126,0.01678110585747301,3,0.5252610956255964,0.02084961471532187,3,0.7887362289321462,0.017724729442948062,3,0.092462515908829,0.008341961649531287,3,0.43840889368291247,0.017518715295729688,3,1655.6666666666667,56.88878038184099,3,BDL-Tolerance
sleep,gru,density_custom,objective_e20_bs32_eval5,none,2.0,1.0,0.35000000000000003,0.5271849350301151,0.017851640349326868,3,0.9881570334602973,0.0002740838259873303,3,0.6874383841301123,0.015274967797120273,3,0.7616124179865946,0.01444777260593624,3,0.523875249660808,0.01769204652722216,3,0.78472881827745,0.015320534977928185,3,0.10536306938607833,0.006503234134106978,3,0.44891953410806806,0.015216247649819502,3,1042.3333333333333,30.615900008546745,3,BDL-Tolerance
sleep,gru,density_custom,objective_e20_bs32_eval5,none,8.0,0.0,0.4,0.5367410330913395,0.02652273957185329,3,0.9554622240701054,0.0011273862438826957,3,0.6871032251105541,0.021994837113512824,3,0.7652301490790675,0.02021965167601873,3,0.5236335569777506,0.02547869901232661,3,0.7912985961030826,0.02126511245485664,3,0.1067909213145062,0.010421410085362378,3,0.4267009223581811,0.020932764930032897,3,2273.3333333333335,77.52633961005344,3,BDL-Tolerance
sleep,gru,density_custom,objective_e20_bs32_eval5,none,0.25,0.0,0.5,0.6883273683210415,0.03778397271003654,3,0.6865410061544773,0.001439472741619479,3,0.6870581803993515,0.018279987996164745,3,0.7942332373839259,0.013922754973578857,3,0.523492875708809,0.021130878531517162,3,0.8500828272262941,0.013150986563895142,3,0.19909059072479188,0.0022223069879906496,3,0.23920196384058548,0.01383898928558585,3,2367.3333333333335,125.26106072252996,3,BDL-Tolerance
sleep,gru,density_custom,objective_e20_bs32_eval5,none,4.0,1.0,0.35000000000000003,0.5300395873074014,0.021208926530828218,3,0.9746415988384225,0.000529336081380139,3,0.6864910761310815,0.01796282007547995,3,0.7623715741830766,0.01683226230043005,3,0.5228283506931205,0.02076244795314943,3,0.7866519288895041,0.017810281754284722,3,0.09897724601695712,0.00821174223885854,3,0.4405274825308685,0.01761109398028748,3,1559.6666666666667,52.27172594561361,3,BDL-Tolerance
sleep,gru,density_custom,objective_e20_bs32_eval5,none,8.0,0.2393167939518393,0.4,0.5359759938013675,0.02662030009128022,3,0.9554838719756257,0.001124660159507711,3,0.6864790081356985,0.022095663436241326,3,0.7646493562174932,0.02033428965949364,3,0.5229118711966195,0.02557484501018508,3,0.7906834538675636,0.02139599306941881,3,0.10737478824968899,0.010419665217086304,3,0.42732642600838994,0.021060871477156625,3,2274.6666666666665,77.26793211503286,3,BDL-Tolerance
sleep,gru,density_custom,objective_e20_bs32_eval5,none,0.5,0.5,0.6000000000000001,0.8488935251223143,0.009136818660072989,3,0.5708450025586932,0.016454610709390322,3,0.6824826228857791,0.009620214694519616,3,0.8015285623336942,0.005299348926982218,3,0.5180604346999048,0.011070876034562369,3,0.8729389597310561,0.002110838727115064,3,0.17979125913452987,0.0030886375392096717,3,0.16096983802865647,0.006099158595668328,3,3242.0,211.64356829348725,3,BDL-Tolerance
sleep,gru,density_custom,objective_e20_bs32_eval5,none,8.0,0.5,0.4,0.5271961311571796,0.025770887597344343,3,0.9556224632058138,0.0011246469566503529,3,0.6792767932315634,0.021639096615632913,3,0.7579507613773586,0.020187243561592755,3,0.5145925961148473,0.024788899800480536,3,0.7835941632548771,0.021367739326411395,3,0.10873499807435962,0.010392423215673168,3,0.43448205103883336,0.021019665023553655,3,2282.3333333333335,81.3777201286282,3,BDL-Tolerance
sleep,gru,density_custom,objective_e20_bs32_eval5,none,1.0,1.0,0.4,0.5163673258549081,0.016710374970264168,3,0.9910944533825745,0.000546805540173168,3,0.6788752223529646,0.01458380572642097,3,0.7530671585611634,0.014127643860805896,3,0.5139839362555894,0.01663068523324166,3,0.7753962813844048,0.015104391342788182,3,0.1466685151931914,0.004498765150127691,3,0.45965801883769286,0.014980909502055786,3,384.3333333333333,2.0816659994661384,3,BDL-Tolerance
sleep,gru,density_custom,objective_e20_bs32_eval5,none,4.0,0.0,0.30000000000000004,0.517867124035317,0.02168296855495442,3,0.9787156453876683,0.0003003622212047047,3,0.6771576634702797,0.018670021583822558,3,0.7529783010491355,0.017964153411952902,3,0.5120959823691187,0.021257803694020364,3,0.7763119313506072,0.01919857668149953,3,0.08985772282976758,0.00837814274993365,3,0.45281745558691755,0.019112761309555536,3,1661.6666666666667,61.101009266077895,3,BDL-Tolerance
sleep,gru,density_custom,objective_e20_bs32_eval5,none,8.0,1.0,0.4,0.5241836295446883,0.025427856444450597,3,0.9556273730400555,0.00112531700113594,3,0.6767751239042105,0.021449044050736558,3,0.7556059070985031,0.02013521763886705,3,0.511723208801868,0.02446055748189752,3,0.7811060617907772,0.021369185595990506,3,0.11345721597411458,0.01026673761649319,3,0.4369725025145124,0.02103148368160524,3,2177.0,65.79513659838392,3,BDL-Tolerance
sleep,gru,density_custom,objective_e20_bs32_eval5,none,4.0,0.2393167939518393,0.30000000000000004,0.5160950898402036,0.021513554004324597,3,0.978780477517088,0.0003060334684301868,3,0.6756577823957137,0.018567472427020813,3,0.7515318939602204,0.017923501148570203,3,0.5103808387540004,0.02109463375634472,3,0.7747628998544701,0.01917700658668781,3,0.09061661464721482,0.008372599709030796,3,0.4543975179177701,0.01909171703988197,3,1664.3333333333333,58.73102530463205,3,BDL-Tolerance
sleep,gru,density_custom,objective_e20_bs32_eval5,none,1.0,0.5,0.7000000000000001,0.8958810353751548,0.00829821683506822,3,0.5414749320601686,0.0144565116770706,3,0.6749430467846887,0.013244198002369116,3,0.7988657903526054,0.007853640980856124,3,0.5094690455160559,0.01500141254890446,3,0.8752181772113823,0.004202915512726979,3,0.1347419946868673,0.004629402393878063,3,0.1446331183286376,0.002899165058211257,3,3362.3333333333335,222.73377232322292,3,BDL-Tolerance
sleep,gru,density_custom,objective_e20_bs32_eval5,none,16.0,0.0,0.45,0.5261899424038763,0.040767257323955135,3,0.9338342926479918,0.002672665080579654,3,0.6725199587361153,0.03435858271562012,3,0.7540358360214522,0.032106847383875516,3,0.50728109062246,0.03866399706746049,3,0.7812353391323074,0.03405383793440096,3,0.12995199194381646,0.014031019953878945,3,0.4264123249134555,0.03284044818935413,3,3308.6666666666665,142.07157820385228,3,BDL-Tolerance
sleep,gru,density_custom,objective_e20_bs32_eval5,none,16.0,0.2393167939518393,0.45,0.5258503906527887,0.040818284212461295,3,0.9338462324721707,0.002671224895520141,3,0.6722431641970431,0.03441744250552024,3,0.7537725400709038,0.032184006296882915,3,0.5069688491043598,0.03871234324347472,3,0.7809533644474866,0.034145663432803904,3,0.13038118060490375,0.014037647616079646,3,0.4267000143991619,0.032933074136116125,3,3313.3333333333335,139.5719647111602,3,BDL-Tolerance
sleep,gru,density_custom,objective_e20_bs32_eval5,none,16.0,0.5,0.45,0.5233830139178958,0.04093494707229554,3,0.9339157512615485,0.0026768547614457535,3,0.6702315242994863,0.03461764210364946,3,0.7518680977082618,0.03250242614744996,3,0.504695095914595,0.0388315176937633,3,0.7789179072591431,0.03454120893149641,3,0.13131632363419946,0.014015876768294432,3,0.428768745615092,0.03332769123955058,3,3561.6666666666665,119.0392092267641,3,BDL-Tolerance
sleep,gru,density_custom,objective_e20_bs32_eval5,none,16.0,0.0,0.9,0.8019840109406866,0.008835458401739927,3,0.5735829046713278,0.029615444867778236,3,0.6685894342481388,0.022289665374588038,3,0.7915470618458266,0.013002248481891713,3,0.5024443246121684,0.024916175304308286,3,0.8640835553026088,0.006601010757482649,3,0.12995199194381646,0.014031019953878945,3,0.17113569436860318,0.007908052146256176,3,2145.3333333333335,87.52333022305152,3,BDL-Tolerance
sleep,gru,density_custom,objective_e20_bs32_eval5,none,16.0,0.2393167939518393,0.9,0.8019003223138729,0.008815277448443709,3,0.5735910505326836,0.029616278741384682,3,0.6685658467909646,0.022285764959346248,3,0.791529575187128,0.0129994311586476,3,0.5024176003227132,0.024910924692262207,3,0.8640671853355859,0.006598375595338916,3,0.13038118060490375,0.014037647616079646,3,0.1711559632184733,0.007909307564594022,3,2146.0,86.7928568489366,3,BDL-Tolerance
sleep,gru,density_custom,objective_e20_bs32_eval5,none,16.0,0.5,0.9,0.8017799158493015,0.00882489076520992,3,0.5736023208340112,0.029617667187884916,3,0.6685315202996657,0.022283009852621154,3,0.7915041583510515,0.012997645346458567,3,0.5023787840801132,0.024906608238913195,3,0.8640434448777011,0.006597420105758161,3,0.13131632363419946,0.014015876768294432,3,0.17118509802111934,0.00791263030949985,3,2147.3333333333335,87.52333022305152,3,BDL-Tolerance
sleep,gru,density_custom,objective_e20_bs32_eval5,none,2.0,0.0,0.30000000000000004,0.5031575336702637,0.01799389715316977,3,0.992165689944414,8.490828332303815e-05,3,0.6675748949609067,0.015893710863827286,3,0.741840644844696,0.015823427790717527,3,0.5011643670800776,0.017846009247890735,3,0.7632560414524953,0.01707140165849316,3,0.09345766170109016,0.006643265385855383,3,0.47231098856868914,0.01708590510213733,3,1104.6666666666667,40.808495847474404,3,BDL-Tolerance
sleep,gru,density_custom,objective_e20_bs32_eval5,none,16.0,1.0,0.9,0.7984834138192459,0.007822427227024337,3,0.573632449362313,0.029625067090773748,3,0.6674016516959127,0.02209633600486718,3,0.7906996395188313,0.012862447170600394,3,0.5010998718312604,0.024656359115476104,3,0.8633430880177609,0.006469147869561878,3,0.1344745416214108,0.013890187075758752,3,0.17189987540665883,0.007958082565749354,3,2414.3333333333335,87.99052979345744,3,BDL-Tolerance
sleep,gru,density_custom,objective_e20_bs32_eval5,none,4.0,0.5,0.30000000000000004,0.5057308325739811,0.020807322654825718,3,0.9789390428456685,0.00031529947567109177,3,0.6667542298886331,0.018215169940035518,3,0.7428697385966947,0.017934440091583785,3,0.5002845038871957,0.020420455177287456,3,0.7654658534772053,0.01931380251614797,3,0.092462515908829,0.008341961649531287,3,0.4637704589871707,0.01921631276792648,3,1570.0,40.84115571332428,3,BDL-Tolerance
sleep,gru,density_custom,objective_e20_bs32_eval5,none,2.0,0.2393167939518393,0.30000000000000004,0.5005999941352445,0.017408672068105674,3,0.9923642034697799,0.0001369318822440716,3,0.6653712947340945,0.015428327184251587,3,0.7396344063806873,0.015440300800888837,3,0.4986772008618893,0.017268417771500545,3,0.7608653853548987,0.016682932340468477,3,0.09434615267035888,0.006652249556855788,3,0.47479665990717884,0.01670105658867467,3,1106.6666666666667,33.00505011863086,3,BDL-Tolerance
sleep,gru,density_custom,objective_e20_bs32_eval5,none,8.0,0.0,0.35000000000000003,0.509490300866409,0.02374681602667827,3,0.9592452513533846,0.0010816315377072008,3,0.6652941046240488,0.020450514107364603,3,0.7441861523296368,0.019700633878594286,3,0.4986919044708727,0.022952903952541348,3,0.7685901404623284,0.021106488907197827,3,0.1067909213145062,0.010421410085362378,3,0.45122006192066877,0.02078721283100733,3,2197.3333333333335,56.888780381841,3,BDL-Tolerance
sleep,gru,density_custom,objective_e20_bs32_eval5,none,4.0,1.0,0.30000000000000004,0.5036851972508664,0.02047812408499352,3,0.9789885875366536,0.0002888970414406385,3,0.664988854774006,0.017969577518752482,3,0.741133188419305,0.017768163986213916,3,0.4982951303267507,0.02009257603325091,3,0.7635946033479547,0.019161072918119155,3,0.09897724601695712,0.00821174223885854,3,0.4656654228696291,0.019078276818092623,3,1486.6666666666667,46.23130252689552,3,BDL-Tolerance
sleep,gru,density_custom,objective_e20_bs32_eval5,none,16.0,1.0,0.45,0.5165558871066279,0.03951528175162928,3,0.9339642916682568,0.00268098450303952,3,0.6646435871362248,0.0337307583454212,3,0.7466191834561676,0.03202549203519565,3,0.49835943825001067,0.037529999427388175,3,0.7733311285951974,0.03418622156389641,3,0.1344745416214108,0.013890187075758752,3,0.4343787573480589,0.03296615121121893,3,3275.6666666666665,133.61262415405707,3,BDL-Tolerance
sleep,gru,density_custom,objective_e20_bs32_eval5,none,8.0,0.2393167939518393,0.35000000000000003,0.5086033072917576,0.02369195854458032,3,0.9592761609916794,0.0010709523081885268,3,0.6645449190687472,0.02042896746742736,3,0.7434566236701933,0.019715800009563567,3,0.49785036722001763,0.022900973297493486,3,0.7678039814750722,0.02113650246332788,3,0.10737478824968899,0.010419665217086304,3,0.4520210152990027,0.020818659233275458,3,2198.6666666666665,54.99393905998487,3,BDL-Tolerance
sleep,gru,density_custom,objective_e20_bs32_eval5,none,1.0,1.0,0.7000000000000001,0.808139233813851,0.007284950750510043,3,0.5609718838342146,0.013831264402925458,3,0.6622063687710705,0.011602650540114825,3,0.788168106637487,0.006896252574342898,3,0.4950735040064487,0.012903768143522735,3,0.8630702463324864,0.0037601940410215444,3,0.1466685151931914,0.004498765150127691,3,0.16611294518832995,0.003158636120580128,3,3358.6666666666665,203.13624327857735,3,BDL-Tolerance
sleep,gru,density_custom,objective_e20_bs32_eval5,none,0.5,1.0,0.6000000000000001,0.6996822483642439,0.006073107556646355,3,0.6207301459135784,0.014363693112839178,3,0.657782307528878,0.00876876576888899,3,0.7789889177289515,0.005112720024056069,3,0.4901136172974992,0.009726792979442163,3,0.845464787426498,0.0028185780878226324,3,0.1992604893029266,0.0028933037522578912,3,0.21232071548025264,0.005110169698240987,3,3332.3333333333335,181.72598419965516,3,BDL-Tolerance
sleep,gru,density_custom,objective_e20_bs32_eval5,none,8.0,0.5,0.35000000000000003,0.5001453073314381,0.022908353356689774,3,0.9593965635177445,0.0010797411197742543,3,0.6573175294303432,0.019982469615836128,3,0.7363887509648283,0.019588973244888976,3,0.4897753757927008,0.022166408279230224,3,0.7601826001724481,0.021111158448307916,3,0.10873499807435962,0.010392423215673168,3,0.4597000252946701,0.020784296737237015,3,2162.3333333333335,56.002976111393735,3,BDL-Tolerance
sleep,gru,density_custom,objective_e20_bs32_eval5,none,8.0,1.0,0.35000000000000003,0.4984990189057745,0.022774605956887798,3,0.9594203315789603,0.0010881495876895579,3,0.6559005125699384,0.019918413022935406,3,0.7349881710849234,0.019597289434878408,3,0.48820285105829425,0.022042416251600108,3,0.7586672165693762,0.021144469724938646,3,0.11345721597411458,0.01026673761649319,3,0.46122678509015924,0.020814125005658574,3,2097.0,45.044422518220834,3,BDL-Tolerance
sleep,gru,density_custom,objective_e20_bs32_eval5,none,0.25,0.5,0.55,0.7977604061274407,0.015419131479526758,3,0.5564489222132729,0.017768723065666153,3,0.655339577282897,0.00824521068234366,3,0.7837414051758786,0.004197577097765294,3,0.4874015636186984,0.00909900206731541,3,0.859988980582068,0.0015411508872207778,3,0.21147170560170658,0.0021336507925262213,3,0.16702936959016654,0.00828568787011757,3,3520.0,218.1581994791853,3,BDL-Tolerance
sleep,gru,density_custom,objective_e20_bs32_eval5,none,2.0,0.5,0.30000000000000004,0.48800866368665446,0.01618811359824456,3,0.9926209654831958,0.00011073082830089056,3,0.6542198967894731,0.014590631089653496,3,0.7283620010556303,0.015000046182742295,3,0.48624299629353235,0.01606393072350396,3,0.7486477552689396,0.016320483086010442,3,0.09671778825058869,0.006631585418151654,3,0.4871371849168566,0.016339172633852293,3,940.3333333333334,28.023799409311618,3,BDL-Tolerance
sleep,gru,density_custom,objective_e20_bs32_eval5,none,4.0,0.0,0.25,0.48910333306333165,0.019706477959933234,3,0.9830147632020422,0.0003666792023988365,3,0.6530468251980702,0.017684861169892395,3,0.7285836424708646,0.01805271232795323,3,0.4850026646558045,0.01942838540082071,3,0.7496762859049723,0.01962738171627389,3,0.08985772282976758,0.00837814274993365,3,0.48151080321686673,0.019539119752256712,3,1546.6666666666667,38.42308333974949,3,BDL-Tolerance
sleep,gru,density_custom,objective_e20_bs32_eval5,none,2.0,1.0,0.30000000000000004,0.4842537527901283,0.015619320158963638,3,0.9927004155281988,0.00012470810434018345,3,0.650859850878965,0.014146473620370305,3,0.7249092796501642,0.014656537043915587,3,0.48253405000346655,0.015503309460282444,3,0.7448895526603412,0.015974944011595847,3,0.10536306938607833,0.006503234134106978,3,0.4909334149855538,0.015990001521195032,3,817.0,42.33202097703345,3,BDL-Tolerance
sleep,gru,density_custom,objective_e20_bs32_eval5,none,4.0,0.2393167939518393,0.25,0.4863808043248337,0.019985578307343037,3,0.9831252344724818,0.00035984974384180166,3,0.6506330727679179,0.017999017883070775,3,0.7260938293090602,0.018491119909476418,3,0.4823517358978217,0.019702109256474656,3,0.746957910010793,0.020135708318406678,3,0.09061661464721482,0.008372599709030796,3,0.48428205437157695,0.020056229467577985,3,1558.0,39.50949253027682,3,BDL-Tolerance
sleep,gru,density_custom,objective_e20_bs32_eval5,none,0.5,1.0,0.45,0.483707577927923,0.019032988050546183,3,0.9876977407844084,0.0007953744316779023,3,0.649239148905404,0.017275427562650138,3,0.7239493264458569,0.018027116147460203,3,0.4808072915441215,0.01879989116647671,3,0.7442428722012431,0.019695668602655435,3,0.1992604893029266,0.0028933037522578912,3,0.4891856472829166,0.019717522207626157,3,802.6666666666666,75.97587336341276,3,BDL-Tolerance
sleep,gru,density_custom,objective_e20_bs32_eval5,none,8.0,0.0,0.30000000000000004,0.4846611271713576,0.022141043114117596,3,0.9629998239154901,0.0008240801689957919,3,0.6446085367051929,0.019770083102253474,3,0.723099992823924,0.020113210329158745,3,0.4757973848219963,0.021485984382277345,3,0.7454369184255435,0.021905074633181514,3,0.1067909213145062,0.010421410085362378,3,0.476170348493899,0.021643371857997692,3,2136.3333333333335,99.1076855411998,3,BDL-Tolerance
sleep,gru,density_custom,objective_e20_bs32_eval5,none,8.0,0.2393167939518393,0.30000000000000004,0.48368309007049887,0.022107192176232415,3,0.9630449051208009,0.0008108582607817097,3,0.6437525824258005,0.019763377117039238,3,0.722219437997761,0.020149368287471214,3,0.47486558757625535,0.021452857158469688,3,0.7444726392424589,0.0219567638396786,3,0.10737478824968899,0.010419665217086304,3,0.4771562050560285,0.021699554827617356,3,2137.0,97.5551126287085,3,BDL-Tolerance
sleep,gru,density_custom,objective_e20_bs32_eval5,none,16.0,0.0,0.4,0.4900278083375566,0.03206522706802032,3,0.9384950643891284,0.0022049639447885225,3,0.6434786635687088,0.028290965498343777,3,0.7255548904058183,0.028067480351822993,3,0.4747856797268095,0.030660678490315358,3,0.7502611717414099,0.030406694024625393,3,0.12995199194381646,0.014031019953878945,3,0.45961729420521324,0.029388979969636846,3,3072.3333333333335,115.51767541520798,3,BDL-Tolerance
sleep,gru,density_custom,objective_e20_bs32_eval5,none,4.0,0.5,0.25,0.47820080644109114,0.01885273171393104,3,0.983232134954382,0.000366070917676528,3,0.6433081697401964,0.017172868956132167,3,0.7185369620795315,0.01795930382517928,3,0.4743310842257841,0.018599823227945074,3,0.7387167665635225,0.01963377885207959,3,0.092462515908829,0.008341961649531287,3,0.492574363980048,0.0195401635606944,3,1425.0,32.51153641401772,3,BDL-Tolerance
sleep,gru,density_custom,objective_e20_bs32_eval5,none,16.0,0.2393167939518393,0.4,0.48963789281831266,0.031979109915421536,3,0.93850957071757,0.0022032796021221645,3,0.6431471430924539,0.02823267681318672,3,0.7252231046441128,0.028034917667625756,3,0.4744233505242474,0.030580195600160755,3,0.7498995637096685,0.030379758270345565,3,0.13038118060490375,0.014037647616079646,3,0.45998584545298393,0.029363493662399733,3,3075.6666666666665,110.64507821558679,3,BDL-Tolerance
sleep,gru,density_custom,objective_e20_bs32_eval5,none,1.0,0.2393167939518393,0.7000000000000001,0.8944889733405142,0.00888577710735466,3,0.5013536636178828,0.015626968329783046,3,0.6424989775452844,0.014678478048431698,3,0.7802212062102768,0.00860116173123575,3,0.4734095491176844,0.015836413332372772,3,0.8665251105146354,0.004376940260271182,3,0.13166342944518683,0.004639171009392186,3,0.13412279835960647,0.0033045426435506517,3,3777.6666666666665,251.20177812534163,3,BDL-Tolerance
sleep,gru,density_custom,objective_e20_bs32_eval5,none,4.0,1.0,0.25,0.4765572286694364,0.018802403361596172,3,0.9832656110969396,0.00035476830709889654,3,0.6418259270671114,0.017164135021546012,3,0.7169834617527066,0.018022681515309155,3,0.4727215665545305,0.018549093850900582,3,0.7370161326158534,0.019719984385782832,3,0.09897724601695712,0.00821174223885854,3,0.49429102073393855,0.019631408744330774,3,1353.6666666666667,42.3359579238894,3,BDL-Tolerance
sleep,gru,density_custom,objective_e20_bs32_eval5,none,16.0,0.5,0.4,0.48487000133997227,0.031224155145820782,3,0.9386103339066681,0.0022135049794775644,3,0.6390536167860802,0.027751524729329565,3,0.7211091252646366,0.027813653566207824,3,0.46997183612575544,0.029884275763719142,3,0.7454123501226707,0.030220704116190253,3,0.13131632363419946,0.014015876768294432,3,0.4645212876867084,0.02919903068294703,3,3207.3333333333335,110.75348000552103,3,BDL-Tolerance
sleep,gru,density_custom,objective_e20_bs32_eval5,none,8.0,0.5,0.30000000000000004,0.47601898282140437,0.021260046003435763,3,0.963144775612764,0.0008263894813339192,3,0.6369580949409545,0.0192147412152678,3,0.7152213122199358,0.019922258976256355,3,0.4675003802537126,0.020649949430185492,3,0.7368185714151427,0.021796491469384827,3,0.10873499807435962,0.010392423215673168,3,0.48485807425523864,0.021530246995887167,3,2087.3333333333335,93.35059364210461,3,BDL-Tolerance
sleep,gru,density_custom,objective_e20_bs32_eval5,none,16.0,1.0,0.4,0.4815602369888592,0.03081433490341159,3,0.9386201535751516,0.0022150925750757775,3,0.63617853384433,0.02751218783026669,3,0.718200322244952,0.027758920501377706,3,0.46686438003070085,0.02950494549069968,3,0.742236256064098,0.030217385003611562,3,0.1344745416214108,0.013890187075758752,3,0.46770208176843925,0.029194331179008253,3,3036.0,103.81233067415451,3,BDL-Tolerance
sleep,gru,density_custom,objective_e20_bs32_eval5,none,8.0,1.0,0.30000000000000004,0.4749277398754754,0.021245240163607612,3,0.9631789212781726,0.0008279624636108159,3,0.6359871708488352,0.01923026038224586,3,0.714204863548836,0.019986992920188955,3,0.46645583715861294,0.020638067282703815,3,0.7357016750027987,0.021879122748019314,3,0.11345721597411458,0.01026673761649319,3,0.4859913139299287,0.021611518339820304,3,2030.0,86.43494663618414,3,BDL-Tolerance
sleep,gru,density_custom,objective_e20_bs32_eval5,none,1.0,0.0,0.35000000000000003,0.4651782722796427,0.01827096926854299,3,0.9934663496699141,0.0003878101428918799,3,0.633512087981914,0.01684748311500733,3,0.7063937520249867,0.018147597585700826,3,0.4637548247011756,0.018098706528731717,3,0.7245628604597306,0.019937545848331205,3,0.13073167217370957,0.004612935467782647,3,0.5116267089925116,0.020076206067655797,3,186.66666666666666,155.69628554764347,3,BDL-Tolerance
sleep,gru,density_custom,objective_e20_bs32_eval5,none,8.0,0.5,0.9500000000000001,0.8680593019776904,0.005671000549856788,3,0.49853686939595426,0.016466757488024248,3,0.6332703990323788,0.01481701436390373,3,0.7740907612412818,0.008616939730301273,3,0.4634617026819497,0.015836361284126414,3,0.8618730489562957,0.004235250403677951,3,0.10873499807435962,0.010392423215673168,3,0.13742664759311815,0.0036469772335525424,3,1139.3333333333333,46.875722216658545,3,BDL-Tolerance
sleep,gru,density_custom,objective_e20_bs32_eval5,none,8.0,0.2393167939518393,0.9500000000000001,0.8681978983784487,0.005665830138554149,3,0.4984159089341799,0.016475252290748837,3,0.6332094986306447,0.014825835073488091,3,0.7740609555081726,0.00862155555763851,3,0.46339661869503956,0.015844061260701398,3,0.8618704318979463,0.004236321652824204,3,0.10737478824968899,0.010419665217086304,3,0.1373713689116541,0.003649986349915747,3,1139.3333333333333,46.875722216658545,3,BDL-Tolerance
sleep,gru,density_custom,objective_e20_bs32_eval5,none,8.0,0.0,0.9500000000000001,0.8682966991841464,0.005673272574956111,3,0.4983010857652077,0.016475363275748747,3,0.633143093669941,0.014830683885645634,3,0.7740266318347505,0.008624368457645045,3,0.46332558620241987,0.015847532977763187,3,0.8618627676556371,0.004237607309700236,3,0.1067909213145062,0.010421410085362378,3,0.13732407492862375,0.0036487475109008767,3,1139.3333333333333,46.875722216658545,3,BDL-Tolerance
sleep,gru,density_custom,objective_e20_bs32_eval5,none,8.0,1.0,0.9500000000000001,0.8635261773139341,0.00478950888439514,3,0.49891448028400265,0.01649134591522418,3,0.6323576715636322,0.014543271619368614,3,0.7734131835430981,0.008427512871085311,3,0.462480656194636,0.015517732530201594,3,0.8612257008802716,0.004078625113989012,3,0.11345721597411458,0.01026673761649319,3,0.1382547329233204,0.003816845042873455,3,1420.6666666666667,54.62905209989764,3,BDL-Tolerance
sleep,gru,density_custom,objective_e20_bs32_eval5,none,1.0,0.2393167939518393,0.35000000000000003,0.4611009081376887,0.018149499548750052,3,0.9952063279729102,0.00045364920517499974,3,0.6300708959141667,0.016911919090272617,3,0.7023423752848825,0.018364507103152995,3,0.460078351068832,0.018078816615375626,3,0.7199695224861925,0.02017969923610551,3,0.13166342944518683,0.004639171009392186,3,0.5170528590240872,0.020172883014693346,3,173.33333333333334,169.34383169555758,3,BDL-Tolerance
sleep,gru,density_custom,objective_e20_bs32_eval5,none,4.0,0.0,0.2,0.45842879759562066,0.018355914458588488,3,0.9873685587159265,0.00026815421061177357,3,0.6259984718503125,0.017203760574176427,3,0.69930879986242,0.01896109515260682,3,0.45575406887117387,0.01816341623494413,3,0.717271121690436,0.020907617071572352,3,0.08985772282976758,0.00837814274993365,3,0.5159998401992126,0.020870370047368397,3,1400.6666666666667,90.38989619052195,3,BDL-Tolerance
sleep,gru,density_custom,objective_e20_bs32_eval5,none,1.0,0.0,0.7000000000000001,0.8924338054828181,0.009610545700638773,3,0.4821010876845066,0.015578091320138269,3,0.6259619277788638,0.015111103749373824,3,0.7707386912935871,0.008834027405435808,3,0.45568038185263027,0.01590873532286414,3,0.8621657055119307,0.004443979600127619,3,0.13073167217370957,0.004612935467782647,3,0.12926727386693124,0.0032079907602094943,3,3994.3333333333335,252.24260808462418,3,BDL-Tolerance
sleep,gru,density_custom,objective_e20_bs32_eval5,none,8.0,0.0,0.25,0.46084119234917437,0.020989573568334224,3,0.96687535693937,0.0006203399295468242,3,0.6239945160247514,0.01942409506008789,3,0.7008258804783187,0.020999837794355443,3,0.4536750436215262,0.020451857856676216,3,0.7206637105657375,0.023155233507552418,3,0.1067909213145062,0.010421410085362378,3,0.5027985166299638,0.022934877523694153,3,2075.6666666666665,103.98237030061067,3,BDL-Tolerance
sleep,gru,density_custom,objective_e20_bs32_eval5,none,2.0,0.0,0.25,0.45377706420845737,0.017208898094895772,3,0.9953401209559983,0.0002746657826652439,3,0.6232318738710877,0.016222691644091108,3,0.6947864441462626,0.018173307520257673,3,0.45281167504547515,0.017088235105810996,3,0.711645380902695,0.02006700261820506,3,0.09345766170109016,0.006643265385855383,3,0.5254410384231166,0.020183286291628202,3,690.0,76.23647421018367,3,BDL-Tolerance
sleep,gru,density_custom,objective_e20_bs32_eval5,none,8.0,0.2393167939518393,0.25,0.4588018034980022,0.0211718356450813,3,0.9669712102942262,0.0006340110380417127,3,0.6221369549554202,0.019647018904162407,3,0.6987885668980246,0.02135332953383667,3,0.45171919547568656,0.02063205287937079,3,0.7184059369410711,0.023564830421238685,3,0.10737478824968899,0.010419665217086304,3,0.5051021688897775,0.023346215962259668,3,2111.6666666666665,102.34419052068036,3,BDL-Tolerance
sleep,gru,density_custom,objective_e20_bs32_eval5,none,2.0,0.2393167939518393,0.25,0.4503729406220455,0.016840339987559693,3,0.995540308288492,0.0002753975860619604,3,0.6200558540694242,0.01595723096765731,3,0.6912017973610695,0.018052234514338593,3,0.44946297633866455,0.01672776563499254,3,0.7076772528279185,0.019953427850965728,3,0.09434615267035888,0.006652249556855788,3,0.5295049828790974,0.02006511484664523,3,687.3333333333334,77.36493607140984,3,BDL-Tolerance
sleep,gru,density_custom,objective_e20_bs32_eval5,none,16.0,0.0,0.35000000000000003,0.4622310082885246,0.02691950581590599,3,0.9428311175474574,0.0018852011437325519,3,0.6200453321894988,0.024713185630536483,3,0.7007830153610687,0.026132923299211953,3,0.4496319633666688,0.025881842779500567,3,0.7227264599340116,0.028758034954479605,3,0.12995199194381646,0.014031019953878945,3,0.48922738669312354,0.02792987531242592,3,2903.6666666666665,96.2617958139849,3,BDL-Tolerance
sleep,gru,density_custom,objective_e20_bs32_eval5,none,16.0,0.2393167939518393,0.35000000000000003,0.4617793291654941,0.026875898979055606,3,0.9428553319572407,0.00187565402778331,3,0.6196442448114814,0.024685836652581825,3,0.700351983820327,0.026132505860077242,3,0.44920989774265513,0.025839320618408237,3,0.7222482859870091,0.02876419581576942,3,0.13038118060490375,0.014037647616079646,3,0.4897171504699596,0.02794143490884581,3,2909.6666666666665,97.00687260876582,3,BDL-Tolerance
sleep,gru,density_custom,objective_e20_bs32_eval5,none,4.0,0.2393167939518393,0.2,0.45073301912078484,0.01775407599101526,3,0.9875306948330467,0.0002584543213765664,3,0.618820800595829,0.01681821266353299,3,0.6913412169143508,0.018915775032626127,3,0.4481806989513351,0.017575780583866125,3,0.7084711828761919,0.020908250828968775,3,0.09061661464721482,0.008372599709030796,3,0.5248773828049226,0.020865952737929117,3,1364.3333333333333,85.23105850177699,3,BDL-Tolerance
sleep,gru,density_custom,objective_e20_bs32_eval5,none,4.0,0.5,0.2,0.4488271976776033,0.017523295827869243,3,0.987590170779657,0.0002450929968444561,3,0.617036025998265,0.016641288636336283,3,0.6893331794902231,0.018816861903989138,3,0.44630842231635776,0.017346639520328277,3,0.7062487128345669,0.02081118111322772,3,0.092462515908829,0.008341961649531287,3,0.5271283200322677,0.020774553301840797,3,1251.6666666666667,76.77456175930499,3,BDL-Tolerance
sleep,gru,density_custom,objective_e20_bs32_eval5,none,8.0,0.5,0.25,0.4529574168045656,0.02024998536640933,3,0.9670340338550925,0.000631967775902411,3,0.6167653592421042,0.01895098102092784,3,0.6929299258468576,0.020906122146212968,3,0.44606663862784063,0.01974624443626511,3,0.7119306135581142,0.023121419131341858,3,0.10873499807435962,0.010392423215673168,3,0.5116075617390768,0.022897694624540717,3,2013.3333333333333,92.93187468965277,3,BDL-Tolerance
sleep,gru,density_custom,objective_e20_bs32_eval5,none,8.0,1.0,0.25,0.45207032137110303,0.020043670203713712,3,0.9670436303492922,0.0006312966194585112,3,0.615947243041008,0.01877959550051786,3,0.6920325352963391,0.02075963874162877,3,0.4452084330337423,0.019546935458713617,3,0.7109377603706011,0.022965747986550582,3,0.11345721597411458,0.01026673761649319,3,0.51260500813104,0.02274214567590947,3,1955.3333333333333,93.98049443013868,3,BDL-Tolerance
sleep,gru,density_custom,objective_e20_bs32_eval5,none,4.0,1.0,0.2,0.44748537765834834,0.017371489514591568,3,0.98761315773088,0.00025486493429233815,3,0.6157728215262294,0.01652906984112251,3,0.687909288646432,0.01875164967469956,3,0.44498646463559394,0.017200644493334662,3,0.7046734039362267,0.02074488032315532,3,0.09897724601695712,0.00821174223885854,3,0.5287146312575467,0.020700427615003146,3,1187.6666666666667,79.75169799655262,3,BDL-Tolerance
sleep,gru,density_custom,objective_e20_bs32_eval5,none,0.25,1.0,0.5,0.4540505475539214,0.014517410115336924,3,0.9548343232228688,0.004160935005700276,3,0.6153662542058221,0.014047384126035086,3,0.6939165456167462,0.014825225948313795,3,0.44452402548916287,0.014598478002188922,3,0.7141205305984326,0.016176260732473777,3,0.2490780649305394,0.0017321146079770807,3,0.5035784534274705,0.01478026290530002,3,2303.0,120.80149005703531,3,BDL-Tolerance
sleep,gru,density_custom,objective_e20_bs32_eval5,none,16.0,0.5,0.35000000000000003,0.45616443868184614,0.026081312678194277,3,0.9429506273763876,0.0018963421622720932,3,0.6145988068589597,0.024146983050597405,3,0.6949399952431351,0.025881880504943392,3,0.4439168186947542,0.025102670464457664,3,0.7162570649893566,0.02855196418176555,3,0.13131632363419946,0.014015876768294432,3,0.4957539830559892,0.027714339085713285,3,2940.6666666666665,90.66605391949801,3,BDL-Tolerance
sleep,gru,density_custom,objective_e20_bs32_eval5,none,1.0,0.5,0.35000000000000003,0.44323975149387573,0.016706358830700693,3,0.9958131388503356,0.00039260065857569447,3,0.613313422825216,0.015970632064679927,3,0.6834951197962043,0.018219232590460512,3,0.4424148510283336,0.01665394482893923,3,0.6991416369069746,0.020137522730600557,3,0.1347419946868673,0.004629402393878063,3,0.5381711846707463,0.020126625735570846,3,189.0,71.18988692223074,3,BDL-Tolerance
sleep,gru,density_custom,objective_e20_bs32_eval5,none,16.0,1.0,0.35000000000000003,0.4546550807459817,0.02585763337337564,3,0.9429541981649271,0.0018952429143513562,3,0.6132306543323827,0.023998703292578215,3,0.6934625656917356,0.02583506831055146,3,0.44248805467390945,0.024890961907218644,3,0.7146211364741452,0.028522533459395438,3,0.1344745416214108,0.013890187075758752,3,0.49739162067053094,0.02768882783164335,3,2852.6666666666665,91.43485841479342,3,BDL-Tolerance
sleep,gru,density_custom,objective_e20_bs32_eval5,none,2.0,0.5,0.25,0.4409211100486943,0.01605679728450449,3,0.9957196288254583,0.0002558200146386857,3,0.6110784475908678,0.015414233848661937,3,0.6809531835397028,0.01790490201039014,3,0.44008418055471044,0.01595526450831052,3,0.6963417850431591,0.019834354208374254,3,0.09671778825058869,0.006631585418151654,3,0.5409262794958499,0.01993987914842291,3,480.3333333333333,93.2165936587115,3,BDL-Tolerance
sleep,gru,density_custom,objective_e20_bs32_eval5,none,2.0,1.0,0.25,0.4386921497456751,0.015667178845458464,3,0.9957627014622156,0.0002496847515291271,3,0.6089468444429732,0.015088326439047197,3,0.6784856579406774,0.017638585703315862,3,0.4378721724832022,0.015570880029341991,3,0.6936092823748278,0.019547084114716843,3,0.10536306938607833,0.006503234134106978,3,0.5436793981748528,0.01964661465759122,3,380.3333333333333,84.5064100132844,3,BDL-Tolerance
sleep,gru,density_custom,objective_e20_bs32_eval5,none,0.5,0.2393167939518393,0.6000000000000001,0.8377238963769443,0.010395323958969466,3,0.47088657992774957,0.016846522706384866,3,0.6027081818336613,0.012600598585761163,3,0.7556970690257815,0.006939676363324558,3,0.4314177852471605,0.01289952361601875,3,0.8515084297051718,0.002719130781378273,3,0.1749172712725391,0.0031141229602186576,3,0.13455690958949998,0.005888030266016971,3,4318.0,213.89483397221167,3,BDL-Tolerance
sleep,gru,density_custom,objective_e20_bs32_eval5,none,8.0,0.0,0.2,0.4351179103671032,0.020193910288789398,3,0.9709424850858205,0.0005220528316618563,3,0.600751693189203,0.019419161298218534,3,0.6740123419628503,0.022620680480739373,3,0.42952170865281203,0.01976166154103513,3,0.6906144596639741,0.02514308441118456,3,0.1067909213145062,0.010421410085362378,3,0.5347944316689269,0.02495405261388023,3,1961.3333333333333,100.0416579897261,3,BDL-Tolerance
sleep,gru,density_custom,objective_e20_bs32_eval5,none,1.0,1.0,0.35000000000000003,0.4300032514629637,0.01441244772115768,3,0.9959567515019071,0.000414169563157433,3,0.6005741850080445,0.01404175377219536,3,0.6686242083863867,0.01666658016155489,3,0.42925371379545196,0.014372691237723419,3,0.6826731563304612,0.018469690455232248,3,0.1466685151931914,0.004498765150127691,3,0.5547084030859498,0.01845522167500289,3,492.3333333333333,156.23486593373877,3,BDL-Tolerance
sleep,gru,density_custom,objective_e20_bs32_eval5,none,16.0,0.0,0.30000000000000004,0.4375536782651828,0.026469982109302834,3,0.9469408719820978,0.0016700017311696534,3,0.5982385114634076,0.02517132510262888,3,0.6759155471491639,0.028573812754210226,3,0.42708184940579413,0.025528890480925742,3,0.6947461004762405,0.03177365631739774,3,0.12995199194381646,0.014031019953878945,3,0.5191748126613497,0.031086402353120227,3,2832.3333333333335,102.03104102837206,3,BDL-Tolerance
sleep,gru,density_custom,objective_e20_bs32_eval5,none,16.0,0.2393167939518393,0.30000000000000004,0.4368553956922286,0.026614874492110408,3,0.9469861763616922,0.001654364716489584,3,0.5975897286785049,0.025328327226271794,3,0.6751557154751847,0.02882021345944424,3,0.4264251870338913,0.025664183898666412,3,0.6938942479834763,0.03205686092962306,3,0.13038118060490375,0.014037647616079646,3,0.5200483493518668,0.03138240569607736,3,2842.3333333333335,96.30334019821609,3,BDL-Tolerance
sleep,gru,density_custom,objective_e20_bs32_eval5,none,2.0,0.5,0.8500000000000001,0.9273993813069432,0.00785067518517813,3,0.4403120378200068,0.018256909288095542,3,0.5969834893540927,0.017463959386786063,3,0.7553292798346579,0.009946820973085317,3,0.4256461916207526,0.01762016915318966,3,0.8578107868949681,0.004407488318005361,3,0.09671778825058869,0.006631585418151654,3,0.11362054961216263,0.004528036732182349,3,3787.6666666666665,372.594059712891,3,BDL-Tolerance
sleep,gru,density_custom,objective_e20_bs32_eval5,none,8.0,0.2393167939518393,0.2,0.42943949748001264,0.019630076874597977,3,0.9710742695003551,0.0005295658063651723,3,0.5953471723049016,0.01902985508960464,3,0.667675427817044,0.022536344740623954,3,0.4240129703550373,0.019221212702121997,3,0.6835567873888979,0.02507225982208119,3,0.10737478824968899,0.010419665217086304,3,0.5419151803911616,0.02487637423534041,3,1980.3333333333333,83.51247411814195,3,BDL-Tolerance
sleep,gru,density_custom,objective_e20_bs32_eval5,none,8.0,0.5,0.2,0.4280909239387764,0.019609703436392123,3,0.9710878831316618,0.0005426788686891206,3,0.5940516641619816,0.019050758700254806,3,0.6661383002984794,0.022662114356245686,3,0.42270085188242995,0.01920401810519827,3,0.6818450175909048,0.025217051873721738,3,0.10873499807435962,0.010392423215673168,3,0.5436334661303514,0.025017940423378397,3,1871.6666666666667,91.7623742790766,3,BDL-Tolerance
sleep,gru,density_custom,objective_e20_bs32_eval5,none,8.0,1.0,0.2,0.4273824089729248,0.019378278065995822,3,0.9710983723229966,0.0005346080224702501,3,0.5933745005791592,0.01884119301331231,3,0.6653423290533979,0.022456333766719294,3,0.42201201501497443,0.018977004961171832,3,0.6809586359507335,0.024990820861811935,3,0.11345721597411458,0.01026673761649319,3,0.5445248682498054,0.024796875692083054,3,1826.3333333333333,85.00784277543649,3,BDL-Tolerance
sleep,gru,density_custom,objective_e20_bs32_eval5,none,16.0,0.5,0.30000000000000004,0.43171630230838304,0.025733747899484107,3,0.9470555835639282,0.0016828824229281098,3,0.5927897588924383,0.024677231591326475,3,0.669655356285117,0.028463862515696114,3,0.4215421305048636,0.024840459984177266,3,0.6877561779668042,0.031695808612402544,3,0.13131632363419946,0.014015876768294432,3,0.5262196399867716,0.031001042526448346,3,2823.3333333333335,91.66424239218553,3,BDL-Tolerance
sleep,gru,density_custom,objective_e20_bs32_eval5,none,4.0,0.0,0.15000000000000002,0.422527356008411,0.016525376749356196,3,0.9918663016428081,8.141794288329879e-05,3,0.592481369266808,0.016319777015469786,3,0.6596756823629107,0.020060256099610353,3,0.4210672505197213,0.01641874494687454,3,0.6730569356532649,0.022267647375057154,3,0.08985772282976758,0.00837814274993365,3,0.5623667970709455,0.022251767160767922,3,1134.6666666666667,79.38723658960134,3,BDL-Tolerance
sleep,gru,density_custom,objective_e20_bs32_eval5,none,16.0,1.0,0.30000000000000004,0.4309912952379269,0.025684262217936026,3,0.9470649568838443,0.0016973108559574129,3,0.5921078023101812,0.024660173888641466,3,0.6688625268513643,0.028510690777977125,3,0.42085284447796867,0.02479616564215445,3,0.6868704906482357,0.03175350388359513,3,0.1344745416214108,0.013890187075758752,3,0.527109813691082,0.031055076883792845,3,2773.3333333333335,94.83845914676884,3,BDL-Tolerance
sleep,gru,density_custom,objective_e20_bs32_eval5,none,2.0,1.0,0.8500000000000001,0.8552681562010935,0.0070708905779253445,3,0.4508949623538459,0.017819966193304275,3,0.5903820502834289,0.016598171949502038,3,0.7494132791075652,0.009498363273197545,3,0.41895443119185605,0.016595446500171158,3,0.8503433313507781,0.004327153777409075,3,0.10536306938607833,0.006503234134106978,3,0.12615334829649796,0.004330254221507307,3,3718.6666666666665,361.51394625011824,3,BDL-Tolerance
sleep,gru,density_custom,objective_e20_bs32_eval5,none,4.0,0.2393167939518393,0.15000000000000002,0.41553845437655174,0.015945511073122004,3,0.9920517594725767,8.771324303136648e-05,3,0.5856125691703206,0.0159024356913268,3,0.6511666176569646,0.020016115232768854,3,0.4141584814174019,0.01584510530359196,3,0.6636023850908429,0.022215846695197407,3,0.09061661464721482,0.008372599709030796,3,0.5719101139798344,0.02220523132750927,3,1041.6666666666667,80.69902932088674,3,BDL-Tolerance
sleep,gru,density_custom,objective_e20_bs32_eval5,none,0.25,0.2393167939518393,0.45,0.43455633343401345,0.025783518541193484,3,0.897227795999958,0.0029249042037518005,3,0.5851892752372726,0.02310959286513755,3,0.6717186616603298,0.0268303993568186,3,0.4138660628663935,0.022904297448777294,3,0.6947545658588609,0.030503265622908275,3,0.2018692105645603,0.002219038033560601,3,0.49537199935566956,0.03172788346116891,3,2459.3333333333335,161.41974269999736,3,BDL-Tolerance
sleep,gru,density_custom,objective_e20_bs32_eval5,none,4.0,0.5,0.15000000000000002,0.4141728875552804,0.01582162160118348,3,0.9920748580109414,7.9028515947881e-05,3,0.5842601555975735,0.01580666205636397,3,0.6494714390022165,0.019982953914375063,3,0.412805948996459,0.015722194234212488,3,0.6617198388832062,0.02217720589955369,3,0.092462515908829,0.008341961649531287,3,0.5738037159237639,0.022167578054341216,3,955.6666666666666,71.0234702991436,3,BDL-Tolerance
sleep,gru,density_custom,objective_e20_bs32_eval5,none,2.0,0.2393167939518393,0.8500000000000001,0.9271981936318143,0.0077749648642435765,3,0.42663736834670035,0.018913997310151035,3,0.5842225554366106,0.01829733578127438,3,0.7481191791277816,0.010371636304334988,3,0.41280756380839345,0.018124145751491533,3,0.8547691508852707,0.004472889811653235,3,0.09434615267035888,0.006652249556855788,3,0.11011702950845448,0.004763494452149153,3,3913.6666666666665,382.5916012320884,3,BDL-Tolerance
sleep,gru,density_custom,objective_e20_bs32_eval5,none,4.0,1.0,0.15000000000000002,0.4132904977212361,0.01557907830104689,3,0.9920847892665666,8.72054049069013e-05,3,0.5833864404846926,0.015584354866792448,3,0.6483807858038394,0.01975703317469223,3,0.41193118285282165,0.015482944407167163,3,0.660508861893665,0.02192463158111765,3,0.09897724601695712,0.00821174223885854,3,0.5750194463458175,0.02191122094779328,3,897.6666666666666,73.45973954033143,3,BDL-Tolerance
sleep,gru,density_custom,objective_e20_bs32_eval5,none,0.5,0.0,0.6000000000000001,0.8337343925884895,0.011163261610848569,3,0.4466438270104711,0.01755691352461382,3,0.581478446266277,0.013950694393303558,3,0.7436389920335716,0.007685826017722941,3,0.4100094404472605,0.013847072299219042,3,0.8462195417135602,0.003002308477352155,3,0.17362683400297937,0.0030914070572386192,3,0.12824240177165236,0.006018901308359081,3,4572.333333333333,221.73031667621228,3,BDL-Tolerance
sleep,gru,density_custom,objective_e20_bs32_eval5,none,0.25,1.0,0.55,0.4941090028457796,0.007832992731508632,3,0.6890499314520188,0.009088345027839598,3,0.5754442758547548,0.0026821043505367687,3,0.702437493689155,0.0036221944431487877,3,0.40394979861497887,0.0026408537839885627,3,0.756653016303953,0.0052871904740923,3,0.2490780649305394,0.0017321146079770807,3,0.3338326306798711,0.00943350107173122,3,4084.3333333333335,161.33918722162113,3,BDL-Tolerance
sleep,gru,density_custom,objective_e20_bs32_eval5,none,16.0,0.0,0.25,0.4125512037680194,0.0277942994850269,3,0.9509051167837551,0.0013995882113410196,3,0.5750881692899557,0.02742230874168997,3,0.6473720041889914,0.034001374170074115,3,0.4039403143387628,0.026867867093031187,3,0.6625278690009545,0.03797602354130231,3,0.12995199194381646,0.014031019953878945,3,0.5532904648493814,0.03744220818849332,3,2757.6666666666665,140.20817855365402,3,BDL-Tolerance
sleep,gru,density_custom,objective_e20_bs32_eval5,none,16.0,0.2393167939518393,0.25,0.4110805722481772,0.027966263022551,3,0.950996506652937,0.0014095630340451631,3,0.5736670372736495,0.02765025590269931,3,0.6455694808176213,0.03445827637560105,3,0.40254656699428687,0.027039008372109045,3,0.6605057374464518,0.03848476740539202,3,0.13038118060490375,0.014037647616079646,3,0.5553563386648687,0.03794750989496876,3,2813.6666666666665,143.49332156352548,3,BDL-Tolerance
sleep,gru,density_custom,objective_e20_bs32_eval5,none,8.0,0.0,0.15000000000000002,0.40499136206109415,0.02365688928697493,3,0.9754889915936943,0.00043911772007364653,3,0.5720902818860708,0.023827335200104532,3,0.6376623375007874,0.03094166051349473,3,0.40090742471478763,0.023250874874287522,3,0.6498190330855994,0.0343914199567312,3,0.1067909213145062,0.010421410085362378,3,0.5777659689695925,0.03421368595148924,3,1860.3333333333333,140.3578759219921,3,BDL-Tolerance
sleep,gru,density_custom,objective_e20_bs32_eval5,none,16.0,0.5,0.25,0.4072474478616838,0.027119055401925735,3,0.9510136910727831,0.0014145198561666852,3,0.5699415928549856,0.026963167348078285,3,0.640959237199747,0.03402223063793127,3,0.39887401081506746,0.026233601607524408,3,0.65535117398033,0.03799351601805757,3,0.13131632363419946,0.014015876768294432,3,0.5605191271715175,0.037452929027908144,3,2728.6666666666665,135.80255274969366,3,BDL-Tolerance
sleep,gru,density_custom,objective_e20_bs32_eval5,none,2.0,0.0,0.8500000000000001,0.926644525107891,0.007939330140540438,3,0.4114944352608227,0.01783741827278212,3,0.5697594909928003,0.017496373052643545,3,0.7399603617216653,0.009874462990239,3,0.3985047711612871,0.016990027600374043,3,0.8513637437649919,0.004155488574784361,3,0.09345766170109016,0.006643265385855383,3,0.10627452023445426,0.0045767701886289544,3,4096.333333333333,370.63773867933827,3,BDL-Tolerance
sleep,gru,density_custom,objective_e20_bs32_eval5,none,16.0,1.0,0.25,0.4067692826942977,0.027083075105300492,3,0.9510161459899041,0.0014145914472677597,3,0.5694735101902187,0.026948220498956475,3,0.6403692878601867,0.03406945668712919,3,0.3984156720578335,0.026199313928634473,3,0.6546918087996397,0.03804558724757832,3,0.1344745416214108,0.013890187075758752,3,0.5611796673579973,0.037506820714426424,3,2696.0,138.4882666510055,3,BDL-Tolerance
sleep,gru,density_custom,objective_e20_bs32_eval5,none,0.25,0.0,0.45,0.4388807881169554,0.028836830765497694,3,0.8117759249848744,0.0031655280840108455,3,0.5693177298314779,0.023859413395816004,3,0.672472538014722,0.02628305719045752,3,0.3981917145262834,0.023141978464166147,3,0.7051869882849786,0.030280825019680945,3,0.19909059072479188,0.0022223069879906496,3,0.44403944131251993,0.03166639070163846,3,3061.3333333333335,163.50637092582463,3,BDL-Tolerance
sleep,gru,density_custom,objective_e20_bs32_eval5,none,8.0,0.2393167939518393,0.15000000000000002,0.39964695025385294,0.0231040995968332,3,0.9756168704582638,0.00046193757296899413,3,0.5667635184960175,0.023452494319913125,3,0.630728616207215,0.031056177421552714,3,0.39569095050475916,0.022718138425868856,3,0.642105654170587,0.034480507870991134,3,0.10737478824968899,0.010419665217086304,3,0.585540555004371,0.034296316005465,3,1815.3333333333333,135.3156802936501,3,BDL-Tolerance
sleep,gru,density_custom,objective_e20_bs32_eval5,none,8.0,0.5,0.15000000000000002,0.3989412210221819,0.0229958062526018,3,0.9756224498153568,0.0004593871329871968,3,0.5660558275684852,0.023364874031847182,3,0.6298032296070198,0.03101663082441081,3,0.39500006652071223,0.022612577588064484,3,0.6410772570579394,0.03443117303740026,3,0.10873499807435962,0.010392423215673168,3,0.5865716225847222,0.03424681108247659,3,1755.3333333333333,134.64892622421215,3,BDL-Tolerance
sleep,gru,density_custom,objective_e20_bs32_eval5,none,8.0,1.0,0.15000000000000002,0.3983675563776776,0.02295010455486431,3,0.9756314883738474,0.000460625436661862,3,0.5654798777822722,0.023337844146698837,3,0.6290437307979946,0.031043931626968075,3,0.39443922939792464,0.0225692139605496,3,0.6402332290355467,0.03445627715594131,3,0.11345721597411458,0.01026673761649319,3,0.5874199767647946,0.03426906751840382,3,1712.0,127.75366922323602,3,BDL-Tolerance
sleep,gru,density_custom,objective_e20_bs32_eval5,none,2.0,0.0,0.2,0.3918284924320196,0.013422971413705765,3,0.9976452881325066,4.044799167769736e-05,3,0.5625782460941695,0.01382771652600769,3,0.6196941715515599,0.01889856844394805,3,0.39146598096957314,0.013394049536289306,3,0.6283821473465806,0.020856809815640833,3,0.09345766170109016,0.006643265385855383,3,0.609807602415641,0.02087031412502221,3,189.66666666666666,102.45161459602934,3,BDL-Tolerance
sleep,gru,density_custom,objective_e20_bs32_eval5,none,0.5,0.2393167939518393,0.4,0.3921895852737414,0.01319129049598339,3,0.9922404533294591,0.0008600702072883864,3,0.562090483230648,0.013538710349844437,3,0.6205676947624387,0.018228645539605338,3,0.3909905796310586,0.013139359982210557,3,0.629680662267445,0.020154002207774125,3,0.1749172712725391,0.0031141229602186576,3,0.6059221520209672,0.020093898055106606,3,1827.3333333333333,119.44175707571169,3,BDL-Tolerance
sleep,gru,density_custom,objective_e20_bs32_eval5,none,2.0,0.2393167939518393,0.2,0.38444677405198785,0.012837034326736694,3,0.997905620934462,2.920173887940847e-05,3,0.5549733139947733,0.01336900695958688,3,0.6090646121944114,0.0188320328173732,3,0.3841365225156274,0.01281475636021807,3,0.6166603697038217,0.02071518133896205,3,0.09434615267035888,0.006652249556855788,3,0.6216539840814489,0.020720926698544872,3,271.3333333333333,104.71071260063763,3,BDL-Tolerance
sleep,gru,density_custom,objective_e20_bs32_eval5,none,0.5,0.0,0.4,0.3918550276806805,0.013429906810121295,3,0.9478014320201088,0.0017941325010735192,3,0.5543795674605497,0.013352118399043593,3,0.622597798077992,0.01761407313639602,3,0.3835679199042011,0.012813251793087314,3,0.6350283806625665,0.01976275409067773,3,0.17362683400297937,0.0030914070572386192,3,0.5793044254136234,0.01999409779925925,3,2121.6666666666665,129.6160998230286,3,BDL-Tolerance
sleep,gru,density_custom,objective_e20_bs32_eval5,none,4.0,1.0,0.9500000000000001,0.9079100504982863,0.0018145681915422412,3,0.3988984786878602,0.014571871104864544,3,0.5541741195298262,0.014343688255828185,3,0.7307187159921162,0.008052813529003186,3,0.38338278699515277,0.01366142293453565,3,0.8464663463387248,0.003264946343983622,3,0.09897724601695712,0.00821174223885854,3,0.10514306977312561,0.0037174358452316245,3,1207.0,175.10282693320517,3,BDL-Tolerance
sleep,gru,density_custom,objective_e20_bs32_eval5,none,2.0,0.5,0.2,0.3818481248193937,0.012515062492475118,3,0.9979646505325049,5.0624295890792616e-05,3,0.5522723999958292,0.01307703781454055,3,0.6052254926552708,0.018618861194077723,3,0.38155057464088465,0.012491262493990426,3,0.6124380932176957,0.020456075056765992,3,0.09671778825058869,0.006631585418151654,3,0.6259045141158787,0.02047110892585484,3,441.3333333333333,110.50037707326311,3,BDL-Tolerance
sleep,gru,density_custom,objective_e20_bs32_eval5,none,4.0,0.5,0.9500000000000001,0.9268468979779101,0.0028707192216397013,3,0.39205350023198965,0.014963784261962668,3,0.5509250435478593,0.015225887031312368,3,0.7293970725551088,0.008574301451745358,3,0.3802919856364908,0.01443759801086139,3,0.8471080063185402,0.0035311598060428708,3,0.092462515908829,0.008341961649531287,3,0.10122517319585339,0.0036448313678093423,3,1508.0,170.11466721009097,3,BDL-Tolerance
sleep,gru,density_custom,objective_e20_bs32_eval5,none,2.0,1.0,0.2,0.38024146468646713,0.012083090153046813,3,0.9979861868508836,6.0119585612345446e-05,3,0.5505978621425326,0.012657002306566124,3,0.6028397051868878,0.018163189104278034,3,0.3799494978427518,0.012058966479719014,3,0.609816575187125,0.01993668699243413,3,0.10536306938607833,0.006503234134106978,3,0.6285363401517851,0.019956180694867133,3,529.3333333333334,93.7354433143266,3,BDL-Tolerance
sleep,gru,density_custom,objective_e20_bs32_eval5,none,16.0,0.0,0.2,0.3867449798526112,0.029171667883243522,3,0.9550693257436222,0.0011134143374878535,3,0.5501284254316359,0.029912574581014536,3,0.6135686812191558,0.04125726162668935,3,0.3798214906906254,0.028281668012330955,3,0.624533415882831,0.04583088970900615,3,0.12995199194381646,0.014031019953878945,3,0.5932780482427468,0.04546029037420086,3,2708.6666666666665,154.82355548602203,3,BDL-Tolerance
sleep,gru,density_custom,objective_e20_bs32_eval5,none,4.0,0.2393167939518393,0.9500000000000001,0.9269872642932541,0.002906352743742384,3,0.3884701023454948,0.015404793804830386,3,0.547393240228499,0.015750970707170745,3,0.727424116424699,0.008861406289385764,3,0.37694251295184217,0.014856536498652975,3,0.8463334905704718,0.0036270785092365402,3,0.09061661464721482,0.008372599709030796,3,0.10028455435662237,0.0037599584991455607,3,1541.3333333333333,168.74932098628824,3,BDL-Tolerance
sleep,gru,density_custom,objective_e20_bs32_eval5,none,16.0,0.2393167939518393,0.2,0.3834359590148287,0.028690245460112687,3,0.955152234990023,0.0011402161060371765,3,0.5467923974392469,0.029563385458269406,3,0.6089928560319507,0.0412863495334747,3,0.3766432935835606,0.027831410752461722,3,0.6194419555685448,0.04580168336737878,3,0.13038118060490375,0.014037647616079646,3,0.5984091917071083,0.045409954745560414,3,2857.0,157.83852508180632,3,BDL-Tolerance
sleep,gru,density_custom,objective_e20_bs32_eval5,none,16.0,0.5,0.2,0.3821107109876884,0.028419298749513527,3,0.9551533508614417,0.0011401046790868574,3,0.5454482091410137,0.02934517054483559,3,0.6071476065031362,0.04121912466050666,3,0.37536482697253487,0.027571706013136344,3,0.6173926920621736,0.045700368784347384,3,0.13131632363419946,0.014015876768294432,3,0.60045898930702,0.045310392225722064,3,2665.0,156.84705926475002,3,BDL-Tolerance
sleep,gru,density_custom,objective_e20_bs32_eval5,none,16.0,1.0,0.2,0.3817404802704947,0.028428222280531053,3,0.9551546899071438,0.001140380359842863,3,0.5450699627450063,0.029370831572668215,3,0.6066166258082379,0.04132251686704881,3,0.3750077164794671,0.027581121365759215,3,0.6168041743896593,0.045806673083491505,3,0.1344745416214108,0.013890187075758752,3,0.6010481478917833,0.04541644133027376,3,2631.0,162.7298374607435,3,BDL-Tolerance
sleep,gru,density_custom,objective_e20_bs32_eval5,none,4.0,0.0,0.9500000000000001,0.9269395060886678,0.0029369875015313523,3,0.3853117398823381,0.015524747262534605,3,0.5442374071013685,0.015931910545543538,3,0.7256576003508286,0.008954525042932671,3,0.3739595151025809,0.01495745115110977,3,0.8456318518860337,0.0036431962910903797,3,0.08985772282976758,0.00837814274993365,3,0.09947449468341925,0.0038025841096243347,3,1587.3333333333333,177.12801397106372,3,BDL-Tolerance
sleep,gru,density_custom,objective_e20_bs32_eval5,none,4.0,0.0,0.1,0.37364427551141793,0.018428345979001642,3,0.9958877906482387,9.779847503050942e-05,3,0.5432341351879219,0.01953968145696602,3,0.592273807845217,0.029072561649052385,3,0.37306860789055296,0.018384497270404067,3,0.5984473793952694,0.031727242859306365,3,0.08985772282976758,0.00837814274993365,3,0.6389011730403253,0.03168229104399546,3,655.6666666666666,63.79916404885987,3,BDL-Tolerance
sleep,gru,density_custom,objective_e20_bs32_eval5,none,4.0,0.2393167939518393,0.1,0.3679253570679741,0.017910666269422525,3,0.9960518237467704,0.00011804696094504823,3,0.5371923086062687,0.01915212882990157,3,0.5831643128420032,0.029256430283427084,3,0.3673897284539422,0.017874106766018628,3,0.5885165242132375,0.03178394984171273,3,0.09061661464721482,0.008372599709030796,3,0.6489105399728424,0.03172829998200853,3,511.3333333333333,61.50067750304328,3,BDL-Tolerance
sleep,gru,density_custom,objective_e20_bs32_eval5,none,4.0,0.5,0.1,0.3671485417992273,0.01777997727402718,3,0.9960562872324448,0.00012172126755577625,3,0.5363661481842158,0.019035068275884647,3,0.5819109179102527,0.029186221542418855,3,0.3666158170680293,0.017744485477321867,3,0.5871535174973317,0.03168640893968109,3,0.092462515908829,0.008341961649531287,3,0.6502756830629111,0.03162877169542744,3,444.6666666666667,70.11656960614468,3,BDL-Tolerance
sleep,gru,density_custom,objective_e20_bs32_eval5,none,4.0,1.0,0.1,0.36662533944435377,0.017612642557050667,3,0.9960605275438353,0.0001220557786205869,3,0.5358107833393163,0.01887237671787852,3,0.5810723366846352,0.029017126355645042,3,0.36609471526901444,0.017577819546994423,3,0.586240778340926,0.03148744883938944,3,0.09897724601695712,0.00821174223885854,3,0.6511904517747714,0.0314295184757826,3,392.6666666666667,63.81483631047981,3,BDL-Tolerance
sleep,gru,density_custom,objective_e20_bs32_eval5,none,0.25,0.5,0.45,0.36645181334281335,0.011896123225374595,3,0.9909402399525264,0.0012804967745264975,3,0.5349699133391521,0.012764570825882894,3,0.5819625723111886,0.019608950884845953,3,0.36522851281600377,0.011850811473948945,3,0.5873734038080443,0.021308928383660768,3,0.21147170560170658,0.0021336507925262213,3,0.6476070846867263,0.021228879575334217,3,3327.0,192.634368688456,3,BDL-Tolerance
sleep,gru,density_custom,objective_e20_bs32_eval5,none,8.0,0.0,0.1,0.36614696642423894,0.026534429768016052,3,0.980826762524485,0.0004251673504843214,3,0.5328672127814452,0.028365661322544894,3,0.580674538273161,0.043819314068071664,3,0.3635410111037769,0.026215519923644147,3,0.586772308232646,0.047631418066276285,3,0.1067909213145062,0.010421410085362378,3,0.6433675302745582,0.04744928191961782,3,1670.6666666666667,82.71235296697424,3,BDL-Tolerance
sleep,gru,density_custom,objective_e20_bs32_eval5,none,8.0,0.2393167939518393,0.1,0.3616889908171046,0.02584062819395379,3,0.9809105644680205,0.00046154751258552804,3,0.5281522151698711,0.027809450365991792,3,0.573434548614605,0.043873389587091915,3,0.35915787692617873,0.02554157643077811,3,0.5788952029427272,0.04749645412011581,3,0.10737478824968899,0.010419665217086304,3,0.6512847459893848,0.047293296581203,3,1581.6666666666667,95.44282756359082,3,BDL-Tolerance
sleep,gru,density_custom,objective_e20_bs32_eval5,none,0.5,0.5,0.4,0.35895270863176126,0.008908949669680024,3,0.9963721904310455,0.0006728140865546517,3,0.527729787998461,0.00964984370131266,3,0.5689982933571801,0.015067543632854978,3,0.3584852961018905,0.008927880373779432,3,0.5730236723075489,0.016285339997434124,3,0.17979125913452987,0.0030886375392096717,3,0.6645567301340702,0.016146764747269858,3,2730.6666666666665,99.48534230394607,3,BDL-Tolerance
sleep,gru,density_custom,objective_e20_bs32_eval5,none,8.0,0.5,0.1,0.3611986775001553,0.02571811714291736,3,0.9809117919265811,0.00046201592553449445,3,0.5276317700542799,0.027695139235118606,3,0.5726364531250034,0.0437832480553378,3,0.3586746177187077,0.025421223158905316,3,0.5780271407110024,0.04737973320606003,3,0.10873499807435962,0.010392423215673168,3,0.6521533957240043,0.04717592354219386,3,1535.0,76.86351540230254,3,BDL-Tolerance
sleep,gru,density_custom,objective_e20_bs32_eval5,none,8.0,1.0,0.1,0.3608109381341884,0.025676907730429552,3,0.9809120151008647,0.0004618330013194349,3,0.5272182508788305,0.027667066922470014,3,0.5719916245486933,0.04382707992039347,3,0.3582923078036308,0.02538080694640461,3,0.5773284929503926,0.0474083988137836,3,0.11345721597411458,0.01026673761649319,3,0.6528521503033224,0.04720471977323215,3,1500.3333333333333,86.19358058076793,3,BDL-Tolerance
sleep,gru,density_custom,objective_e20_bs32_eval5,none,16.0,0.0,0.15000000000000002,0.35504766486422384,0.02972822568484905,3,0.9594430953558994,0.0009195397515521406,3,0.5178251792137502,0.03193841709605245,3,0.5642820165611971,0.05098973658088057,3,0.34978452502829094,0.028962540251575,3,0.5701343330709866,0.05533539041321781,3,0.12995199194381646,0.014031019953878945,3,0.6497705640967794,0.055005092397015884,3,2384.0,63.55312738174259,3,BDL-Tolerance
sleep,gru,density_custom,objective_e20_bs32_eval5,none,1.0,0.0,0.30000000000000004,0.3483450471347165,0.005642069391972591,3,0.9970445029607417,0.0003099582294020709,3,0.5162869640731604,0.006166227172481779,3,0.5502050908402155,0.010425187034295166,3,0.3479850816987282,0.005604241151587183,3,0.5528005942538372,0.011130171330772421,3,0.13073167217370957,0.004612935467782647,3,0.6851015995460633,0.011236833907646468,3,2285.0,43.86342439892262,3,BDL-Tolerance
sleep,gru,density_custom,objective_e20_bs32_eval5,none,16.0,0.2393167939518393,0.15000000000000002,0.351658317903568,0.029043891770593428,3,0.9595103824024399,0.0009458896795768196,3,0.5142328541919957,0.031364151187405785,3,0.5585895310177649,0.050894665373719665,3,0.3465043459946056,0.02831056977006923,3,0.5639464855363197,0.05504424524170747,3,0.13038118060490375,0.014037647616079646,3,0.6559906174719515,0.05469328160749359,3,2375.0,58.02585630561603,3,BDL-Tolerance
sleep,gru,density_custom,objective_e20_bs32_eval5,none,16.0,0.5,0.15000000000000002,0.3512816850534575,0.028978561151577997,3,0.9595104939895819,0.0009457925835231267,3,0.5138309826906456,0.03131294348433754,3,0.5579459341692018,0.05092015639252415,3,0.3461387078193045,0.028247703351941073,3,0.5632496803984252,0.05504756101672972,3,0.13131632363419946,0.014015876768294432,3,0.6566874760192,0.05469701269310943,3,2322.3333333333335,69.58687615731381,3,BDL-Tolerance
sleep,gru,density_custom,objective_e20_bs32_eval5,none,16.0,1.0,0.15000000000000002,0.3510228729171237,0.028928227554369062,3,0.9595108287510073,0.0009457917541057237,3,0.5135549320271703,0.03127054202184895,3,0.5575048624604625,0.050917495197684216,3,0.34588749775236804,0.02819929320114857,3,0.562771639974808,0.05502964025768398,3,0.1344745416214108,0.013890187075758752,3,0.6571656766708797,0.05467893442289813,3,2287.0,80.55432949258531,3,BDL-Tolerance
sleep,gru,density_custom,objective_e20_bs32_eval5,none,1.0,0.2393167939518393,0.30000000000000004,0.34387555059442326,0.005521912875249386,3,0.9983329996877792,0.00014641759600813437,3,0.5115315587655519,0.006106039581892814,3,0.5416075707273391,0.01054378999240606,3,0.3436780935870413,0.005511971795225726,3,0.5436191791281372,0.011169953267227447,3,0.13166342944518683,0.004639171009392186,3,0.6948997324832273,0.011186913456050314,3,2395.0,33.04542328371661,3,BDL-Tolerance
sleep,gru,density_custom,objective_e20_bs32_eval5,none,0.5,1.0,0.4,0.3402625363100597,0.0076005303027629825,3,0.9968247878784227,0.000622082663439669,3,0.5073134386695092,0.00846451887336636,3,0.5347768309855147,0.014694480824789916,3,0.33989479694872066,0.007612450873922965,3,0.5364710581119408,0.015513106100857148,3,0.1992604893029266,0.0028933037522578912,3,0.7013259726697926,0.015412714604564634,3,3505.6666666666665,54.6290520998976,3,BDL-Tolerance
sleep,gru,density_custom,objective_e20_bs32_eval5,none,1.0,0.5,0.30000000000000004,0.33193069412049875,0.004230746012079443,3,0.9986664220676517,0.00014687610654987233,3,0.49824437925048287,0.00476086014921607,3,0.5177603791604262,0.0088463903621904,3,0.33178352922485743,0.004222133316321012,3,0.5185774824454135,0.009190866551519527,3,0.1347419946868673,0.004629402393878063,3,0.7201010163159167,0.009214034795735534,3,2862.6666666666665,53.30415868704182,3,BDL-Tolerance
sleep,gru,density_custom,objective_e20_bs32_eval5,none,1.0,1.0,0.30000000000000004,0.3268661300844088,0.003965445563744622,3,0.9987009024944861,0.00013388462254254114,3,0.4925220601386935,0.004495729505914578,3,0.5069693825394759,0.00862923772268534,3,0.3267271166556263,0.003957285992364188,3,0.5074187729179539,0.00887994585217178,3,0.1466685151931914,0.004498765150127691,3,0.7312762293337846,0.0089031091197462,3,3154.6666666666665,66.76326335143705,3,BDL-Tolerance
sleep,gru,density_custom,objective_e20_bs32_eval5,none,16.0,0.2393167939518393,0.9500000000000001,0.7913118976819663,0.009117993669549941,3,0.3528620874428088,0.014924385105556912,3,0.4880050157456384,0.015887053801868323,3,0.6904604629874562,0.008959957957791205,3,0.3228526879566104,0.013844349715099302,3,0.8228797340983262,0.0037490636907059316,3,0.13038118060490375,0.014037647616079646,3,0.10669511889776766,0.0034949572540237095,3,2072.3333333333335,203.7801102495857,3,BDL-Tolerance
sleep,gru,density_custom,objective_e20_bs32_eval5,none,16.0,0.0,0.9500000000000001,0.7914059070391889,0.009110776690133177,3,0.352842224931558,0.01493912190045047,3,0.48800375077320624,0.015903194692422865,3,0.6904632338508079,0.008968830120884393,3,0.32285177675528576,0.013858183288411976,3,0.8228889739165806,0.0037519375093941526,3,0.12995199194381646,0.014031019953878945,3,0.10667637221448856,0.0034978255334718045,3,2071.0,202.85216291674092,3,BDL-Tolerance
sleep,gru,density_custom,objective_e20_bs32_eval5,none,16.0,0.5,0.9500000000000001,0.7911991580081539,0.009119104179641466,3,0.35288083408264104,0.01491453388605183,3,0.488001606448717,0.015875634542786756,3,0.690454470776519,0.008953629799500859,3,0.3228495661692044,0.013834452833132824,3,0.8228677971076911,0.0037468388372061314,3,0.13131632363419946,0.014015876768294432,3,0.10671602865988666,0.003493024169326897,3,2073.6666666666665,204.71036449904864,3,BDL-Tolerance
sleep,gru,density_custom,objective_e20_bs32_eval5,none,16.0,1.0,0.9500000000000001,0.7886862082534668,0.008876483821662152,3,0.3529148681609078,0.014900152611457993,3,0.48755473022503826,0.015812282444025872,3,0.6901186838555704,0.008911850086294491,3,0.32245787969899303,0.01377088699694211,3,0.8225337483026508,0.0037143499887918124,3,0.1344745416214108,0.013890187075758752,3,0.10706636731791896,0.0035077339048597837,3,2314.3333333333335,190.3164032166784,3,BDL-Tolerance
sleep,gru,density_custom,objective_e20_bs32_eval5,none,0.25,1.0,0.45,0.31837729441807977,0.006333792992337542,3,0.9937943042798355,0.0010460858189754007,3,0.4822339187437397,0.007331448839040047,3,0.48897758011311043,0.014691434944696448,3,0.3177465828947009,0.006356308160926544,3,0.48914048967404916,0.014847881292062418,3,0.2490780649305394,0.0017321146079770807,3,0.7472060498698093,0.014654097071565012,3,5138.666666666667,157.53518125591302,3,BDL-Tolerance
sleep,gru,density_custom,objective_e20_bs32_eval5,none,0.25,0.2393167939518393,0.55,0.7625189100703716,0.013941859153529591,3,0.35022271677643496,0.019241158254633333,3,0.4796373926991093,0.01593364766297727,3,0.6847833635852586,0.00819773100782687,3,0.315571856744485,0.013769046370589918,3,0.8183070655448139,0.0018011792634225138,3,0.2018692105645603,0.002219038033560601,3,0.11000449599942574,0.00776210305643991,3,5727.0,213.60009363293827,3,BDL-Tolerance
sleep,gru,density_custom,objective_e20_bs32_eval5,none,16.0,0.0,0.1,0.3124927094817304,0.022471379897289916,3,0.9644401907425969,0.0008282414644128702,3,0.47174443470551447,0.025693677150546986,3,0.4801049227777843,0.0518874847228415,3,0.30892869286150865,0.022042975568461704,3,0.4811852732038007,0.052824743298870394,3,0.12995199194381646,0.014031019953878945,3,0.7411114016579973,0.05246685616899533,3,2135.3333333333335,87.67173622857793,3,BDL-Tolerance
sleep,gru,density_custom,objective_e20_bs32_eval5,none,16.0,0.2393167939518393,0.1,0.31002547424565263,0.021869088003775246,3,0.9644615038866918,0.0008345914759826098,3,0.46894081739326726,0.025102223179423153,3,0.47438992368579386,0.051545241247542284,3,0.30651976524464114,0.021458223177443805,3,0.4753789820946208,0.052190361684039684,3,0.13038118060490375,0.014037647616079646,3,0.7469278939538048,0.05182672651931195,3,2088.3333333333335,79.22331306713536,3,BDL-Tolerance
sleep,gru,density_custom,objective_e20_bs32_eval5,none,16.0,0.5,0.1,0.309822626834249,0.021830920082570152,3,0.9644615038866918,0.0008345914759826098,3,0.46870929867563554,0.025066712203017084,3,0.47391105409717965,0.051549795504701165,3,0.30632149345308074,0.021421118567302895,3,0.4748952001654408,0.05216903197911319,3,0.13131632363419946,0.014015876768294432,3,0.7474116758829847,0.05180544825812693,3,2049.0,81.55366331440912,3,BDL-Tolerance
sleep,gru,density_custom,objective_e20_bs32_eval5,none,16.0,1.0,0.1,0.3096821832099868,0.021785456282406253,3,0.9644615038866918,0.0008345914759826098,3,0.46854946625033267,0.02501941141517476,3,0.4735857834282787,0.051494893837305884,3,0.3061842337212605,0.021376836432092094,3,0.47456456955906096,0.0520993971218132,3,0.1344745416214108,0.013890187075758752,3,0.7477423064893647,0.05173560853042466,3,2029.6666666666667,79.34943814125805,3,BDL-Tolerance
sleep,gru,density_custom,objective_e20_bs32_eval5,none,2.0,0.0,0.15000000000000002,0.3031313367727593,0.004224454427084898,3,0.9990301961501097,6.386051308764238e-05,3,0.4651195643193746,0.004983605647525425,3,0.4495487920658101,0.011395642752796531,3,0.3030422414807859,0.004226859129457969,3,0.45003389357609375,0.011022171357847487,3,0.09345766170109016,0.006643265385855383,3,0.7888187196795098,0.010996953624089423,3,3031.0,146.73445403176447,3,BDL-Tolerance
sleep,gru,density_custom,objective_e20_bs32_eval5,none,8.0,0.0,0.05,0.3017456799053508,0.017713402817134172,3,0.9880686564439455,0.0004323511311704416,3,0.4621205264192487,0.020781142847420744,3,0.44703718370281487,0.04664013295863292,3,0.30065080010221695,0.01762469994704499,3,0.4481906032436996,0.0454725140786724,3,0.1067909213145062,0.010421410085362378,3,0.7854154489333939,0.045266617204121666,3,1316.3333333333333,56.57148869645673,3,BDL-Tolerance
sleep,gru,density_custom,objective_e20_bs32_eval5,none,2.0,0.2393167939518393,0.15000000000000002,0.2981945629009568,0.003999736087036406,3,0.9992698853308214,6.175962724488955e-05,3,0.45931211148276035,0.004755052212230266,3,0.43588823561668777,0.011326276015168203,3,0.2981296889990956,0.004002978425001781,3,0.43690461922548746,0.010781383975828417,3,0.09434615267035888,0.006652249556855788,3,0.8020627173226617,0.010754675237582997,3,3202.0,151.5552704461313,3,BDL-Tolerance
sleep,gru,density_custom,objective_e20_bs32_eval5,none,8.0,0.2393167939518393,0.05,0.2990209439675652,0.017100534445963374,3,0.9880857292766497,0.00044147053550952357,3,0.4589293711973603,0.02014726554570753,3,0.43973878436206365,0.046178535672178944,3,0.29794736743808264,0.01701754108404267,3,0.4411207803405723,0.04466883050149457,3,0.10737478824968899,0.010419665217086304,3,0.7924934434676941,0.044459141855580274,3,1176.0,46.89349635077342,3,BDL-Tolerance
sleep,gru,density_custom,objective_e20_bs32_eval5,none,8.0,0.5,0.05,0.2988270373059608,0.017068871112102802,3,0.9880857292766497,0.00044147053550952357,3,0.4587013554668977,0.0201164469700854,3,0.43920820160043245,0.046185459863951374,3,0.2977548523977476,0.016986138133056657,3,0.4406105073717727,0.04464700781994225,3,0.10873499807435962,0.010392423215673168,3,0.7930037164364938,0.044437300583090034,3,1138.0,57.5065213693195,3,BDL-Tolerance
sleep,gru,density_custom,objective_e20_bs32_eval5,none,8.0,1.0,0.05,0.29868422925919696,0.017005546223024335,3,0.9880860640380753,0.0004419669047540045,3,0.4585342472364436,0.020046487725311323,3,0.4388291721498822,0.04607593779191556,3,0.29761310621379233,0.016923341793372095,3,0.4402422498754494,0.0445225216351951,3,0.11345721597411458,0.01026673761649319,3,0.7933721341608791,0.044312573443948386,3,1113.3333333333333,57.535496289971576,3,BDL-Tolerance
sleep,gru,density_custom,objective_e20_bs32_eval5,none,2.0,0.5,0.15000000000000002,0.29686061177546924,0.0037976985832426442,3,0.9992826062649932,7.916028336460132e-05,3,0.4577302629324203,0.004525870907818773,3,0.4321089381445867,0.01089415020683377,3,0.2967974565122946,0.00380223968256298,3,0.4333052026265438,0.010323564575867828,3,0.09671778825058869,0.006631585418151654,3,0.8056682225879696,0.010290301428492294,3,3352.0,157.24821143656928,3,BDL-Tolerance
sleep,gru,density_custom,objective_e20_bs32_eval5,none,2.0,1.0,0.15000000000000002,0.29601227459664897,0.0036327096109919498,3,0.9992872929249511,7.960497186707846e-05,3,0.4567223409911329,0.0043349484257971145,3,0.42968238240274115,0.0105023337046154,3,0.2959498898054586,0.003637462844619281,3,0.4310017907088233,0.009925603828245373,3,0.10536306938607833,0.006503234134106978,3,0.807973877698561,0.009891441502905116,3,3410.0,162.88953311984167,3,BDL-Tolerance
sleep,gru,density_custom,objective_e20_bs32_eval5,none,4.0,0.0,0.05,0.29076288532706257,0.012083343668958852,3,0.9987184216757576,6.861738244984776e-05,3,0.4503085214745053,0.014462287423887088,3,0.41294442350871097,0.0361736912788975,3,0.2906546206395228,0.012079886712811929,3,0.4157588945801896,0.03375698712115145,3,0.08985772282976758,0.00837814274993365,3,0.8229444929401378,0.033725532887415824,3,972.0,139.30900904105232,3,BDL-Tolerance
sleep,gru,density_custom,objective_e20_bs32_eval5,none,4.0,0.2393167939518393,0.05,0.2872141843745587,0.011687470693825355,3,0.9988005498121654,0.00011156950969681203,3,0.4460527285159512,0.014069295690119575,3,0.4019083080491907,0.03631055329957939,3,0.28711550433495575,0.011687905946472676,3,0.40560193089769586,0.033436921965151044,3,0.09061661464721482,0.008372599709030796,3,0.8331407659072284,0.03338759226781248,3,1183.0,154.47653543499737,3,BDL-Tolerance
sleep,gru,density_custom,objective_e20_bs32_eval5,none,4.0,0.5,0.05,0.28696952040275153,0.0115761814647201,3,0.9988018888578676,0.00011112264209276745,3,0.4457591981717319,0.013941371678169862,3,0.4011549456787075,0.03607009326176463,3,0.28687111625318007,0.011576683804708948,3,0.4049066479263925,0.03318091688180316,3,0.092462515908829,0.008341961649531287,3,0.8338366897907806,0.03313166242223828,3,1234.3333333333333,143.4305871609446,3,BDL-Tolerance
sleep,gru,density_custom,objective_e20_bs32_eval5,none,4.0,1.0,0.05,0.2869073451167657,0.011549631967235751,3,0.9988045669492722,0.00010947210471952534,3,0.4456847875901579,0.01391078617437374,3,0.4009616483618232,0.0360143231385454,3,0.2868091984680814,0.011550062467446132,3,0.40472863454927205,0.03312085746746501,3,0.09897724601695712,0.00821174223885854,3,0.8340159849923987,0.03307223155648139,3,1246.3333333333333,140.2224423312236,3,BDL-Tolerance
sleep,gru,density_custom,objective_e20_bs32_eval5,none,0.25,0.0,0.55,0.7550094088776312,0.01439207574080072,3,0.3133003169298003,0.017761229523350856,3,0.4425055385585162,0.01590073517970532,3,0.6644438697482475,0.008127063022893235,3,0.28420263548401414,0.01306483778053349,3,0.8112467762113882,0.0016165097619413899,3,0.19909059072479188,0.0022223069879906496,3,0.0993924846202424,0.007251380067841343,3,6137.666666666667,199.96082949751255,3,BDL-Tolerance
sleep,gru,density_custom,objective_e20_bs32_eval5,none,0.25,0.2393167939518393,0.4,0.27369803903353035,0.002165468781083696,3,0.9509419405405684,0.001722181620693985,3,0.4250526460381477,0.0024638094714311484,3,0.38117066566255353,0.007829488984693366,3,0.26988579065772683,0.0019882809412891497,3,0.3843076748387251,0.007128658401946247,3,0.2018692105645603,0.002219038033560601,3,0.8315282840984543,0.007857374575839127,3,7293.333333333333,123.9771484320129,3,BDL-Tolerance
sleep,gru,density_custom,objective_e20_bs32_eval5,none,0.5,0.0,0.35000000000000003,0.27151203567610066,0.0023044607750467637,3,0.9763238865890779,0.0017852733086602326,3,0.4248667963586817,0.002932207428368199,3,0.36099365522840543,0.007707063891874139,3,0.26973681834974306,0.0023646711328049164,3,0.36739541593923125,0.006837397284822883,3,0.17362683400297937,0.0030914070572386192,3,0.8605891949031239,0.006371982161326503,3,7121.666666666667,193.43560513342234,3,BDL-Tolerance
sleep,gru,density_custom,objective_e20_bs32_eval5,none,16.0,0.0,0.05,0.27061581611452024,0.008399298621317716,3,0.9715418196247413,0.0007562924713185467,3,0.42327524844267644,0.010328941328971617,3,0.3593238221302681,0.02957489267169196,3,0.2684885740446616,0.008325935444695278,3,0.3659874919565513,0.026148561733929845,3,0.12995199194381646,0.014031019953878945,3,0.8597082610170679,0.02578806288187059,3,1958.0,47.286361670147556,3,BDL-Tolerance
sleep,gru,density_custom,objective_e20_bs32_eval5,none,0.5,0.2393167939518393,0.35000000000000003,0.26762673633655515,0.002451388708583625,3,0.997708781216224,0.00018880227840498,3,0.42203996575042174,0.003050946926372813,3,0.3344426504602626,0.009710501606289897,3,0.2674623837589059,0.0024516104669073265,3,0.34600088381799116,0.008136369402200569,3,0.1749172712725391,0.0031141229602186576,3,0.892219255866697,0.008115164922789974,3,7340.333333333333,199.60293919011662,3,BDL-Tolerance
sleep,gru,density_custom,objective_e20_bs32_eval5,none,16.0,0.2393167939518393,0.05,0.26933781316620925,0.008120251994174627,3,0.9715418196247413,0.0007562924713185467,3,0.4217128242640708,0.010008235193228304,3,0.35471421559157296,0.029025770701067193,3,0.26723054601447405,0.00805132991330028,3,0.36193884928051195,0.02550913232204947,3,0.13038118060490375,0.014037647616079646,3,0.8637569036931073,0.025148450455147884,3,1857.6666666666667,54.01234426807758,3,BDL-Tolerance
sleep,gru,density_custom,objective_e20_bs32_eval5,none,16.0,0.5,0.05,0.2692628015249224,0.008102373957974925,3,0.9715418196247413,0.0007562924713185467,3,0.4216210327021149,0.009987347223815618,3,0.3544419209055847,0.028982690890668992,3,0.2671567042582328,0.008033743994120029,3,0.3617002429911973,0.025463905505030183,3,0.13131632363419946,0.014015876768294432,3,0.863995509982422,0.02510314362384305,3,1839.0,52.0,3,BDL-Tolerance
sleep,gru,density_custom,objective_e20_bs32_eval5,none,16.0,1.0,0.05,0.269190378283813,0.008079281618503622,3,0.9715418196247413,0.0007562924713185467,3,0.42153245678384826,0.0099602331984642,3,0.354179982831291,0.028924698763115576,3,0.2670854099799796,0.008011015515422914,3,0.3614704225406274,0.025404198591347474,3,0.1344745416214108,0.013890187075758752,3,0.8642253304329918,0.025043425067946126,3,1811.6666666666667,40.06661120351125,3,BDL-Tolerance
sleep,gru,density_custom,objective_e20_bs32_eval5,none,0.25,0.0,0.4,0.2748070025684875,0.004408079867071393,3,0.8712984034334917,0.0018218819494753543,3,0.41781529100720277,0.004973217628433428,3,0.4187350390726439,0.012508448207320404,3,0.2640832494106148,0.003977744202279052,3,0.4188028004874351,0.012549262627659907,3,0.19909059072479188,0.0022223069879906496,3,0.7589130865308445,0.013105545162287544,3,7374.0,162.82505949638096,3,BDL-Tolerance
sleep,gru,density_custom,objective_e20_bs32_eval5,none,1.0,0.0,0.25,0.26162572766277614,0.001544639413940427,3,0.9988844633428428,9.054311612482765e-05,3,0.4146462319077496,0.0019450458016657007,3,0.3088434557449898,0.006612267416537737,3,0.2615493452885828,0.0015486944173998326,3,0.3250527737827581,0.005347940655124418,3,0.13073167217370957,0.004612935467782647,3,0.913730086856428,0.005313594264263234,3,7386.333333333333,196.3220143879269,3,BDL-Tolerance
sleep,gru,density_custom,objective_e20_bs32_eval5,none,1.0,0.2393167939518393,0.25,0.25796563349108476,0.0013163414334894838,3,0.9996160286448657,3.7701925012910314e-05,3,0.4100979706582009,0.0016604172661390966,3,0.29207925608331653,0.006022638225648362,3,0.2579400602748636,0.0013140867586028469,3,0.31176500717394445,0.0047395329109937035,3,0.13166342944518683,0.004639171009392186,3,0.9273680051905346,0.00475395519115267,3,7585.666666666667,204.28493173343276,3,BDL-Tolerance
sleep,gru,density_custom,objective_e20_bs32_eval5,none,0.25,0.2393167939518393,0.35000000000000003,0.2546408575126091,0.0007022468521978953,3,0.9916286210306501,0.0004850332637513757,3,0.40522363155811353,0.0008759937664488445,3,0.28229176264851813,0.003438349146760125,3,0.2540945814610651,0.0006888835749590113,3,0.30335167196914736,0.002657537068629669,3,0.2018692105645603,0.002219038033560601,3,0.9319582988308905,0.002763725722812769,3,8509.333333333334,42.06344414492627,3,BDL-Tolerance
sleep,gru,density_custom,objective_e20_bs32_eval5,none,0.5,0.5,0.35000000000000003,0.25382601687650136,0.0021393612774635753,3,0.9996595476301904,0.00018150460724838325,3,0.4048512285434289,0.002707414547488078,3,0.2724725805644338,0.01048954288154464,3,0.253803957079262,0.002128479444386088,3,0.2965914630915727,0.00801105855544003,3,0.17979125913452987,0.0030886375392096717,3,0.9425623789209943,0.008088710074150834,3,8308.0,188.85973631242842,3,BDL-Tolerance
sleep,gru,density_custom,objective_e20_bs32_eval5,none,1.0,0.5,0.25,0.25302857507424775,0.001328479480389989,3,0.9998338467457731,3.249830631673135e-05,3,0.4038524495731502,0.0016901901241960858,3,0.2685162055777068,0.006532078771964541,3,0.2530179273908635,0.0013271697084301982,3,0.2935676391014581,0.004968016769673442,3,0.1347419946868673,0.004629402393878063,3,0.9456696283221686,0.004977110189068348,3,8000.0,196.5477041331188,3,BDL-Tolerance
sleep,gru,density_custom,objective_e20_bs32_eval5,none,1.0,1.0,0.25,0.2523030210767453,0.001224351961028524,3,0.9998365248371776,3.291971985945518e-05,3,0.4029281487466907,0.0015595623127560433,3,0.26493305690362057,0.006082027820297085,3,0.2522926067806238,0.0012232490785226548,3,0.290849450140018,0.00460299557116097,3,0.1466685151931914,0.004498765150127691,3,0.9483890991081064,0.004610673699828008,3,8080.666666666667,184.33755269432564,3,BDL-Tolerance
sleep,gru,density_custom,objective_e20_bs32_eval5,none,0.5,1.0,0.35000000000000003,0.2521947547259103,0.0021623458190420685,3,0.9997008348726779,0.00016046820739620178,3,0.4027768005478449,0.002744778249918961,3,0.2644148765194287,0.010844395675968354,3,0.252175612931882,0.002152504359996604,3,0.29047382215283274,0.008190742002947836,3,0.1992604893029266,0.0028933037522578912,3,0.9486997813207406,0.008261845124548032,3,8460.0,167.0808187674456,3,BDL-Tolerance
sleep,gru,density_custom,objective_e20_bs32_eval5,none,0.5,0.0,0.30000000000000004,0.25232623968960505,0.00088660708624935,3,0.9911217922323298,0.000707723895245209,3,0.40224567828268903,0.001174275697810163,3,0.27160462023867865,0.003880395055984833,3,0.2517573529918297,0.0009203342939326288,3,0.29503944067160764,0.003034384528268758,3,0.17362683400297937,0.0030914070572386192,3,0.9400279448422374,0.002780264415253224,3,8561.666666666666,59.67690787342577,3,BDL-Tolerance
sleep,gru,density_custom,objective_e20_bs32_eval5,none,0.25,0.5,0.4,0.24873049328042077,0.0018889779702943703,3,0.9993998843510862,0.00045004093133939663,3,0.39832299662677967,0.0023843329888411473,3,0.24696157831023746,0.010191737769878088,3,0.2486930591625516,0.0018603520829535538,3,0.2774149413308928,0.00748896423135899,3,0.21147170560170658,0.0021336507925262213,3,0.9616146171147498,0.007704133430572108,3,8908.0,153.41447128612086,3,BDL-Tolerance
sleep,gru,density_custom,objective_e20_bs32_eval5,none,0.5,0.0,0.25,0.24817985421762626,0.0002811889551533427,3,0.9959626656204256,0.00020023248474009453,3,0.3973464775906413,0.0003466436852400087,3,0.24695217915063736,0.0016146348523146665,3,0.24793040692585547,0.00026993770388548255,3,0.27698884150410996,0.0011727583841840091,3,0.17362683400297937,0.0030914070572386192,3,0.9603955486080668,0.0012584100269516388,3,8891.333333333334,27.13546265191228,3,BDL-Tolerance
sleep,gru,density_custom,objective_e20_bs32_eval5,none,0.5,0.2393167939518393,0.30000000000000004,0.2467740411553597,0.0008327195720851171,3,0.9994521071334758,5.2233868396948886e-05,3,0.39581665128409,0.00106734149262491,3,0.23657636766133838,0.004529042698391584,3,0.2467406497287056,0.0008298122784115031,3,0.2697973787970846,0.0032863688949041317,3,0.1749172712725391,0.0031141229602186576,3,0.9692571752262634,0.0033074829126578833,3,8985.0,76.23647421018367,3,BDL-Tolerance
sleep,gru,density_custom,objective_e20_bs32_eval5,none,0.25,0.0,0.35000000000000003,0.25295332920142155,0.000692082755936794,3,0.9033702218106888,0.0024307239495999222,3,0.3952351176158582,0.0006896579606732397,3,0.3324810501668776,0.0038515936003932303,3,0.2462886421957673,0.0005357220480651897,3,0.33838898267571466,0.003273461398531786,3,0.19909059072479188,0.0022223069879906496,3,0.8546775538430381,0.0043321481388382925,3,8531.0,33.8673884437522,3,BDL-Tolerance
sleep,gru,density_custom,objective_e20_bs32_eval5,none,0.25,1.0,0.4,0.24615712371123058,0.0018982522273473443,3,0.9995239692528326,0.00044417013369556837,3,0.3950260109905172,0.0024075454468093357,3,0.23306523231804047,0.010672126830533724,3,0.24612798475153017,0.0018706832322999767,3,0.26729963694457476,0.007681980791143094,3,0.2490780649305394,0.0017321146079770807,3,0.9717893127027953,0.007894317378708854,3,9108.333333333334,131.08902827213757,3,BDL-Tolerance
sleep,gru,density_custom,objective_e20_bs32_eval5,none,0.25,0.2393167939518393,0.30000000000000004,0.24615572014666898,0.00036622680770776746,3,0.998122099989667,0.00020637501138993114,3,0.3949173016876634,0.0004854248335551083,3,0.23435220100724682,0.0018427248151316087,3,0.24604179216124647,0.00037690319359708204,3,0.26802536324769893,0.0013547572468431098,3,0.2018692105645603,0.002219038033560601,3,0.9703926046844703,0.0012714229914462753,3,9091.666666666666,11.150485789118656,3,BDL-Tolerance
sleep,gru,density_custom,objective_e20_bs32_eval5,none,2.0,0.0,0.1,0.24586304888871557,0.00029562445176603097,3,0.9997204742096449,3.285270243504095e-05,3,0.39466527902824683,0.00037843500620428165,3,0.23139733879603827,0.0016498533827372717,3,0.24584614534008206,0.00029372251721644085,3,0.2660797405929036,0.0011846372312421716,3,0.09345766170109016,0.006643265385855383,3,0.9731032629269865,0.0011994045922714119,3,8576.0,170.2967997350508,3,BDL-Tolerance
sleep,gru,density_custom,objective_e20_bs32_eval5,none,0.25,0.0,0.30000000000000004,0.2490031037698227,0.00029562275970551757,3,0.9362889865945903,0.0012576512422870347,3,0.39338609361146687,0.00028391999308659396,3,0.2952989563154486,0.0020778678446050462,3,0.24485418287818528,0.00021998112779151623,3,0.30895391264109684,0.0016092825849554294,3,0.19909059072479188,0.0022223069879906496,3,0.8998686503755319,0.0021797239230210053,3,8807.666666666666,13.796134724382993,3,BDL-Tolerance
sleep,gru,density_custom,objective_e20_bs32_eval5,none,1.0,0.0,0.2,0.24482997054695535,0.0004182303164948029,3,0.9994563474448664,7.599969141009789e-05,3,0.3933126791142163,0.0005396159708895434,3,0.2258953095427836,0.002337426554294468,3,0.24479736935221,0.00041810338522802414,3,0.26210448236935857,0.001669251888642671,3,0.13073167217370957,0.004612935467782647,3,0.9769521012094442,0.0016708971683184282,3,9121.666666666666,52.271725945613795,3,BDL-Tolerance
sleep,gru,density_custom,objective_e20_bs32_eval5,none,0.5,0.0,0.2,0.24441385914151928,0.00011358867364581162,3,0.9979544961025959,0.00026919363604233857,3,0.39265955603403513,0.00015179743731904332,3,0.22487618314223448,0.0006368380771728355,3,0.24429147502649462,0.00011751335924276901,3,0.2611947074321039,0.0004494966927784771,3,0.17362683400297937,0.0030914070572386192,3,0.97714303965025,0.0004816142541819921,3,9232.333333333334,11.01514109457219,3,BDL-Tolerance
sleep,gru,density_custom,objective_e20_bs32_eval5,none,0.25,0.0,0.15000000000000002,0.24459916183672595,0.000123818734722074,3,0.994311287508065,0.00014820154609624455,3,0.3926154591820277,0.00015105351203531753,3,0.22905527039193477,0.0007834887584631582,3,0.2442573391664762,0.00011693370964315943,3,0.2637556592551574,0.0005498556183349246,3,0.19909059072479188,0.0022223069879906496,3,0.9728383258261145,0.0006083393649555342,3,9205.0,7.211102550927978,3,BDL-Tolerance
sleep,gru,density_custom,objective_e20_bs32_eval5,none,0.25,0.0,0.2,0.24577230007465825,0.0003136901411307562,3,0.9734174878922373,0.0023961167122093694,3,0.39245572850947696,0.0005860629016313446,3,0.25256034121243515,0.0007030817021429957,3,0.24413380872986282,0.00045351287091072623,3,0.2787448342472742,0.00043535176370058264,3,0.19909059072479188,0.0022223069879906496,3,0.9478486765589337,0.0012789105360049007,3,9026.333333333334,31.069813860615863,3,BDL-Tolerance
sleep,gru,density_custom,objective_e20_bs32_eval5,none,0.25,0.0,0.1,0.24377282504415285,5.916554752322578e-05,3,0.9983120213051099,0.00013790965431548314,3,0.3918594436728706,6.894914651392077e-05,3,0.22095145109372225,0.0004331174311074068,3,0.24367238583847298,5.3321260692069955e-05,3,0.25844538081724006,0.0002930002103922399,3,0.19909059072479188,0.0022223069879906496,3,0.980063489835559,0.0003501647138470034,3,9300.333333333334,1.1547005383795141,3,BDL-Tolerance
sleep,gru,density_custom,objective_e20_bs32_eval5,none,0.5,0.0,0.15000000000000002,0.24373105519694763,0.00017096457782505295,3,0.9988627038501804,0.00015918753520714545,3,0.3918478426073862,0.00020875991613864684,3,0.22022767749101735,0.001112289170747133,3,0.24366342654412507,0.00016143347030710438,3,0.25799994680428334,0.0007681638653954074,3,0.17362683400297937,0.0030914070572386192,3,0.9807724990108587,0.0008441922288611729,3,9297.0,6.0,3,BDL-Tolerance
sleep,gru,density_custom,objective_e20_bs32_eval5,none,0.5,0.0,0.1,0.2433272554806666,0.00021799236328411505,3,0.9995594539639435,7.333414935217222e-05,3,0.3913792574852788,0.00028331622516493377,3,0.21730551549988916,0.0012374451956512125,3,0.24330116384590547,0.00021895260744846158,3,0.25602046261900674,0.0008736616158127293,3,0.17362683400297937,0.0030914070572386192,3,0.9830854712029581,0.0008679472726613545,3,9304.333333333334,3.0550504633038438,3,BDL-Tolerance
sleep,gru,density_custom,objective_e20_bs32_eval5,none,0.25,0.0,0.05,0.24328772799665224,0.00020471886707624712,3,0.999570947439555,7.934928625418796e-05,3,0.39132901020473826,0.0002668841095316801,3,0.21706888440858174,0.0011540608540388212,3,0.24326232609544943,0.0002062419121741855,3,0.25585500044009307,0.000815697354875273,3,0.19909059072479188,0.0022223069879906496,3,0.9832564345453411,0.00080592990886024,3,9309.0,0.0,3,BDL-Tolerance
sleep,gru,density_custom,objective_e20_bs32_eval5,none,1.0,0.0,0.15000000000000002,0.24328049433356505,0.0002194012401162086,3,0.9996572043002114,4.718473871771599e-05,3,0.3913262570043969,0.000284946338828949,3,0.21695021596914962,0.001247938430351883,3,0.2432602014789824,0.00022020284192920565,3,0.25578212337646244,0.0008805213447570366,3,0.13073167217370957,0.004612935467782647,3,0.9833705970396691,0.000874722906410746,3,9290.333333333334,7.023769168568276,3,BDL-Tolerance
sleep,gru,density_custom,objective_e20_bs32_eval5,none,0.25,0.2393167939518393,0.25,0.24308279647999367,0.00013702598082199124,3,0.999714225329701,1.4730770706451147e-05,3,0.39107483705310836,0.00017715482103793255,3,0.21576411422706002,0.0007915335267239549,3,0.2430659064967278,0.0001368631112078641,3,0.2549538244088439,0.0005562688332792768,3,0.2018692105645603,0.002219038033560601,3,0.9842261881872182,0.0005575875500807843,3,9292.333333333334,1.1547005383791202,3,BDL-Tolerance
sleep,gru,density_custom,objective_e20_bs32_eval5,none,0.5,0.2393167939518393,0.25,0.24304409451322684,0.00035219249856580516,3,0.9997568516178909,2.1446514526461013e-05,3,0.39102793514563183,0.0004544112198759267,3,0.21549959964677165,0.0020435923868595248,3,0.2430297268949824,0.0003510837027553317,3,0.2547743422744865,0.0014351550797780577,3,0.1749172712725391,0.0031141229602186576,3,0.984426072694831,0.0014438187026820748,3,9270.0,26.664583251946766,3,BDL-Tolerance
sleep,gru,density_custom,objective_e20_bs32_eval5,none,1.0,0.0,0.1,0.24293635859731508,0.0001377584039661736,3,0.9997340878409516,9.681109045334615e-06,3,0.3908868214518691,0.00017776668870886646,3,0.21490229223884452,0.0008021297601169372,3,0.24292066147675065,0.00013730356184299045,3,0.2543504856405747,0.0005623899153091793,3,0.13073167217370957,0.004612935467782647,3,0.9848390338205121,0.0005659621994605777,3,9305.0,2.0,3,BDL-Tolerance
sleep,gru,density_custom,objective_e20_bs32_eval5,none,0.5,0.0,0.05,0.2428858212430294,0.00011631207669576457,3,0.9997358732352214,9.007508730322597e-06,3,0.3908215406962147,0.00014999251524547568,3,0.21460910457834073,0.0006789885282250609,3,0.24287023606388536,0.00011584393049957783,3,0.2541447261040141,0.0004757143666382542,3,0.17362683400297937,0.0030914070572386192,3,0.9850456479067379,0.0004794094332104537,3,9309.0,0.0,3,BDL-Tolerance
sleep,gru,density_custom,objective_e20_bs32_eval5,none,2.0,0.2393167939518393,0.1,0.24266549732984669,0.0002509365908488086,3,0.9999371764391339,3.268741480729529e-05,3,0.3905515875824617,0.00032277794219669117,3,0.21315075422209154,0.0014812652968514,3,0.24266179530773876,0.0002492269208870335,3,0.2531476268728524,0.0010342969088008838,3,0.09434615267035888,0.006652249556855788,3,0.9861390976126446,0.0010482288957657801,3,8810.333333333334,149.67409038752587,3,BDL-Tolerance
sleep,gru,density_custom,objective_e20_bs32_eval5,none,1.0,0.0,0.05,0.24251563324512915,9.762230221459385e-05,3,0.9997856411004902,1.0352376432135886e-05,3,0.390345962883049,0.0001257882878256433,3,0.21241944129925763,0.0005756377648166155,3,0.24250302364623563,9.709387534928057e-05,3,0.25261585663903907,0.00040170453688574145,3,0.13073167217370957,0.004612935467782647,3,0.9865983379436288,0.0004059536326030602,3,9307.666666666666,1.1547005383795141,3,BDL-Tolerance
sleep,gru,density_custom,objective_e20_bs32_eval5,none,2.0,0.5,0.1,0.24240569734760345,0.00030401607538567134,3,0.9999371764391339,3.268741480729529e-05,3,0.390215023254007,0.0003916045718884525,3,0.2116394982777677,0.0017986055447498193,3,0.2424020026246305,0.00030223446973053227,3,0.2520903887090062,0.0012534683123712968,3,0.09671778825058869,0.006631585418151654,3,0.9871963357764907,0.0012679675113287721,3,8871.666666666666,159.41246291721802,3,BDL-Tolerance
sleep,gru,density_custom,objective_e20_bs32_eval5,none,2.0,1.0,0.1,0.24232546342132535,0.00030065732176391425,3,0.9999371764391339,3.268741480729529e-05,3,0.39011106170958026,0.0003872838227881275,3,0.2111718082230397,0.001781958948016569,3,0.24232177114385545,0.00029885778131253,3,0.2517635501667654,0.0012408477012137184,3,0.10536306938607833,0.006503234134106978,3,0.9875231743187317,0.0012554981462089528,3,8887.0,158.35719118499165,3,BDL-Tolerance
sleep,gru,density_custom,objective_e20_bs32_eval5,none,2.0,0.0,0.05,0.24222912464497862,6.53466599044122e-05,3,0.999838533405731,2.7852338374024964e-05,3,0.3899787727694642,8.25894614675049e-05,3,0.21070207733430482,0.00040678724288097296,3,0.24221964883584568,6.372314477461211e-05,3,0.25142202405215486,0.0002805172979424193,3,0.09345766170109016,0.006643265385855383,3,0.9878174865643429,0.0002937348621069948,3,9305.666666666666,1.1547005383791202,3,BDL-Tolerance
sleep,gru,density_custom,objective_e20_bs32_eval5,none,0.5,0.5,0.30000000000000004,0.2409931466858537,0.000754438979459349,3,0.9999909614415095,1.2865469995390994e-05,3,0.3883864725707089,0.0009784364040263257,3,0.2032443347831653,0.004498115174700095,3,0.2409926186306721,0.0007536899003417112,3,0.24627095889872475,0.003109725166365683,3,0.17979125913452987,0.0030886375392096717,3,0.9930415088954346,0.0031158496768819094,3,9415.333333333334,65.24824390995758,3,BDL-Tolerance
sleep,gru,density_custom,objective_e20_bs32_eval5,none,1.0,0.2393167939518393,0.2,0.24098732662696185,0.0003880341770514274,3,0.999970094645982,6.476862232439164e-06,3,0.38837763510624485,0.0005035028011884526,3,0.20324334945560862,0.0023170727219200896,3,0.24098558925802463,0.00038776076876950955,3,0.2462624935161044,0.0016002465683706178,3,0.13166342944518683,0.004639171009392186,3,0.9930399867288436,0.001602460070197778,3,9311.333333333334,49.74267115197295,3,BDL-Tolerance
sleep,gru,density_custom,objective_e20_bs32_eval5,none,0.5,1.0,0.30000000000000004,0.24090259774146397,0.0007524947028992374,3,0.9999916309643607,1.1716649895108868e-05,3,0.3882689260026357,0.0009761490345717776,3,0.20270291392926534,0.00449239276391164,3,0.24090210924413105,0.0007518180434448991,3,0.24589738717167134,0.003103433632735093,3,0.1992604893029266,0.0028933037522578912,3,0.9934154010786126,0.003108969434332589,3,9425.333333333334,63.63437226321415,3,BDL-Tolerance
sleep,gru,density_custom,objective_e20_bs32_eval5,none,0.25,0.5,0.35000000000000003,0.24080411534954557,0.0007603172550294609,3,0.9999921889000699,1.352922194194293e-05,3,0.3881410368548766,0.000986321048246445,3,0.20211271489382207,0.004548633048374371,3,0.2408036591016609,0.0007595289796897653,3,0.24549067494041651,0.003139251024965965,3,0.21147170560170658,0.0021336507925262213,3,0.9938223803566378,0.0031457103749593564,3,9501.666666666666,46.490142324296464,3,BDL-Tolerance
sleep,gru,density_custom,objective_e20_bs32_eval5,none,0.25,1.0,0.35000000000000003,0.24060939780193005,0.0007605320582198641,3,0.9999995536514326,7.730983966916102e-07,3,0.38788860833452515,0.0009878706227543505,3,0.20093789666194928,0.004553215402872551,3,0.2406093717727933,0.0007604870377428824,3,0.24468261811799108,0.0031386389232314254,3,0.2490780649305394,0.0017321146079770807,3,0.9946339621964319,0.0031390084289977037,3,9512.333333333334,45.796651988254844,3,BDL-Tolerance
sleep,gru,density_custom,objective_e20_bs32_eval5,none,1.0,0.5,0.2,0.24004301751047427,0.00034457304223837955,3,0.9999975450828792,2.1522148509468217e-06,3,0.38715245930881287,0.0004480679530736825,3,0.1975359841668174,0.0020878013775771217,3,0.2400428760075418,0.0003445472613777394,3,0.24234208669919086,0.0014302982597454402,3,0.1347419946868673,0.004629402393878063,3,0.996973532246859,0.0014305088598069798,3,9478.666666666666,52.5769277662108,3,BDL-Tolerance
sleep,gru,density_custom,objective_e20_bs32_eval5,none,0.25,0.0,0.25,0.24329302444052944,0.00040652905258646837,3,0.9469645284561717,0.0007593865254940807,3,0.3871258355371356,0.000465504663801196,3,0.26087422684107436,0.00250384471117808,3,0.24002241161970417,0.00035785793175307503,3,0.2824419098501376,0.001877291220990736,3,0.19909059072479188,0.0022223069879906496,3,0.9314903260705157,0.0021997032797835304,3,9162.333333333334,16.041612554021505,3,BDL-Tolerance
sleep,gru,density_custom,objective_e20_bs32_eval5,none,1.0,1.0,0.2,0.23999877778910061,0.0003136764660029407,3,0.9999975450828792,2.1522148509468217e-06,3,0.3870949316496785,0.00040791570492712206,3,0.19726818178347283,0.0019022917063926917,3,0.23999863633635168,0.0003136471133895605,3,0.24215854545392398,0.0013026292055986354,3,0.1466685151931914,0.004498765150127691,3,0.9971570734921258,0.0013028702460723633,3,9483.333333333334,49.74267115197292,3,BDL-Tolerance
sleep,gru,density_custom,objective_e20_bs32_eval5,none,0.5,0.2393167939518393,0.2,0.23974776217012628,8.630807109323055e-05,3,0.9999983261928721,2.8991189875134145e-06,3,0.3867684840634989,0.00011215647659124951,3,0.1957431946336919,0.0005284726613081895,3,0.23974766590359567,8.618846689191931e-05,3,0.2411151670174593,0.0003604805261626908,3,0.1749172712725391,0.0031141229602186576,3,0.9982008257940689,0.00036148047720473896,3,9494.666666666666,15.275252316519218,3,BDL-Tolerance
sleep,gru,density_custom,objective_e20_bs32_eval5,none,0.25,0.5,0.30000000000000004,0.23971738347564117,0.0002829716400854658,3,1.0,0.0,3,0.38672902701980955,0.0003682005219603665,3,0.19555372683285133,0.0017247181232290236,3,0.23971738347564117,0.0002829716400854658,3,0.24098695786301058,0.001177862184360389,3,0.21147170560170658,0.0021336507925262213,3,0.9983298360888287,0.001177862184360425,3,9553.333333333334,6.80685928555379,3,BDL-Tolerance
sleep,gru,density_custom,objective_e20_bs32_eval5,none,0.25,1.0,0.30000000000000004,0.23970971620772433,0.00027150273114165163,3,1.0,0.0,3,0.3867190538257524,0.00035328377090398423,3,0.1955071656404437,0.001655142453465365,3,0.23970971620772433,0.00027150273114165163,3,0.24095509918330685,0.0011302306652454788,3,0.2490780649305394,0.0017321146079770807,3,0.9983616947685324,0.00113023066524546,3,9553.333333333334,6.80685928555379,3,BDL-Tolerance
sleep,gru,density_custom,objective_e20_bs32_eval5,none,1.0,0.2393167939518393,0.15000000000000002,0.23954042261338407,2.0736073684692326e-05,3,1.0,0.0,3,0.3864987668926194,2.699200994565997e-05,3,0.1944751472373765,0.00012691191990907093,3,0.23954042261338407,2.0736073684692326e-05,3,0.24025036275633285,8.648535080173396e-05,3,0.13166342944518683,0.004639171009392186,3,0.9990664311955064,8.648535080169249e-05,3,9528.0,6.0,3,BDL-Tolerance
sleep,gru,density_custom,objective_e20_bs32_eval5,none,0.5,0.5,0.25,0.2394902320121829,0.0002286413851989855,3,1.0,0.0,3,0.3864333951886978,0.00029761456680063423,3,0.1941659867207172,0.0013990429645654985,3,0.2394902320121829,0.0002286413851989855,3,0.2400403838808006,0.0009535043921590039,3,0.17979125913452987,0.0030886375392096717,3,0.9992764100710386,0.0009535043921589476,3,9557.666666666666,23.629078131263217,3,BDL-Tolerance
sleep,gru,density_custom,objective_e20_bs32_eval5,none,0.5,1.0,0.25,0.23947936783202298,0.00020991337479423698,3,1.0,0.0,3,0.3864192578399919,0.00027324423719844314,3,0.1940997211743103,0.0012848159240209202,3,0.23947936783202298,0.00020991337479423698,3,0.23999514615790196,0.0008755233669209461,3,0.1992604893029266,0.0028933037522578912,3,0.9993216477939373,0.0008755233669209568,3,9559.0,21.37755832643195,3,BDL-Tolerance
sleep,gru,density_custom,objective_e20_bs32_eval5,none,1.0,0.5,0.15000000000000002,0.2393536961512394,2.662088825569348e-05,3,1.0,0.0,3,0.38625566952672563,3.46622420465554e-05,3,0.19333044740462726,0.000163438262813947,3,0.2393536961512394,2.662088825569348e-05,3,0.2394709600523668,0.00011119562968937223,3,0.1347419946868673,0.004629402393878063,3,0.9998458338994726,0.00011119562968940212,3,9572.666666666666,3.0550504633041413,3,BDL-Tolerance
sleep,gru,density_custom,objective_e20_bs32_eval5,none,1.0,1.0,0.15000000000000002,0.2393536577843188,2.655447716384084e-05,3,1.0,0.0,3,0.38625561957219096,3.45757734173571e-05,3,0.193330211946537,0.0001630306976348126,3,0.2393536577843188,2.655447716384084e-05,3,0.2394707998243046,0.00011091828353304994,3,0.1466685151931914,0.004498765150127691,3,0.9998459941275347,0.00011091828353306759,3,9572.666666666666,3.0550504633041413,3,BDL-Tolerance
sleep,gru,density_custom,objective_e20_bs32_eval5,none,0.25,0.2393167939518393,0.2,0.23932223910800923,1.2690738260731525e-06,3,1.0,0.0,3,0.38621470922616563,1.6525272919139122e-06,3,0.19313726414637955,7.796813920698227e-06,3,0.23932223910800923,1.2690738260731525e-06,3,0.23933954633667376,5.302677456858958e-06,3,0.2018692105645603,0.002219038033560601,3,0.9999772476151656,5.302677456827246e-06,3,9576.0,0.0,3,BDL-Tolerance
sleep,gru,density_custom,objective_e20_bs32_eval5,none,2.0,0.2393167939518393,0.05,0.2393195868011291,1.0627390664246247e-06,3,1.0,0.0,3,0.3862112555137757,1.3838528158855006e-06,3,0.19312096889687924,6.529398706576464e-06,3,0.2393195868011291,1.0627390664246247e-06,3,0.23932846389570392,4.440611211836603e-06,3,0.09434615267035888,0.006652249556855788,3,0.9999883300561354,4.44061121179091e-06,3,9576.0,0.0,3,BDL-Tolerance
sleep,gru,density_custom,objective_e20_bs32_eval5,none,2.0,0.5,0.05,0.23931827025859706,1.3268095259264295e-06,3,1.0,0.0,3,0.386209541166365,1.727718791660445e-06,3,0.19311288000821414,8.152077971575425e-06,3,0.23931827025859706,1.3268095259264295e-06,3,0.23932296273223455,5.544099337804907e-06,3,0.09671778825058869,0.006631585418151654,3,0.9999938312196047,5.5440993378119256e-06,3,9576.666666666666,1.1547005383791202,3,BDL-Tolerance
sleep,gru,density_custom,objective_e20_bs32_eval5,none,2.0,1.0,0.05,0.23931827025859706,1.3268095259264295e-06,3,1.0,0.0,3,0.386209541166365,1.727718791660445e-06,3,0.19311288000821414,8.152077971575425e-06,3,0.23931827025859706,1.3268095259264295e-06,3,0.23932296273223455,5.544099337804907e-06,3,0.10536306938607833,0.006503234134106978,3,0.9999938312196047,5.5440993378119256e-06,3,9576.666666666666,1.1547005383791202,3,BDL-Tolerance
sleep,gru,density_custom,objective_e20_bs32_eval5,none,0.25,0.0,0.0,0.23931679395183933,0.0,3,1.0,0.0,3,0.38620761877796256,0.0,3,0.19310380938898128,0.0,3,0.23931679395183933,0.0,3,0.23931679395183933,0.0,3,0.19909059072479188,0.0022223069879906496,3,1.0,0.0,3,9578.0,0.0,3,BDL-Tolerance
sleep,gru,density_custom,objective_e20_bs32_eval5,none,0.25,0.2393167939518393,0.0,0.23931679395183933,0.0,3,1.0,0.0,3,0.38620761877796256,0.0,3,0.19310380938898128,0.0,3,0.23931679395183933,0.0,3,0.23931679395183933,0.0,3,0.2018692105645603,0.002219038033560601,3,1.0,0.0,3,9578.0,0.0,3,BDL-Tolerance
sleep,gru,density_custom,objective_e20_bs32_eval5,none,0.25,0.2393167939518393,0.05,0.23931679395183933,0.0,3,1.0,0.0,3,0.38620761877796256,0.0,3,0.19310380938898128,0.0,3,0.23931679395183933,0.0,3,0.23931679395183933,0.0,3,0.2018692105645603,0.002219038033560601,3,1.0,0.0,3,9578.0,0.0,3,BDL-Tolerance
sleep,gru,density_custom,objective_e20_bs32_eval5,none,0.25,0.2393167939518393,0.1,0.23931679395183933,0.0,3,1.0,0.0,3,0.38620761877796256,0.0,3,0.19310380938898128,0.0,3,0.23931679395183933,0.0,3,0.23931679395183933,0.0,3,0.2018692105645603,0.002219038033560601,3,1.0,0.0,3,9578.0,0.0,3,BDL-Tolerance
sleep,gru,density_custom,objective_e20_bs32_eval5,none,0.25,0.2393167939518393,0.15000000000000002,0.23931679395183933,0.0,3,1.0,0.0,3,0.38620761877796256,0.0,3,0.19310380938898128,0.0,3,0.23931679395183933,0.0,3,0.23931679395183933,0.0,3,0.2018692105645603,0.002219038033560601,3,1.0,0.0,3,9578.0,0.0,3,BDL-Tolerance
sleep,gru,density_custom,objective_e20_bs32_eval5,none,0.25,0.5,0.0,0.23931679395183933,0.0,3,1.0,0.0,3,0.38620761877796256,0.0,3,0.19310380938898128,0.0,3,0.23931679395183933,0.0,3,0.23931679395183933,0.0,3,0.21147170560170658,0.0021336507925262213,3,1.0,0.0,3,9578.0,0.0,3,BDL-Tolerance
sleep,gru,density_custom,objective_e20_bs32_eval5,none,0.25,0.5,0.05,0.23931679395183933,0.0,3,1.0,0.0,3,0.38620761877796256,0.0,3,0.19310380938898128,0.0,3,0.23931679395183933,0.0,3,0.23931679395183933,0.0,3,0.21147170560170658,0.0021336507925262213,3,1.0,0.0,3,9578.0,0.0,3,BDL-Tolerance
sleep,gru,density_custom,objective_e20_bs32_eval5,none,0.25,0.5,0.1,0.23931679395183933,0.0,3,1.0,0.0,3,0.38620761877796256,0.0,3,0.19310380938898128,0.0,3,0.23931679395183933,0.0,3,0.23931679395183933,0.0,3,0.21147170560170658,0.0021336507925262213,3,1.0,0.0,3,9578.0,0.0,3,BDL-Tolerance
sleep,gru,density_custom,objective_e20_bs32_eval5,none,0.25,0.5,0.15000000000000002,0.23931679395183933,0.0,3,1.0,0.0,3,0.38620761877796256,0.0,3,0.19310380938898128,0.0,3,0.23931679395183933,0.0,3,0.23931679395183933,0.0,3,0.21147170560170658,0.0021336507925262213,3,1.0,0.0,3,9578.0,0.0,3,BDL-Tolerance
sleep,gru,density_custom,objective_e20_bs32_eval5,none,0.25,0.5,0.2,0.23931679395183933,0.0,3,1.0,0.0,3,0.38620761877796256,0.0,3,0.19310380938898128,0.0,3,0.23931679395183933,0.0,3,0.23931679395183933,0.0,3,0.21147170560170658,0.0021336507925262213,3,1.0,0.0,3,9578.0,0.0,3,BDL-Tolerance
sleep,gru,density_custom,objective_e20_bs32_eval5,none,0.25,0.5,0.25,0.23931679395183933,0.0,3,1.0,0.0,3,0.38620761877796256,0.0,3,0.19310380938898128,0.0,3,0.23931679395183933,0.0,3,0.23931679395183933,0.0,3,0.21147170560170658,0.0021336507925262213,3,1.0,0.0,3,9578.0,0.0,3,BDL-Tolerance
sleep,gru,density_custom,objective_e20_bs32_eval5,none,0.25,1.0,0.0,0.23931679395183933,0.0,3,1.0,0.0,3,0.38620761877796256,0.0,3,0.19310380938898128,0.0,3,0.23931679395183933,0.0,3,0.23931679395183933,0.0,3,0.2490780649305394,0.0017321146079770807,3,1.0,0.0,3,9578.0,0.0,3,BDL-Tolerance
sleep,gru,density_custom,objective_e20_bs32_eval5,none,0.25,1.0,0.05,0.23931679395183933,0.0,3,1.0,0.0,3,0.38620761877796256,0.0,3,0.19310380938898128,0.0,3,0.23931679395183933,0.0,3,0.23931679395183933,0.0,3,0.2490780649305394,0.0017321146079770807,3,1.0,0.0,3,9578.0,0.0,3,BDL-Tolerance
sleep,gru,density_custom,objective_e20_bs32_eval5,none,0.25,1.0,0.1,0.23931679395183933,0.0,3,1.0,0.0,3,0.38620761877796256,0.0,3,0.19310380938898128,0.0,3,0.23931679395183933,0.0,3,0.23931679395183933,0.0,3,0.2490780649305394,0.0017321146079770807,3,1.0,0.0,3,9578.0,0.0,3,BDL-Tolerance
sleep,gru,density_custom,objective_e20_bs32_eval5,none,0.25,1.0,0.15000000000000002,0.23931679395183933,0.0,3,1.0,0.0,3,0.38620761877796256,0.0,3,0.19310380938898128,0.0,3,0.23931679395183933,0.0,3,0.23931679395183933,0.0,3,0.2490780649305394,0.0017321146079770807,3,1.0,0.0,3,9578.0,0.0,3,BDL-Tolerance
sleep,gru,density_custom,objective_e20_bs32_eval5,none,0.25,1.0,0.2,0.23931679395183933,0.0,3,1.0,0.0,3,0.38620761877796256,0.0,3,0.19310380938898128,0.0,3,0.23931679395183933,0.0,3,0.23931679395183933,0.0,3,0.2490780649305394,0.0017321146079770807,3,1.0,0.0,3,9578.0,0.0,3,BDL-Tolerance
sleep,gru,density_custom,objective_e20_bs32_eval5,none,0.25,1.0,0.25,0.23931679395183933,0.0,3,1.0,0.0,3,0.38620761877796256,0.0,3,0.19310380938898128,0.0,3,0.23931679395183933,0.0,3,0.23931679395183933,0.0,3,0.2490780649305394,0.0017321146079770807,3,1.0,0.0,3,9578.0,0.0,3,BDL-Tolerance
sleep,gru,density_custom,objective_e20_bs32_eval5,none,0.5,0.0,0.0,0.23931679395183933,0.0,3,1.0,0.0,3,0.38620761877796256,0.0,3,0.19310380938898128,0.0,3,0.23931679395183933,0.0,3,0.23931679395183933,0.0,3,0.17362683400297937,0.0030914070572386192,3,1.0,0.0,3,9578.0,0.0,3,BDL-Tolerance
sleep,gru,density_custom,objective_e20_bs32_eval5,none,0.5,0.2393167939518393,0.0,0.23931679395183933,0.0,3,1.0,0.0,3,0.38620761877796256,0.0,3,0.19310380938898128,0.0,3,0.23931679395183933,0.0,3,0.23931679395183933,0.0,3,0.1749172712725391,0.0031141229602186576,3,1.0,0.0,3,9578.0,0.0,3,BDL-Tolerance
sleep,gru,density_custom,objective_e20_bs32_eval5,none,0.5,0.2393167939518393,0.05,0.23931679395183933,0.0,3,1.0,0.0,3,0.38620761877796256,0.0,3,0.19310380938898128,0.0,3,0.23931679395183933,0.0,3,0.23931679395183933,0.0,3,0.1749172712725391,0.0031141229602186576,3,1.0,0.0,3,9578.0,0.0,3,BDL-Tolerance
sleep,gru,density_custom,objective_e20_bs32_eval5,none,0.5,0.2393167939518393,0.1,0.23931679395183933,0.0,3,1.0,0.0,3,0.38620761877796256,0.0,3,0.19310380938898128,0.0,3,0.23931679395183933,0.0,3,0.23931679395183933,0.0,3,0.1749172712725391,0.0031141229602186576,3,1.0,0.0,3,9578.0,0.0,3,BDL-Tolerance
sleep,gru,density_custom,objective_e20_bs32_eval5,none,0.5,0.2393167939518393,0.15000000000000002,0.23931679395183933,0.0,3,1.0,0.0,3,0.38620761877796256,0.0,3,0.19310380938898128,0.0,3,0.23931679395183933,0.0,3,0.23931679395183933,0.0,3,0.1749172712725391,0.0031141229602186576,3,1.0,0.0,3,9578.0,0.0,3,BDL-Tolerance
sleep,gru,density_custom,objective_e20_bs32_eval5,none,0.5,0.5,0.0,0.23931679395183933,0.0,3,1.0,0.0,3,0.38620761877796256,0.0,3,0.19310380938898128,0.0,3,0.23931679395183933,0.0,3,0.23931679395183933,0.0,3,0.17979125913452987,0.0030886375392096717,3,1.0,0.0,3,9578.0,0.0,3,BDL-Tolerance
sleep,gru,density_custom,objective_e20_bs32_eval5,none,0.5,0.5,0.05,0.23931679395183933,0.0,3,1.0,0.0,3,0.38620761877796256,0.0,3,0.19310380938898128,0.0,3,0.23931679395183933,0.0,3,0.23931679395183933,0.0,3,0.17979125913452987,0.0030886375392096717,3,1.0,0.0,3,9578.0,0.0,3,BDL-Tolerance
sleep,gru,density_custom,objective_e20_bs32_eval5,none,0.5,0.5,0.1,0.23931679395183933,0.0,3,1.0,0.0,3,0.38620761877796256,0.0,3,0.19310380938898128,0.0,3,0.23931679395183933,0.0,3,0.23931679395183933,0.0,3,0.17979125913452987,0.0030886375392096717,3,1.0,0.0,3,9578.0,0.0,3,BDL-Tolerance
sleep,gru,density_custom,objective_e20_bs32_eval5,none,0.5,0.5,0.15000000000000002,0.23931679395183933,0.0,3,1.0,0.0,3,0.38620761877796256,0.0,3,0.19310380938898128,0.0,3,0.23931679395183933,0.0,3,0.23931679395183933,0.0,3,0.17979125913452987,0.0030886375392096717,3,1.0,0.0,3,9578.0,0.0,3,BDL-Tolerance
sleep,gru,density_custom,objective_e20_bs32_eval5,none,0.5,0.5,0.2,0.23931679395183933,0.0,3,1.0,0.0,3,0.38620761877796256,0.0,3,0.19310380938898128,0.0,3,0.23931679395183933,0.0,3,0.23931679395183933,0.0,3,0.17979125913452987,0.0030886375392096717,3,1.0,0.0,3,9578.0,0.0,3,BDL-Tolerance
sleep,gru,density_custom,objective_e20_bs32_eval5,none,0.5,1.0,0.0,0.23931679395183933,0.0,3,1.0,0.0,3,0.38620761877796256,0.0,3,0.19310380938898128,0.0,3,0.23931679395183933,0.0,3,0.23931679395183933,0.0,3,0.1992604893029266,0.0028933037522578912,3,1.0,0.0,3,9578.0,0.0,3,BDL-Tolerance
sleep,gru,density_custom,objective_e20_bs32_eval5,none,0.5,1.0,0.05,0.23931679395183933,0.0,3,1.0,0.0,3,0.38620761877796256,0.0,3,0.19310380938898128,0.0,3,0.23931679395183933,0.0,3,0.23931679395183933,0.0,3,0.1992604893029266,0.0028933037522578912,3,1.0,0.0,3,9578.0,0.0,3,BDL-Tolerance
sleep,gru,density_custom,objective_e20_bs32_eval5,none,0.5,1.0,0.1,0.23931679395183933,0.0,3,1.0,0.0,3,0.38620761877796256,0.0,3,0.19310380938898128,0.0,3,0.23931679395183933,0.0,3,0.23931679395183933,0.0,3,0.1992604893029266,0.0028933037522578912,3,1.0,0.0,3,9578.0,0.0,3,BDL-Tolerance
sleep,gru,density_custom,objective_e20_bs32_eval5,none,0.5,1.0,0.15000000000000002,0.23931679395183933,0.0,3,1.0,0.0,3,0.38620761877796256,0.0,3,0.19310380938898128,0.0,3,0.23931679395183933,0.0,3,0.23931679395183933,0.0,3,0.1992604893029266,0.0028933037522578912,3,1.0,0.0,3,9578.0,0.0,3,BDL-Tolerance
sleep,gru,density_custom,objective_e20_bs32_eval5,none,0.5,1.0,0.2,0.23931679395183933,0.0,3,1.0,0.0,3,0.38620761877796256,0.0,3,0.19310380938898128,0.0,3,0.23931679395183933,0.0,3,0.23931679395183933,0.0,3,0.1992604893029266,0.0028933037522578912,3,1.0,0.0,3,9578.0,0.0,3,BDL-Tolerance
sleep,gru,density_custom,objective_e20_bs32_eval5,none,1.0,0.0,0.0,0.23931679395183933,0.0,3,1.0,0.0,3,0.38620761877796256,0.0,3,0.19310380938898128,0.0,3,0.23931679395183933,0.0,3,0.23931679395183933,0.0,3,0.13073167217370957,0.004612935467782647,3,1.0,0.0,3,9578.0,0.0,3,BDL-Tolerance
sleep,gru,density_custom,objective_e20_bs32_eval5,none,1.0,0.2393167939518393,0.0,0.23931679395183933,0.0,3,1.0,0.0,3,0.38620761877796256,0.0,3,0.19310380938898128,0.0,3,0.23931679395183933,0.0,3,0.23931679395183933,0.0,3,0.13166342944518683,0.004639171009392186,3,1.0,0.0,3,9578.0,0.0,3,BDL-Tolerance
sleep,gru,density_custom,objective_e20_bs32_eval5,none,1.0,0.2393167939518393,0.05,0.23931679395183933,0.0,3,1.0,0.0,3,0.38620761877796256,0.0,3,0.19310380938898128,0.0,3,0.23931679395183933,0.0,3,0.23931679395183933,0.0,3,0.13166342944518683,0.004639171009392186,3,1.0,0.0,3,9578.0,0.0,3,BDL-Tolerance
sleep,gru,density_custom,objective_e20_bs32_eval5,none,1.0,0.2393167939518393,0.1,0.23931679395183933,0.0,3,1.0,0.0,3,0.38620761877796256,0.0,3,0.19310380938898128,0.0,3,0.23931679395183933,0.0,3,0.23931679395183933,0.0,3,0.13166342944518683,0.004639171009392186,3,1.0,0.0,3,9578.0,0.0,3,BDL-Tolerance
sleep,gru,density_custom,objective_e20_bs32_eval5,none,1.0,0.5,0.0,0.23931679395183933,0.0,3,1.0,0.0,3,0.38620761877796256,0.0,3,0.19310380938898128,0.0,3,0.23931679395183933,0.0,3,0.23931679395183933,0.0,3,0.1347419946868673,0.004629402393878063,3,1.0,0.0,3,9578.0,0.0,3,BDL-Tolerance
sleep,gru,density_custom,objective_e20_bs32_eval5,none,1.0,0.5,0.05,0.23931679395183933,0.0,3,1.0,0.0,3,0.38620761877796256,0.0,3,0.19310380938898128,0.0,3,0.23931679395183933,0.0,3,0.23931679395183933,0.0,3,0.1347419946868673,0.004629402393878063,3,1.0,0.0,3,9578.0,0.0,3,BDL-Tolerance
sleep,gru,density_custom,objective_e20_bs32_eval5,none,1.0,0.5,0.1,0.23931679395183933,0.0,3,1.0,0.0,3,0.38620761877796256,0.0,3,0.19310380938898128,0.0,3,0.23931679395183933,0.0,3,0.23931679395183933,0.0,3,0.1347419946868673,0.004629402393878063,3,1.0,0.0,3,9578.0,0.0,3,BDL-Tolerance
sleep,gru,density_custom,objective_e20_bs32_eval5,none,1.0,1.0,0.0,0.23931679395183933,0.0,3,1.0,0.0,3,0.38620761877796256,0.0,3,0.19310380938898128,0.0,3,0.23931679395183933,0.0,3,0.23931679395183933,0.0,3,0.1466685151931914,0.004498765150127691,3,1.0,0.0,3,9578.0,0.0,3,BDL-Tolerance
sleep,gru,density_custom,objective_e20_bs32_eval5,none,1.0,1.0,0.05,0.23931679395183933,0.0,3,1.0,0.0,3,0.38620761877796256,0.0,3,0.19310380938898128,0.0,3,0.23931679395183933,0.0,3,0.23931679395183933,0.0,3,0.1466685151931914,0.004498765150127691,3,1.0,0.0,3,9578.0,0.0,3,BDL-Tolerance
sleep,gru,density_custom,objective_e20_bs32_eval5,none,1.0,1.0,0.1,0.23931679395183933,0.0,3,1.0,0.0,3,0.38620761877796256,0.0,3,0.19310380938898128,0.0,3,0.23931679395183933,0.0,3,0.23931679395183933,0.0,3,0.1466685151931914,0.004498765150127691,3,1.0,0.0,3,9578.0,0.0,3,BDL-Tolerance
sleep,gru,density_custom,objective_e20_bs32_eval5,none,2.0,0.0,0.0,0.23931679395183933,0.0,3,1.0,0.0,3,0.38620761877796256,0.0,3,0.19310380938898128,0.0,3,0.23931679395183933,0.0,3,0.23931679395183933,0.0,3,0.09345766170109016,0.006643265385855383,3,1.0,0.0,3,9578.0,0.0,3,BDL-Tolerance
sleep,gru,density_custom,objective_e20_bs32_eval5,none,2.0,0.2393167939518393,0.0,0.23931679395183933,0.0,3,1.0,0.0,3,0.38620761877796256,0.0,3,0.19310380938898128,0.0,3,0.23931679395183933,0.0,3,0.23931679395183933,0.0,3,0.09434615267035888,0.006652249556855788,3,1.0,0.0,3,9578.0,0.0,3,BDL-Tolerance
sleep,gru,density_custom,objective_e20_bs32_eval5,none,2.0,0.5,0.0,0.23931679395183933,0.0,3,1.0,0.0,3,0.38620761877796256,0.0,3,0.19310380938898128,0.0,3,0.23931679395183933,0.0,3,0.23931679395183933,0.0,3,0.09671778825058869,0.006631585418151654,3,1.0,0.0,3,9578.0,0.0,3,BDL-Tolerance
sleep,gru,density_custom,objective_e20_bs32_eval5,none,2.0,1.0,0.0,0.23931679395183933,0.0,3,1.0,0.0,3,0.38620761877796256,0.0,3,0.19310380938898128,0.0,3,0.23931679395183933,0.0,3,0.23931679395183933,0.0,3,0.10536306938607833,0.006503234134106978,3,1.0,0.0,3,9578.0,0.0,3,BDL-Tolerance
sleep,gru,density_custom,objective_e20_bs32_eval5,none,4.0,0.0,0.0,0.23931679395183933,0.0,3,1.0,0.0,3,0.38620761877796256,0.0,3,0.19310380938898128,0.0,3,0.23931679395183933,0.0,3,0.23931679395183933,0.0,3,0.08985772282976758,0.00837814274993365,3,1.0,0.0,3,9578.0,0.0,3,BDL-Tolerance
sleep,gru,density_custom,objective_e20_bs32_eval5,none,4.0,0.2393167939518393,0.0,0.23931679395183933,0.0,3,1.0,0.0,3,0.38620761877796256,0.0,3,0.19310380938898128,0.0,3,0.23931679395183933,0.0,3,0.23931679395183933,0.0,3,0.09061661464721482,0.008372599709030796,3,1.0,0.0,3,9578.0,0.0,3,BDL-Tolerance
sleep,gru,density_custom,objective_e20_bs32_eval5,none,4.0,0.5,0.0,0.23931679395183933,0.0,3,1.0,0.0,3,0.38620761877796256,0.0,3,0.19310380938898128,0.0,3,0.23931679395183933,0.0,3,0.23931679395183933,0.0,3,0.092462515908829,0.008341961649531287,3,1.0,0.0,3,9578.0,0.0,3,BDL-Tolerance
sleep,gru,density_custom,objective_e20_bs32_eval5,none,4.0,1.0,0.0,0.23931679395183933,0.0,3,1.0,0.0,3,0.38620761877796256,0.0,3,0.19310380938898128,0.0,3,0.23931679395183933,0.0,3,0.23931679395183933,0.0,3,0.09897724601695712,0.00821174223885854,3,1.0,0.0,3,9578.0,0.0,3,BDL-Tolerance
sleep,gru,density_custom,objective_e20_bs32_eval5,none,8.0,0.0,0.0,0.23931679395183933,0.0,3,1.0,0.0,3,0.38620761877796256,0.0,3,0.19310380938898128,0.0,3,0.23931679395183933,0.0,3,0.23931679395183933,0.0,3,0.1067909213145062,0.010421410085362378,3,1.0,0.0,3,9578.0,0.0,3,BDL-Tolerance
sleep,gru,density_custom,objective_e20_bs32_eval5,none,8.0,0.2393167939518393,0.0,0.23931679395183933,0.0,3,1.0,0.0,3,0.38620761877796256,0.0,3,0.19310380938898128,0.0,3,0.23931679395183933,0.0,3,0.23931679395183933,0.0,3,0.10737478824968899,0.010419665217086304,3,1.0,0.0,3,9578.0,0.0,3,BDL-Tolerance
sleep,gru,density_custom,objective_e20_bs32_eval5,none,8.0,0.5,0.0,0.23931679395183933,0.0,3,1.0,0.0,3,0.38620761877796256,0.0,3,0.19310380938898128,0.0,3,0.23931679395183933,0.0,3,0.23931679395183933,0.0,3,0.10873499807435962,0.010392423215673168,3,1.0,0.0,3,9578.0,0.0,3,BDL-Tolerance
sleep,gru,density_custom,objective_e20_bs32_eval5,none,8.0,1.0,0.0,0.23931679395183933,0.0,3,1.0,0.0,3,0.38620761877796256,0.0,3,0.19310380938898128,0.0,3,0.23931679395183933,0.0,3,0.23931679395183933,0.0,3,0.11345721597411458,0.01026673761649319,3,1.0,0.0,3,9578.0,0.0,3,BDL-Tolerance
sleep,gru,density_custom,objective_e20_bs32_eval5,none,16.0,0.0,0.0,0.23931679395183933,0.0,3,1.0,0.0,3,0.38620761877796256,0.0,3,0.19310380938898128,0.0,3,0.23931679395183933,0.0,3,0.23931679395183933,0.0,3,0.12995199194381646,0.014031019953878945,3,1.0,0.0,3,9578.0,0.0,3,BDL-Tolerance
sleep,gru,density_custom,objective_e20_bs32_eval5,none,16.0,0.2393167939518393,0.0,0.23931679395183933,0.0,3,1.0,0.0,3,0.38620761877796256,0.0,3,0.19310380938898128,0.0,3,0.23931679395183933,0.0,3,0.23931679395183933,0.0,3,0.13038118060490375,0.014037647616079646,3,1.0,0.0,3,9578.0,0.0,3,BDL-Tolerance
sleep,gru,density_custom,objective_e20_bs32_eval5,none,16.0,0.5,0.0,0.23931679395183933,0.0,3,1.0,0.0,3,0.38620761877796256,0.0,3,0.19310380938898128,0.0,3,0.23931679395183933,0.0,3,0.23931679395183933,0.0,3,0.13131632363419946,0.014015876768294432,3,1.0,0.0,3,9578.0,0.0,3,BDL-Tolerance
sleep,gru,density_custom,objective_e20_bs32_eval5,none,16.0,1.0,0.0,0.23931679395183933,0.0,3,1.0,0.0,3,0.38620761877796256,0.0,3,0.19310380938898128,0.0,3,0.23931679395183933,0.0,3,0.23931679395183933,0.0,3,0.1344745416214108,0.013890187075758752,3,1.0,0.0,3,9578.0,0.0,3,BDL-Tolerance
sleep,gru,density_custom,objective_e20_bs32_eval5,none,0.25,1.0,0.6000000000000001,0.38759851087850333,0.004415837198157732,3,0.2956025962310773,0.005370023237821019,3,0.3354033103469196,0.005068367570645289,3,0.5788845856365697,0.002880899375936668,3,0.20149966596839752,0.0036599382416962712,3,0.7196616175599702,0.001381103402214454,3,0.2490780649305394,0.0017321146079770807,3,0.1825069197159135,0.0014427655795314826,3,7839.333333333333,71.9328390468036,3,BDL-Tolerance
sleep,gru,density_custom,objective_e20_bs32_eval5,none,0.5,1.0,0.65,0.5634814061727055,0.012909978735530807,3,0.21202081412639653,0.00872730926509197,3,0.3080934250975196,0.011097884807036223,3,0.5858523625217195,0.006221521896051708,3,0.18213218527395833,0.007733483922858011,3,0.7721395392011842,0.0025039085543580026,3,0.1992604893029266,0.0028933037522578912,3,0.09002394982255275,0.0017898868714703849,3,7562.666666666667,100.16652800877802,3,BDL-Tolerance
sleep,gru,density_custom,objective_e20_bs32_eval5,none,1.0,1.0,0.75,0.6451689087709823,0.02907521089458537,3,0.16411656571377942,0.015520597391879167,3,0.2615651335557441,0.02173686822377277,3,0.5656094935708891,0.011935448235711115,3,0.1505798607600163,0.014363964330579172,3,0.7784242178947828,0.004197416899769051,3,0.1466685151931914,0.004498765150127691,3,0.06081068883539408,0.0037186692277885623,3,7718.666666666667,171.74787723093786,3,BDL-Tolerance
sleep,gru,density_custom,objective_e20_bs32_eval5,none,0.25,1.0,0.65,0.37055563641840444,0.008658648547921722,3,0.19147572432887586,0.0011526713508089176,3,0.25247004501818665,0.002748048806979508,3,0.5433470279079482,0.002312314796152786,3,0.1444744013691749,0.0018007885925358546,3,0.7286306236845276,0.002791026950337835,3,0.2490780649305394,0.0017321146079770807,3,0.12369929529561863,0.0025220097306556223,3,8608.0,42.930175867331364,3,BDL-Tolerance
sleep,gru,density_custom,objective_e20_bs32_eval5,none,1.0,0.5,0.75,0.8481356415163757,0.04204847156676398,3,0.13042171235825364,0.016579024972929943,3,0.22590638791246334,0.02588623700436609,3,0.5509906737140083,0.014135069209650677,3,0.12749601201439484,0.016426621965894568,3,0.7863568155035819,0.004630989007178972,3,0.1347419946868673,0.004629402393878063,3,0.03675060267115134,0.0036780250097591424,3,7910.333333333333,179.58099379759923,3,BDL-Tolerance
sleep,gru,density_custom,objective_e20_bs32_eval5,none,0.25,1.0,0.7000000000000001,0.37486468036276926,0.007981572529538501,3,0.1442966807511957,0.003530717731172263,3,0.20836610238746192,0.004403128513366184,3,0.5255563962056338,0.0024643827730359085,3,0.11630398090676843,0.0027431315315032396,3,0.7376160798901391,0.0017394316375824838,3,0.2490780649305394,0.0017321146079770807,3,0.0921323641885581,0.002128532036714688,3,8868.666666666666,69.71609092120197,3,BDL-Tolerance
sleep,gru,density_custom,objective_e20_bs32_eval5,none,0.5,0.5,0.65,0.7512019437481121,0.03968005826670141,3,0.1166670349042348,0.015229589613566892,3,0.20186918763219053,0.0242800083065324,3,0.5369597184333051,0.013287864556432135,3,0.11240084583469327,0.014965540409478903,3,0.7794589707205648,0.0043378071608816664,3,0.17979125913452987,0.0030886375392096717,3,0.03706499683389349,0.002958710261877424,3,8156.333333333333,175.79912779457518,3,BDL-Tolerance
sleep,gru,density_custom,objective_e20_bs32_eval5,none,0.5,1.0,0.7000000000000001,0.4797995978295036,0.014051500705989593,3,0.10854661541692416,0.002287696032014333,3,0.1770304213145021,0.003676355259037012,3,0.51775067133679,0.002202804951279854,3,0.0971139854535274,0.002211362088763581,3,0.7584779071138695,0.0015522431552886552,3,0.1992604893029266,0.0028933037522578912,3,0.05415935492609427,0.0012935380271894776,3,8662.0,11.532562594670797,3,BDL-Tolerance
sleep,gru,density_custom,objective_e20_bs32_eval5,none,1.0,0.2393167939518393,0.75,0.8228469176612615,0.05754637976141491,3,0.0970112946273246,0.016575480172247,3,0.17336491420656616,0.027278450009554027,3,0.522894726466832,0.014794260862130384,3,0.09507232871757011,0.016361714720941098,3,0.7789665898853793,0.004576633550670629,3,0.13166342944518683,0.004639171009392186,3,0.028149480177438693,0.0037867669451347183,3,8296.333333333334,191.59679885982766,3,BDL-Tolerance
sleep,gru,density_custom,objective_e20_bs32_eval5,none,1.0,0.0,0.75,0.8199069241965226,0.05942275303584404,3,0.09357519176808264,0.01608563647576765,3,0.16780330956373782,0.02671828672436415,3,0.5199348952114092,0.014506713762791668,3,0.09174053321078145,0.015910549387154194,3,0.7782302885301489,0.004520585492444115,3,0.13073167217370957,0.004612935467782647,3,0.027241147292743934,0.0035844830300725944,3,8339.666666666666,185.00090089870753,3,BDL-Tolerance
sleep,gru,density_custom,objective_e20_bs32_eval5,none,0.25,1.0,0.75,0.36507565897554484,0.003423586312510416,3,0.10856915601957952,0.0010190241169709513,3,0.16736250627522678,0.0012905373104231451,3,0.5071720359091517,0.000687817600981239,3,0.09132366232121365,0.0007687018240375061,3,0.7414741846955283,0.0006824938854843237,3,0.2490780649305394,0.0017321146079770807,3,0.07117386603395809,0.0009111947704729309,3,9083.333333333334,27.428695436227514,3,BDL-Tolerance
sleep,gru,density_custom,objective_e20_bs32_eval5,none,0.25,1.0,0.8,0.4162315373679992,0.005476196553500128,3,0.08744046547014006,0.0008910003671827742,3,0.1445201767975782,0.0015288147172458442,3,0.4998383183808666,0.0009324696118825361,3,0.07788879180913688,0.0008878033975622557,3,0.7522586815836857,0.0005835633956868748,3,0.2490780649305394,0.0017321146079770807,3,0.050276468180415944,0.0002636836024209377,3,9053.0,14.0,3,BDL-Tolerance
sleep,gru,density_custom,objective_e20_bs32_eval5,none,0.5,1.0,0.75,0.4394353492546268,0.014305700520780522,3,0.07439291573407714,0.0007891287802513785,3,0.12722799854077046,0.0009475637457047624,3,0.49261408119287026,0.0006085227976426528,3,0.06793584049595314,0.0005404950111882025,3,0.7557420396562318,0.0013307277570537629,3,0.1992604893029266,0.0028933037522578912,3,0.04054811456434631,0.0015858047326718764,3,9014.0,31.480152477394387,3,BDL-Tolerance
sleep,gru,density_custom,objective_e20_bs32_eval5,none,0.5,0.2393167939518393,0.65,0.6650008479348136,0.060703445111664235,3,0.06933366630936465,0.01163776310716554,3,0.1255310679821148,0.020178129170994444,3,0.49623865360162894,0.01105121266581093,3,0.0670511254186078,0.011461871916522379,3,0.7690360284547948,0.0036034596032581186,3,0.1749172712725391,0.0031141229602186576,3,0.024832599061533556,0.001970552752969164,3,8685.666666666666,137.43847108191142,3,BDL-Tolerance
sleep,gru,density_custom,objective_e20_bs32_eval5,none,2.0,1.0,0.9,0.6171727875259809,0.025854777322507894,3,0.06873968795325303,0.008351511796643877,3,0.12365289933278999,0.014004742042876786,3,0.4946404454568998,0.00745546495659039,3,0.06594052044207475,0.007969329539111263,3,0.7669862308548829,0.0018678949196011077,3,0.10536306938607833,0.006503234134106978,3,0.02659809866972254,0.002153205692376542,3,8547.666666666666,175.77637308049506,3,BDL-Tolerance
sleep,gru,density_custom,objective_e20_bs32_eval5,none,0.5,0.0,0.65,0.6570358295550701,0.06153602060705335,3,0.0653021344611669,0.010500456045441257,3,0.11876652337176478,0.018395245222289466,3,0.4926760020233629,0.01010338919573466,3,0.06319983499703483,0.010366001091967118,3,0.7682568393882448,0.0033686421309552525,3,0.17362683400297937,0.0030914070572386192,3,0.023682161574832484,0.0016575434440024158,3,8731.666666666666,128.13014217323493,3,BDL-Tolerance
sleep,gru,density_custom,objective_e20_bs32_eval5,none,1.0,1.0,0.8,0.46595204579356714,0.020596684661324402,3,0.061058252282012844,0.0027042344220954938,3,0.10795890980893941,0.004610316040642479,3,0.48416369244450913,0.0025797079843292796,3,0.05706368048541966,0.0025763205511616753,3,0.7585341738683841,0.0013215817128000005,3,0.1466685151931914,0.004498765150127691,3,0.031373562540644516,0.0011083779253454014,3,8980.666666666666,49.36935621752971,3,BDL-Tolerance
sleep,gru,density_custom,objective_e20_bs32_eval5,none,0.25,1.0,0.8500000000000001,0.38710689002002513,0.0032064110436111682,3,0.058450126015359295,0.0008762959706437517,3,0.10156433430771793,0.0014292960409469926,3,0.4790317335029819,0.0007524278873516961,3,0.053499358229227606,0.0007928164718494067,3,0.7525256482400122,0.00018417493235914595,3,0.2490780649305394,0.0017321146079770807,3,0.03613375133630204,0.0002700439358564947,3,9245.666666666666,12.220201853215821,3,BDL-Tolerance
sleep,gru,density_custom,objective_e20_bs32_eval5,none,0.25,0.5,0.6000000000000001,0.5560612925146392,0.08099467002731456,3,0.05472724420154155,0.010115913916126781,3,0.09963319225102489,0.018037698798869087,3,0.48172223029879696,0.010081585113214444,3,0.05249143713208145,0.009961959961986485,3,0.7634095666407738,0.0038637464424967414,3,0.21147170560170658,0.0021336507925262213,3,0.023467936655651524,0.0011884190696027828,3,8913.666666666666,115.67771320930143,3,BDL-Tolerance
sleep,gru,density_custom,objective_e20_bs32_eval5,none,0.5,1.0,0.8,0.41204770349338854,0.005539436044364967,3,0.054850882754720526,0.00042690762795214257,3,0.09681294078121545,0.0007305864988173875,3,0.4775710427703655,0.00043402266591330404,3,0.05086895519465656,0.0004033634058828582,3,0.7550762653530528,0.00041623615515724204,3,0.1992604893029266,0.0028933037522578912,3,0.03186041550768368,0.0004182504309624097,3,9203.333333333334,7.09459888459779,3,BDL-Tolerance
sleep,gru,density_custom,objective_e20_bs32_eval5,none,0.25,1.0,0.9,0.39298328481384864,0.006267306378439975,3,0.0484183303751582,0.00012370706763394787,3,0.08621274072028746,0.0001818417604173025,3,0.4721630084151909,0.00020438082233158045,3,0.045048242609214716,9.930201756808841e-05,3,0.7543669090169517,0.00048008680790802695,3,0.2490780649305394,0.0017321146079770807,3,0.02949093621897664,0.0005123966104851635,3,9273.0,12.489995996796797,3,BDL-Tolerance
sleep,gru,density_custom,objective_e20_bs32_eval5,none,0.5,1.0,0.8500000000000001,0.40748160069025147,0.002573535379789328,3,0.04812474460492907,0.00011817141544799303,3,0.08608244745120221,0.00013553920875277064,3,0.4724613455439157,2.8025754549698307e-05,3,0.04497709633485463,7.400169661624934e-05,3,0.7554522939103937,0.00019143653551588924,3,0.1992604893029266,0.0028933037522578912,3,0.028265031314972478,0.0002460577361541449,3,9243.0,8.717797887081348,3,BDL-Tolerance
sleep,gru,density_custom,objective_e20_bs32_eval5,none,1.0,1.0,0.8500000000000001,0.4445229135811826,0.009464353725023399,3,0.04534867968977882,0.0018575656717116785,3,0.08229912294170538,0.0032155707177212423,3,0.4714545890433764,0.0016984069989165928,3,0.04291746934398841,0.001747276520900788,3,0.7579806393227866,0.00040832729027544734,3,0.1466685151931914,0.004498765150127691,3,0.024407967991987745,0.0005291785210521788,3,9160.0,17.349351572897472,3,BDL-Tolerance
sleep,gru,density_custom,objective_e20_bs32_eval5,none,2.0,0.5,0.9,0.8972811763045123,0.015114025518085711,3,0.04274758341306235,0.008247675043990425,3,0.08151683555913355,0.014971093966728964,3,0.4749423816117772,0.00789104961122648,3,0.04253267904398153,0.008155087264228958,3,0.7697378006626178,0.0017198025454308306,3,0.09671778825058869,0.006631585418151654,3,0.011405834608748708,0.002244406869497515,3,8797.333333333334,180.35890145300084,3,BDL-Tolerance
sleep,gru,density_custom,objective_e20_bs32_eval5,none,0.5,1.0,0.9,0.40669739749426764,0.0091708417280297,3,0.04095984581335086,0.0010741837608953047,3,0.07442412804908936,0.0019267585474799184,3,0.46701294549974204,0.0010821373883572686,3,0.03865101538815371,0.0010390058351823187,3,0.7561869128709707,0.00042505124409965495,3,0.1992604893029266,0.0028933037522578912,3,0.02410105113881561,8.957394773916879e-05,3,9256.333333333334,10.263202878893576,3,BDL-Tolerance
sleep,gru,density_custom,objective_e20_bs32_eval5,none,1.0,1.0,0.9,0.4429756759877536,0.00706636467724754,3,0.03748011238164231,0.0009302932882780203,3,0.06911206075972254,0.0016587186106976205,3,0.465141019661979,0.0008884017389214156,3,0.035793399922975144,0.0008893515280929313,3,0.7583752276306671,0.0002710197442106193,3,0.1466685151931914,0.004498765150127691,3,0.020247219081752203,0.0002628892461768517,3,9215.666666666666,13.613718571108347,3,BDL-Tolerance
sleep,gru,density_custom,objective_e20_bs32_eval5,none,0.25,1.0,0.9500000000000001,0.3927802184154107,0.00801918371972861,3,0.03773932931217909,0.0007399362728913994,3,0.06886197644295694,0.0013462343512407244,3,0.464151300303526,0.0007734171434876458,3,0.03565908979841647,0.0007217378787645921,3,0.7557516266352877,0.00038145064905262136,3,0.2490780649305394,0.0017321146079770807,3,0.02299489000663985,0.00017913320000311102,3,9287.666666666666,1.1547005383795141,3,BDL-Tolerance
sleep,gru,density_custom,objective_e20_bs32_eval5,none,0.5,1.0,0.9500000000000001,0.40949452578610507,0.013427308385323779,3,0.03172388966888301,0.001266719245833992,3,0.05888556267814465,0.002318609989901181,3,0.4597958706224648,0.001286268465112378,3,0.030336936221591296,0.001230611974251888,3,0.7573298463434247,0.00047596739261104555,3,0.1992604893029266,0.0028933037522578912,3,0.018537478839213917,0.0001935570631852988,3,9267.666666666666,13.613718571108347,3,BDL-Tolerance
sleep,gru,density_custom,objective_e20_bs32_eval5,none,2.0,0.2393167939518393,0.9,0.8754296259798707,0.024260921343327125,3,0.030287316804599534,0.008474647778612636,3,0.05845309172046531,0.015786531782800473,3,0.4627200707404148,0.008311488598921182,3,0.03015198358544094,0.00839950988565146,3,0.766905636139589,0.0017780153303572127,3,0.09434615267035888,0.006652249556855788,3,0.008274097018732584,0.0022970618126948545,3,8986.666666666666,176.52572994703462,3,BDL-Tolerance
sleep,gru,density_custom,objective_e20_bs32_eval5,none,2.0,0.0,0.9,0.8738517824385482,0.028389351562647918,3,0.028776761665264012,0.008298233461126653,3,0.055629566934569157,0.015521595912926489,3,0.46123335909303487,0.008183470650898153,3,0.028654396193439485,0.008233149727538849,3,0.7665888919652678,0.0017832341973636084,3,0.09345766170109016,0.006643265385855383,3,0.007867838766987378,0.0022092909876294605,3,9018.666666666666,171.23473167945045,3,BDL-Tolerance
sleep,gru,density_custom,objective_e20_bs32_eval5,none,1.0,1.0,0.9500000000000001,0.43198845098255906,0.009057229347929244,3,0.027866880110551617,0.0005956645698110518,3,0.05235631340026942,0.0011170364058755427,3,0.45701404216115865,0.000637277114734718,3,0.026882099882743638,0.0005891288338225075,3,0.7585833104741297,0.0002799857056634185,3,0.1466685151931914,0.004498765150127691,3,0.015437920385025896,5.3542631053900104e-05,3,9241.666666666666,21.57158624981801,3,BDL-Tolerance
sleep,gru,density_custom,objective_e20_bs32_eval5,none,2.0,1.0,0.9500000000000001,0.5067681349518912,0.020386484352601902,3,0.027051178103567598,0.0006550905044170153,3,0.0513587968040962,0.0012374949896823213,3,0.45726779973700143,0.0007156199073948262,3,0.02635648587440371,0.0006515689677371033,3,0.76084690571839,0.0005087858783096164,3,0.10536306938607833,0.006503234134106978,3,0.012783902762502701,0.000437019817150688,3,9123.666666666666,43.92417709341116,3,BDL-Tolerance
sleep,gru,density_custom,objective_e20_bs32_eval5,none,0.25,0.2393167939518393,0.6000000000000001,0.39231306981876646,0.09245095913937297,3,0.023596328604493438,0.004993974144438755,3,0.04451410357958452,0.009483136099746806,3,0.452826375730703,0.0055621638119059055,3,0.02277969709939075,0.0049465963899690225,3,0.7575175001089551,0.0028077404217088015,3,0.2018692105645603,0.002219038033560601,3,0.014459701360528522,0.0004188520376854392,3,9274.0,66.18912297349165,3,BDL-Tolerance
sleep,gru,density_custom,objective_e20_bs32_eval5,none,0.25,0.0,0.6000000000000001,0.38361377703575966,0.09171342861611234,3,0.02113103387941849,0.0044110350162035695,3,0.040054183544615984,0.008426417328439469,3,0.4506500617612152,0.004973619958411278,3,0.02044891925421065,0.00437734284534106,3,0.757538276347689,0.002590675274688584,3,0.19909059072479188,0.0022223069879906496,3,0.013258952262292055,0.0004796976983588566,3,9301.333333333334,57.72636601530798,3,BDL-Tolerance
sleep,gru,density_custom,objective_e20_bs32_eval5,none,1.0,0.5,0.8,0.7045747024360235,0.13134576336283765,3,0.01618404111941543,0.0028446780903412265,3,0.031616719346473705,0.005440572869534283,3,0.4482426012462888,0.0028675634766533262,3,0.01606745855781155,0.0028115002724045535,3,0.762832718912124,0.0010626490227367415,3,0.1347419946868673,0.004629402393878063,3,0.005596712803803088,0.0012160811187067297,3,9322.333333333334,46.36090306856978,3,BDL-Tolerance
sleep,gru,density_custom,objective_e20_bs32_eval5,none,0.5,0.5,0.7000000000000001,0.3946969826611328,0.12253952171686051,3,0.009424203652782771,0.0015980888815183912,3,0.01838742481010709,0.0031140344019981126,3,0.44057152578466785,0.001875953350712187,3,0.00928068336879156,0.0015867170132456516,3,0.7591822696753652,0.0017581044241700165,3,0.17979125913452987,0.0030886375392096717,3,0.006011676780261954,0.001558656927806285,3,9404.333333333334,2.5166114784236133,3,BDL-Tolerance
sleep,gru,density_custom,objective_e20_bs32_eval5,none,1.0,0.2393167939518393,0.8,0.596541355224085,0.19507233629762138,3,0.009107184582763403,0.0024100234610645527,3,0.017925420651969556,0.00470664623226699,3,0.4410159970343157,0.002576844674626702,3,0.00904755981447621,0.0023958679159779036,3,0.7612502798650153,0.0011917926346967154,3,0.13166342944518683,0.004639171009392186,3,0.0037919306156944887,0.0009942706179310204,3,9415.0,35.156791662493895,3,BDL-Tolerance
sleep,gru,density_custom,objective_e20_bs32_eval5,none,1.0,0.0,0.8,0.5891904609968205,0.19699110324895133,3,0.00873068956613357,0.0022756276637294127,3,0.017191303101879853,0.0044458899460291,3,0.4406283646211501,0.0024333141772620906,3,0.008673558138475958,0.0022616665639755605,3,0.7611650919452712,0.0011671872662890235,3,0.13073167217370957,0.004612935467782647,3,0.0036969153748012107,0.0010002321239473075,3,9419.666666666666,35.9072880253207,3,BDL-Tolerance
sleep,gru,density_custom,objective_e20_bs32_eval5,none,0.5,0.2393167939518393,0.7000000000000001,0.2998713646207259,0.11644201184440678,3,0.00565757967935658,0.000837735590426434,3,0.011089576585798124,0.0016605763480366078,3,0.43676116044079283,0.0012263279727046227,3,0.005576171735226759,0.0008396192530421199,3,0.7584663172840361,0.001768869898034334,3,0.1749172712725391,0.0031141229602186576,3,0.004924796424906021,0.0016003144836952813,3,9456.333333333334,11.060440015358251,3,BDL-Tolerance
sleep,gru,density_custom,objective_e20_bs32_eval5,none,0.5,0.0,0.7000000000000001,0.2918969792181597,0.11398010432123569,3,0.005404611628763861,0.0007948898830460227,3,0.010596968121920283,0.0015744920944119197,3,0.43650618258797097,0.0011712155903695705,3,0.005327127386011575,0.0007957338414348848,3,0.7584248983299536,0.0017543334026020043,3,0.17362683400297937,0.0030914070572386192,3,0.004845136373308312,0.0016071727855872429,3,9457.0,12.12435565298214,3,BDL-Tolerance
sleep,gru,density_custom,objective_e20_bs32_eval5,none,0.25,0.5,0.65,0.13821552477250687,0.06506520080538464,3,0.00258569725114003,0.001178486555158195,3,0.005068642964699954,0.002309669168254763,3,0.4333474108092807,0.0014694780792026561,3,0.002541657060900958,0.0011614682522296603,3,0.7570438659570486,0.0019493281301167715,3,0.21147170560170658,0.0021336507925262213,3,0.004876941643657917,0.0018473112950255432,3,9500.666666666666,4.509249752822659,3,BDL-Tolerance
sleep,gru,density_custom,objective_e20_bs32_eval5,none,0.25,0.2393167939518393,0.65,0.11287782885689612,0.060995281737765465,3,0.001894638081611711,0.0010547281402316076,3,0.0037212190464924228,0.002070655628752401,3,0.432724776324011,0.0013499529226579747,3,0.001864796851250238,0.0010397710239237676,3,0.7571611528985898,0.001865832532700329,3,0.2018692105645603,0.002219038033560601,3,0.004428890572351729,0.0017608819398735101,3,9513.333333333334,8.144527815247338,3,BDL-Tolerance
sleep,gru,density_custom,objective_e20_bs32_eval5,none,0.25,0.0,0.65,0.11082196337081984,0.08139417537879236,3,0.0016383224167632454,0.0013416055612496447,3,0.003224917581624701,0.0026362364726726963,3,0.432560540609832,0.001708022258779931,3,0.0016162273068083162,0.0013228134367027156,3,0.7574051001233114,0.0018602851746834436,3,0.19909059072479188,0.0022223069879906496,3,0.004062262061327611,0.0015911314664885266,3,9518.666666666666,3.2145502536644126,3,BDL-Tolerance
sleep,gru,density_custom,objective_e20_bs32_eval5,none,1.0,0.5,0.8500000000000001,0.48686403054402433,0.11680180993152925,3,0.0013192947781904267,0.0007045746715324154,3,0.0026304699678385865,0.001401524426705685,3,0.43332639690167446,0.0007085474429042792,3,0.0013172958653709227,0.0007027944457479416,3,0.7606735656597508,0.00011379671015852281,3,0.1347419946868673,0.004629402393878063,3,0.0006410991815977858,0.0002909282035442138,3,9549.666666666666,15.373136743467093,3,BDL-Tolerance
sleep,gru,density_custom,objective_e20_bs32_eval5,none,0.5,0.5,0.75,0.21964600634699238,0.17242788025873726,3,0.0009764990784017954,0.0006927820369523916,3,0.0019380555379189862,0.0013713916667840132,3,0.43261104370814246,0.0007244302146826315,3,0.000970282184621296,0.0006872987977197568,3,0.7595111377730607,0.0010604783326341029,3,0.17979125913452987,0.0030886375392096717,3,0.0016394535325801333,0.001142962151590809,3,9539.666666666666,24.94660965609012,3,BDL-Tolerance
sleep,gru,density_custom,objective_e20_bs32_eval5,none,1.0,0.2393167939518393,0.8500000000000001,0.42152686363430053,0.07276855406356099,3,0.0009561902185835887,0.0003356063571949766,3,0.0019075896149361251,0.0006677082648745828,3,0.43294374731904367,0.0003151009068403014,3,0.0009547799329805316,0.00033455346066910027,3,0.7605870425061548,8.462015223724878e-05,3,0.13166342944518683,0.004639171009392186,3,0.0005538282970448818,0.00021532921350954346,3,9553.666666666666,11.846237095944696,3,BDL-Tolerance
sleep,gru,density_custom,objective_e20_bs32_eval5,none,1.0,0.0,0.8500000000000001,0.42087308456960776,0.0728251324108099,3,0.0009510572100581079,0.000326762649235488,3,0.0018973740695835944,0.0006501044974081965,3,0.43293846730424185,0.0003058335235417331,3,0.0009496585493063069,0.0003257280715848922,3,0.7605862146611667,8.555643411816671e-05,3,0.13073167217370957,0.004612935467782647,3,0.0005521993117456996,0.00021322570746440929,3,9553.666666666666,11.846237095944696,3,BDL-Tolerance
sleep,gru,density_custom,objective_e20_bs32_eval5,none,0.5,0.2393167939518393,0.75,0.17259906933757319,0.12560301426393602,3,0.0007346897419949058,0.00045194284389391573,3,0.0014584410359751304,0.0008948456964648182,3,0.43236664560912014,0.0004399643705582879,3,0.0007298864450634774,0.0004481629856099815,3,0.759482991043465,0.001016898945032343,3,0.1749172712725391,0.0031141229602186576,3,0.0015518621919028,0.0011161855473018328,3,9543.0,23.388031127053,3,BDL-Tolerance
sleep,gru,density_custom,objective_e20_bs32_eval5,none,0.5,0.0,0.75,0.17228344298062107,0.12425247300788107,3,0.000695076306635217,0.0003866618127084184,3,0.0013805024609354853,0.0007657403919723372,3,0.4323530822328996,0.00036889273194745274,3,0.0006908259497513995,0.00038345563653575395,3,0.7595592863057562,0.0009386192057276928,3,0.17362683400297937,0.0030914070572386192,3,0.0014566066089162003,0.001031743423957506,3,9544.333333333334,22.233608194203182,3,BDL-Tolerance
sleep,gru,density_custom,objective_e20_bs32_eval5,none,2.0,0.5,0.9500000000000001,1.0,0.0,3,0.0003136714557636209,0.00026301278706789867,3,0.0006270540469775235,0.0005256907622969721,3,0.4323706042113387,0.00027829184294804216,3,0.0003136714557636209,0.00026301278706789867,3,0.7607582728953082,6.294337696947733e-05,3,0.09671778825058869,0.006631585418151654,3,7.506684714755595e-05,6.294337696942728e-05,3,9570.0,7.211102550927978,3,BDL-Tolerance
sleep,gru,density_custom,objective_e20_bs32_eval5,none,2.0,0.2393167939518393,0.9500000000000001,1.0,0.0,3,0.0002847703860223268,0.00022046939508704074,3,0.0005693138740333857,0.0004407025296241519,3,0.43234003669509374,0.00023329902101969148,3,0.0002847703860223268,0.00022046939508704074,3,0.760751356383956,5.2762028796740885e-05,3,0.09434615267035888,0.006652249556855788,3,6.815033579529092e-05,5.2762028796731974e-05,3,9571.333333333334,5.033222956846956,3,BDL-Tolerance
sleep,gru,density_custom,objective_e20_bs32_eval5,none,2.0,0.0,0.9500000000000001,1.0,0.0,3,0.0002784099189364049,0.00021154865049805108,3,0.0005566052336855212,0.00042287981664462364,3,0.4323333088146657,0.00022386372903425113,3,0.0002784099189364049,0.00021154865049805108,3,0.760749834217365,5.062714480206782e-05,3,0.09345766170109016,0.006643265385855383,3,6.66281692042519e-05,5.0627144802031756e-05,3,9571.333333333334,5.033222956846956,3,BDL-Tolerance
sleep,gru,density_custom,objective_e20_bs32_eval5,none,0.25,0.0,0.7000000000000001,0.007461873638344226,0.012924344261271035,3,6.114975373833663e-05,0.00010591448034512395,3,0.00012130541449373917,0.0002101071411363583,3,0.4316239196975015,0.00032421960018647115,3,6.066374550805998e-05,0.00010507268939738813,3,0.7592146891532865,0.0010626594656141563,3,0.19909059072479188,0.0022223069879906496,3,0.0014977852209053615,0.0010804464871959614,3,9565.666666666666,6.80685928555379,3,BDL-Tolerance
sleep,gru,density_custom,objective_e20_bs32_eval5,none,0.25,0.2393167939518393,0.7000000000000001,0.006866135418232847,0.011892495396027476,3,6.114975373833663e-05,0.00010591448034512395,3,0.0001212199236889612,0.0002099590667189029,3,0.4316011098695014,0.0003298129396908075,3,6.0620984551162446e-05,0.00010499862524746135,3,0.7591442689199432,0.0011042371967857686,3,0.2018692105645603,0.002219038033560601,3,0.0015682054542486927,0.001125263124775259,3,9563.666666666666,8.621678104251506,3,BDL-Tolerance
sleep,gru,density_custom,objective_e20_bs32_eval5,none,0.25,0.5,0.7000000000000001,0.006237550509362017,0.010803754396992143,3,6.114975373833663e-05,0.00010591448034512395,3,0.00012111218557657744,0.0002097724588343427,3,0.43155886566850743,0.0003609508762691283,3,6.056709590832794e-05,0.00010490528738012106,3,0.7590138165726236,0.0012131171692041582,3,0.21147170560170658,0.0021336507925262213,3,0.0016986578015684404,0.0012352876058408942,3,9563.0,11.789826122551595,3,BDL-Tolerance
sleep,gru,density_custom,objective_e20_bs32_eval5,none,0.25,0.0,0.75,0.0,0.0,3,0.0,0.0,3,0.0,0.0,3,0.4319734633778984,8.58563586828855e-05,3,0.0,0.0,3,0.7604811584617082,0.00026607469068476474,3,0.19909059072479188,0.0022223069879906496,3,0.00020204758645265327,0.0002660746906847629,3,9571.666666666666,7.767453465154097,3,BDL-Tolerance
sleep,gru,density_custom,objective_e20_bs32_eval5,none,0.25,0.0,0.8,0.0,0.0,3,0.0,0.0,3,0.0,0.0,3,0.4320386560371119,0.0,3,0.0,0.0,3,0.7606832060481606,0.0,3,0.19909059072479188,0.0022223069879906496,3,0.0,0.0,3,9578.0,0.0,3,BDL-Tolerance
sleep,gru,density_custom,objective_e20_bs32_eval5,none,0.25,0.0,0.8500000000000001,0.0,0.0,3,0.0,0.0,3,0.0,0.0,3,0.4320386560371119,0.0,3,0.0,0.0,3,0.7606832060481606,0.0,3,0.19909059072479188,0.0022223069879906496,3,0.0,0.0,3,9578.0,0.0,3,BDL-Tolerance
sleep,gru,density_custom,objective_e20_bs32_eval5,none,0.25,0.0,0.9,0.0,0.0,3,0.0,0.0,3,0.0,0.0,3,0.4320386560371119,0.0,3,0.0,0.0,3,0.7606832060481606,0.0,3,0.19909059072479188,0.0022223069879906496,3,0.0,0.0,3,9578.0,0.0,3,BDL-Tolerance
sleep,gru,density_custom,objective_e20_bs32_eval5,none,0.25,0.0,0.9500000000000001,0.0,0.0,3,0.0,0.0,3,0.0,0.0,3,0.4320386560371119,0.0,3,0.0,0.0,3,0.7606832060481606,0.0,3,0.19909059072479188,0.0022223069879906496,3,0.0,0.0,3,9578.0,0.0,3,BDL-Tolerance
sleep,gru,density_custom,objective_e20_bs32_eval5,none,0.25,0.0,1.0,0.0,0.0,3,0.0,0.0,3,0.0,0.0,3,0.4320386560371119,0.0,3,0.0,0.0,3,0.7606832060481606,0.0,3,0.19909059072479188,0.0022223069879906496,3,0.0,0.0,3,9578.0,0.0,3,BDL-Tolerance
sleep,gru,density_custom,objective_e20_bs32_eval5,none,0.25,0.2393167939518393,0.75,0.0,0.0,3,0.0,0.0,3,0.0,0.0,3,0.43196818821650446,9.477879570992855e-05,3,0.0,0.0,3,0.7604648151993622,0.0002937174430884093,3,0.2018692105645603,0.002219038033560601,3,0.00021839084879854585,0.0002937174430883868,3,9571.0,8.888194417315589,3,BDL-Tolerance
sleep,gru,density_custom,objective_e20_bs32_eval5,none,0.25,0.2393167939518393,0.8,0.0,0.0,3,0.0,0.0,3,0.0,0.0,3,0.4320386560371119,0.0,3,0.0,0.0,3,0.7606832060481606,0.0,3,0.2018692105645603,0.002219038033560601,3,0.0,0.0,3,9578.0,0.0,3,BDL-Tolerance
sleep,gru,density_custom,objective_e20_bs32_eval5,none,0.25,0.2393167939518393,0.8500000000000001,0.0,0.0,3,0.0,0.0,3,0.0,0.0,3,0.4320386560371119,0.0,3,0.0,0.0,3,0.7606832060481606,0.0,3,0.2018692105645603,0.002219038033560601,3,0.0,0.0,3,9578.0,0.0,3,BDL-Tolerance
sleep,gru,density_custom,objective_e20_bs32_eval5,none,0.25,0.2393167939518393,0.9,0.0,0.0,3,0.0,0.0,3,0.0,0.0,3,0.4320386560371119,0.0,3,0.0,0.0,3,0.7606832060481606,0.0,3,0.2018692105645603,0.002219038033560601,3,0.0,0.0,3,9578.0,0.0,3,BDL-Tolerance
sleep,gru,density_custom,objective_e20_bs32_eval5,none,0.25,0.2393167939518393,0.9500000000000001,0.0,0.0,3,0.0,0.0,3,0.0,0.0,3,0.4320386560371119,0.0,3,0.0,0.0,3,0.7606832060481606,0.0,3,0.2018692105645603,0.002219038033560601,3,0.0,0.0,3,9578.0,0.0,3,BDL-Tolerance
sleep,gru,density_custom,objective_e20_bs32_eval5,none,0.25,0.2393167939518393,1.0,0.0,0.0,3,0.0,0.0,3,0.0,0.0,3,0.4320386560371119,0.0,3,0.0,0.0,3,0.7606832060481606,0.0,3,0.2018692105645603,0.002219038033560601,3,0.0,0.0,3,9578.0,0.0,3,BDL-Tolerance
sleep,gru,density_custom,objective_e20_bs32_eval5,none,0.25,0.5,0.75,0.0,0.0,3,0.0,0.0,3,0.0,0.0,3,0.4319423080688855,0.00013900970231158811,3,0.0,0.0,3,0.7603846477589008,0.00043072773200647247,3,0.21147170560170658,0.0021336507925262213,3,0.00029855828925993435,0.0004307277320064822,3,9567.0,15.716233645501712,3,BDL-Tolerance
sleep,gru,density_custom,objective_e20_bs32_eval5,none,0.25,0.5,0.8,0.0,0.0,3,0.0,0.0,3,0.0,0.0,3,0.4320386560371119,0.0,3,0.0,0.0,3,0.7606832060481606,0.0,3,0.21147170560170658,0.0021336507925262213,3,0.0,0.0,3,9578.0,0.0,3,BDL-Tolerance
sleep,gru,density_custom,objective_e20_bs32_eval5,none,0.25,0.5,0.8500000000000001,0.0,0.0,3,0.0,0.0,3,0.0,0.0,3,0.4320386560371119,0.0,3,0.0,0.0,3,0.7606832060481606,0.0,3,0.21147170560170658,0.0021336507925262213,3,0.0,0.0,3,9578.0,0.0,3,BDL-Tolerance
sleep,gru,density_custom,objective_e20_bs32_eval5,none,0.25,0.5,0.9,0.0,0.0,3,0.0,0.0,3,0.0,0.0,3,0.4320386560371119,0.0,3,0.0,0.0,3,0.7606832060481606,0.0,3,0.21147170560170658,0.0021336507925262213,3,0.0,0.0,3,9578.0,0.0,3,BDL-Tolerance
sleep,gru,density_custom,objective_e20_bs32_eval5,none,0.25,0.5,0.9500000000000001,0.0,0.0,3,0.0,0.0,3,0.0,0.0,3,0.4320386560371119,0.0,3,0.0,0.0,3,0.7606832060481606,0.0,3,0.21147170560170658,0.0021336507925262213,3,0.0,0.0,3,9578.0,0.0,3,BDL-Tolerance
sleep,gru,density_custom,objective_e20_bs32_eval5,none,0.25,0.5,1.0,0.0,0.0,3,0.0,0.0,3,0.0,0.0,3,0.4320386560371119,0.0,3,0.0,0.0,3,0.7606832060481606,0.0,3,0.21147170560170658,0.0021336507925262213,3,0.0,0.0,3,9578.0,0.0,3,BDL-Tolerance
sleep,gru,density_custom,objective_e20_bs32_eval5,none,0.25,1.0,1.0,0.0,0.0,3,0.0,0.0,3,0.0,0.0,3,0.4320386560371119,0.0,3,0.0,0.0,3,0.7606832060481606,0.0,3,0.2490780649305394,0.0017321146079770807,3,0.0,0.0,3,9578.0,0.0,3,BDL-Tolerance
sleep,gru,density_custom,objective_e20_bs32_eval5,none,0.5,0.0,0.8,0.0,0.0,3,0.0,0.0,3,0.0,0.0,3,0.4319859371161143,4.645318237168994e-05,3,0.0,0.0,3,0.7605198001293788,0.00014398415721961395,3,0.17362683400297937,0.0030914070572386192,3,0.0001634059187818907,0.00014398415721962983,3,9572.333333333334,5.507570547286115,3,BDL-Tolerance
sleep,gru,density_custom,objective_e20_bs32_eval5,none,0.5,0.0,0.8500000000000001,0.0,0.0,3,0.0,0.0,3,0.0,0.0,3,0.4320386560371119,0.0,3,0.0,0.0,3,0.7606832060481606,0.0,3,0.17362683400297937,0.0030914070572386192,3,0.0,0.0,3,9578.0,0.0,3,BDL-Tolerance
sleep,gru,density_custom,objective_e20_bs32_eval5,none,0.5,0.0,0.9,0.0,0.0,3,0.0,0.0,3,0.0,0.0,3,0.4320386560371119,0.0,3,0.0,0.0,3,0.7606832060481606,0.0,3,0.17362683400297937,0.0030914070572386192,3,0.0,0.0,3,9578.0,0.0,3,BDL-Tolerance
sleep,gru,density_custom,objective_e20_bs32_eval5,none,0.5,0.0,0.9500000000000001,0.0,0.0,3,0.0,0.0,3,0.0,0.0,3,0.4320386560371119,0.0,3,0.0,0.0,3,0.7606832060481606,0.0,3,0.17362683400297937,0.0030914070572386192,3,0.0,0.0,3,9578.0,0.0,3,BDL-Tolerance
sleep,gru,density_custom,objective_e20_bs32_eval5,none,0.5,0.0,1.0,0.0,0.0,3,0.0,0.0,3,0.0,0.0,3,0.4320386560371119,0.0,3,0.0,0.0,3,0.7606832060481606,0.0,3,0.17362683400297937,0.0030914070572386192,3,0.0,0.0,3,9578.0,0.0,3,BDL-Tolerance
sleep,gru,density_custom,objective_e20_bs32_eval5,none,0.5,0.2393167939518393,0.8,0.0,0.0,3,0.0,0.0,3,0.0,0.0,3,0.43198587679931055,4.6497393678973256e-05,3,0.0,0.0,3,0.7605196131966396,0.00014412117851196518,3,0.1749172712725391,0.0031141229602186576,3,0.00016359285152114112,0.00014412117851191877,3,9572.333333333334,5.507570547286115,3,BDL-Tolerance
sleep,gru,density_custom,objective_e20_bs32_eval5,none,0.5,0.2393167939518393,0.8500000000000001,0.0,0.0,3,0.0,0.0,3,0.0,0.0,3,0.4320386560371119,0.0,3,0.0,0.0,3,0.7606832060481606,0.0,3,0.1749172712725391,0.0031141229602186576,3,0.0,0.0,3,9578.0,0.0,3,BDL-Tolerance
sleep,gru,density_custom,objective_e20_bs32_eval5,none,0.5,0.2393167939518393,0.9,0.0,0.0,3,0.0,0.0,3,0.0,0.0,3,0.4320386560371119,0.0,3,0.0,0.0,3,0.7606832060481606,0.0,3,0.1749172712725391,0.0031141229602186576,3,0.0,0.0,3,9578.0,0.0,3,BDL-Tolerance
sleep,gru,density_custom,objective_e20_bs32_eval5,none,0.5,0.2393167939518393,0.9500000000000001,0.0,0.0,3,0.0,0.0,3,0.0,0.0,3,0.4320386560371119,0.0,3,0.0,0.0,3,0.7606832060481606,0.0,3,0.1749172712725391,0.0031141229602186576,3,0.0,0.0,3,9578.0,0.0,3,BDL-Tolerance
sleep,gru,density_custom,objective_e20_bs32_eval5,none,0.5,0.2393167939518393,1.0,0.0,0.0,3,0.0,0.0,3,0.0,0.0,3,0.4320386560371119,0.0,3,0.0,0.0,3,0.7606832060481606,0.0,3,0.1749172712725391,0.0031141229602186576,3,0.0,0.0,3,9578.0,0.0,3,BDL-Tolerance
sleep,gru,density_custom,objective_e20_bs32_eval5,none,0.5,0.5,0.8,0.0,0.0,3,0.0,0.0,3,0.0,0.0,3,0.43198585094968706,4.651230555348714e-05,3,0.0,0.0,3,0.7605195330826086,0.00014416739714390086,3,0.17979125913452987,0.0030886375392096717,3,0.00016367296555224844,0.00014416739714384592,3,9572.333333333334,5.507570547286115,3,BDL-Tolerance
sleep,gru,density_custom,objective_e20_bs32_eval5,none,0.5,0.5,0.8500000000000001,0.0,0.0,3,0.0,0.0,3,0.0,0.0,3,0.4320386560371119,0.0,3,0.0,0.0,3,0.7606832060481606,0.0,3,0.17979125913452987,0.0030886375392096717,3,0.0,0.0,3,9578.0,0.0,3,BDL-Tolerance
sleep,gru,density_custom,objective_e20_bs32_eval5,none,0.5,0.5,0.9,0.0,0.0,3,0.0,0.0,3,0.0,0.0,3,0.4320386560371119,0.0,3,0.0,0.0,3,0.7606832060481606,0.0,3,0.17979125913452987,0.0030886375392096717,3,0.0,0.0,3,9578.0,0.0,3,BDL-Tolerance
sleep,gru,density_custom,objective_e20_bs32_eval5,none,0.5,0.5,0.9500000000000001,0.0,0.0,3,0.0,0.0,3,0.0,0.0,3,0.4320386560371119,0.0,3,0.0,0.0,3,0.7606832060481606,0.0,3,0.17979125913452987,0.0030886375392096717,3,0.0,0.0,3,9578.0,0.0,3,BDL-Tolerance
sleep,gru,density_custom,objective_e20_bs32_eval5,none,0.5,0.5,1.0,0.0,0.0,3,0.0,0.0,3,0.0,0.0,3,0.4320386560371119,0.0,3,0.0,0.0,3,0.7606832060481606,0.0,3,0.17979125913452987,0.0030886375392096717,3,0.0,0.0,3,9578.0,0.0,3,BDL-Tolerance
sleep,gru,density_custom,objective_e20_bs32_eval5,none,0.5,1.0,1.0,0.0,0.0,3,0.0,0.0,3,0.0,0.0,3,0.4320386560371119,0.0,3,0.0,0.0,3,0.7606832060481606,0.0,3,0.1992604893029266,0.0028933037522578912,3,0.0,0.0,3,9578.0,0.0,3,BDL-Tolerance
sleep,gru,density_custom,objective_e20_bs32_eval5,none,1.0,0.0,0.9,0.0,0.0,3,0.0,0.0,3,0.0,0.0,3,0.4320386560371119,0.0,3,0.0,0.0,3,0.7606832060481606,0.0,3,0.13073167217370957,0.004612935467782647,3,0.0,0.0,3,9578.0,0.0,3,BDL-Tolerance
sleep,gru,density_custom,objective_e20_bs32_eval5,none,1.0,0.0,0.9500000000000001,0.0,0.0,3,0.0,0.0,3,0.0,0.0,3,0.4320386560371119,0.0,3,0.0,0.0,3,0.7606832060481606,0.0,3,0.13073167217370957,0.004612935467782647,3,0.0,0.0,3,9578.0,0.0,3,BDL-Tolerance
sleep,gru,density_custom,objective_e20_bs32_eval5,none,1.0,0.0,1.0,0.0,0.0,3,0.0,0.0,3,0.0,0.0,3,0.4320386560371119,0.0,3,0.0,0.0,3,0.7606832060481606,0.0,3,0.13073167217370957,0.004612935467782647,3,0.0,0.0,3,9578.0,0.0,3,BDL-Tolerance
sleep,gru,density_custom,objective_e20_bs32_eval5,none,1.0,0.2393167939518393,0.9,0.0,0.0,3,0.0,0.0,3,0.0,0.0,3,0.4320386560371119,0.0,3,0.0,0.0,3,0.7606832060481606,0.0,3,0.13166342944518683,0.004639171009392186,3,0.0,0.0,3,9578.0,0.0,3,BDL-Tolerance
sleep,gru,density_custom,objective_e20_bs32_eval5,none,1.0,0.2393167939518393,0.9500000000000001,0.0,0.0,3,0.0,0.0,3,0.0,0.0,3,0.4320386560371119,0.0,3,0.0,0.0,3,0.7606832060481606,0.0,3,0.13166342944518683,0.004639171009392186,3,0.0,0.0,3,9578.0,0.0,3,BDL-Tolerance
sleep,gru,density_custom,objective_e20_bs32_eval5,none,1.0,0.2393167939518393,1.0,0.0,0.0,3,0.0,0.0,3,0.0,0.0,3,0.4320386560371119,0.0,3,0.0,0.0,3,0.7606832060481606,0.0,3,0.13166342944518683,0.004639171009392186,3,0.0,0.0,3,9578.0,0.0,3,BDL-Tolerance
sleep,gru,density_custom,objective_e20_bs32_eval5,none,1.0,0.5,0.9,0.0,0.0,3,0.0,0.0,3,0.0,0.0,3,0.4320386560371119,0.0,3,0.0,0.0,3,0.7606832060481606,0.0,3,0.1347419946868673,0.004629402393878063,3,0.0,0.0,3,9578.0,0.0,3,BDL-Tolerance
sleep,gru,density_custom,objective_e20_bs32_eval5,none,1.0,0.5,0.9500000000000001,0.0,0.0,3,0.0,0.0,3,0.0,0.0,3,0.4320386560371119,0.0,3,0.0,0.0,3,0.7606832060481606,0.0,3,0.1347419946868673,0.004629402393878063,3,0.0,0.0,3,9578.0,0.0,3,BDL-Tolerance
sleep,gru,density_custom,objective_e20_bs32_eval5,none,1.0,0.5,1.0,0.0,0.0,3,0.0,0.0,3,0.0,0.0,3,0.4320386560371119,0.0,3,0.0,0.0,3,0.7606832060481606,0.0,3,0.1347419946868673,0.004629402393878063,3,0.0,0.0,3,9578.0,0.0,3,BDL-Tolerance
sleep,gru,density_custom,objective_e20_bs32_eval5,none,1.0,1.0,1.0,0.0,0.0,3,0.0,0.0,3,0.0,0.0,3,0.4320386560371119,0.0,3,0.0,0.0,3,0.7606832060481606,0.0,3,0.1466685151931914,0.004498765150127691,3,0.0,0.0,3,9578.0,0.0,3,BDL-Tolerance
sleep,gru,density_custom,objective_e20_bs32_eval5,none,2.0,0.0,1.0,0.0,0.0,3,0.0,0.0,3,0.0,0.0,3,0.4320386560371119,0.0,3,0.0,0.0,3,0.7606832060481606,0.0,3,0.09345766170109016,0.006643265385855383,3,0.0,0.0,3,9578.0,0.0,3,BDL-Tolerance
sleep,gru,density_custom,objective_e20_bs32_eval5,none,2.0,0.2393167939518393,1.0,0.0,0.0,3,0.0,0.0,3,0.0,0.0,3,0.4320386560371119,0.0,3,0.0,0.0,3,0.7606832060481606,0.0,3,0.09434615267035888,0.006652249556855788,3,0.0,0.0,3,9578.0,0.0,3,BDL-Tolerance
sleep,gru,density_custom,objective_e20_bs32_eval5,none,2.0,0.5,1.0,0.0,0.0,3,0.0,0.0,3,0.0,0.0,3,0.4320386560371119,0.0,3,0.0,0.0,3,0.7606832060481606,0.0,3,0.09671778825058869,0.006631585418151654,3,0.0,0.0,3,9578.0,0.0,3,BDL-Tolerance
sleep,gru,density_custom,objective_e20_bs32_eval5,none,2.0,1.0,1.0,0.0,0.0,3,0.0,0.0,3,0.0,0.0,3,0.4320386560371119,0.0,3,0.0,0.0,3,0.7606832060481606,0.0,3,0.10536306938607833,0.006503234134106978,3,0.0,0.0,3,9578.0,0.0,3,BDL-Tolerance
sleep,gru,density_custom,objective_e20_bs32_eval5,none,4.0,0.0,1.0,0.0,0.0,3,0.0,0.0,3,0.0,0.0,3,0.4320386560371119,0.0,3,0.0,0.0,3,0.7606832060481606,0.0,3,0.08985772282976758,0.00837814274993365,3,0.0,0.0,3,9578.0,0.0,3,BDL-Tolerance
sleep,gru,density_custom,objective_e20_bs32_eval5,none,4.0,0.2393167939518393,1.0,0.0,0.0,3,0.0,0.0,3,0.0,0.0,3,0.4320386560371119,0.0,3,0.0,0.0,3,0.7606832060481606,0.0,3,0.09061661464721482,0.008372599709030796,3,0.0,0.0,3,9578.0,0.0,3,BDL-Tolerance
sleep,gru,density_custom,objective_e20_bs32_eval5,none,4.0,0.5,1.0,0.0,0.0,3,0.0,0.0,3,0.0,0.0,3,0.4320386560371119,0.0,3,0.0,0.0,3,0.7606832060481606,0.0,3,0.092462515908829,0.008341961649531287,3,0.0,0.0,3,9578.0,0.0,3,BDL-Tolerance
sleep,gru,density_custom,objective_e20_bs32_eval5,none,4.0,1.0,1.0,0.0,0.0,3,0.0,0.0,3,0.0,0.0,3,0.4320386560371119,0.0,3,0.0,0.0,3,0.7606832060481606,0.0,3,0.09897724601695712,0.00821174223885854,3,0.0,0.0,3,9578.0,0.0,3,BDL-Tolerance
sleep,gru,density_custom,objective_e20_bs32_eval5,none,8.0,0.0,1.0,0.0,0.0,3,0.0,0.0,3,0.0,0.0,3,0.4320386560371119,0.0,3,0.0,0.0,3,0.7606832060481606,0.0,3,0.1067909213145062,0.010421410085362378,3,0.0,0.0,3,9578.0,0.0,3,BDL-Tolerance
sleep,gru,density_custom,objective_e20_bs32_eval5,none,8.0,0.2393167939518393,1.0,0.0,0.0,3,0.0,0.0,3,0.0,0.0,3,0.4320386560371119,0.0,3,0.0,0.0,3,0.7606832060481606,0.0,3,0.10737478824968899,0.010419665217086304,3,0.0,0.0,3,9578.0,0.0,3,BDL-Tolerance
sleep,gru,density_custom,objective_e20_bs32_eval5,none,8.0,0.5,1.0,0.0,0.0,3,0.0,0.0,3,0.0,0.0,3,0.4320386560371119,0.0,3,0.0,0.0,3,0.7606832060481606,0.0,3,0.10873499807435962,0.010392423215673168,3,0.0,0.0,3,9578.0,0.0,3,BDL-Tolerance
sleep,gru,density_custom,objective_e20_bs32_eval5,none,8.0,1.0,1.0,0.0,0.0,3,0.0,0.0,3,0.0,0.0,3,0.4320386560371119,0.0,3,0.0,0.0,3,0.7606832060481606,0.0,3,0.11345721597411458,0.01026673761649319,3,0.0,0.0,3,9578.0,0.0,3,BDL-Tolerance
sleep,gru,density_custom,objective_e20_bs32_eval5,none,16.0,0.0,1.0,0.0,0.0,3,0.0,0.0,3,0.0,0.0,3,0.4320386560371119,0.0,3,0.0,0.0,3,0.7606832060481606,0.0,3,0.12995199194381646,0.014031019953878945,3,0.0,0.0,3,9578.0,0.0,3,BDL-Tolerance
sleep,gru,density_custom,objective_e20_bs32_eval5,none,16.0,0.2393167939518393,1.0,0.0,0.0,3,0.0,0.0,3,0.0,0.0,3,0.4320386560371119,0.0,3,0.0,0.0,3,0.7606832060481606,0.0,3,0.13038118060490375,0.014037647616079646,3,0.0,0.0,3,9578.0,0.0,3,BDL-Tolerance
sleep,gru,density_custom,objective_e20_bs32_eval5,none,16.0,0.5,1.0,0.0,0.0,3,0.0,0.0,3,0.0,0.0,3,0.4320386560371119,0.0,3,0.0,0.0,3,0.7606832060481606,0.0,3,0.13131632363419946,0.014015876768294432,3,0.0,0.0,3,9578.0,0.0,3,BDL-Tolerance
sleep,gru,density_custom,objective_e20_bs32_eval5,none,16.0,1.0,1.0,0.0,0.0,3,0.0,0.0,3,0.0,0.0,3,0.4320386560371119,0.0,3,0.0,0.0,3,0.7606832060481606,0.0,3,0.1344745416214108,0.013890187075758752,3,0.0,0.0,3,9578.0,0.0,3,BDL-Tolerance
sleep,gru,density_gau,objective_e20_bs32_eval5,none,4.0,0.5,0.75,0.8525014285318363,0.007625963722460383,3,0.9371374952212806,0.005391582831612114,3,0.8927862038718306,0.0017635767904675063,3,0.9284065625317566,0.001356182695274181,3,0.8063389296650438,0.0028777396355543308,3,0.9461296964981409,0.0012887672403552794,3,0.0885736167840462,0.006311611578961561,3,0.26309899124684777,0.003844557709382477,3,1244.3333333333333,89.80163324424191,3,BDL-Gaussian
sleep,gru,density_gau,objective_e20_bs32_eval5,none,4.0,0.0,0.75,0.8529702792170858,0.00763644369274785,3,0.9365162896025557,0.005448372816613786,3,0.8927607745592373,0.001739413751378343,3,0.9284048477892514,0.0013398998558351572,3,0.8062973612290215,0.002838166767638875,3,0.9461511670584777,0.00127672680561297,3,0.08600363116203658,0.006359587550363722,3,0.26278019081239473,0.0038577131611531343,3,1231.0,90.8129946648606,3,BDL-Gaussian
sleep,gru,density_gau,objective_e20_bs32_eval5,none,4.0,0.2393167939518393,0.75,0.8527882220634022,0.0076107869129826864,3,0.9367097817065378,0.0054417788637758655,3,0.8927491124003542,0.0017398923276457634,3,0.9283918052895053,0.0013392629484166758,3,0.8062783377454078,0.0028387290558742795,3,0.9461335152669571,0.001275076371164875,3,0.08673623450341339,0.006353328198798468,3,0.26289045442387543,0.0038487269649458778,3,1236.3333333333333,89.1758562242793,3,BDL-Gaussian
sleep,gru,density_gau,objective_e20_bs32_eval5,none,4.0,0.2393167939518393,0.8,0.8647014437616206,0.008963652695616648,3,0.918759985654357,0.008587070862776512,3,0.8908551048901009,0.0015534680989739993,3,0.9275429450677342,0.0011607840921682084,3,0.8031932740445015,0.0025248059870017522,3,0.9461206169079488,0.0011241631256905529,3,0.08673623450341339,0.006353328198798468,3,0.25431197749628914,0.004941987740074871,3,1062.3333333333333,94.68544414709864,3,BDL-Gaussian
sleep,gru,density_gau,objective_e20_bs32_eval5,none,4.0,0.0,0.8,0.8648562680244486,0.009007327157215307,3,0.9185668283118004,0.008625827036008251,3,0.8908459190465622,0.001567122601081161,3,0.9275415829499728,0.0011695912920513035,3,0.8031783818678253,0.002546963923962497,3,0.9461268390976981,0.0011308294142335928,3,0.08600363116203658,0.006359587550363722,3,0.25421330371464196,0.004962497857984214,3,1054.3333333333333,96.42268059607831,3,BDL-Gaussian
sleep,gru,density_gau,objective_e20_bs32_eval5,none,4.0,0.5,0.8,0.8643743517353041,0.00892911865460265,3,0.9190118378335311,0.008440581838795206,3,0.890801002685914,0.0015955061628492976,3,0.927499001062631,0.0011921736212475178,3,0.8031054505390696,0.0025927103912621154,3,0.9460756729364975,0.0011482385684813052,3,0.0885736167840462,0.006311611578961561,3,0.25447746637987984,0.004893015187628195,3,1064.3333333333333,92.95877222367632,3,BDL-Gaussian
sleep,gru,density_gau,objective_e20_bs32_eval5,none,4.0,0.2393167939518393,0.7000000000000001,0.8382487284744213,0.007344961458192273,3,0.9487192362618933,0.003650266522080964,3,0.8900458665896958,0.0025152978069296803,3,0.9261929323205887,0.0018543104222369857,3,0.8018824343286388,0.004088523477301277,3,0.9438965445857015,0.0016521379820189917,3,0.08673623450341339,0.006353328198798468,3,0.2708755534277269,0.0033988397062492057,3,1395.3333333333333,73.50056689123788,3,BDL-Gaussian
sleep,gru,density_gau,objective_e20_bs32_eval5,none,4.0,0.0,0.7000000000000001,0.8384021538157936,0.007306230966560882,3,0.9484978473724465,0.003711105439257832,3,0.8900348297291467,0.002466095684138865,3,0.9261911647933037,0.0018211986566025805,3,0.8018642779854305,0.0040084327719489355,3,0.9439034343923768,0.0016269414096908533,3,0.08600363116203658,0.006359587550363722,3,0.27076269946257375,0.0034015626103400384,3,1389.3333333333333,74.74177769717103,3,BDL-Gaussian
sleep,gru,density_gau,objective_e20_bs32_eval5,none,4.0,0.5,0.7000000000000001,0.8379725165612579,0.0072562721474329645,3,0.9490481951560915,0.0037752972688490515,3,0.890034752953766,0.002421433416858421,3,0.9261764976765506,0.0017915958577155414,3,0.8018639401584801,0.003935777275546835,3,0.9438709615051012,0.00160495019384335,3,0.0885736167840462,0.006311611578961561,3,0.27105858728413007,0.003406833277474469,3,1402.6666666666667,73.24160930327331,3,BDL-Gaussian
sleep,gru,density_gau,objective_e20_bs32_eval5,none,2.0,0.5,0.7000000000000001,0.8602773568479031,0.008885547982044212,3,0.9152740033427045,0.010695606829257907,3,0.8868523546348265,0.0004233959744298245,3,0.9248700968166447,0.00015587956267058717,3,0.7967070237411876,0.0006833623420084233,3,0.944109647908447,0.0004687262462213651,3,0.09608039421094532,0.005369523936092232,3,0.2546544382745959,0.005573183191522568,3,596.0,148.09118812407442,3,BDL-Gaussian
sleep,gru,density_gau,objective_e20_bs32_eval5,none,2.0,0.2393167939518393,0.7000000000000001,0.8612130274482933,0.009840082332568046,3,0.9137781777060942,0.010919910831532391,3,0.8866365516669302,9.149283106773795e-05,3,0.9247603782818713,0.00030610113760141255,3,0.7963586032921275,0.0001476197619300923,3,0.9440794182140424,0.0006748583643897411,3,0.09374183693599987,0.005408628430264684,3,0.2539687155776713,0.005899782576441153,3,574.0,148.09118812407442,3,BDL-Gaussian
sleep,gru,density_gau,objective_e20_bs32_eval5,none,2.0,0.0,0.7000000000000001,0.8615775219762521,0.009957960071611626,3,0.911406727767322,0.011322069519273281,3,0.8857070410913991,0.00016038876920002233,3,0.9241821861921186,0.00020335728426905292,3,0.7948601502256629,0.00025832940017177393,3,0.9437089442295252,0.0006148331487566962,3,0.09288253941615217,0.005412805659841196,3,0.2532041339694601,0.006033498573456045,3,550.0,155.1547614480458,3,BDL-Gaussian
sleep,gru,density_gau,objective_e20_bs32_eval5,none,2.0,0.2393167939518393,0.65,0.839249614487553,0.009743449420537653,3,0.937500934542313,0.007803155242777384,3,0.8856014307228962,0.0022844498053744495,3,0.9233889512859953,0.0017607346333802394,3,0.7946950529419367,0.003676567890770657,3,0.9420286058364034,0.0016908287493115663,3,0.09374183693599987,0.005408628430264684,3,0.26737403617479644,0.005245299431491698,3,874.0,79.50471684120383,3,BDL-Gaussian
sleep,gru,density_gau,objective_e20_bs32_eval5,none,2.0,0.5,0.65,0.8382395567206441,0.009739077494543676,3,0.9384233138569136,0.0076195111832839495,3,0.8854501944523294,0.002212554709415177,3,0.9232574579632673,0.0017277641905473961,3,0.7944512161085969,0.0035619336485152786,3,0.9418846142178264,0.0016806909579881314,3,0.09608039421094532,0.005369523936092232,3,0.26795950951412867,0.005226005790351933,3,892.0,76.72678802087313,3,BDL-Gaussian
sleep,gru,density_gau,objective_e20_bs32_eval5,none,2.0,0.0,0.65,0.8395889585372248,0.009979764742449897,3,0.9361967040282734,0.008007807939452436,3,0.8852050206773097,0.00239425080116305,3,0.9231479664084675,0.0018325468641038883,3,0.7940573668833887,0.0038499858840487892,3,0.9418823977296324,0.0017462755716580163,3,0.09288253941615217,0.005412805659841196,3,0.26689599575117906,0.005356191215119284,3,862.6666666666666,82.40347889096269,3,BDL-Gaussian
sleep,gru,density_gau,objective_e20_bs32_eval5,none,4.0,0.2393167939518393,0.65,0.8216446050871573,0.0059435963297450696,3,0.9566575455336913,0.0025990889226286474,3,0.8840119147418802,0.0024871709757197623,3,0.9217348439887324,0.0018141097546396094,3,0.7921397617251221,0.003993216357792611,3,0.9399172539559241,0.0015886262180622149,3,0.08673623450341339,0.006353328198798468,3,0.27865438550615407,0.002708707313710618,3,1485.6666666666667,14.294521094927742,3,BDL-Gaussian
sleep,gru,density_gau,objective_e20_bs32_eval5,none,4.0,0.0,0.65,0.8218464934908738,0.006014029058630593,3,0.9563795819633222,0.0025436180948277144,3,0.8840098517424081,0.0025199386172801417,3,0.9217412676687577,0.0018380855666245144,3,0.792136606756184,0.00404621607001102,3,0.9399333568761766,0.0016094063768469361,3,0.08600363116203658,0.006359587550363722,3,0.2785052398849093,0.002724189184452039,3,1476.3333333333333,15.17673658377625,3,BDL-Gaussian
sleep,gru,density_gau,objective_e20_bs32_eval5,none,4.0,0.5,0.65,0.8209457690250117,0.005686921187251241,3,0.9569078354928794,0.0025850730086886243,3,0.8837150486639919,0.002390266334895423,3,0.9215183469246591,0.001742895663691578,3,0.7916627003554608,0.003834476907921279,3,0.9397279177957404,0.0015259378502786739,3,0.0885736167840462,0.006311611578961561,3,0.27896351884752013,0.0026109004922507282,3,1499.6666666666667,22.368132093076856,3,BDL-Gaussian
sleep,gru,density_gau,objective_e20_bs32_eval5,none,4.0,0.5,0.8500000000000001,0.8794399942849148,0.009161629607377332,3,0.8865163230786982,0.016783274645650235,3,0.8828447014337631,0.005010742261656356,3,0.9229000800094728,0.003030715494585874,3,0.7902853714575947,0.008019391566747969,3,0.9437123357235088,0.0018441966189625698,3,0.0885736167840462,0.006311611578961561,3,0.24128735877498597,0.006849593888586229,3,755.6666666666666,189.93244413036265,3,BDL-Gaussian
sleep,gru,density_gau,objective_e20_bs32_eval5,none,4.0,0.2393167939518393,0.8500000000000001,0.8796364774806843,0.009159352223622763,3,0.8860660689612999,0.016849270190050687,3,0.8827194064174199,0.005015657786091962,3,0.9228266631753078,0.0030296566994897837,3,0.790084643975801,0.008024964087288325,3,0.943673026438912,0.0018356003246188417,3,0.08673623450341339,0.006353328198798468,3,0.24111116131590393,0.006869758182047905,3,746.3333333333334,188.1072389179463,3,BDL-Gaussian
sleep,gru,density_gau,objective_e20_bs32_eval5,none,4.0,0.0,0.8500000000000001,0.8796658449775038,0.009138424437346294,3,0.8854575842767468,0.017100286248623305,3,0.8824297255820867,0.005129155495764278,3,0.9226451930070523,0.003096084679226766,3,0.7896217250825855,0.008200902573022993,3,0.9435550718804451,0.0018685434036769017,3,0.08600363116203658,0.006359587550363722,3,0.24093787466661878,0.006932322365611431,3,745.0,189.93419913222579,3,BDL-Gaussian
sleep,gru,density_gau,objective_e20_bs32_eval5,none,8.0,0.0,0.75,0.8318064780419997,0.006152216650376484,3,0.9307650883111799,0.005271104597244986,3,0.8784830457563437,0.0011717414691375372,3,0.9186008081979088,0.0009632137822961634,3,0.7833002409594805,0.001862283186493934,3,0.9383735900998712,0.000998738741471307,3,0.09838507154880045,0.008352865502658,3,0.2678050496621538,0.003483379927258512,3,1785.0,41.617304093369626,3,BDL-Gaussian
sleep,gru,density_gau,objective_e20_bs32_eval5,none,8.0,0.2393167939518393,0.75,0.8317311869059948,0.006141961124429427,3,0.9308546927860921,0.005254194332328546,3,0.8784810657091588,0.001168319077724875,3,0.9185967581328588,0.0009613303447072695,3,0.7832970849888148,0.0018568738123005228,3,0.9383665133604567,0.0009974351533568312,3,0.09896214109956664,0.008345973345688816,3,0.26785501411288776,0.003476431148731752,3,1787.6666666666667,48.18021724041243,3,BDL-Gaussian
sleep,gru,density_gau,objective_e20_bs32_eval5,none,8.0,0.5,0.75,0.8315440068071611,0.006035385037115912,3,0.9308963147900053,0.005252850241650347,3,0.8783956689891025,0.0011205222537416612,3,0.9185357101914197,0.000926089767443475,3,0.7831612047551552,0.0017806126536366908,3,0.9383146261729762,0.0009670633829101318,3,0.1003742919118067,0.008304112391192919,3,0.26792682298943693,0.0034424695809171218,3,1792.3333333333333,44.60194315647393,3,BDL-Gaussian
sleep,gru,density_gau,objective_e20_bs32_eval5,none,8.0,0.0,0.7000000000000001,0.8220640776416089,0.005469060877964897,3,0.9416903621962404,0.0027018823057574086,3,0.8778073002610344,0.0019797976263813666,3,0.9177983270153814,0.0014741531439386208,3,0.782228799409464,0.0031427178054430774,3,0.9372542902665938,0.0013316180690011404,3,0.09838507154880045,0.008352865502658,3,0.2741535525338679,0.0026007839095829742,3,1870.0,54.99090833947008,3,BDL-Gaussian
sleep,gru,density_gau,objective_e20_bs32_eval5,none,8.0,0.2393167939518393,0.7000000000000001,0.8219557756939319,0.0054084478262770045,3,0.9417145766060235,0.002685559756684523,3,0.8777563143586972,0.0019514806247936877,3,0.917761690942358,0.0014539367215303512,3,0.7821477237374799,0.0030975295907294284,3,0.9372229389757539,0.0013144645349743554,3,0.09896214109956664,0.008345973345688816,3,0.27419649365454146,0.0025768764500321974,3,1873.3333333333333,57.42241142039691,3,BDL-Gaussian
sleep,gru,density_gau,objective_e20_bs32_eval5,none,8.0,0.5,0.7000000000000001,0.8216613266338543,0.0053164211726002015,3,0.9417722671583643,0.0026909966844650586,3,0.877613730579216,0.0019012587642771963,3,0.9176594744444294,0.0014187483350360708,3,0.781921142912435,0.003016946128713621,3,0.9371358016145862,0.0012855917018923535,3,0.1003742919118067,0.008304112391192919,3,0.2743112436517641,0.0025490742846868966,3,1880.0,58.61740355901138,3,BDL-Gaussian
sleep,gru,density_gau,objective_e20_bs32_eval5,none,4.0,1.0,0.75,0.8241616075500088,0.007566533939664876,3,0.9377806835069519,0.0053472006622398765,3,0.877276016250396,0.00209977193737505,3,0.9175408407271405,0.0016186784261785618,3,0.7813858884187156,0.0033298207754995303,3,0.9372030439913622,0.0015411936402847494,3,0.0951307080261049,0.006131474423962207,3,0.2723334952704949,0.004010824196944632,3,1224.6666666666667,91.72967531466212,3,BDL-Gaussian
sleep,gru,density_gau,objective_e20_bs32_eval5,none,4.0,1.0,0.8,0.8364330962053393,0.008697788021747326,3,0.9199005178312906,0.008455482583927988,3,0.8761300400404352,0.002089068952950085,3,0.9172774179710875,0.0015429639106551624,3,0.7795694142670319,0.0033074735259571767,3,0.9377461103035617,0.0014476475939036839,3,0.0951307080261049,0.006131474423962207,3,0.26323238110864144,0.005034471014635199,3,1069.3333333333333,91.30899919139041,3,BDL-Gaussian
sleep,gru,density_gau,objective_e20_bs32_eval5,none,8.0,0.0,0.8,0.8409418060552113,0.005288215747722025,3,0.9127615072566234,0.012021982387058205,3,0.8753269534488144,0.0029780750917063185,3,0.9169382844757815,0.0017319012510416812,3,0.7783028953870899,0.004701886033742264,3,0.9377856599302516,0.0009429505398045846,3,0.09838507154880045,0.008352865502658,3,0.25977586123651625,0.004994381890027907,3,1677.6666666666667,59.500700275991136,3,BDL-Gaussian
sleep,gru,density_gau,objective_e20_bs32_eval5,none,8.0,0.2393167939518393,0.8,0.8408676629096049,0.005293179723189756,3,0.9128400646044916,0.012042852310906158,3,0.8753227448190831,0.0029830734196211297,3,0.9169329849586759,0.001734759415736159,3,0.778296268626761,0.004709722290801698,3,0.9377779422785882,0.0009443762651867602,3,0.09896214109956664,0.008345973345688816,3,0.259821179073446,0.005002670279753659,3,1679.0,58.966091951222275,3,BDL-Gaussian
sleep,gru,density_gau,objective_e20_bs32_eval5,none,8.0,0.5,0.8,0.8407829777677046,0.00526977792617255,3,0.9128960813497043,0.012037447980706174,3,0.8753028117448404,0.0029936128248737545,3,0.9169173891419254,0.001742200819812111,3,0.7782648104007107,0.004726178032691729,3,0.937762774022032,0.0009503646907788766,3,0.1003742919118067,0.008304112391192919,3,0.25986315882574623,0.0049940287864036976,3,1680.3333333333333,56.80082159030215,3,BDL-Gaussian
sleep,gru,density_gau,objective_e20_bs32_eval5,none,2.0,0.5,0.75,0.8787731551175022,0.010655926109211648,3,0.8718777638740199,0.018298644509079382,3,0.8751527017239966,0.004256181676594116,3,0.9180428052349122,0.0023913758081267797,3,0.7780360518516466,0.006713469975367696,3,0.9404915647402553,0.0011238283928593933,3,0.09608039421094532,0.005369523936092232,3,0.23750162364436378,0.007796125186909274,3,228.33333333333334,108.28819572480342,3,BDL-Gaussian
sleep,gru,density_gau,objective_e20_bs32_eval5,none,2.0,0.2393167939518393,0.6000000000000001,0.8066791494880605,0.011166581350869152,3,0.9537492498554389,0.004794686968072105,3,0.8740539325907569,0.008096711754023407,3,0.9147625287858219,0.005628531995385523,3,0.7763453343816115,0.012791144439540957,3,0.9342050701286183,0.004557417365992142,3,0.09374183693599987,0.005408628430264684,3,0.28297456133829313,0.0030491626154843126,3,1114.3333333333333,71.67519329121707,3,BDL-Gaussian
sleep,gru,density_gau,objective_e20_bs32_eval5,none,2.0,0.2393167939518393,0.75,0.8791248946876462,0.010550118830427706,3,0.8692180843478278,0.018924565230098802,3,0.873977863740576,0.0046410285097349645,3,0.9173169828079332,0.002625243874891134,3,0.7761840843933431,0.007303477889502204,3,0.9400371312511376,0.001252708603221863,3,0.09374183693599987,0.005408628430264684,3,0.23668304517918623,0.007928277271804375,3,224.33333333333334,72.07172353519329,3,BDL-Gaussian
sleep,gru,density_gau,objective_e20_bs32_eval5,none,2.0,0.0,0.6000000000000001,0.8070564830153243,0.011045232525968516,3,0.9530269462861902,0.005122237868230002,3,0.8739724249960918,0.008113620806831465,3,0.9147277665259522,0.005631013609316098,3,0.7762169910527229,0.01281394609148557,3,0.9342070195700419,0.004547187922625818,3,0.09288253941615217,0.005412805659841196,3,0.28262689314796446,0.0029878125076659647,3,1103.6666666666667,64.25988899253824,3,BDL-Gaussian
sleep,gru,density_gau,objective_e20_bs32_eval5,none,4.0,1.0,0.7000000000000001,0.8089156025593942,0.006817315372946482,3,0.949507599419122,0.0036972637103723474,3,0.8735692898034687,0.0024090844416789483,3,0.9145567679780978,0.001824538909066739,3,0.7755251919733507,0.003799972351682913,3,0.9342193037214783,0.0016842511535030194,3,0.0951307080261049,0.006131474423962207,3,0.2809301313784655,0.003445166467068885,3,1377.0,79.07591289387686,3,BDL-Gaussian
sleep,gru,density_gau,objective_e20_bs32_eval5,none,2.0,0.5,0.6000000000000001,0.8051917327120695,0.011958334470361064,3,0.9545611578995997,0.004858046839141189,3,0.8735177266954764,0.008632185640499869,3,0.9143539595592136,0.006009813375737886,3,0.7755080977089381,0.013623238160042647,3,0.9338253563258467,0.004877772898076066,3,0.09608039421094532,0.005369523936092232,3,0.2837428816012893,0.0032686854348888206,3,1135.6666666666667,76.2189827623889,3,BDL-Gaussian
sleep,gru,density_gau,objective_e20_bs32_eval5,none,8.0,0.0,0.65,0.8066484693600072,0.002115052184033452,3,0.9492135673003254,0.0015456559043446878,3,0.8721410782648825,0.0009102678671222986,3,0.9135541773728456,0.0006608233218377901,3,0.7732721974505234,0.0014312701783344556,3,0.9333937820402715,0.0005793067489306556,3,0.09838507154880045,0.008352865502658,3,0.28161491941169386,0.0011102847145666663,3,2059.3333333333335,118.56362567555594,3,BDL-Gaussian
sleep,gru,density_gau,objective_e20_bs32_eval5,none,8.0,0.2393167939518393,0.65,0.8063899599843855,0.0020134178254466503,3,0.9492444769386202,0.0015316361787349481,3,0.872003251301134,0.0009343956147178988,3,0.9134552168239182,0.0006704272918796403,3,0.7730555672942973,0.0014691375596409518,3,0.9333093418514844,0.0005775014213377371,3,0.09896214109956664,0.008345973345688816,3,0.28171415399155875,0.0010472411069748654,3,2065.3333333333335,126.11634839834741,3,BDL-Gaussian
sleep,gru,density_gau,objective_e20_bs32_eval5,none,8.0,0.5,0.65,0.8055573118029692,0.0021048005256451997,3,0.9493017211423935,0.0015003214983904385,3,0.871540409169357,0.0010964760291335821,3,0.9131241405051775,0.0007787546877078568,3,0.7723286466705703,0.0017229369095048642,3,0.9330285421724532,0.0006583055993679907,3,0.1003742919118067,0.008304112391192919,3,0.2820223526692286,0.0010234057971576218,3,2074.0,112.48110952511092,3,BDL-Gaussian
sleep,gru,density_gau,objective_e20_bs32_eval5,none,2.0,0.0,0.75,0.8791251362928763,0.010380690056254064,3,0.8643654943098369,0.019407343411698797,3,0.8715125758721376,0.004995550302749562,3,0.9157733471273725,0.002835683288912318,3,0.772306912277584,0.007825624465144072,3,0.9390358660903583,0.0013586385761014327,3,0.09288253941615217,0.005412805659841196,3,0.23536169775945623,0.008006021402532289,3,208.33333333333334,28.00595174839329,3,BDL-Gaussian
sleep,gru,density_gau,objective_e20_bs32_eval5,none,4.0,1.0,0.8500000000000001,0.8519192920832994,0.009226582468967641,3,0.8876508295499713,0.016688222381764043,3,0.8693022126309744,0.005141926899835274,3,0.9135243140101647,0.003144063181086167,3,0.7688436128909074,0.008039609195888767,3,0.9361416131932213,0.002012204935710345,3,0.0951307080261049,0.006131474423962207,3,0.24940109420811873,0.0070422925653454566,3,780.0,186.96791168540125,3,BDL-Gaussian
sleep,gru,density_gau,objective_e20_bs32_eval5,none,1.0,0.5,0.6000000000000001,0.8329518057789005,0.006663011944363598,3,0.9077375193687381,0.014490681390655668,3,0.8686619797470024,0.004332680290170206,3,0.9124373918948242,0.0026372525766271207,3,0.7678355498095191,0.006775631299087528,3,0.9343242531022288,0.001663215363802501,3,0.1358315528361362,0.004004013753637012,3,0.26083261871617586,0.0059563745668913025,3,348.3333333333333,131.9254840178096,3,BDL-Gaussian
sleep,gru,density_gau,objective_e20_bs32_eval5,none,4.0,1.0,0.65,0.7916472475418144,0.004825372692907012,3,0.9572873433623393,0.002522731326156221,3,0.8666127548215773,0.0019119877052201219,3,0.9093378961370927,0.0014487174946953099,3,0.7646252899178515,0.0029781417616812954,3,0.9294727877204632,0.001335310553696448,3,0.0951307080261049,0.006131474423962207,3,0.2894002941359947,0.002497994049109525,3,1448.6666666666667,19.087517736293908,3,BDL-Gaussian
sleep,gru,density_gau,objective_e20_bs32_eval5,none,2.0,1.0,0.7000000000000001,0.8205947238837176,0.007952607912520546,3,0.9167298807825294,0.010798234716197706,3,0.8659368811434334,0.0011459867788482536,3,0.9102230654713699,0.0007107622086476079,3,0.7635714706204371,0.001783133508831034,3,0.9320709925679815,0.0007624495903467666,3,0.10465849940227569,0.005195103017502178,3,0.2673899254576327,0.005680856779613017,3,526.3333333333334,152.71651296874654,3,BDL-Gaussian
sleep,gru,density_gau,objective_e20_bs32_eval5,none,8.0,1.0,0.75,0.8090346657262358,0.006293253150542863,3,0.9311695917004162,0.005252098777016496,3,0.8657906605163288,0.0015118968607015705,3,0.9096348334835723,0.001221047804385959,3,0.7633449997073766,0.002348771303563864,3,0.930908351043875,0.0012375160792425142,3,0.10536930616501043,0.008124730764080344,3,0.27546389762665924,0.003669355143115729,3,1809.3333333333333,45.88391148685268,3,BDL-Gaussian
sleep,gru,density_gau,objective_e20_bs32_eval5,none,4.0,0.0,0.6000000000000001,0.7867819257709945,0.02383779897804044,3,0.9625335012496644,0.0022828864153835267,3,0.8657144796370188,0.015312609384308559,3,0.9084670098130311,0.010976251513264286,3,0.7634375898452168,0.02367931682439953,3,0.9284399309267505,0.009318085254553531,3,0.08600363116203658,0.006359587550363722,3,0.29294413830202687,0.008354250402390706,3,1701.6666666666667,282.2593370171009,3,BDL-Gaussian
sleep,gru,density_gau,objective_e20_bs32_eval5,none,4.0,0.2393167939518393,0.6000000000000001,0.7865177541576444,0.023945791308768324,3,0.962806331811508,0.00229054768445086,3,0.8656642583617856,0.015413032994360849,3,0.9084209645111864,0.011048303576270934,3,0.7633623114550874,0.023833668385191246,3,0.9283877766924998,0.009379029932962898,3,0.08673623450341339,0.006353328198798468,3,0.2931268784069827,0.00838133393126165,3,1708.3333333333333,278.2882198968065,3,BDL-Gaussian
sleep,gru,density_gau,objective_e20_bs32_eval5,none,1.0,0.2393167939518393,0.6000000000000001,0.8346052216101558,0.006855730675714575,3,0.8991006745889075,0.01581738366153962,3,0.8655692769445634,0.005462223051354137,3,0.9105554137724466,0.0033716466398527566,3,0.7630260793657287,0.00849930785311006,3,0.9331835094132918,0.00217713251716658,3,0.13276851885801944,0.004035263125198719,3,0.2578394783999754,0.00619346920993676,3,257.0,144.93791774411554,3,BDL-Gaussian
sleep,gru,density_gau,objective_e20_bs32_eval5,none,4.0,0.5,0.6000000000000001,0.7848176219822735,0.024386401996931196,3,0.9630166735739106,0.0022873897261763763,3,0.8647128054218914,0.01570390157302116,3,0.9077262380101133,0.01127119835907055,3,0.7618922836046215,0.024237799717464464,3,0.9277816606378188,0.00958566448634412,3,0.0885736167840462,0.006311611578961561,3,0.2938336710940885,0.008599813528393705,3,1722.3333333333333,271.83880027202395,3,BDL-Gaussian
sleep,gru,density_gau,objective_e20_bs32_eval5,none,8.0,1.0,0.7000000000000001,0.7983140494400751,0.005507268277273978,3,0.9420042568262876,0.002682829673461578,3,0.8642140465160012,0.0022317985630564323,3,0.9081439438674147,0.001672886765163283,3,0.7608996979947849,0.003456277517341237,3,0.9291537469439168,0.0015229603190632913,3,0.10536930616501043,0.008124730764080344,3,0.2824043363695483,0.002715583452184357,3,1879.0,57.16642371182581,3,BDL-Gaussian
sleep,gru,density_gau,objective_e20_bs32_eval5,none,8.0,0.5,0.8500000000000001,0.8512537315413469,0.003317567798153288,3,0.8772206678133362,0.025287282674732358,3,0.8638871485848055,0.010663007915358473,3,0.9101231079948939,0.006549243478170275,3,0.7604914530088221,0.016453881891946406,3,0.9339125738010455,0.004047567507005967,3,0.1003742919118067,0.008304112391192919,3,0.24663790786587328,0.00805649515221624,3,1566.0,90.0166651237425,3,BDL-Gaussian
sleep,gru,density_gau,objective_e20_bs32_eval5,none,8.0,0.2393167939518393,0.8500000000000001,0.8513642505568119,0.0033303884336448324,3,0.8771004884615548,0.025241695551910786,3,0.8638860840534394,0.010638546001184995,3,0.9101262209149689,0.006533419551008652,3,0.7604893299034101,0.016415857836289325,3,0.9339207988415725,0.004036338505762847,3,0.09896214109956664,0.008345973345688816,3,0.24657216095101123,0.008045937090218658,3,1563.3333333333333,84.00198410355162,3,BDL-Gaussian
sleep,gru,density_gau,objective_e20_bs32_eval5,none,8.0,0.0,0.8500000000000001,0.8514386021258563,0.003352870202276373,3,0.8769645753227714,0.025238236006656523,3,0.8638581623296363,0.010628936858639929,3,0.9101113055156237,0.006526437042492821,3,0.7604458738958925,0.016400173903732367,3,0.9339153243827801,0.004030112436206938,3,0.09838507154880045,0.008352865502658,3,0.24651258281654442,0.008050464066445336,3,1558.6666666666667,87.12251909428083,3,BDL-Gaussian
sleep,gru,density_gau,objective_e20_bs32_eval5,none,8.0,1.0,0.8,0.8191311098722074,0.005599288273544771,3,0.9132332976924001,0.011984653201867005,3,0.8635709896098072,0.002777569190318683,3,0.9086757821376298,0.001599134944059478,3,0.7599057554633584,0.004296597269418135,3,0.930954603544501,0.0008936628169481584,3,0.10536930616501043,0.008124730764080344,3,0.26683273237128136,0.0052326189400427065,3,1720.0,58.966091951222275,3,BDL-Gaussian
sleep,gru,density_gau,objective_e20_bs32_eval5,none,2.0,1.0,0.65,0.7986202472940906,0.00765380994979124,3,0.9395164214985572,0.007524818542881478,3,0.8633139003612854,0.0014769251251031852,3,0.9075866419874381,0.001268909251663094,3,0.7595026903954242,0.002285610076555467,3,0.9287979872364462,0.0013840365400294215,3,0.10465849940227569,0.005195103017502178,3,0.28156933452799376,0.004902645603314216,3,789.0,83.5404093837228,3,BDL-Gaussian
sleep,gru,density_gau,objective_e20_bs32_eval5,none,8.0,1.0,0.65,0.7824695637929068,0.0032299988014457153,3,0.949502801172022,0.0015162453773223522,3,0.8579279854845868,0.0016998144032888056,3,0.9033697645931879,0.0012401237913482676,3,0.7512056408415567,0.002606814947440275,3,0.9247395706486117,0.0010857606846925612,3,0.10536930616501043,0.008124730764080344,3,0.29040756784910704,0.0015003843040501089,3,2049.6666666666665,113.07224828990233,3,BDL-Gaussian
sleep,gru,density_gau,objective_e20_bs32_eval5,none,2.0,1.0,0.75,0.8385135735522065,0.008183789528870734,3,0.8743661571374596,0.018414899272118885,3,0.8559332573366888,0.005267869704515354,3,0.9046689353093149,0.003058982964506549,3,0.7481744118725904,0.008031242266528836,3,0.9295875377176858,0.001653249328994364,3,0.10465849940227569,0.005195103017502178,3,0.24959667926272874,0.007542643763175854,3,215.33333333333334,63.35876682301616,3,BDL-Gaussian
sleep,gru,density_gau,objective_e20_bs32_eval5,none,1.0,0.2393167939518393,0.55,0.7816824150566175,0.02602860298732386,3,0.9423719364587106,0.008527743767809258,3,0.8544391091327741,0.018412504773671422,3,0.9010713212559044,0.012977926439791993,3,0.7461707270283432,0.028098428507355524,3,0.9230560009895686,0.010742517634904863,3,0.13276851885801944,0.004035263125198719,3,0.2886780661455623,0.007584154136705383,3,724.0,51.64300533470143,3,BDL-Gaussian
sleep,gru,density_gau,objective_e20_bs32_eval5,none,1.0,0.5,0.55,0.777495139961303,0.026850719318544748,3,0.9464995448360484,0.008154190010620682,3,0.853600341683172,0.018792118752721545,3,0.9003042585492228,0.013302621155572507,3,0.7449053363066072,0.028647408621706685,3,0.9221875381876882,0.011083607184193559,3,0.1358315528361362,0.004004013753637012,3,0.29152214095454904,0.00816850649629933,3,782.0,49.78955713801841,3,BDL-Gaussian
sleep,gru,density_gau,objective_e20_bs32_eval5,none,8.0,1.0,0.8500000000000001,0.8309960826508297,0.003137138060990783,3,0.8775882358586173,0.025291955352663105,3,0.8535059629963636,0.010470511152519223,3,0.9028739241301342,0.006401053274614957,3,0.7445452477615331,0.015862305960676507,3,0.927971504186866,0.003915630802339711,3,0.10536930616501043,0.008124730764080344,3,0.2527549078923643,0.00820205628006986,3,1637.0,79.30321557162736,3,BDL-Gaussian
sleep,gru,density_gau,objective_e20_bs32_eval5,none,1.0,0.0,0.6000000000000001,0.8331831126822383,0.0072002018076416366,3,0.8738979374902222,0.018130332932051515,3,0.8529443674195885,0.006396372883657777,3,0.9025980114441673,0.003872210513419057,3,0.7436307399971259,0.009723089089951887,3,0.9279136885610836,0.002360862657902901,3,0.13185128099538498,0.004044357289308703,3,0.2510464227696467,0.0069634995378530145,3,125.66666666666667,66.12362159873985,3,BDL-Gaussian
sleep,gru,density_gau,objective_e20_bs32_eval5,none,16.0,0.0,0.7000000000000001,0.8028711152964959,0.002926176521040499,3,0.9077752358226863,0.013798674313602311,3,0.8520566757445938,0.004529487158990908,3,0.9007208851129201,0.0027013721689494673,3,0.7422643385385008,0.006860552944501907,3,0.9245766187093395,0.0015595480732231465,3,0.1161959584148351,0.011745152478219988,3,0.2705983054707415,0.005070746120651853,3,2562.6666666666665,58.22656896411917,3,BDL-Gaussian
sleep,gru,density_gau,objective_e20_bs32_eval5,none,16.0,0.2393167939518393,0.7000000000000001,0.8027680508305167,0.0029254739681181,3,0.9077852786654536,0.013789527819327152,3,0.8520030561809565,0.00451711453550774,3,0.9006823731524108,0.002692614525375274,3,0.7421828627511582,0.006841322068146551,3,0.9245436651378772,0.0015520130088789365,3,0.11664796194924759,0.011743483177749876,3,0.2706360658840701,0.00507112586267205,3,2562.0,57.087651904768336,3,BDL-Gaussian
sleep,gru,density_gau,objective_e20_bs32_eval5,none,16.0,0.5,0.7000000000000001,0.8026073635988675,0.002993686819985309,3,0.9077945403982278,0.013790359670572688,3,0.8519161781002665,0.004481031018498427,3,0.9006202116548797,0.0026670226418670693,3,0.7420507397205208,0.006785674547119333,3,0.9244908165820235,0.0015308482074715356,3,0.11770560257388672,0.011703316697271315,3,0.27069334741631185,0.005094604981494692,3,2566.0,56.789083458002736,3,BDL-Gaussian
sleep,gru,density_gau,objective_e20_bs32_eval5,none,2.0,1.0,0.6000000000000001,0.7684177969191809,0.00967077628376744,3,0.955433323000364,0.004697074678278831,3,0.8517689031396306,0.007457597623808539,3,0.898681117906509,0.00526210941458261,3,0.7418586608515544,0.011320222613758958,3,0.9204027043933253,0.004360068078262914,3,0.10465849940227569,0.005195103017502178,3,0.2975829810452339,0.002769719200137539,3,1009.3333333333334,75.26840860104149,3,BDL-Gaussian
sleep,gru,density_gau,objective_e20_bs32_eval5,none,2.0,0.0,0.55,0.7597607919148448,0.03758377946137728,3,0.9646682748605552,0.0038541663295382695,3,0.8497466950801416,0.02500380260069826,3,0.8967126984936448,0.018199266217556735,3,0.7392928228034252,0.03763589313439541,3,0.9180824418243952,0.01577181391187829,3,0.09288253941615217,0.005412805659841196,3,0.304323401757125,0.014035520457610251,3,1233.0,20.223748416156685,3,BDL-Gaussian
sleep,gru,density_gau,objective_e20_bs32_eval5,none,2.0,0.2393167939518393,0.55,0.7591495237887501,0.038023137507068906,3,0.965133704829246,0.0038845894878149797,3,0.8495361997579763,0.025303740049628987,3,0.8965360773510723,0.018430473566680244,3,0.7389873762353897,0.03806172343365156,3,0.9179006096784587,0.015986721502093994,3,0.09374183693599987,0.005408628430264684,3,0.304728004318894,0.01425792986073297,3,1241.0,21.79449471770337,3,BDL-Gaussian
sleep,gru,density_gau,objective_e20_bs32_eval5,none,8.0,0.0,0.6000000000000001,0.7640494109050021,0.02840488697887303,3,0.9549957898171376,0.0009610908024361364,3,0.8487328838935989,0.018045698037826997,3,0.8964169435872654,0.013184096253496222,3,0.7374986438239611,0.027019394044652104,3,0.9183770211167768,0.011496268401928288,3,0.09838507154880045,0.008352865502658,3,0.29939924624446784,0.011053543859844358,3,2417.6666666666665,456.562518537531,3,BDL-Gaussian
sleep,gru,density_gau,objective_e20_bs32_eval5,none,1.0,0.0,0.55,0.7811939426411479,0.026601449144792847,3,0.9288626391296382,0.0110573403184819,3,0.8485615965261976,0.019521671538124175,3,0.8973569556345876,0.013663208388405618,3,0.7372910866879955,0.02948211577144125,3,0.920556977312561,0.011187290435148729,3,0.13185128099538498,0.004044357289308703,3,0.2847110863718983,0.007154668219201131,3,592.6666666666666,82.9839341880905,3,BDL-Gaussian
sleep,gru,density_gau,objective_e20_bs32_eval5,none,8.0,0.2393167939518393,0.6000000000000001,0.7635602888842222,0.02863642275786183,3,0.9550366307110578,0.0009378366480898063,3,0.8484433836208819,0.018191129693651435,3,0.8962026219493723,0.013297087907472657,3,0.7370662296442494,0.027220361769157778,3,0.91818672358822,0.011602604728711975,3,0.09896214109956664,0.008345973345688816,3,0.299609091596615,0.011174462032252667,3,2417.0,453.52397952037774,3,BDL-Gaussian
sleep,gru,density_gau,objective_e20_bs32_eval5,none,4.0,1.0,0.6000000000000001,0.7579904698590711,0.02236676808528317,3,0.9633059074456073,0.0023430378894464888,3,0.8482985442949896,0.014902513959121151,3,0.8957947026902292,0.010860398419746163,3,0.7367538900431253,0.02234379813593783,3,0.9174482591541496,0.009429203080341684,3,0.0951307080261049,0.006131474423962207,3,0.30430550962351105,0.008412091573768168,3,1650.0,269.72393293884767,3,BDL-Gaussian
sleep,gru,density_gau,objective_e20_bs32_eval5,none,8.0,0.5,0.6000000000000001,0.7627109788126764,0.028092070291664672,3,0.9550693257436222,0.0009581821145449408,3,0.8479385510087544,0.017873900714333167,3,0.8958356203986404,0.01307119479854139,3,0.7362948847525782,0.026720778478654207,3,0.9178685907706927,0.011412230011548891,3,0.1003742919118067,0.008304112391192919,3,0.29994287335488506,0.010979437574991483,3,2426.3333333333335,446.12255416346454,3,BDL-Gaussian
sleep,gru,density_gau,objective_e20_bs32_eval5,none,16.0,0.0,0.65,0.7839045133312323,0.003392329339957831,3,0.9233812555472758,0.008149720382196794,3,0.8479336968325658,0.004227117966888352,3,0.8971696592200877,0.0027570829105007335,3,0.7360267480729755,0.006358184048676439,3,0.9207446844874454,0.001998950291391419,3,0.1161959584148351,0.011745152478219988,3,0.28189980490631145,0.0026020981472897873,3,2862.3333333333335,276.11833212109144,3,BDL-Gaussian
sleep,gru,density_gau,objective_e20_bs32_eval5,none,2.0,0.5,0.55,0.7560671402757277,0.038123501429564395,3,0.9659629088803948,0.0038397754442531184,3,0.8479176079282742,0.025458145474820257,3,0.8953132374024754,0.018578921572809694,3,0.7365496266506298,0.03819760794065319,3,0.9167857161168921,0.016155804602104546,3,0.09608039421094532,0.005369523936092232,3,0.30623978279056613,0.014427767393070993,3,1266.3333333333333,17.61628034896505,3,BDL-Gaussian
sleep,gru,density_gau,objective_e20_bs32_eval5,none,16.0,0.2393167939518393,0.65,0.7837752229711334,0.0034530264493638396,3,0.9233863885558012,0.008151295480902881,3,0.8478599119146703,0.0042132437149466784,3,0.8971163644300365,0.002749229058592736,3,0.7359154669739638,0.0063368182562854505,3,0.9206988058522979,0.001996023679494296,3,0.11664796194924759,0.011743483177749876,3,0.28194814037174615,0.0026358324915009474,3,2864.3333333333335,277.1738323387209,3,BDL-Gaussian
sleep,gru,density_gau,objective_e20_bs32_eval5,none,16.0,0.5,0.65,0.7835560944300749,0.003451706124242509,3,0.9234006717099591,0.008156492912705536,3,0.8477373677966291,0.004165878914587636,3,0.897027674041145,0.002716494512619063,3,0.7357305030020368,0.00626453522342598,3,0.9206222168385594,0.001970714323279442,3,0.11770560257388672,0.011703316697271315,3,0.2820315657828059,0.002672245469345725,3,2871.0,273.1373280970582,3,BDL-Gaussian
sleep,gru,density_gau,objective_e20_bs32_eval5,none,16.0,0.0,0.75,0.8132442831119638,0.0019138528626306444,3,0.8830138258700505,0.02314224890443215,3,0.8465786869731738,0.009674502866684098,3,0.8977947658173216,0.005929198809321633,3,0.7340528202583632,0.014493973175828873,3,0.9234634876564574,0.0036623198331202905,3,0.1161959584148351,0.011745152478219988,3,0.2598597940364397,0.007414549207550781,3,2352.0,21.93171219946131,3,BDL-Gaussian
sleep,gru,density_gau,objective_e20_bs32_eval5,none,16.0,0.2393167939518393,0.75,0.8131790538119911,0.0019289835938368983,3,0.8830296712441944,0.02315022240317564,3,0.8465504050728732,0.009669060397330863,3,0.8977741834438423,0.005925060675626854,3,0.7340102072378044,0.014485118854760335,3,0.9234454619994582,0.003658486030832605,3,0.11664796194924759,0.011743483177749876,3,0.25988540382171704,0.007422250836064846,3,2355.3333333333335,22.368132093076863,3,BDL-Gaussian
sleep,gru,density_gau,objective_e20_bs32_eval5,none,16.0,0.5,0.75,0.8130400454465118,0.001954998159886682,3,0.8830416110683732,0.023141955851954676,3,0.8464803603175065,0.009648594746331236,3,0.8977242054369912,0.005910892294115392,3,0.7339045629744771,0.014452972033203728,3,0.9234030549723254,0.0036471450346603025,3,0.11770560257388672,0.011703316697271315,3,0.2599335256497355,0.007429558781096702,3,2358.0,25.15949125081825,3,BDL-Gaussian
sleep,gru,density_gau,objective_e20_bs32_eval5,none,4.0,0.5,0.9,0.8988568654094014,0.0035435332078424587,3,0.7998385557231594,0.0405920851695777,3,0.8460411582231914,0.021564247857364206,3,0.9005895894454504,0.013146234174299073,3,0.7335640941035177,0.032110285205737304,3,0.9305306667965582,0.007861241906156858,3,0.0885736167840462,0.006311611578961561,3,0.21298213692107462,0.011579685955348095,3,290.0,196.9771560359221,3,BDL-Gaussian
sleep,gru,density_gau,objective_e20_bs32_eval5,none,4.0,0.2393167939518393,0.9,0.898919551359187,0.0035937353727282396,3,0.7984517507241448,0.040797561458508144,3,0.8452857858127464,0.02169963595763036,3,0.9001270218623302,0.013222402465886525,3,0.7324345571487146,0.03226901053110005,3,0.9302503210970366,0.007894338941527843,3,0.08673623450341339,0.006353328198798468,3,0.21259871116819504,0.01164483282101024,3,278.0,198.9070134510093,3,BDL-Gaussian
sleep,gru,density_gau,objective_e20_bs32_eval5,none,4.0,0.0,0.9,0.8990247137952022,0.003624522528919046,3,0.7970708598436484,0.041131736198151726,3,0.8445497225638657,0.021943504640035787,3,0.899678160779537,0.013367167768591532,3,0.7313394897675026,0.03258615261892772,3,0.9299817254554109,0.007972869899700868,3,0.08600363116203658,0.006359587550363722,3,0.21220636605318544,0.011728318451867416,3,264.0,201.9108714259834,3,BDL-Gaussian
sleep,gru,density_gau,objective_e20_bs32_eval5,none,16.0,1.0,0.7000000000000001,0.7842505721448552,0.003368314211131393,3,0.907972298715208,0.013790975333060397,3,0.8415375211986352,0.0043151814403645265,3,0.8931960915087206,0.0025440039141195856,3,0.7264421570631724,0.006417150490928925,3,0.9181841599392243,0.0014414651695885661,3,0.12138370948144399,0.011514995354821173,3,0.2770850851601469,0.005296255703302463,3,2611.0,49.92995093127971,3,BDL-Gaussian
sleep,gru,density_gau,objective_e20_bs32_eval5,none,1.0,1.0,0.6000000000000001,0.7780246587406858,0.00466819748179456,3,0.9116969659232955,0.013741653347422146,3,0.839518503880566,0.004339198654240783,3,0.8915881990606452,0.002620831960377895,3,0.723438638345983,0.006446883778829064,3,0.9165992907665054,0.001643889531993059,3,0.14772911383419055,0.0038825004002328274,3,0.28045270516242,0.005551678247529467,3,149.33333333333334,112.89966046597895,3,BDL-Gaussian
sleep,gru,density_gau,objective_e20_bs32_eval5,none,1.0,0.5,0.65,0.8619448653526209,0.008787223201273061,3,0.8139930499064566,0.027929888424999345,3,0.8370050136810344,0.010879023030464277,3,0.8938151801895678,0.006373695855293036,3,0.7197976599844331,0.01600181449998199,3,0.9242166129582202,0.003371694580679252,3,0.1358315528361362,0.004004013753637012,3,0.22607100709532588,0.009998655528725751,3,699.3333333333334,240.2026921858565,3,BDL-Gaussian
sleep,gru,density_gau,objective_e20_bs32_eval5,none,16.0,1.0,0.75,0.7954930503667915,0.0020634886707451834,3,0.8832209316053395,0.023147053015699404,3,0.8369496577545027,0.009387721567565406,3,0.8909527704363552,0.005713114381027891,3,0.7196904392923953,0.013829926065080505,3,0.9177008586942309,0.0034727725496747877,3,0.12138370948144399,0.011514995354821173,3,0.2657215507598228,0.007616900153947095,3,2432.3333333333335,32.9595711946217,3,BDL-Gaussian
sleep,gru,density_gau,objective_e20_bs32_eval5,none,16.0,1.0,0.65,0.7651478976818473,0.003875520676908572,3,0.9235763098712441,0.008165034515245424,3,0.836915844917029,0.004019095384103674,3,0.8891960472199761,0.002639330073383123,3,0.7195796998035419,0.005935016202203751,3,0.9138638772883771,0.0019577710479240337,3,0.12138370948144399,0.011514995354821173,3,0.2888739716562967,0.002990829879834802,3,2890.6666666666665,279.3731077489981,3,BDL-Gaussian
sleep,gru,density_gau,objective_e20_bs32_eval5,none,8.0,1.0,0.6000000000000001,0.7416617452628307,0.026030677270638753,3,0.9552470840606025,0.0009563476569156335,3,0.834851427697402,0.016976010267655592,3,0.8862145946601719,0.012582931174297072,3,0.7167603365063782,0.024816448893176975,3,0.9094093502260711,0.011174256975488375,3,0.10536930616501043,0.008124730764080344,3,0.3084871950005426,0.010747314357755692,3,2394.6666666666665,452.20496827581775,3,BDL-Gaussian
sleep,gru,density_gau,objective_e20_bs32_eval5,none,4.0,1.0,0.9,0.8710186801079565,0.00317940197474057,3,0.8021541005038606,0.0400705731957395,3,0.834780265884662,0.020949354588345785,3,0.8927966137401788,0.012753938628016964,3,0.71678113584878,0.030592678806949356,3,0.9242039282366282,0.007614205847751978,3,0.0951307080261049,0.006131474423962207,3,0.22041717298734329,0.011601960894623793,3,359.0,185.9139585937538,3,BDL-Gaussian
sleep,gru,density_gau,objective_e20_bs32_eval5,none,0.5,0.5,0.55,0.7961689582427612,0.01790689334933657,3,0.8772432084159915,0.02214092549942276,3,0.8346527138115536,0.01686570131434828,3,0.889546010623176,0.011197508689638671,3,0.7164661665329577,0.02483134698957577,3,0.9168302061088337,0.008377997881485341,3,0.181653679858673,0.002443989690083277,3,0.26373106424760745,0.006746351086490108,3,120.0,195.72429588581997,3,BDL-Gaussian
sleep,gru,density_gau,objective_e20_bs32_eval5,none,4.0,0.0,0.55,0.7330894914961011,0.04964869252654294,3,0.9673860912876554,0.0012189654294983286,3,0.8334872526876794,0.032776325834308735,3,0.8844365412829348,0.024515770696987776,3,0.7154083682190678,0.0478625655919227,3,0.906935375536123,0.021989022421976416,3,0.08600363116203658,0.006359587550363722,3,0.31677130627316363,0.021458009732465894,3,1690.6666666666667,73.85345850624287,3,BDL-Gaussian
sleep,gru,density_gau,objective_e20_bs32_eval5,none,4.0,0.2393167939518393,0.55,0.732083232575888,0.049829419797775165,3,0.9675812571987654,0.0012268960272719814,3,0.8329021758422067,0.032930874485304705,3,0.8839874909080523,0.02464926425209833,3,0.7145560573817109,0.048044169405941486,3,0.9065196104193531,0.022127224648606548,3,0.08673623450341339,0.006353328198798468,3,0.3172804843502047,0.021599929709408664,3,1699.3333333333333,84.76044675043501,3,BDL-Gaussian
sleep,gru,density_gau,objective_e20_bs32_eval5,none,4.0,0.5,0.55,0.72998662351938,0.04934835566162104,3,0.9677144922461443,0.001237778473551881,3,0.8316004786146394,0.032705983215868796,3,0.8830114791624167,0.02451996470010002,3,0.7126314447518948,0.047599942215655715,3,0.9056413737056778,0.022051840829313586,3,0.0885736167840462,0.006311611578961561,3,0.31822249183264156,0.02152280386585467,3,1709.3333333333333,77.51343969488987,3,BDL-Gaussian
sleep,gru,density_gau,objective_e20_bs32_eval5,none,16.0,0.0,0.8,0.8199745605593124,0.00021214579663389102,3,0.8394865830968244,0.0376453275676384,3,0.8293378431486126,0.018630357466362074,3,0.8874568202696665,0.011448669404035924,3,0.7087216279375825,0.027032865806858618,3,0.9174795837403126,0.00708024513239191,3,0.1161959584148351,0.011745152478219988,3,0.2450100975724808,0.010938277535963168,3,2279.6666666666665,51.32575701666102,3,BDL-Gaussian
sleep,gru,density_gau,objective_e20_bs32_eval5,none,16.0,0.2393167939518393,0.8,0.8198984662966394,0.00021396586393670182,3,0.839501089425266,0.03763161119453809,3,0.829306435757382,0.0186289252174652,3,0.8874340665385868,0.011448330988069884,3,0.7086757251423462,0.027029176144958447,3,0.9174596887559209,0.0070810103780452145,3,0.11664796194924759,0.011743483177749876,3,0.24503693577290173,0.010930899221517607,3,2279.6666666666665,49.33896364267624,3,BDL-Gaussian
sleep,gru,density_gau,objective_e20_bs32_eval5,none,16.0,0.5,0.8,0.8198051379095155,0.00021195960129490675,3,0.8395170463865517,0.0376407511957007,3,0.829266387061633,0.018632271681841683,3,0.8874052519030095,0.011450357811071692,3,0.7086173579473299,0.027032195347911302,3,0.9174347999969236,0.007082292799323076,3,0.11770560257388672,0.011703316697271315,3,0.24506946206953129,0.010933970347661106,3,2284.3333333333335,53.61280941466637,3,BDL-Gaussian
sleep,gru,density_gau,objective_e20_bs32_eval5,none,2.0,1.0,0.55,0.723846558298844,0.034188522535165744,3,0.9666158052474078,0.0037457966975822593,3,0.8275411974940422,0.023728702055554364,3,0.8801768243632978,0.017675947754427403,3,0.7062807388842268,0.0343826443597379,3,0.9033144883768428,0.015766021604365688,3,0.10465849940227569,0.005195103017502178,3,0.32002350866128815,0.01406266514278155,3,1108.6666666666667,18.23001188516712,3,BDL-Gaussian
sleep,gru,density_gau,objective_e20_bs32_eval5,none,1.0,0.2393167939518393,0.65,0.8622717237799152,0.00891339608905948,3,0.794850052546385,0.031916886332893184,3,0.8268356544900531,0.013497894813428486,3,0.8875937721602253,0.007924032875844658,3,0.7049404566915047,0.01948692926146164,3,0.9204444438035321,0.004206152646731023,3,0.13276851885801944,0.004035263125198719,3,0.22068069474033225,0.011071934015892708,3,895.3333333333334,276.1545461029627,3,BDL-Gaussian
sleep,gru,density_gau,objective_e20_bs32_eval5,none,2.0,0.5,0.8,0.8978788845197055,0.007640355277140799,3,0.7649936852836422,0.036816453314613924,3,0.8257211464712477,0.01975908972268191,3,0.8881028212449014,0.01187991482408734,3,0.7034914302872327,0.028389255400525913,3,0.9228895507376045,0.006792124308889767,3,0.09608039421094532,0.005369523936092232,3,0.20394532762152337,0.011046712830294942,3,948.0,304.32055467877944,3,BDL-Gaussian
sleep,gru,density_gau,objective_e20_bs32_eval5,none,1.0,1.0,0.55,0.7296799520542342,0.023079635692221295,3,0.9488425400536467,0.007790885449192114,3,0.8248640490345046,0.017075034672869797,3,0.8791169275981817,0.012391607640449541,3,0.702170822292616,0.024785069889986775,3,0.9034706573281479,0.010690551221661177,3,0.14772911383419055,0.0038825004002328274,3,0.3113604580215295,0.007914298388483433,3,524.6666666666666,60.541996443240414,3,BDL-Gaussian
sleep,gru,density_gau,objective_e20_bs32_eval5,none,8.0,0.5,0.9,0.8629014636870056,0.001873017708668818,3,0.7893567291398439,0.050719523306536514,3,0.8238840895401331,0.027301398118507767,3,0.8858721304583549,0.016576309068441257,3,0.7011183817871668,0.03914251460249508,3,0.9195572877277268,0.00980938020718454,3,0.1003742919118067,0.008304112391192919,3,0.2189385617245496,0.014470715955383077,3,1456.0,136.517398158623,3,BDL-Gaussian
sleep,gru,density_gau,objective_e20_bs32_eval5,none,8.0,0.2393167939518393,0.9,0.8630071513204701,0.0018693072599119214,3,0.7892355455037858,0.050792421765318355,3,0.8238646272345093,0.027355405336824515,3,0.8858643025039893,0.01660944184128774,3,0.7010926145368845,0.03921889888324089,3,0.9195598246720452,0.009829415633975819,3,0.09896214109956664,0.008345973345688816,3,0.2188780222217095,0.014485726769331167,3,1454.6666666666667,139.3425036854632,3,BDL-Gaussian
sleep,gru,density_gau,objective_e20_bs32_eval5,none,8.0,0.0,0.9,0.8630744321711449,0.001875841442197206,3,0.7891703786129406,0.0508277962969524,3,0.8238588428792597,0.027379861103115622,3,0.8858633034253662,0.016624216403775552,3,0.7010853296757357,0.039253547533910915,3,0.9195637502595696,0.009837914513474048,3,0.09838507154880045,0.008352865502658,3,0.21884290557140748,0.014494288278825464,3,1452.6666666666667,141.95186977751766,3,BDL-Gaussian
sleep,gru,density_gau,objective_e20_bs32_eval5,none,16.0,0.0,0.6000000000000001,0.7373226175747366,0.035463239796466435,3,0.9340362653747554,0.004598967925732656,3,0.8238445260611457,0.02409823212833743,3,0.878994223294379,0.017753758252997614,3,0.7009262380341624,0.03446579854040011,3,0.9041451106513634,0.015647937867698355,3,0.1161959584148351,0.011745152478219988,3,0.3035992243252689,0.01354517317940281,3,3370.0,738.7638323578111,3,BDL-Gaussian
sleep,gru,density_gau,objective_e20_bs32_eval5,none,16.0,0.2393167939518393,0.6000000000000001,0.7371501051400818,0.03538275823367669,3,0.9340474240889413,0.004608305944995119,3,0.8237423498761118,0.024053393262231007,3,0.8789184842316349,0.01772199572327048,3,0.7007766515267386,0.03439545193943641,3,0.9040776813418482,0.015621278263942561,3,0.11664796194924759,0.011743483177749876,3,0.3036719945701914,0.013516629583260973,3,3376.0,739.586370885781,3,BDL-Gaussian
sleep,gru,density_gau,objective_e20_bs32_eval5,none,16.0,0.5,0.6000000000000001,0.7367833362543417,0.035221051732782234,3,0.934058582803127,0.004608083185880242,3,0.823519805572543,0.023957438963221268,3,0.8787540076673547,0.017654719727723346,3,0.7004510203759656,0.034245151630738706,3,0.9039318738052328,0.015565705417113345,3,0.11770560257388672,0.011703316697271315,3,0.30382314304221386,0.013464422617416533,3,3380.6666666666665,737.8274414341969,3,BDL-Gaussian
sleep,gru,density_gau,objective_e20_bs32_eval5,none,2.0,0.2393167939518393,0.8,0.898153869413083,0.007490422920666814,3,0.7590557987039377,0.03798682269186425,3,0.8223358627395195,0.020651903370641825,3,0.8860526496458144,0.012400176445021404,3,0.6986218497023171,0.029491385037893236,3,0.9216918192678731,0.007052715101493417,3,0.09374183693599987,0.005408628430264684,3,0.20230098713304567,0.01132540414603269,3,1000.6666666666666,313.35975065941915,3,BDL-Gaussian
sleep,gru,density_gau,objective_e20_bs32_eval5,none,16.0,1.0,0.8,0.8040984732842272,0.000991487447502239,3,0.839680521549374,0.03766905066220723,3,0.821214140961843,0.0177830426567329,3,0.8817137926435853,0.010842789661866014,3,0.6969169119949085,0.025445508088810773,3,0.9126680952600693,0.0065746677493183385,3,0.12138370948144399,0.011514995354821173,3,0.24991441151010033,0.011459437102235634,3,2412.3333333333335,74.47370900749702,3,BDL-Gaussian
sleep,gru,density_gau,objective_e20_bs32_eval5,none,1.0,0.2393167939518393,0.5,0.7113169073896694,0.03260143218891131,3,0.9667498214047795,0.004607036981890775,3,0.8193603629397402,0.023190436187480075,3,0.874009617444686,0.01739212104766488,3,0.6944307438190279,0.03312521388587785,3,0.8977299796104451,0.015631217930948033,3,0.13276851885801944,0.004035263125198719,3,0.3256721620619258,0.013653360698445003,3,951.6666666666666,36.29508690350988,3,BDL-Gaussian
sleep,gru,density_gau,objective_e20_bs32_eval5,none,2.0,0.0,0.8,0.8979422309284426,0.007509929733587237,3,0.7502199940501736,0.0395943375517727,3,0.8169960145056786,0.022051190691557816,3,0.8828054750800381,0.013225954515385727,3,0.6909989369401891,0.031187590440311958,3,0.9197712723048145,0.007488646542615858,3,0.09288253941615217,0.005412805659841196,3,0.19999242121265723,0.011668781285003699,3,1094.0,323.83792242416575,3,BDL-Gaussian
sleep,gru,density_gau,objective_e20_bs32_eval5,none,1.0,0.0,0.5,0.7114071881082253,0.03315698592679844,3,0.9594625115185828,0.005181719026795022,3,0.8167907239416442,0.023705939839713787,3,0.8724389064682304,0.01772828562289556,3,0.6907683099590444,0.03371163027308425,3,0.8967310911659219,0.01588338700721362,3,0.13185128099538498,0.004044357289308703,3,0.3231830992294526,0.013541825980161216,3,876.3333333333334,50.05330491918922,3,BDL-Gaussian
sleep,gru,density_gau,objective_e20_bs32_eval5,none,2.0,0.0,0.5,0.7044284651469604,0.03747767647177403,3,0.9727792094408079,0.0023698428087130384,3,0.816788730483994,0.02620586691691952,3,0.8716831791523066,0.01997092140380878,3,0.6908633390965964,0.03712447140051558,3,0.8951937029089724,0.01827909251895979,3,0.09288253941615217,0.005412805659841196,3,0.33109430639194604,0.01720480618305567,3,1299.3333333333333,47.00354596552619,3,BDL-Gaussian
sleep,gru,density_gau,objective_e20_bs32_eval5,none,2.0,0.2393167939518393,0.5,0.7035279142169341,0.037553612776723,3,0.9734236251850393,0.002293302832993355,3,0.8164057338173429,0.026246252588004313,3,0.8713554231765678,0.020019663161680815,3,0.6903177165630215,0.03717030101146701,3,0.8948536455515991,0.01834129405924715,3,0.09374183693599987,0.005408628430264684,3,0.33174280276908275,0.01732363270932689,3,1313.3333333333333,45.09249752822894,3,BDL-Gaussian
sleep,gru,density_gau,objective_e20_bs32_eval5,none,4.0,1.0,0.55,0.7066230033659914,0.046321331457328606,3,0.9679419068412515,0.0012679316474700668,3,0.8163374333101728,0.031574553345409886,3,0.8714953664663799,0.024088699229438307,3,0.6904668620957608,0.04477173386070509,3,0.8952117552706488,0.022089264568612408,3,0.0951307080261049,0.006131474423962207,3,0.3287609585312684,0.02155038299359958,3,1616.3333333333333,79.65132348764412,3,BDL-Gaussian
sleep,gru,density_gau,objective_e20_bs32_eval5,none,8.0,1.0,0.9,0.8455423724091773,0.0026595673680676717,3,0.7897800907560543,0.05085103433184796,3,0.8160830058025436,0.026339770119162494,3,0.8804533826917762,0.01590138463094627,3,0.6898602623682052,0.037261705494201956,3,0.915132723313055,0.009261825515591548,3,0.10536930616501043,0.008124730764080344,3,0.22356576122856897,0.015077578267962492,3,1612.6666666666667,104.64384039843591,3,BDL-Gaussian
sleep,gru,density_gau,objective_e20_bs32_eval5,none,1.0,0.5,0.5,0.7027413877846952,0.03214146893104505,3,0.9689567918964525,0.004470536690385919,3,0.8144225196072341,0.02315413053893369,3,0.8701383999368293,0.017495961376129,3,0.6873680668237814,0.03275466104865198,3,0.8940598223220336,0.015855983166085837,3,0.1358315528361362,0.004004013753637012,3,0.3303986495551641,0.01387098504558,3,1071.6666666666667,37.8725934328946,3,BDL-Gaussian
sleep,gru,density_gau,objective_e20_bs32_eval5,none,2.0,0.5,0.5,0.6980122052429003,0.03663054777416539,3,0.9740405904923738,0.002243740171800002,3,0.8129057659688662,0.025822945423903804,3,0.8686504330031967,0.019793935877097893,3,0.6853129492763287,0.036322734558594805,3,0.8923356081445419,0.018227823258946646,3,0.09608039421094532,0.005369523936092232,3,0.33455614049480137,0.017199166145014946,3,1415.3333333333333,36.909799963334045,3,BDL-Gaussian
sleep,gru,density_gau,objective_e20_bs32_eval5,none,16.0,1.0,0.6000000000000001,0.7197144270805627,0.03367837853309659,3,0.9342218347916657,0.0046066452671814076,3,0.8128181087191894,0.02336648900629335,3,0.8707674688814427,0.017409457667122288,3,0.6850922888001305,0.03280676734718902,3,0.896769278854083,0.015556221453717182,3,0.12138370948144399,0.011514995354821173,3,0.3110638758783702,0.013469460579226376,3,3379.0,734.4412842426548,3,BDL-Gaussian
sleep,gru,density_gau,objective_e20_bs32_eval5,none,1.0,1.0,0.65,0.8023870299592023,0.005708475344882934,3,0.8230524751925046,0.02673149165801371,3,0.8123746487029848,0.010294374397268016,3,0.8761931738717866,0.005982222553962249,3,0.6841167080063348,0.014526918704846173,3,0.9090975464170015,0.0031202369954376648,3,0.14772911383419055,0.0038825004002328274,3,0.24552621886555115,0.009676924326345758,3,803.0,225.30867715203513,3,BDL-Gaussian
sleep,gru,density_gau,objective_e20_bs32_eval5,none,8.0,0.0,0.55,0.7014011265005266,0.05852519347883679,3,0.9594446575758854,0.0006407234865405788,3,0.8094614577158866,0.03979885527314728,3,0.8665194026028203,0.03064208369126362,3,0.6811499397291692,0.05555328222407836,3,0.8909834969368667,0.028386307377225986,3,0.09838507154880045,0.008352865502658,3,0.3289221479618563,0.028090675722807653,3,2400.0,78.79086241436883,3,BDL-Gaussian
sleep,gru,density_gau,objective_e20_bs32_eval5,none,2.0,1.0,0.8,0.8544525024910326,0.007225110744784291,3,0.7695484492400135,0.03581923266714983,3,0.8094376935294251,0.019145894057566816,3,0.8767185314492748,0.011530505691016834,3,0.680165493744567,0.02677118591328537,3,0.9134470973938799,0.006669346501209126,3,0.10465849940227569,0.005195103017502178,3,0.21556784397974035,0.010850356958014373,3,936.3333333333334,292.6197760462087,3,BDL-Gaussian
sleep,gru,density_gau,objective_e20_bs32_eval5,none,1.0,0.0,0.65,0.8600688470017657,0.008606564042933577,3,0.7647345799402473,0.032669050428848906,3,0.8092282105355149,0.014844495044436336,3,0.8767896024245775,0.008667821130480908,3,0.6797557429564929,0.020790728207297823,3,0.9138469198184594,0.004492451744867485,3,0.13185128099538498,0.004044357289308703,3,0.2128639420205143,0.011150132314354182,3,1207.3333333333333,286.70774899422116,3,BDL-Gaussian
sleep,gru,density_gau,objective_e20_bs32_eval5,none,8.0,0.2393167939518393,0.55,0.7008494316760112,0.05815150518021225,3,0.959495318138289,0.000632835581980788,3,0.8091216524223591,0.03957696341420882,3,0.8662616028365946,0.030487635025253812,3,0.6806555840807581,0.05520293536965789,3,0.8907482821415357,0.028259053703662836,3,0.09896214109956664,0.008345973345688816,3,0.32918161060393586,0.027967309374226614,3,2403.3333333333335,79.90828075570981,3,BDL-Gaussian
sleep,gru,density_gau,objective_e20_bs32_eval5,none,8.0,0.5,0.55,0.6997854527336673,0.057627151379520944,3,0.9595445280678486,0.000651284383033805,3,0.8084432038535386,0.039278808325402176,3,0.865746601500331,0.030281031715755292,3,0.6796789507076433,0.054725213351393645,3,0.8902783065303831,0.028089539377515373,3,0.1003742919118067,0.008304112391192919,3,0.329675139740234,0.027787376143820177,3,2412.0,70.05711955254797,3,BDL-Gaussian
sleep,gru,density_gau,objective_e20_bs32_eval5,none,0.5,0.2393167939518393,0.55,0.7940480058676398,0.020387198501557936,3,0.8069632831436686,0.028120661027532527,3,0.8003296473498623,0.021296963793383878,3,0.8684302821876398,0.013788668807695829,3,0.6674744563117964,0.029559892113434214,3,0.9036843214491111,0.009779715945186942,3,0.17675230209351475,0.0024322725910086353,3,0.24323861611663578,0.007483037842449849,3,865.0,267.4378432458653,3,BDL-Gaussian
sleep,gru,density_gau,objective_e20_bs32_eval5,none,4.0,0.0,0.5,0.6762875828126204,0.03980352851299319,3,0.9716779559378085,0.000915527965006602,3,0.7970746564708477,0.028158054554665638,3,0.8564850511818104,0.022027650985857797,3,0.6632175527332435,0.03870648972286479,3,0.8811194301521014,0.020715373125810507,3,0.08600363116203658,0.006359587550363722,3,0.3446414822334852,0.020281327075307394,3,1709.0,19.157244060668017,3,BDL-Gaussian
sleep,gru,density_gau,objective_e20_bs32_eval5,none,8.0,1.0,0.55,0.6822222806482929,0.05457863624643011,3,0.9597501831702934,0.0006058390468928354,3,0.7967075184776481,0.03798674334195326,3,0.8567056010206331,0.029723456519524055,3,0.6631984278407357,0.05189798409114318,3,0.8819044675429218,0.027983064359188427,3,0.10536930616501043,0.008124730764080344,3,0.33814741216724903,0.027704277168050413,3,2369.6666666666665,79.60736984308251,3,BDL-Gaussian
sleep,gru,density_gau,objective_e20_bs32_eval5,none,4.0,0.2393167939518393,0.5,0.6755603070779483,0.040049709895429234,3,0.9717885387953901,0.0008966486100617947,3,0.7965994572712086,0.028359678415382495,3,0.8561027368998232,0.02220690331646677,3,0.6625687973428649,0.03894157333020773,3,0.8807494902611248,0.020903196865434827,3,0.08673623450341339,0.006353328198798468,3,0.34506435079434666,0.020477141819227197,3,1709.6666666666667,20.59935274064047,3,BDL-Gaussian
sleep,gru,density_gau,objective_e20_bs32_eval5,none,2.0,1.0,0.5,0.6724408990171592,0.03397146946296898,3,0.9746007579445024,0.002222896386917214,3,0.7955019916515939,0.024664196491962644,3,0.8551439784011903,0.019297343136147043,3,0.6609034062534039,0.03374525719136506,3,0.8797299591012532,0.018135621537987288,3,0.10465849940227569,0.005195103017502178,3,0.3474299044955294,0.01712143290851793,3,1145.0,52.421369688324624,3,BDL-Gaussian
sleep,gru,density_gau,objective_e20_bs32_eval5,none,0.5,0.5,0.5,0.6801246790168415,0.030352259918546128,3,0.9567947977181769,0.008537672339328194,3,0.7948887126910092,0.022874369118273046,3,0.8558239944777801,0.01727691051875801,3,0.6599978889883861,0.031621782964621425,3,0.8815926904385293,0.015645728544551617,3,0.181653679858673,0.002443989690083277,3,0.3370446425290568,0.012745139940808897,3,616.0,29.816103031751148,3,BDL-Gaussian
sleep,gru,density_gau,objective_e20_bs32_eval5,none,4.0,0.5,0.5,0.6722953998677452,0.038823172157884146,3,0.9719178682928038,0.0008860976848258727,3,0.7943896623386731,0.027627257304043754,3,0.8543775221632627,0.021709166098782668,3,0.659487683653575,0.03776434794942369,3,0.8791295311427807,0.020502501862281152,3,0.0885736167840462,0.006311611578961561,3,0.3467462113540596,0.0200854847025412,3,1802.3333333333333,30.98924544633727,3,BDL-Gaussian
sleep,gru,density_gau,objective_e20_bs32_eval5,none,0.5,0.2393167939518393,0.5,0.693343026095229,0.030603972388289047,3,0.9225904374729262,0.011676433549994661,3,0.7915524645997335,0.0234834112527099,3,0.8553558716789187,0.01727073735661006,3,0.6554344975640854,0.03230574432421946,3,0.8835104067058221,0.015165136825567485,3,0.17675230209351475,0.0024322725910086353,3,0.3187555705956297,0.01078350670703608,3,197.66666666666666,37.112441759244746,3,BDL-Gaussian
sleep,gru,density_gau,objective_e20_bs32_eval5,none,16.0,0.0,0.8500000000000001,0.8243001974499804,0.0017395432678844569,3,0.761772722433903,0.054325255244132696,3,0.7911652431143038,0.030449664554379263,3,0.8644744869525424,0.018374102577607927,3,0.6551805183060719,0.041370022661749425,3,0.9041511459083734,0.010679523552347149,3,0.1161959584148351,0.011745152478219988,3,0.2211420714454793,0.0153226214283146,3,2257.3333333333335,66.0025252042172,3,BDL-Gaussian
sleep,gru,density_gau,objective_e20_bs32_eval5,none,16.0,0.2393167939518393,0.8500000000000001,0.8242469114441363,0.0017607920717173818,3,0.7617801987724074,0.05432376825106714,3,0.7911451926395535,0.03045534052527802,3,0.8644600250299842,0.018378227272779404,3,0.6551532950900022,0.04137601622890168,3,0.9041384878914585,0.010683239394209787,3,0.11664796194924759,0.011743483177749876,3,0.22115830788911706,0.015318228924133509,3,2260.0,64.8613906727261,3,BDL-Gaussian
sleep,gru,density_gau,objective_e20_bs32_eval5,none,16.0,0.5,0.8500000000000001,0.8241404621704058,0.0018145905085843904,3,0.7618021814393536,0.05431732706123702,3,0.7911092490546747,0.03046936804692854,3,0.8644336179708897,0.018388527280271554,3,0.655104661972596,0.04139142600878251,3,0.9041146406148656,0.01069264236520859,3,0.11770560257388672,0.011703316697271315,3,0.2211926768084621,0.015305838355310842,3,2264.0,63.694583757176716,3,BDL-Gaussian
sleep,gru,density_gau,objective_e20_bs32_eval5,none,1.0,1.0,0.5,0.6650129560405176,0.029051378928941662,3,0.9705819470304764,0.004167881793374631,3,0.789051401854076,0.02174961261591339,3,0.850384687638317,0.01692477632884505,3,0.651951816242874,0.029569946874137856,3,0.8755473390605252,0.01581042757003182,3,0.14772911383419055,0.0038825004002328274,3,0.3496889866493706,0.014003273107634537,3,667.3333333333334,48.01388688008222,3,BDL-Gaussian
sleep,gru,density_gau,objective_e20_bs32_eval5,none,16.0,1.0,0.8500000000000001,0.8117740771842671,0.0013600056405259425,3,0.7618975884456424,0.05435112938755194,3,0.7853677929861821,0.02916922088426009,3,0.8603933984324609,0.017472274782354393,3,0.6472171402301664,0.03923852740642317,3,0.9007374069288595,0.009937720776322278,3,0.12138370948144399,0.011514995354821173,3,0.22461557549219924,0.01608845910986698,3,2465.3333333333335,48.211340298039126,3,BDL-Gaussian
sleep,gru,density_gau,objective_e20_bs32_eval5,none,2.0,0.0,0.45,0.6539064769416411,0.030532377520304906,3,0.9790573252160383,0.001417580173037856,3,0.7838494275154133,0.02245920928802307,3,0.8456699209479926,0.017909528979666297,3,0.6449050141255189,0.03020091892746846,3,0.8704624748014668,0.0171272357370172,3,0.09288253941615217,0.005412805659841196,3,0.358830451578225,0.01654165438846234,3,1314.3333333333333,13.503086067019424,3,BDL-Gaussian
sleep,gru,density_gau,objective_e20_bs32_eval5,none,2.0,0.2393167939518393,0.45,0.6525552813754024,0.030756448071804377,3,0.9797619980168734,0.0013477292106403244,3,0.783097962327094,0.022665489031775062,3,0.8450188494965013,0.018097838704758805,3,0.6438957490662607,0.030449786017804695,3,0.8697883152296987,0.017326159533185122,3,0.09374183693599987,0.005408628430264684,3,0.35984189122095495,0.016740223729103748,3,1327.0,20.663978319771825,3,BDL-Gaussian
sleep,gru,density_gau,objective_e20_bs32_eval5,none,16.0,0.0,0.55,0.6692870387974988,0.06387708762068842,3,0.9415927234471143,0.002780266704167649,3,0.7813125556454307,0.04549319600018519,3,0.8456417736162196,0.03602729155149558,3,0.642606859688202,0.06015527963178161,3,0.8725736130445297,0.034325302880501465,3,0.1161959584148351,0.011745152478219988,3,0.33878749657111945,0.033058987029312176,3,3480.3333333333335,186.56455540464634,3,BDL-Gaussian
sleep,gru,density_gau,objective_e20_bs32_eval5,none,4.0,1.0,0.5,0.6536279889326265,0.03677810846884338,3,0.9721623557206153,0.0008244699097892602,3,0.7813034500285033,0.026721596174318157,3,0.8440283854648846,0.021345826198791194,3,0.6416208779480771,0.03579922796708239,3,0.869296575306762,0.020461387232190344,3,0.0951307080261049,0.006131474423962207,3,0.35669618708484907,0.020068570076230335,3,1623.3333333333333,23.288051299611457,3,BDL-Gaussian
sleep,gru,density_gau,objective_e20_bs32_eval5,none,16.0,0.2393167939518393,0.55,0.6691305430352769,0.06380687758237344,3,0.9415993070884839,0.0027811087989352357,3,0.7812101038018949,0.045452042897000146,3,0.8455621170172876,0.03599888096342947,3,0.6424658510678561,0.06009186114878121,3,0.8724990001768917,0.03430186962912599,3,0.11664796194924759,0.011743483177749876,3,0.33886526059064764,0.0330351464377296,3,3484.3333333333335,179.73962649714548,3,BDL-Gaussian
sleep,gru,density_gau,objective_e20_bs32_eval5,none,16.0,0.5,0.55,0.6686036366645768,0.06348311069516716,3,0.9416122511969395,0.00278118517063844,3,0.7808645944291458,0.04525467713825703,3,0.8452956169730553,0.03585938987203095,3,0.6419865020730087,0.05979342983834408,3,0.8722514745254473,0.034183758348629294,3,0.11770560257388672,0.011703316697271315,3,0.3391189817271645,0.03291905630892662,3,3495.0,182.09612845966825,3,BDL-Gaussian
sleep,gru,density_gau,objective_e20_bs32_eval5,none,0.5,0.0,0.55,0.7901925065198775,0.020761450115639603,3,0.7662735898007567,0.028209080036130072,3,0.7778987229133513,0.02122730062532811,3,0.8547154545672243,0.013584135105371768,3,0.6368540036641127,0.028363517277317958,3,0.895337347366748,0.00940058020906229,3,0.1754588750378576,0.0024270629150888222,3,0.2321101362835806,0.007988161032793914,3,1291.6666666666667,265.42481672468637,3,BDL-Gaussian
sleep,gru,density_gau,objective_e20_bs32_eval5,none,1.0,0.0,0.45,0.6411207526965631,0.03013551711323954,3,0.9772643430206595,0.0035442645353121775,3,0.7740453904083218,0.02302265039125831,3,0.8379284372183262,0.018412530327311535,3,0.6317638700716882,0.030521811519110542,3,0.8631373551858773,0.01763333556738002,3,0.13185128099538498,0.004044357289308703,3,0.36529738969259284,0.016126814160451437,3,916.3333333333334,42.09908945967042,3,BDL-Gaussian
sleep,gru,density_gau,objective_e20_bs32_eval5,none,1.0,0.2393167939518393,0.45,0.6388487562755111,0.030695617418076315,3,0.9806686435444719,0.0030435562050615313,3,0.7734303287447114,0.023370321295929756,3,0.8371740869594896,0.01879068802535393,3,0.6309568980851473,0.03095540127231933,3,0.8621598838923369,0.018079035998830123,3,0.13276851885801944,0.004035263125198719,3,0.36790427356014793,0.016845851186304054,3,951.0,24.269322199023193,3,BDL-Gaussian
sleep,gru,density_gau,objective_e20_bs32_eval5,none,16.0,1.0,0.55,0.6544047946685367,0.0610556829573048,3,0.9417699238283852,0.002780131039718503,3,0.7711770284107837,0.04427659959222115,3,0.8376461177954893,0.03554036862072785,3,0.6289574902479099,0.05760767864931448,3,0.8649872415734995,0.034268779805100825,3,0.12138370948144399,0.011514995354821173,3,0.34645868209641545,0.03300587789226013,3,3479.3333333333335,187.67081108508418,3,BDL-Gaussian
sleep,gru,density_gau,objective_e20_bs32_eval5,none,2.0,0.5,0.45,0.6354383052816363,0.028742429781582028,3,0.9802384751126082,0.001308523463316958,3,0.7708071721105786,0.021654241909686876,3,0.8350931957407509,0.017606578332691764,3,0.6274185420381734,0.028484884486354656,3,0.8601850196161877,0.01711188922250782,3,0.09608039421094532,0.005369523936092232,3,0.36967324477635155,0.01654453168784698,3,1310.0,8.18535277187245,3,BDL-Gaussian
sleep,gru,density_gau,objective_e20_bs32_eval5,none,0.5,0.0,0.5,0.6875959516242037,0.03121825857920535,3,0.8756872373099197,0.01368162579560043,3,0.7701795786120442,0.023924602535028466,3,0.842037695197213,0.017419138982097394,3,0.6266649962964704,0.03171600654317881,3,0.8747367452937813,0.015126094505457181,3,0.1754588750378576,0.0024270629150888222,3,0.30507978502948624,0.010210264841484308,3,300.0,53.50700888668698,3,BDL-Gaussian
sleep,gru,density_gau,objective_e20_bs32_eval5,none,8.0,0.0,0.5,0.6398265690929853,0.049520443435135605,3,0.963228242794874,0.000666952837026182,3,0.7681715125554679,0.03648080388364368,3,0.8338721030155919,0.02977672818936607,3,0.6245401509250657,0.04748682598957692,3,0.8599528758587156,0.02907986600920163,3,0.09838507154880045,0.008352865502658,3,0.3617637200085113,0.02876887256739765,3,2333.0,87.12634503983281,3,BDL-Gaussian
sleep,gru,density_gau,objective_e20_bs32_eval5,none,8.0,0.2393167939518393,0.5,0.6394734175471001,0.049296383682008234,3,0.9632568091031898,0.0006801714850039473,3,0.7679319432851331,0.036335808242052986,3,0.8336802282515982,0.029667588378072422,3,0.624216479438149,0.047280134262187315,3,0.8597681329029822,0.028980364098351502,3,0.09896214109956664,0.008345973345688816,3,0.36196213575888714,0.02866482796083033,3,2338.3333333333335,89.19828099987879,3,BDL-Gaussian
sleep,gru,density_gau,objective_e20_bs32_eval5,none,0.5,1.0,0.55,0.6728184140083706,0.016232689843349017,3,0.8919874406440096,0.019261773509109615,3,0.7669898084796101,0.015435613319379995,3,0.8385525347903227,0.010850738590645595,3,0.6222163491841592,0.02033899996112916,3,0.8702788267374917,0.009010996544999152,3,0.20124586635797015,0.0024848285097646477,3,0.31733952839113083,0.007236542247550577,3,776.6666666666666,194.89569860141432,3,BDL-Gaussian
sleep,gru,density_gau,objective_e20_bs32_eval5,none,4.0,0.0,0.45,0.6323309955948814,0.03215309774293611,3,0.9754265027942536,0.0006642170325022538,3,0.7669595031908609,0.0240871997941127,3,0.8322697417285957,0.019744062631166757,3,0.6224157364981111,0.03140567734845652,3,0.8577425030357877,0.019329287345985425,3,0.08600363116203658,0.006359587550363722,3,0.3698125897811242,0.019039360721990584,3,1690.3333333333333,31.785741037976948,3,BDL-Gaussian
sleep,gru,density_gau,objective_e20_bs32_eval5,none,8.0,0.5,0.5,0.6375653431973678,0.048824243579900395,3,0.9633095898212888,0.0006666698217131341,3,0.7665794039181626,0.03608167331767932,3,0.8325863201769509,0.029527924843850233,3,0.6224201676468192,0.04683160124865122,3,0.8587082242714322,0.028896737255634703,3,0.1003742919118067,0.008304112391192919,3,0.3630473070149127,0.02859007359260471,3,2431.0,75.62407024221852,3,BDL-Gaussian
sleep,gru,density_gau,objective_e20_bs32_eval5,none,4.0,0.2393167939518393,0.45,0.6311230117841146,0.0318501132671231,3,0.9755017125278661,0.0006420193819895137,3,0.7660975086082648,0.02389581145632715,3,0.8315638182840116,0.019619211282171315,3,0.6212751928275217,0.03110431157196286,3,0.8570510388333004,0.01923165390333871,3,0.08673623450341339,0.006353328198798468,3,0.3705400518882556,0.01895579536896998,3,1695.0,35.369478367654786,3,BDL-Gaussian
sleep,gru,density_gau,objective_e20_bs32_eval5,none,2.0,1.0,0.45,0.6256623547602395,0.02744028590293229,3,0.9804782758804617,0.0012609699215811474,3,0.7636562172005904,0.020888506723484013,3,0.8292417061102912,0.017151321182420597,3,0.617979263604265,0.027188318793668235,3,0.8544629283537016,0.016798143632253328,3,0.10465849940227569,0.005195103017502178,3,0.37551011274073737,0.016269723897964758,3,1133.3333333333333,8.621678104251734,3,BDL-Gaussian
sleep,gru,density_gau,objective_e20_bs32_eval5,none,1.0,0.5,0.45,0.6166329299505247,0.029537001699733303,3,0.9825708695517298,0.002595654725605661,3,0.7574830488301098,0.023005809318316705,3,0.8239468506066822,0.018973891055713,3,0.6100026289301103,0.029704297658787366,3,0.849074992714964,0.018626945705018494,3,0.1358315528361362,0.004004013753637012,3,0.38189963399637844,0.017580527230378125,3,901.3333333333334,45.39089482851525,3,BDL-Gaussian
sleep,gru,density_gau,objective_e20_bs32_eval5,none,8.0,1.0,0.5,0.6235743693202774,0.046771627334683166,3,0.9634572196099672,0.0006784039472530916,3,0.7564461387275198,0.03516467413388478,3,0.8243173224979911,0.029205790210394,3,0.6091406561632764,0.04492270744119146,3,0.8506394328097509,0.028904066979375732,3,0.10536930616501043,0.008124730764080344,3,0.37118675905203097,0.028587872201030762,3,2291.3333333333335,88.71489916205358,3,BDL-Gaussian
sleep,gru,density_gau,objective_e20_bs32_eval5,none,4.0,0.5,0.45,0.6179488089167757,0.030337509478964957,3,0.9757489896342241,0.0006486195339442293,3,0.756399729767733,0.023142879778589115,3,0.8235818321212203,0.019279562301523213,3,0.6086017785972232,0.029660085555923206,3,0.8492092371264229,0.01910427161461945,3,0.0885736167840462,0.006311611578961561,3,0.3785002087237557,0.018823410560332998,3,1703.3333333333333,27.754879450888126,3,BDL-Gaussian
sleep,gru,density_gau,objective_e20_bs32_eval5,none,4.0,1.0,0.45,0.6118708384279455,0.029473070204320218,3,0.9758592377303801,0.0006014173562752553,3,0.7518710648450456,0.022631904522932955,3,0.8198172084767729,0.01897866397184264,3,0.6027468753570192,0.028814983421724505,3,0.8454829466068823,0.018894813056702507,3,0.0951307080261049,0.006131474423962207,3,0.382279267685119,0.01863270639752629,3,1584.0,30.643106892089126,3,BDL-Gaussian
sleep,gru,density_gau,objective_e20_bs32_eval5,none,2.0,0.0,0.4,0.6017884133250038,0.02481620754567256,3,0.9839481896436867,0.0008851250988498785,3,0.7466265797822441,0.019377294572729877,3,0.8147880401625566,0.016331206882834324,3,0.5959474791142124,0.024629020082158615,3,0.8399041526413703,0.016296863892356055,3,0.09288253941615217,0.005412805659841196,3,0.3917297057272773,0.015902962249852333,3,1267.3333333333333,24.704925284917042,3,BDL-Gaussian
sleep,gru,density_gau,objective_e20_bs32_eval5,none,2.0,0.2393167939518393,0.4,0.6001718852985768,0.025031348846545984,3,0.984515610260036,0.0008863511586774738,3,0.7455394873196116,0.0196011258363455,3,0.8138145542831761,0.016557577655375157,3,0.5945698526685347,0.024865466477754117,3,0.8388839271598956,0.01654698693396992,3,0.09374183693599987,0.005408628430264684,3,0.39302151777420574,0.01614269810495653,3,1280.0,25.632011235952593,3,BDL-Gaussian
sleep,gru,density_gau,objective_e20_bs32_eval5,none,0.25,0.5,0.5,0.6213963607066336,0.03590635677578125,3,0.9279759677004323,0.017518405021343993,3,0.7440494363174991,0.02881842028451869,3,0.8173526013077846,0.022444461293115836,3,0.5929856907798478,0.03702222431186054,3,0.8468084599562299,0.02103464776335309,3,0.2137143299978728,0.0015303056663336224,3,0.35803521300077684,0.01786101476611102,3,313.3333333333333,283.67998401955214,3,BDL-Gaussian
sleep,gru,density_gau,objective_e20_bs32_eval5,none,1.0,1.0,0.45,0.5964965343702833,0.027264684476047817,3,0.983362803497498,0.0025982753478317067,3,0.7423414501498193,0.021780130549758143,3,0.8111705530533021,0.018380013651393644,3,0.5905737775984434,0.027460477652626398,3,0.8362970718001175,0.01833698829762861,3,0.14772911383419055,0.0038825004002328274,3,0.39505660109707086,0.01731210585811996,3,583.6666666666666,43.13158162336891,3,BDL-Gaussian
sleep,gru,density_gau,objective_e20_bs32_eval5,none,8.0,0.0,0.45,0.5961179854994675,0.03780012001594806,3,0.9666277450715866,0.0003476794089089925,3,0.7369842733947495,0.02934945472877255,3,0.807926115084105,0.02515507228382434,3,0.5840758291437821,0.03642529976852962,3,0.8342141604006813,0.02543823429879543,3,0.09838507154880045,0.008352865502658,3,0.3891295514383353,0.025278077252610165,3,2305.3333333333335,75.69235980819549,3,BDL-Gaussian
sleep,gru,density_gau,objective_e20_bs32_eval5,none,16.0,0.0,0.5,0.6041156789587917,0.0573803845916666,3,0.9476302573444982,0.0015687142217817825,3,0.736809932060901,0.044094115346193404,3,0.8090167527603215,0.03752736479382223,3,0.5845578597667785,0.05435507745180561,3,0.8365052881669653,0.037814833360521265,3,0.1161959584148351,0.011745152478219988,3,0.37774558796007884,0.03708973452507863,3,3359.6666666666665,263.66708807383094,3,BDL-Gaussian
sleep,gru,density_gau,objective_e20_bs32_eval5,none,16.0,0.2393167939518393,0.5,0.6038200919023561,0.05720606437891767,3,0.9476397422515562,0.001569932664905399,3,0.736598099501931,0.043977988170794756,3,0.8088421295906875,0.03744095606145437,3,0.5842850975217545,0.05419335102108005,3,0.836333229932824,0.03773618177537531,3,0.11664796194924759,0.011743483177749876,3,0.37792218598931643,0.03701115689566967,3,3363.0,264.346363697328,3,BDL-Gaussian
sleep,gru,density_gau,objective_e20_bs32_eval5,none,8.0,0.2393167939518393,0.45,0.595595798489528,0.0374797638782165,3,0.9666412471157514,0.0003508506297927017,3,0.7365959458334724,0.02912474386222363,3,0.807600791265899,0.02498015633346461,3,0.5835799360844821,0.036120490748880414,3,0.8338900724401751,0.025272848103730382,3,0.09896214109956664,0.008345973345688816,3,0.38946010193068403,0.025111216793652188,3,2304.6666666666665,73.38483040338335,3,BDL-Gaussian
sleep,gru,density_gau,objective_e20_bs32_eval5,none,16.0,0.5,0.5,0.6025450980533701,0.05713843208699581,3,0.9476847118697251,0.0015527184871484087,3,0.7356587247798322,0.043997453076871,3,0.8080444227442015,0.03752442258710291,3,0.5831071108164633,0.054130393680940095,3,0.8355311015487003,0.03786490672313902,3,0.11770560257388672,0.011703316697271315,3,0.37874583834313075,0.03715109434509417,3,3451.0,244.46676665755612,3,BDL-Gaussian
sleep,gru,density_gau,objective_e20_bs32_eval5,none,4.0,0.0,0.4,0.5893972728720939,0.024600481661343574,3,0.9786926584364455,0.0005092572238081826,3,0.7355247169512676,0.01939189041009349,3,0.8058019191467697,0.01666387216270621,3,0.5819306491016568,0.024150372082347733,3,0.8312707708977984,0.01685669121609127,3,0.08600363116203658,0.006359587550363722,3,0.39784761371278754,0.016633539944547145,3,1668.3333333333333,39.39966158907118,3,BDL-Gaussian
sleep,gru,density_gau,objective_e20_bs32_eval5,none,4.0,0.2393167939518393,0.4,0.5884598485316029,0.024074478116922073,3,0.9787895160755783,0.0005115772364338647,3,0.7348292381969618,0.01900858207854451,3,0.8052027404472831,0.01635902881385464,3,0.5810510480109515,0.023639312105109382,3,0.8306617974426747,0.016563732530734,3,0.08673623450341339,0.006353328198798468,3,0.39850294648724544,0.01634259464588215,3,1674.3333333333333,38.81151032017861,3,BDL-Gaussian
sleep,gru,density_gau,objective_e20_bs32_eval5,none,2.0,0.5,0.4,0.5835132973334273,0.02336963648708689,3,0.984898242569468,0.0008601334428046181,3,0.7326688562273751,0.018680590184107077,3,0.802773502735199,0.016114566041751363,3,0.5783477371843867,0.0232262274680664,3,0.8277259653633929,0.016321916557797134,3,0.09608039421094532,0.005369523936092232,3,0.40436262024581976,0.015937467289502856,3,1211.6666666666667,30.989245446337236,3,BDL-Gaussian
sleep,gru,density_gau,objective_e20_bs32_eval5,none,8.0,0.5,0.45,0.5856794584330637,0.03632393621970811,3,0.966818001148455,0.0003492930830226586,3,0.7290242964648591,0.028592381873169107,3,0.8011173277948095,0.024845138843650465,3,0.5741196660775495,0.035037374816019796,3,0.8273386407276662,0.025338845186324406,3,0.1003742919118067,0.008304112391192919,3,0.39609613406004235,0.02517724174218732,3,2350.6666666666665,66.71081871280951,3,BDL-Gaussian
sleep,gru,density_gau,objective_e20_bs32_eval5,none,2.0,1.0,0.4,0.5771932982908895,0.022580166966043445,3,0.9850765588221576,0.0008229623581418523,3,0.727722531496705,0.018191809373503096,3,0.7984643209738708,0.015829845837340227,3,0.5721980546328308,0.022441675690254195,3,0.8233292005175153,0.01611721984135589,3,0.10465849940227569,0.005195103017502178,3,0.40884473323950377,0.015750482556467243,3,1057.6666666666667,31.374086972106973,3,BDL-Gaussian
sleep,gru,density_gau,objective_e20_bs32_eval5,none,16.0,1.0,0.5,0.5915604059146536,0.05513887728725035,3,0.947809131532897,0.0015740028471084647,3,0.7274788080469424,0.043050461459234184,3,0.8011240622173464,0.03720613107962877,3,0.5728628169082989,0.05231056479059921,3,0.82859202474434,0.03786081739389893,3,0.12138370948144399,0.011514995354821173,3,0.38574446657728084,0.03713529097091403,3,3340.6666666666665,268.96158337824625,3,BDL-Gaussian
sleep,gru,density_gau,objective_e20_bs32_eval5,none,8.0,1.0,0.45,0.581795805618921,0.03584785500456121,3,0.9668487991996076,0.00037711707894565915,3,0.7260218803664279,0.028340988154023732,3,0.7985291373219106,0.02473623710168555,3,0.5703986538135102,0.03459010837249148,3,0.8247125027879684,0.02529382754101411,3,0.10536930616501043,0.008124730764080344,3,0.39873701298146397,0.02512643687399183,3,2254.3333333333335,77.59725081040776,3,BDL-Gaussian
sleep,gru,density_gau,objective_e20_bs32_eval5,none,0.5,1.0,0.5,0.5825434998689465,0.02170646631660423,3,0.9613829262299637,0.007429539288470094,3,0.7253671052878676,0.0182969778461948,3,0.7987764823628064,0.015132673127041845,3,0.5692958206048956,0.022633322213042466,3,0.8255774405724798,0.014863790350276308,3,0.20124586635797015,0.0024848285097646477,3,0.3952559248064658,0.012512460101848779,3,412.3333333333333,59.76899976855337,3,BDL-Gaussian
sleep,gru,density_gau,objective_e20_bs32_eval5,none,4.0,0.5,0.4,0.575499621157828,0.023050751939291375,3,0.9790568788674708,0.0004475526563484708,3,0.7247194579515588,0.018484654470059106,3,0.7964272767955379,0.016184637481594145,3,0.5685011070014153,0.02263626593639266,3,0.821723234649938,0.01655687778621789,3,0.0885736167840462,0.006311611578961561,3,0.4075694780923375,0.01635938507209223,3,1643.3333333333333,44.65795935030317,3,BDL-Gaussian
sleep,gru,density_gau,objective_e20_bs32_eval5,none,4.0,1.0,0.4,0.5715518518840002,0.022261042624190867,3,0.9791126724384,0.00047660461989812805,3,0.7216058605802406,0.017951783795098285,3,0.7937029314128949,0.015803347083615034,3,0.5646675210833269,0.021874854161641484,3,0.8189355868235279,0.016215865680212996,3,0.0951307080261049,0.006131474423962207,3,0.4103838305957835,0.016009985908356904,3,1543.3333333333333,42.782395133200886,3,BDL-Gaussian
sleep,gru,density_gau,objective_e20_bs32_eval5,none,2.0,0.0,0.35000000000000003,0.556009314174722,0.02255798258442471,3,0.9886457851416365,0.00019607772383542995,3,0.711560902031119,0.01852061416249372,3,0.7837460580504088,0.01668045948473276,3,0.5524796189607809,0.02230887174835183,3,0.8078842033930749,0.01730994687617672,3,0.09288253941615217,0.005412805659841196,3,0.42599808196327654,0.0172496486844878,3,1161.3333333333333,30.730007050655473,3,BDL-Gaussian
sleep,gru,density_gau,objective_e20_bs32_eval5,none,4.0,0.0,0.35000000000000003,0.5580521289919191,0.02283534038565276,3,0.9817145498251095,0.00040560271410842747,3,0.7114182893032214,0.01869612682024054,3,0.7843710550983003,0.016748088688955824,3,0.5523116050221993,0.022492876372355496,3,0.8090953940200324,0.01734164871017628,3,0.08600363116203658,0.006359587550363722,3,0.4214693693081652,0.017156922070999395,3,1634.6666666666667,55.58177159225258,3,BDL-Gaussian
sleep,gru,density_gau,objective_e20_bs32_eval5,none,4.0,0.2393167939518393,0.35000000000000003,0.5568214327970906,0.02242880111418961,3,0.9818642997694833,0.00035227640065426356,3,0.7104616065785625,0.018384371740784534,3,0.7835015681984897,0.016508953289500833,3,0.5511524346533094,0.02208076929058373,3,0.8081848179424665,0.017116367123757317,3,0.08673623450341339,0.006353328198798468,3,0.4224516207388949,0.01695933434664266,3,1638.6666666666667,55.29315810598393,3,BDL-Gaussian
sleep,gru,density_gau,objective_e20_bs32_eval5,none,2.0,0.2393167939518393,0.35000000000000003,0.553723065184498,0.022318709043218917,3,0.988954881524584,0.0001767378645088733,3,0.7097674279396303,0.018391854619012275,3,0.7820945277125967,0.016638296381613786,3,0.5503179350124805,0.022078184350396088,3,0.8061446607309647,0.01730375820834314,3,0.09374183693599987,0.005408628430264684,3,0.42788556853616494,0.017248757866899285,3,1158.0,22.60530911091463,3,BDL-Gaussian
sleep,gru,density_gau,objective_e20_bs32_eval5,none,0.5,0.2393167939518393,0.45,0.5557972546347139,0.02364570982981201,3,0.9743248029426868,0.003607451764955937,3,0.707640645561371,0.01948917075377849,3,0.7817896860206356,0.01713388924509187,3,0.547793899500733,0.023545754055951055,3,0.8070251406375112,0.01755189926411277,3,0.17675230209351475,0.0024322725910086353,3,0.4200026416266524,0.016814925007019154,3,149.66666666666666,50.63924696649164,3,BDL-Gaussian
sleep,gru,density_gau,objective_e20_bs32_eval5,none,1.0,0.0,0.4,0.5504284375809475,0.020333589075210223,3,0.9868465540663136,0.0019093898155538847,3,0.7065518060982718,0.01693273440538881,3,0.7794550969327245,0.015119298649473397,3,0.5464323660702806,0.020388179904487415,3,0.8035860589194903,0.015602367011270244,3,0.13185128099538498,0.004044357289308703,3,0.42943505401181153,0.01508371811907376,3,608.0,53.3572862878164,3,BDL-Gaussian
sleep,gru,density_gau,objective_e20_bs32_eval5,none,16.0,0.0,0.9,0.8236623338827384,0.0038953681372201295,3,0.6190533259328741,0.05872942706218007,3,0.7058948951394118,0.040049337968651476,3,0.8141195320217122,0.023366066810396074,3,0.546450151417198,0.047536652765085056,3,0.8771642538456872,0.011855672139848662,3,0.1161959584148351,0.011745152478219988,3,0.17981866669743043,0.01626085920879557,3,2326.0,117.69027147559818,3,BDL-Gaussian
sleep,gru,density_gau,objective_e20_bs32_eval5,none,16.0,0.2393167939518393,0.9,0.8236112439690304,0.003914780753301646,3,0.619063703537067,0.05873054243666793,3,0.7058832059783399,0.040053257792995095,3,0.8141104914821883,0.02336889734914147,3,0.5464363629045205,0.04754072182266628,3,0.877155227664849,0.011858324731377354,3,0.11664796194924759,0.011743483177749876,3,0.1798326599481972,0.016258928804140066,3,2326.0,115.8576713040617,3,BDL-Gaussian
sleep,gru,density_gau,objective_e20_bs32_eval5,none,16.0,0.5,0.9,0.8235425053681187,0.003952305548893038,3,0.6190735232055504,0.058732196362710216,3,0.7058652986747286,0.04006563143393638,3,0.8140971157390194,0.023377626946256155,3,0.5464155402898804,0.04755394735316143,3,0.8771425696479341,0.011865879356157509,3,0.11770560257388672,0.011703316697271315,3,0.17985001798827047,0.01625216713709474,3,2328.0,112.4144118874444,3,BDL-Gaussian
sleep,gru,density_gau,objective_e20_bs32_eval5,none,1.0,0.2393167939518393,0.4,0.5483989710409944,0.020937876602795318,3,0.9888219812386306,0.0014001312884036727,3,0.7053670776807905,0.01735804014396809,3,0.7781410392477262,0.01561539747685241,3,0.545025924358055,0.02086312892008926,3,0.8020481365690002,0.016184601303764166,3,0.13276851885801944,0.004035263125198719,3,0.4319184821574303,0.015906345611012087,3,617.3333333333334,55.42863279328954,3,BDL-Gaussian
sleep,gru,density_gau,objective_e20_bs32_eval5,none,8.0,0.0,0.4,0.553312708522812,0.027239874046510563,3,0.9696898078313195,0.0002434639397656477,3,0.7043228134812196,0.022194324978804147,3,0.7792376850016903,0.020007385973086163,3,0.543895783217872,0.026396142348054066,3,0.8047233310004126,0.02081784341968236,3,0.09838507154880045,0.008352865502658,3,0.42008598692368104,0.020704483950206125,3,2169.0,74.64583042608609,3,BDL-Gaussian
sleep,gru,density_gau,objective_e20_bs32_eval5,none,8.0,0.2393167939518393,0.4,0.5526626588288538,0.027102340389090294,3,0.9697054300311797,0.00024604236036604823,3,0.7038020081126904,0.02210159944859947,3,0.7787686689257564,0.019942698321867226,3,0.5432727070201944,0.02626519035886841,3,0.804235276322907,0.02076034422650858,3,0.09896214109956664,0.008345973345688816,3,0.42058151891075685,0.020645953283099233,3,2165.6666666666665,72.59017380701968,3,BDL-Gaussian
sleep,gru,density_gau,objective_e20_bs32_eval5,none,0.5,0.5,0.6000000000000001,0.8438446316362277,0.007541420075171065,3,0.6041783135745981,0.047574905724219865,3,0.7033064629974595,0.03067437215330491,3,0.8134211556841974,0.01749644476976367,3,0.542954327863526,0.036134512869059596,3,0.8784366782970876,0.00802989628287292,3,0.181653679858673,0.002443989690083277,3,0.17142656171087678,0.01478894196116584,3,3010.6666666666665,472.6524445439094,3,BDL-Gaussian
sleep,gru,density_gau,objective_e20_bs32_eval5,none,16.0,1.0,0.9,0.8163846930297246,0.0024314182034653425,3,0.6191295399507633,0.058714010257006316,3,0.7032180801264237,0.03923495916680758,3,0.8122315223962205,0.022801469737482476,3,0.5432146207481591,0.046373474146304716,3,0.8755574601331219,0.01139953536461938,3,0.12138370948144399,0.011514995354821173,3,0.1814619389988267,0.01670629283875599,3,2583.6666666666665,105.71817882149381,3,BDL-Gaussian
sleep,gru,density_gau,objective_e20_bs32_eval5,none,4.0,0.5,0.35000000000000003,0.5449109811693825,0.021657940800008275,3,0.9820556717177702,0.00034515353254442024,3,0.700742981025097,0.01801987205461451,3,0.7746718899494768,0.016474153501005236,3,0.5395385535674003,0.021333098920280107,3,0.7989715174323858,0.01722920209270596,3,0.0885736167840462,0.006311611578961561,3,0.43175651829120826,0.01707464938747436,3,1587.6666666666667,55.29315810598393,3,BDL-Gaussian
sleep,gru,density_gau,objective_e20_bs32_eval5,none,16.0,0.0,0.45,0.5535915886946724,0.0428678156849014,3,0.9525136454336421,0.001012718676342086,3,0.6995805859246403,0.034966223707129034,3,0.7764980769302908,0.031688223464239225,3,0.5386991148800709,0.0409364241285332,3,0.8031350169243562,0.033100102525910634,3,0.1161959584148351,0.011745152478219988,3,0.4134532127649211,0.0326197833320082,3,3209.6666666666665,238.91700092989058,3,BDL-Gaussian
sleep,gru,density_gau,objective_e20_bs32_eval5,none,16.0,0.2393167939518393,0.45,0.5533896182111963,0.04294656610697089,3,0.9525222376435653,0.0010114061990590673,3,0.699418575471428,0.0350421131016312,3,0.7763480020997612,0.0317711561012738,3,0.5385103878210623,0.04101172749090321,3,0.8029765246661489,0.03319395186882352,3,0.11664796194924759,0.011743483177749876,3,0.4136158175433919,0.03271442975580889,3,3213.0,239.72484226712925,3,BDL-Gaussian
sleep,gru,density_gau,objective_e20_bs32_eval5,none,4.0,1.0,0.35000000000000003,0.5417689245320226,0.020692234948546745,3,0.9821084524358691,0.00036827809232358133,3,0.698165410839525,0.0172989738644285,3,0.77231471680228,0.01589790575669741,3,0.5364741340677274,0.020392523857479042,3,0.7965041922070197,0.016666009672504777,3,0.0951307080261049,0.006131474423962207,3,0.4342491061410503,0.016506191692897305,3,1493.6666666666667,58.79909296352569,3,BDL-Gaussian
sleep,gru,density_gau,objective_e20_bs32_eval5,none,0.25,0.2393167939518393,0.5,0.6475587385021039,0.03818821404802307,3,0.7576139812439869,0.027540265224974658,3,0.697905824171046,0.02846822577599322,3,0.795826026053187,0.02029488547632073,3,0.536480589936617,0.033851429960041195,3,0.8428216920168824,0.017447092900385333,3,0.20394970012333702,0.0014531419519579405,3,0.28048101212007787,0.01594422104911606,3,1922.3333333333333,234.66003778516128,3,BDL-Gaussian
sleep,gru,density_gau,objective_e20_bs32_eval5,none,2.0,0.5,0.35000000000000003,0.5390968624706399,0.02078124557231641,3,0.9892965613529539,0.00018873222549659592,3,0.697734530763716,0.017438245514372584,3,0.7710598375720851,0.0161452406646957,3,0.5359687042365762,0.020559333932455844,3,0.7945883719717964,0.016971941547709413,3,0.09608039421094532,0.005369523936092232,3,0.43960539673750026,0.01693680383460559,3,1055.6666666666667,25.89079630550848,3,BDL-Gaussian
sleep,gru,density_gau,objective_e20_bs32_eval5,none,8.0,0.5,0.4,0.5431075648418565,0.02636471483366174,3,0.9698864243752738,0.00025078621159118996,3,0.6960553728974789,0.021768415905374705,3,0.771715120102122,0.019933200189348615,3,0.5340920250420672,0.025569402790418062,3,0.7968569342859854,0.02089784698925944,3,0.1003742919118067,0.008304112391192919,3,0.42804649091998254,0.02078345020789191,3,2170.0,74.0,3,BDL-Gaussian
sleep,gru,density_gau,objective_e20_bs32_eval5,none,16.0,0.5,0.45,0.5481549578454535,0.041928549603075634,3,0.9526636185522998,0.0010228860000189163,3,0.69527717058904,0.034458528092954376,3,0.7726117097141986,0.03149558717925553,3,0.5335981116408614,0.04007078712841335,3,0.799081407178388,0.03303410195738192,3,0.11770560257388672,0.011703316697271315,3,0.41757860468276126,0.03255014029038547,3,3373.3333333333335,241.5084539583104,3,BDL-Gaussian
sleep,gru,density_gau,objective_e20_bs32_eval5,none,8.0,1.0,0.4,0.5408204674002038,0.02617725939527732,3,0.9698905530995225,0.00025152615545414475,3,0.6941763898078497,0.02167510901232944,3,0.7699931569671851,0.019916618633905467,3,0.5318813898187403,0.025391103380844895,3,0.7950511907295034,0.020913834801117512,3,0.10536930616501043,0.008124730764080344,3,0.42985421062256507,0.020799263353283356,3,2098.0,75.28612089887484,3,BDL-Gaussian
sleep,gru,density_gau,objective_e20_bs32_eval5,none,2.0,1.0,0.35000000000000003,0.5337795591396395,0.020379142565095466,3,0.9894371611516953,0.0001919340360309816,3,0.6933022009476474,0.017209900020019774,3,0.7669230681335453,0.01607519397365466,3,0.5307527738710509,0.020158791895190206,3,0.7902218635250003,0.016962436639891217,3,0.10465849940227569,0.005195103017502178,3,0.4440392009704266,0.016940357983417434,3,906.3333333333334,23.288051299611407,3,BDL-Gaussian
sleep,gru,density_gau,objective_e20_bs32_eval5,none,16.0,1.0,0.45,0.5432947916000649,0.04135459137014776,3,0.9526844853478272,0.0010111735263122032,3,0.6913645209242367,0.03419095710931904,3,0.7690563409097052,0.03148150407253005,3,0.5289980875884503,0.03953668063480519,3,0.7953643831817789,0.033132191501313364,3,0.12138370948144399,0.011514995354821173,3,0.42130561622858176,0.03265291558203503,3,3192.6666666666665,248.55851088492892,3,BDL-Gaussian
sleep,gru,density_gau,objective_e20_bs32_eval5,none,0.5,0.0,0.45,0.5516864626543512,0.025971819594645222,3,0.9234138389926985,0.004903513524405124,3,0.690493838569228,0.020755627484054982,3,0.7721936565405114,0.01806011833897701,3,0.527551503857446,0.024434789699913795,3,0.8015395459948539,0.01850169862141982,3,0.1754588750378576,0.0024270629150888222,3,0.4011205389302918,0.01769727775149951,3,479.3333333333333,169.61819870914007,3,BDL-Gaussian
sleep,gru,density_gau,objective_e20_bs32_eval5,none,1.0,0.5,0.7000000000000001,0.8816275766172873,0.014339122737131898,3,0.5680872379348076,0.050847559305753735,3,0.6897092675591293,0.034381156643776056,3,0.806958734695416,0.019355677111091176,3,0.5270693750702474,0.03947738228415425,3,0.8782089675160036,0.00822048607973094,3,0.1358315528361362,0.004004013753637012,3,0.15437987146718488,0.0161340635088324,3,3229.3333333333335,552.2194612048124,3,BDL-Gaussian
sleep,gru,density_gau,objective_e20_bs32_eval5,none,1.0,0.5,0.4,0.5280921064906706,0.019051839963270766,3,0.9903060902253458,0.0012235632837771097,3,0.6887179633290229,0.0162533398704872,3,0.7625371168857343,0.015118260621819191,3,0.5253821836002589,0.019035198054828707,3,0.7855221074134747,0.01590719970061054,3,0.1358315528361362,0.004004013753637012,3,0.4491548557221073,0.015614009922098286,3,460.3333333333333,47.056703383612984,3,BDL-Gaussian
sleep,gru,density_gau,objective_e20_bs32_eval5,none,4.0,0.0,0.30000000000000004,0.52866161402254,0.022137294043291247,3,0.9845640390796024,7.648205821366001e-05,3,0.6877538630194167,0.018764974173735686,3,0.7622867905923023,0.017658341446700667,3,0.5243120995683653,0.02179647313509121,3,0.7857110964128569,0.018700402203897837,3,0.08600363116203658,0.006359587550363722,3,0.4462175281809116,0.01866431765710639,3,1549.3333333333333,73.3848304033833,3,BDL-Gaussian
sleep,gru,density_gau,objective_e20_bs32_eval5,none,4.0,0.2393167939518393,0.30000000000000004,0.5270504888712039,0.021889854738195106,3,0.9846223991547944,7.085010263566451e-05,3,0.6864059972339867,0.01859055559548139,3,0.7610122014353103,0.017539572630729496,3,0.5227437994030416,0.021553812033158256,3,0.7843572226964972,0.018593882532432056,3,0.08673623450341339,0.006353328198798468,3,0.44759933498945054,0.018560014355546873,3,1548.6666666666667,75.6394958558909,3,BDL-Gaussian
sleep,gru,density_gau,objective_e20_bs32_eval5,none,8.0,0.0,0.35000000000000003,0.5257944529454396,0.024182725894513164,3,0.9727034417714862,0.00020503757005733912,3,0.6823885575070795,0.020462723673869514,3,0.7586978973246938,0.01931114738255571,3,0.518141871604391,0.023538935492365513,3,0.7828974115263367,0.020504391231158818,3,0.09838507154880045,0.008352865502658,3,0.4433543328231672,0.020411966628059473,3,2117.0,67.63874629234341,3,BDL-Gaussian
sleep,gru,density_gau,objective_e20_bs32_eval5,none,8.0,0.2393167939518393,0.35000000000000003,0.5250088043051736,0.02416322315053407,3,0.9727225231727438,0.00020643039172917228,3,0.6817308259987467,0.020469894746491305,3,0.7580741224493371,0.01934699378108714,3,0.5173843240985614,0.023521761400133293,3,0.7822333730271653,0.020554616178260567,3,0.09896214109956664,0.008345973345688816,3,0.4440275043218849,0.02046156493280888,3,2116.3333333333335,71.52854907890514,3,BDL-Gaussian
sleep,gru,density_gau,objective_e20_bs32_eval5,none,0.5,0.5,0.45,0.5203418708440731,0.02135466499765261,3,0.9856738847925248,0.002568253440385761,3,0.6809530694662748,0.018370108203006327,3,0.7557109876143665,0.01725506248216557,3,0.5164439335234149,0.02128860759869851,3,0.7786384962233178,0.018236038399296932,3,0.181653679858673,0.002443989690083277,3,0.4538213378060463,0.01787989531864326,3,208.66666666666666,222.15385059308184,3,BDL-Gaussian
sleep,gru,density_gau,objective_e20_bs32_eval5,none,0.25,0.5,0.55,0.7896451256024187,0.010026938840023515,3,0.6002169700386292,0.05413018445912333,3,0.6808970044819084,0.03267910268784077,3,0.7980017525535196,0.018346277561160088,3,0.5167963857018659,0.03721183099336513,3,0.8659365661374441,0.007918986408201694,3,0.2137143299978728,0.0015303056663336224,3,0.1820306418009805,0.018245599246896917,3,3167.3333333333335,550.477368593236,3,BDL-Gaussian
sleep,gru,density_gau,objective_e20_bs32_eval5,none,4.0,0.5,0.30000000000000004,0.5164702419993684,0.020885107713425187,3,0.984806964287428,9.092352857328866e-05,3,0.6774217610290562,0.017995872856681354,3,0.7524336551592272,0.017306902932413208,3,0.5123845567607598,0.0205806643400667,3,0.7752180543698679,0.018479088956878213,3,0.0885736167840462,0.006311611578961561,3,0.45682684238771426,0.01843634739679441,3,1474.3333333333333,71.70309151866,3,BDL-Gaussian
sleep,gru,density_gau,objective_e20_bs32_eval5,none,1.0,1.0,0.7000000000000001,0.8002168287921467,0.0038283858188748817,3,0.5877936387741215,0.0491780216937636,3,0.6768804771918315,0.03226280969267224,3,0.7962382627167726,0.018275173269799896,3,0.5121704270988873,0.036367694554426275,3,0.8661884179465685,0.008135999017699036,3,0.14772911383419055,0.0038825004002328274,3,0.17583256637500888,0.015417951220604645,3,3207.0,525.5863392440865,3,BDL-Gaussian
sleep,gru,density_gau,objective_e20_bs32_eval5,none,0.5,1.0,0.6000000000000001,0.7029547050676608,0.003152840154418683,3,0.6524794774508051,0.04166005462682808,3,0.6763577546597234,0.02380176855403902,3,0.7897274955066482,0.013591878134737384,3,0.5113060261564902,0.027005321045745642,3,0.8508775317102018,0.00653334287661728,3,0.20124586635797015,0.0024848285097646477,3,0.2221042676637552,0.013462343688740207,3,3119.0,404.2635279121776,3,BDL-Gaussian
sleep,gru,density_gau,objective_e20_bs32_eval5,none,4.0,1.0,0.30000000000000004,0.5141713468121581,0.020619638988247323,3,0.9848538308870084,8.529017762822884e-05,3,0.6754546798406004,0.01782253510507041,3,0.7505329782347342,0.017217112005939502,3,0.5101343836200293,0.020320166566207564,3,0.7731842261668235,0.018412383121130468,3,0.0951307080261049,0.006131474423962207,3,0.4588831025194688,0.018372124025485145,3,1386.3333333333333,75.08217720160579,3,BDL-Gaussian
sleep,gru,density_gau,objective_e20_bs32_eval5,none,8.0,0.5,0.35000000000000003,0.5161303771285842,0.023290328532268832,3,0.9728853288127151,0.00020563318345501373,3,0.674247268581604,0.019964717810779103,3,0.7509384266434663,0.019170595444580302,3,0.5088046983141937,0.022687099001062177,3,0.7746227003000324,0.020489472605865883,3,0.1003742919118067,0.008304112391192919,3,0.4517161012966082,0.02039655317831902,3,2095.3333333333335,70.5998111423348,3,BDL-Gaussian
sleep,gru,density_gau,objective_e20_bs32_eval5,none,1.0,1.0,0.4,0.5109420620667938,0.017423343646342314,3,0.9905869550614032,0.0011834110589045391,3,0.6740435681414789,0.015212135781710642,3,0.7484459677082252,0.014600788642143623,3,0.5084783779864448,0.01741452376584737,3,0.7704898043679451,0.015550519498773924,3,0.14772911383419055,0.0038825004002328274,3,0.46432159011183494,0.015272345277735244,3,123.0,44.19275958796871,3,BDL-Gaussian
sleep,gru,density_gau,objective_e20_bs32_eval5,none,8.0,1.0,0.35000000000000003,0.5144350846879889,0.022986477363650126,3,0.9729013973611426,0.00021921097340934852,3,0.6728068113094007,0.019759779143940608,3,0.7495565815754932,0.019038188593153486,3,0.5071619393994903,0.02239933735660137,3,0.7731460918880164,0.020372204257434284,3,0.10536930616501043,0.008124730764080344,3,0.4532004006556105,0.02027049493905738,3,2044.6666666666667,63.579346751388826,3,BDL-Gaussian
sleep,gru,density_gau,objective_e20_bs32_eval5,none,2.0,0.0,0.30000000000000004,0.5076479074862649,0.019061091264813413,3,0.9922371057152032,0.00029014862791249533,3,0.6715215724257093,0.016717385977079502,3,0.7457083458789682,0.016340016869942384,3,0.5056408775282394,0.01897104767733196,3,0.7674024499511626,0.017518935311110484,3,0.09288253941615217,0.005412805659841196,3,0.4681987620566275,0.017403277852125622,3,925.6666666666666,66.72580710140068,3,BDL-Gaussian
sleep,gru,density_gau,objective_e20_bs32_eval5,none,2.0,0.2393167939518393,0.30000000000000004,0.5053491271035097,0.018626478388314945,3,0.9924432071662155,0.00025029082979516093,3,0.6695586770436862,0.016381672546516342,3,0.7437549785188445,0.016095788189958955,3,0.5034127005878767,0.01853174489009475,3,0.765288828173135,0.01728695688187652,3,0.09374183693599987,0.005408628430264684,3,0.470411030911625,0.017193807052928417,3,925.6666666666666,69.09655080634151,3,BDL-Gaussian
sleep,gru,density_gau,objective_e20_bs32_eval5,none,8.0,0.5,0.9500000000000001,0.871618573907745,0.0014464732270569574,3,0.5406320027905712,0.051670115521734415,3,0.6663367757560918,0.03950804138081438,3,0.7931769012761848,0.022591725792516438,3,0.5004980635955151,0.04401114900727524,3,0.8709945654914045,0.010328643173414373,3,0.1003742919118067,0.008304112391192919,3,0.1484532757879589,0.01440380726360966,3,1283.3333333333333,173.32435874202258,3,BDL-Gaussian
sleep,gru,density_gau,objective_e20_bs32_eval5,none,8.0,0.2393167939518393,0.9500000000000001,0.8717166049414399,0.0014414500657410321,3,0.5404707593705861,0.051661826234845686,3,0.6662423799382765,0.03951188427446659,3,0.7931261470475985,0.022593118056377922,3,0.5003919196076744,0.04400954477534721,3,0.8709782489337355,0.010327197980402563,3,0.09896214109956664,0.008345973345688816,3,0.14839241582899435,0.014401173983928043,3,1279.3333333333333,169.3792588640455,3,BDL-Gaussian
sleep,gru,density_gau,objective_e20_bs32_eval5,none,8.0,0.0,0.9500000000000001,0.8717821457224103,0.0014401962418476508,3,0.5403616271458486,0.051688450133120345,3,0.6661768921784935,0.03953839833544419,3,0.7930909502474259,0.022607606696973707,3,0.5003193390951837,0.044034971587490514,3,0.8709670062647036,0.010332134066806184,3,0.09838507154880045,0.008352865502658,3,0.14835142414974445,0.014408893064560169,3,1278.0,169.57594168985176,3,BDL-Gaussian
sleep,gru,density_gau,objective_e20_bs32_eval5,none,0.25,0.0,0.5,0.6473591054666955,0.038151834822151946,3,0.6855346017220575,0.025826369902619335,3,0.6654890413117813,0.026084195414570025,3,0.7779272107369971,0.018330542628499025,3,0.4990609952974778,0.029520435604062825,3,0.8348920319225573,0.015650271114607525,3,0.2010942237294848,0.0014098299406571546,3,0.2539110601799511,0.015631113856987577,3,2635.6666666666665,225.50018477449925,3,BDL-Gaussian
sleep,gru,density_gau,objective_e20_bs32_eval5,none,16.0,0.0,0.4,0.5095055638591987,0.03092493940040731,3,0.9566308762067871,0.0006550713444884028,3,0.6645259988665475,0.026537217434367297,3,0.7436073454186403,0.025632049180868588,3,0.4979893472672989,0.029723986897195125,3,0.7681260932894779,0.027498885571950262,3,0.1161959584148351,0.011745152478219988,3,0.4504327813369771,0.027188486866506635,3,2928.3333333333335,112.17991501749921,3,BDL-Gaussian
sleep,gru,density_gau,objective_e20_bs32_eval5,none,16.0,0.2393167939518393,0.4,0.5090732248346234,0.030908040893349236,3,0.9566408074624125,0.0006543121089156493,3,0.6641602104979919,0.02653902922019552,3,0.7432513456549286,0.025656266173478104,3,0.4975789838588041,0.0297088028647195,3,0.7677428277646605,0.027533383992242196,3,0.11664796194924759,0.011743483177749876,3,0.4508208002943069,0.027223464118910964,3,2935.6666666666665,113.14739649383596,3,BDL-Gaussian
sleep,gru,density_gau,objective_e20_bs32_eval5,none,8.0,1.0,0.9500000000000001,0.8629246448936488,0.0029580173433325155,3,0.5410517936182421,0.051654713891300816,3,0.6640580261452441,0.038748704703517114,3,0.7915533126814541,0.022077704525897756,3,0.49790271532902936,0.04301599391180867,3,0.8695663192495003,0.009931380203444773,3,0.10536930616501043,0.008124730764080344,3,0.15008244801988024,0.014796699139892452,3,1552.3333333333333,167.12370667662125,3,BDL-Gaussian
sleep,gru,density_gau,objective_e20_bs32_eval5,none,4.0,0.0,0.25,0.4994977919965377,0.021534896500048226,3,0.9873022759536628,1.981135350454045e-05,3,0.6631945542258697,0.018997158914792867,3,0.7381143777572059,0.01893573542284886,3,0.4963054110545781,0.021258264771920162,3,0.7596203866068141,0.020448269957901943,3,0.08600363116203658,0.006359587550363722,3,0.4736188501265161,0.02045388154404426,3,1464.0,81.8535277187245,3,BDL-Gaussian
sleep,gru,density_gau,objective_e20_bs32_eval5,none,4.0,0.2393167939518393,0.25,0.4968582114522195,0.021670720614361084,3,0.9874349530653322,3.4384958080949416e-05,3,0.66088880752114,0.019184705611071832,3,0.7357835304033498,0.019234102873631254,3,0.49373226968434564,0.021392841395921982,3,0.7570895576594568,0.020804838493926742,3,0.08673623450341339,0.006353328198798468,3,0.4762131827958643,0.020818082739922365,3,1486.6666666666667,86.93292433441621,3,BDL-Gaussian
sleep,gru,density_gau,objective_e20_bs32_eval5,none,8.0,0.0,0.30000000000000004,0.49937072943616895,0.022757802016022177,3,0.9753567608305923,0.00019852942542641181,3,0.6603452448659893,0.01997925476762811,3,0.7370148843677482,0.019831331974512076,3,0.4931431030743667,0.022243240385514427,3,0.7594470198434977,0.021421441541122382,3,0.09838507154880045,0.008352865502658,3,0.46807469212711944,0.021333623855150453,3,2034.0,98.04590761474952,3,BDL-Gaussian
sleep,gru,density_gau,objective_e20_bs32_eval5,none,8.0,0.2393167939518393,0.30000000000000004,0.49833806979367035,0.022755535240420642,3,0.9754008377516262,0.00020870605254055545,3,0.6594508914036913,0.020007800409909144,3,0.7361183702255808,0.019903810575968527,3,0.49214726920250884,0.022244005685866066,3,0.7584743019824698,0.021513678292703075,3,0.09896214109956664,0.008345973345688816,3,0.46906850668300565,0.021424736119977084,3,2040.6666666666667,97.76672917374978,3,BDL-Gaussian
sleep,gru,density_gau,objective_e20_bs32_eval5,none,1.0,0.2393167939518393,0.7000000000000001,0.8787049988748151,0.0142904453041587,3,0.5288199458891631,0.052579591858616576,3,0.658876461907217,0.038270670990320756,3,0.7891168896305598,0.021404133259377383,3,0.49208409970292344,0.04190336053636825,3,0.8695928904031508,0.008708863014226796,3,0.13276851885801944,0.004035263125198719,3,0.14420130370096915,0.0164752780761061,3,3626.0,568.6360874935745,3,BDL-Gaussian
sleep,gru,density_gau,objective_e20_bs32_eval5,none,16.0,0.5,0.4,0.5023459493082597,0.03005468805260952,3,0.9567980337452907,0.0006551652284863766,3,0.6584546042931761,0.0260513188663916,3,0.7376800995524538,0.02551659998040265,3,0.49119223977293897,0.028911064910912086,3,0.7617378271536573,0.027505275581756607,3,0.11770560257388672,0.011703316697271315,3,0.45690105468519676,0.027195346184060682,3,2971.6666666666665,128.7724090530783,3,BDL-Gaussian
sleep,gru,density_gau,objective_e20_bs32_eval5,none,2.0,0.5,0.30000000000000004,0.49257000662853234,0.01736043719891265,3,0.9927843290588764,0.00022063351580623212,3,0.6583303426234899,0.015520990367376152,3,0.7325024141374512,0.01565331418687939,3,0.49081310840500075,0.017271723076371075,3,0.7531192398011634,0.016940331708245722,3,0.09608039421094532,0.005369523936092232,3,0.4827438916789935,0.016867801915376946,3,779.3333333333334,69.00966115938647,3,BDL-Gaussian
sleep,gru,density_gau,objective_e20_bs32_eval5,none,16.0,1.0,0.4,0.5006551246451054,0.02974577818623904,3,0.9567985916810001,0.0006549910206527426,3,0.6570051323986731,0.025834834760371676,3,0.736263119448792,0.025374153732878345,3,0.4895759629144161,0.028618514796803694,3,0.7602110673581682,0.027376191369752927,3,0.12138370948144399,0.011514995354821173,3,0.45842808152745623,0.02706587861551015,3,2902.0,117.20494870098275,3,BDL-Gaussian
sleep,gru,density_gau,objective_e20_bs32_eval5,none,2.0,1.0,0.30000000000000004,0.4888574073116539,0.01726762207925296,3,0.9928796244780232,0.0002256373958866687,3,0.6550259696591926,0.015504510099287617,3,0.729127257246479,0.015754889804963066,3,0.48714955802048293,0.017176136544703364,3,0.7494505245653119,0.017084445978739305,3,0.10465849940227569,0.005195103017502178,3,0.4864582185032221,0.017022141580331968,3,646.6666666666666,56.606831154316815,3,BDL-Gaussian
sleep,gru,density_gau,objective_e20_bs32_eval5,none,4.0,0.5,0.25,0.488307733893548,0.02023099797213843,3,0.9875164116788889,3.376115033275194e-05,3,0.6533160059957045,0.018122759736969186,3,0.7281424968253787,0.018490504460642168,3,0.4853087091644584,0.019986366072872085,3,0.7488109742549822,0.020092688337977952,3,0.0885736167840462,0.006311611578961561,3,0.48453075502881116,0.020088184513850554,3,1364.3333333333333,81.39615060513201,3,BDL-Gaussian
sleep,gru,density_gau,objective_e20_bs32_eval5,none,8.0,0.5,0.30000000000000004,0.49040308721566334,0.021817127305350365,3,0.9755453431003326,0.00021979248261966983,3,0.6525073322383886,0.019394177799892588,3,0.7291488250353771,0.01961012510850197,3,0.4844429059151827,0.021342032706384396,3,0.7509172255421476,0.021292955245407898,3,0.1003742919118067,0.008304112391192919,3,0.47669474823685043,0.021197189855359726,3,1996.3333333333333,98.10368664496421,3,BDL-Gaussian
sleep,gru,density_gau,objective_e20_bs32_eval5,none,4.0,1.0,0.25,0.486537389545918,0.020183784381014293,3,0.987557252572809,2.6139273094074517e-05,3,0.6517378314775361,0.018126023040284465,3,0.7265213918369006,0.018571713412232706,3,0.4835697372825287,0.019940258706701717,3,0.7470456081701785,0.020201909905299898,3,0.0951307080261049,0.006131474423962207,3,0.4863156689372052,0.02019956526464592,3,1281.6666666666667,86.21678104251708,3,BDL-Gaussian
sleep,gru,density_gau,objective_e20_bs32_eval5,none,8.0,1.0,0.30000000000000004,0.4891849906575789,0.021643693236430152,3,0.9755479096045955,0.00022063834103812984,3,0.6514307047901873,0.019271450312636614,3,0.7280616519346143,0.019535147117028213,3,0.4832549084263958,0.02117398293427328,3,0.749737199273291,0.02122575343201583,3,0.10536930616501043,0.008124730764080344,3,0.4778760029208507,0.021129717628454236,3,1943.0,92.7739187487518,3,BDL-Gaussian
sleep,gru,density_gau,objective_e20_bs32_eval5,none,1.0,0.0,0.7000000000000001,0.8773070576503402,0.015165842894721485,3,0.5102709268852034,0.04969750881941008,3,0.6439188570025409,0.03691932464222804,3,0.7805072063592634,0.020527988433505392,3,0.4755561057037143,0.039565299415319326,3,0.8655429659026138,0.008055033134453706,3,0.13185128099538498,0.004044357289308703,3,0.13937304468354744,0.015760002515496047,3,3838.0,533.556932294952,3,BDL-Gaussian
sleep,gru,density_gau,objective_e20_bs32_eval5,none,16.0,0.0,0.35000000000000003,0.4817387642639548,0.027638390464833885,3,0.9603178269609264,0.0005186430507647079,3,0.6413065407738873,0.024668883794135905,3,0.7199741074908177,0.025265645728183076,3,0.4723254735253872,0.026694421162327557,3,0.742214545161668,0.02757765923031422,3,0.1161959584148351,0.011745152478219988,3,0.4781090279326649,0.027341475996557535,3,2773.6666666666665,127.70408502993676,3,BDL-Gaussian
sleep,gru,density_gau,objective_e20_bs32_eval5,none,16.0,0.2393167939518393,0.35000000000000003,0.4812130109834736,0.02760378605455634,3,0.9603410370864328,0.000506063657216477,3,0.6408455048866334,0.024651955680206165,3,0.7194973119793268,0.025279000013091534,3,0.471825399632662,0.026659031698896177,3,0.7416918812227239,0.027601132334120915,3,0.11664796194924759,0.011743483177749876,3,0.4786428010172559,0.027372449008360927,3,2782.3333333333335,124.67691579973155,3,BDL-Gaussian
sleep,gru,density_gau,objective_e20_bs32_eval5,none,8.0,0.0,0.25,0.4745979665353244,0.021161799786706875,3,0.9779950156255475,0.0003329034206951662,3,0.6388859828496953,0.01926156905666969,3,0.7147237941313779,0.020177640409659695,3,0.46958066843268864,0.020781482023145958,3,0.7349765094978923,0.02208238519436609,3,0.09838507154880045,0.008352865502658,3,0.49380795983103837,0.021956714940987207,3,1926.3333333333333,117.07405064032477,3,BDL-Gaussian
sleep,gru,density_gau,objective_e20_bs32_eval5,none,8.0,0.2393167939518393,0.25,0.4723827859241407,0.021326782784497577,3,0.9781352806628633,0.0003322986208206339,3,0.6369004893605131,0.019470515058881192,3,0.7126031078557314,0.020511128588278964,3,0.46744375001369215,0.020944491255138743,3,0.7326398769619393,0.022473159998725626,3,0.09896214109956664,0.008345973345688816,3,0.49621172792505935,0.022354213886300576,3,1972.3333333333333,108.8132957562325,3,BDL-Gaussian
sleep,gru,density_gau,objective_e20_bs32_eval5,none,16.0,0.5,0.35000000000000003,0.47489077742341124,0.0268120293340933,3,0.9604814137108907,0.0005192419498486537,3,0.6352536967187529,0.02416115747162825,3,0.7137076705538924,0.025126020291916535,3,0.4657796825457263,0.0259150195511848,3,0.7353497073594673,0.027524139452677062,3,0.11770560257388672,0.011703316697271315,3,0.4850521638479346,0.027287947053081234,3,2786.6666666666665,126.5161386279763,3,BDL-Gaussian
sleep,gru,density_gau,objective_e20_bs32_eval5,none,16.0,1.0,0.35000000000000003,0.4738152651119023,0.02653372905968617,3,0.960481860059458,0.0005191027602644624,3,0.6342954038666117,0.023945644422960113,3,0.7127167994049155,0.02495986532643717,3,0.46474533210360813,0.025648891675136228,3,0.734265604290523,0.02735645182370656,3,0.12138370948144399,0.011514995354821173,3,0.4861364805542951,0.027120245582552098,3,2736.6666666666665,127.94660344586455,3,BDL-Gaussian
sleep,gru,density_gau,objective_e20_bs32_eval5,none,4.0,0.0,0.2,0.46662374302954895,0.018544972811872694,3,0.9900103842994213,2.4561087852127497e-05,3,0.6341420662296262,0.017152069605561017,3,0.7076761165989905,0.018444907377492232,3,0.4644349762923519,0.018377052893789485,3,0.7262536937909276,0.020255375635506053,3,0.08600363116203658,0.006359587550363722,3,0.5082817345563648,0.02024368176195145,3,1291.6666666666667,121.07160415776004,3,BDL-Gaussian
sleep,gru,density_gau,objective_e20_bs32_eval5,none,8.0,0.5,0.25,0.4664470075314762,0.020313297308422178,3,0.9781668598240092,0.0003346075673427487,3,0.6315020976946207,0.018700348734695647,3,0.7068893776843789,0.019975275380436947,3,0.46163820515517856,0.019958881221773018,3,0.7263721290335812,0.021943724831688553,3,0.1003742919118067,0.008304112391192919,3,0.5024945907006196,0.021818599227096575,3,1874.6666666666667,118.62686598462146,3,BDL-Gaussian
sleep,gru,density_gau,objective_e20_bs32_eval5,none,8.0,1.0,0.25,0.46557893136153616,0.02013701631720637,3,0.9781731087039534,0.0003400102327425376,3,0.6307096790118627,0.018559257180151643,3,0.7060446336550735,0.019860592120086878,3,0.46078942858867616,0.01978794328777594,3,0.725444007983203,0.02182460484461191,3,0.10536930616501043,0.008124730764080344,3,0.5034257026748259,0.02169710940291026,3,1830.0,107.69865365917997,3,BDL-Gaussian
sleep,gru,density_gau,objective_e20_bs32_eval5,none,0.5,0.2393167939518393,0.6000000000000001,0.8337971278628974,0.009818556339359458,3,0.5076924827982842,0.04776275473186504,3,0.6300228509067217,0.03531481623969871,3,0.771014243346085,0.019672667378206794,3,0.46051975339443124,0.03732505603527428,3,0.857861365553274,0.007876430440446485,3,0.17675230209351475,0.0024322725910086353,3,0.14582051508835617,0.015068016940047937,3,4013.6666666666665,498.31750253561563,3,BDL-Gaussian
sleep,gru,density_gau,objective_e20_bs32_eval5,none,0.5,1.0,0.45,0.46188573716956843,0.019884918811531985,3,0.9871544229907006,0.0021491648672620723,3,0.629154276482743,0.018468620343058344,3,0.702769422281389,0.01963562219449154,3,0.4591312700914032,0.019806207093384907,3,0.7210869796967545,0.021498658979994888,3,0.20124586635797015,0.0024848285097646477,3,0.5120814896424307,0.0211815790446597,3,1291.0,167.77067681809,3,BDL-Gaussian
sleep,gru,density_gau,objective_e20_bs32_eval5,none,4.0,0.2393167939518393,0.2,0.45864654329237386,0.017832267454168438,3,0.9902077819533686,4.4110243331131946e-05,3,0.6267800524699471,0.016681159252555512,3,0.6996611758138908,0.018305656722731496,3,0.4565741084537351,0.017680926345847368,3,0.7174282253054374,0.0201641873315495,3,0.08673623450341339,0.006353328198798468,3,0.5172016841892075,0.020143876817810023,3,1268.6666666666667,128.53922877212753,3,BDL-Gaussian
sleep,gru,density_gau,objective_e20_bs32_eval5,none,4.0,0.5,0.2,0.45678510926895344,0.01743248169753486,3,0.990237352545961,4.9098215613907394e-05,3,0.6250502930056222,0.01635197003989446,3,0.6977642276834554,0.018038408221123757,3,0.45473570295355753,0.017285338583506324,3,0.7153380769385246,0.019884357175562136,3,0.0885736167840462,0.006311611578961561,3,0.5193059860349494,0.019865666002740624,3,1168.0,124.93598360760602,3,BDL-Gaussian
sleep,gru,density_gau,objective_e20_bs32_eval5,none,1.0,0.0,0.35000000000000003,0.45602351166545024,0.01809238829953099,3,0.9932888145272175,0.0005787972126340561,3,0.6249330148472713,0.016890735713023252,3,0.6970529824951038,0.018405490347073252,3,0.45462195604268274,0.017994572529494924,3,0.71430145478535,0.020242562464841792,3,0.13185128099538498,0.004044357289308703,3,0.5218031403845644,0.02021691913755918,3,318.0,218.96803419677494,3,BDL-Gaussian
sleep,gru,density_gau,objective_e20_bs32_eval5,none,4.0,1.0,0.2,0.45534875035545586,0.01744646125798516,3,0.9902632407628721,3.0634481239299914e-05,3,0.6237081287708861,0.016390470672421553,3,0.6962755989214559,0.018143168560555787,3,0.45331745528430756,0.017297043093493693,3,0.7136949915698675,0.020009436111052853,3,0.0951307080261049,0.006131474423962207,3,0.520961462373751,0.019997069324731283,3,1089.3333333333333,116.928753236034,3,BDL-Gaussian
sleep,gru,density_gau,objective_e20_bs32_eval5,none,2.0,0.0,0.25,0.4527340918429248,0.016349832949149185,3,0.9948379788176359,0.00014557426899985078,3,0.6221642254164315,0.015406426566921884,3,0.6937288856535287,0.017034570907179084,3,0.4516732838466666,0.01629699701684896,3,0.7105209537714267,0.018764259480724434,3,0.09288253941615217,0.005412805659841196,3,0.5263251234610629,0.01870763765584603,3,400.0,49.1121166312347,3,BDL-Gaussian
sleep,gru,density_gau,objective_e20_bs32_eval5,none,2.0,0.5,0.8500000000000001,0.9186316620135345,0.013234839989442896,3,0.4719179798799456,0.05835471615138785,3,0.6217441839897929,0.04975584327023029,3,0.7692061850859363,0.027877124434966448,3,0.4523456919195097,0.05136790098965324,3,0.8634700954617432,0.011275180594044469,3,0.09608039421094532,0.005369523936092232,3,0.12308890649261199,0.016712789021203406,3,3810.3333333333335,544.3219023090412,3,BDL-Gaussian
sleep,gru,density_gau,objective_e20_bs32_eval5,none,16.0,0.0,0.30000000000000004,0.45912868358851916,0.024218832043039644,3,0.9639186324415512,0.0002862071843367381,3,0.6217429216021868,0.022344970757985014,3,0.6988118023951247,0.02424822354116513,3,0.45136178014969014,0.023472465254771306,3,0.7186764820241205,0.026776916615413256,3,0.1161959584148351,0.011745152478219988,3,0.503370557516747,0.026640371552519887,3,2629.0,113.11940593903418,3,BDL-Gaussian
sleep,gru,density_gau,objective_e20_bs32_eval5,none,1.0,0.2393167939518393,0.35000000000000003,0.45229325164851625,0.01819012223057219,3,0.9948554979989078,0.0003812639207666091,3,0.6217234773677903,0.017083303686365764,3,0.6931780615405868,0.018812119594763036,3,0.45123731790883825,0.0181162957459653,3,0.7099031410682041,0.020714950632731145,3,0.13276851885801944,0.004035263125198719,3,0.5269513214328747,0.020691431655290006,3,335.3333333333333,227.57929021185853,3,BDL-Gaussian
sleep,gru,density_gau,objective_e20_bs32_eval5,none,16.0,0.2393167939518393,0.30000000000000004,0.4584549121234662,0.02430273376398554,3,0.9639930610651707,0.00028059538146097643,3,0.6211375997931067,0.022444475250370535,3,0.6981364336109483,0.024405155812238632,3,0.45072665349411345,0.02355478676574103,3,0.717923650473805,0.026958881249243793,3,0.11664796194924759,0.011743483177749876,3,0.5041590131062282,0.0268269534187112,3,2653.0,110.85125168440814,3,BDL-Gaussian
sleep,gru,density_gau,objective_e20_bs32_eval5,none,2.0,0.2393167939518393,0.25,0.44964219377527986,0.01627488889567361,3,0.9951247577722118,6.992134363764142e-05,3,0.6192926289350228,0.0153829964787637,3,0.690452532426782,0.01716516733747791,3,0.448653243146288,0.0162074668083187,3,0.7068832960749679,0.018933606605338174,3,0.09374183693599987,0.005408628430264684,3,0.5301000431974856,0.0189218117762128,3,396.6666666666667,48.01388688008223,3,BDL-Gaussian
sleep,gru,density_gau,objective_e20_bs32_eval5,none,8.0,0.0,0.2,0.45016480616992616,0.019577717551219925,3,0.9805938801594268,0.00027096843768181534,3,0.6168894046918071,0.01845470474369737,3,0.6904699938953045,0.02059705098955094,3,0.4461874654230007,0.019280708104938288,3,0.7080677820248896,0.022768082620143543,3,0.09838507154880045,0.008352865502658,3,0.5219605911603673,0.02266553522975905,3,1834.3333333333333,105.53356496079022,3,BDL-Gaussian
sleep,gru,density_gau,objective_e20_bs32_eval5,none,16.0,0.5,0.30000000000000004,0.4527353212687546,0.023481320357093563,3,0.9640826655400829,0.00028698570703151983,3,0.6158950039206069,0.021862764098155678,3,0.6924109656132474,0.024119946124186036,3,0.44521687465773585,0.02277223986314273,3,0.7115914107504057,0.026701096722538484,3,0.11770560257388672,0.011703316697271315,3,0.510534140540947,0.026564092844328074,3,2625.3333333333335,114.02338941345911,3,BDL-Gaussian
sleep,gru,density_gau,objective_e20_bs32_eval5,none,2.0,1.0,0.8500000000000001,0.8533530038825248,0.008047008748766687,3,0.48285273867206396,0.05615916290103743,3,0.6153209321667674,0.04613734346035936,3,0.7634781899006932,0.02588334131874856,3,0.44542775390074046,0.04725752820661345,3,0.8563281966352961,0.010652768842628436,3,0.10465849940227569,0.005195103017502178,3,0.13546454815259182,0.016345701162231645,3,3728.6666666666665,524.3151088165716,3,BDL-Gaussian
sleep,gru,density_gau,objective_e20_bs32_eval5,none,16.0,1.0,0.30000000000000004,0.45206164162896884,0.023324758269507785,3,0.9640908114014385,0.0002880226686888678,3,0.6152753639048912,0.02173855813749412,3,0.6917315971685327,0.02402540621236835,3,0.4445672321103826,0.0226220545182853,3,0.7108397007965257,0.02660296216649377,3,0.12138370948144399,0.011514995354821173,3,0.5112897493776741,0.026465155972245313,3,2590.6666666666665,115.62583333033032,3,BDL-Gaussian
sleep,gru,density_gau,objective_e20_bs32_eval5,none,8.0,0.2393167939518393,0.2,0.4439337804758085,0.018938697582377408,3,0.9807592523036607,0.0002738551029388733,3,0.6110508054049532,0.018011491976157264,3,0.6838735919115372,0.020453478031786102,3,0.44009878288894905,0.018658989366820266,3,0.7007566289553898,0.02265148351885935,3,0.09896214109956664,0.008345973345688816,3,0.5293508968926011,0.02254902072631114,3,1838.6666666666667,103.96794377755741,3,BDL-Gaussian
sleep,gru,density_gau,objective_e20_bs32_eval5,none,2.0,0.5,0.25,0.440037156749562,0.01521591607907072,3,0.9953413484145587,9.475246568542093e-05,3,0.6101715014694155,0.014590058727984821,3,0.6800204203864192,0.016727237598948456,3,0.4391326092999985,0.015165997222615602,3,0.6953391312391739,0.01849780128454035,3,0.09608039421094532,0.005369523936092232,3,0.5417478755895324,0.018465354075800286,3,198.33333333333334,54.12331598611945,3,BDL-Gaussian
sleep,gru,density_gau,objective_e20_bs32_eval5,none,8.0,0.5,0.2,0.4428468906786456,0.018762086923287718,3,0.9807617072207817,0.00027441072866614717,3,0.6100229097092897,0.01787265975673096,3,0.6827080592237108,0.020362085212192623,3,0.4390310956119359,0.01848586759084923,3,0.6994659118002199,0.02255744171090641,3,0.1003742919118067,0.008304112391192919,3,0.5306427890535607,0.022455407501389028,3,1769.3333333333333,107.44921280927714,3,BDL-Gaussian
sleep,gru,density_gau,objective_e20_bs32_eval5,none,0.5,0.0,0.6000000000000001,0.8309518142905947,0.011658282555887795,3,0.48282160585948547,0.044558095549457194,3,0.6097274452774917,0.03376486160840451,3,0.7594251143059964,0.018653836339684992,3,0.4391289079730205,0.0347172509365979,3,0.8526083686475983,0.007096902369460332,3,0.1754588750378576,0.0024270629150888222,3,0.13916947493050374,0.014357347553545894,3,4287.0,462.2412789875002,3,BDL-Gaussian
sleep,gru,density_gau,objective_e20_bs32_eval5,none,8.0,1.0,0.2,0.44208681808137423,0.01861547368796809,3,0.9807833551263022,0.00028295302304684055,3,0.6093073896370959,0.01775154724630356,3,0.6818916797346363,0.02026620562452054,3,0.4382884113583096,0.018342433216302093,3,0.6985600357458125,0.02245555699114013,3,0.10536930616501043,0.008124730764080344,3,0.531559026522658,0.022354218474609142,3,1719.3333333333333,100.42576030746956,3,BDL-Gaussian
sleep,gru,density_gau,objective_e20_bs32_eval5,none,2.0,0.2393167939518393,0.8500000000000001,0.9182833440157075,0.013295505567241479,3,0.45801701168295056,0.05988359468264485,3,0.6092796101379513,0.052370170453017305,3,0.7621274204604335,0.02927594192436839,3,0.43943569017634876,0.053061854567534164,3,0.8603904052872697,0.011658390026104803,3,0.09374183693599987,0.005408628430264684,3,0.11951512638362272,0.01706248884207971,3,3957.0,559.4184480333125,3,BDL-Gaussian
sleep,gru,density_gau,objective_e20_bs32_eval5,none,2.0,1.0,0.25,0.4373800578810593,0.01495044141487234,3,0.9953783953456558,9.863842590746072e-05,3,0.6076213022189711,0.014385012346164081,3,0.6770557153667623,0.016614769635048546,3,0.4364934629910276,0.01490079625004619,3,0.6920554173321473,0.01838464705286699,3,0.10465849940227569,0.005195103017502178,3,0.5450493214021109,0.01835575635230575,3,83.66666666666667,48.675798230058156,3,BDL-Gaussian
sleep,gru,density_gau,objective_e20_bs32_eval5,none,1.0,0.5,0.35000000000000003,0.4345883659069935,0.016372381666779182,3,0.9955424284441873,0.00032773166359917946,3,0.6049309772696208,0.015770798377451215,3,0.6738199698434891,0.018283547444293932,3,0.4337437655469365,0.01631311899882435,3,0.6884552530022466,0.02023833780992919,3,0.1358315528361362,0.004004013753637012,3,0.5487279974824967,0.020229164093424127,3,627.0,218.02064122463267,3,BDL-Gaussian
sleep,gru,density_gau,objective_e20_bs32_eval5,none,16.0,0.0,0.25,0.43744027777349453,0.021603377906559383,3,0.9671657066824851,7.766849847049755e-05,3,0.6022039706739629,0.020576180644681318,3,0.6764291431739521,0.023805966039619156,3,0.43102994790483456,0.020994256714041325,3,0.6936092556701506,0.026487982857008704,3,0.1161959584148351,0.011745152478219988,3,0.5299919426648447,0.026451218296164626,3,2600.6666666666665,181.8195075709241,3,BDL-Gaussian
sleep,gru,density_gau,objective_e20_bs32_eval5,none,16.0,0.2393167939518393,0.25,0.4355632869414227,0.021722603192727816,3,0.9673165724982776,7.102861241364891e-05,3,0.600447555231602,0.02074745125689442,3,0.6743609308544936,0.024146802946948213,3,0.42923692659015816,0.02111418389173188,3,0.6912967374575608,0.02687864375604346,3,0.11664796194924759,0.011743483177749876,3,0.5323766703241392,0.02684533990032457,3,2670.0,182.27177510519834,3,BDL-Gaussian
sleep,gru,density_gau,objective_e20_bs32_eval5,none,4.0,0.0,0.15000000000000002,0.4291685528611393,0.017236462841425586,3,0.9928518392797004,0.00020621385331828584,3,0.5991548774627774,0.016843518243837615,3,0.6675017227094379,0.0200765533424203,3,0.4278471985810372,0.01716878593173741,3,0.6816595269042143,0.02225309278559254,3,0.08600363116203658,0.006359587550363722,3,0.5542359172351558,0.022154403264286315,3,997.6666666666666,128.94313992350789,3,BDL-Gaussian
sleep,gru,density_gau,objective_e20_bs32_eval5,none,2.0,0.0,0.8500000000000001,0.9175934287026052,0.013401702151078108,3,0.4444010370462616,0.05875795224853564,3,0.5968999905614316,0.05241497830552268,3,0.755096891247042,0.029213879172702302,3,0.42671472010633055,0.05218295197290076,3,0.8573338146584323,0.011402580180308913,3,0.09288253941615217,0.005412805659841196,3,0.11605465421929624,0.016770605897771552,3,4101.0,550.7168056269937,3,BDL-Gaussian
sleep,gru,density_gau,objective_e20_bs32_eval5,none,16.0,0.5,0.25,0.43157719274135825,0.020895605184028138,3,0.967326615341045,7.33112235939249e-05,3,0.5966626791584487,0.02006879303077673,3,0.669985795264093,0.02362594999509673,3,0.42536778579433926,0.020316429056867084,3,0.6864312254156744,0.026319467920254885,3,0.11770560257388672,0.011703316697271315,3,0.5372469892078923,0.02628527711290681,3,2576.3333333333335,186.17285874512788,3,BDL-Gaussian
sleep,gru,density_gau,objective_e20_bs32_eval5,none,16.0,1.0,0.25,0.43112810808596186,0.020852248101147868,3,0.9673272848638961,7.316432863176077e-05,3,0.596233828533669,0.02004067597436006,3,0.6694843735537813,0.023626768005194056,3,0.4249316692146235,0.02027488112481167,3,0.6858732044843349,0.026322651834186684,3,0.12138370948144399,0.011514995354821173,3,0.5378053305953562,0.0262885756542753,3,2547.0,182.7867610085588,3,BDL-Gaussian
sleep,gru,density_gau,objective_e20_bs32_eval5,none,8.0,0.0,0.15000000000000002,0.4244305518696015,0.017960100538919166,3,0.9835588621057431,0.0001689059664095933,3,0.5928282277739761,0.017589121797125813,3,0.6619421515135514,0.021284867911839367,3,0.4214383615862969,0.017733410002055968,3,0.6761987142018464,0.023654931076371302,3,0.09838507154880045,0.008352865502658,3,0.5552487989304457,0.023593629399908354,3,1760.6666666666667,111.16354318450513,3,BDL-Gaussian
sleep,gru,density_gau,objective_e20_bs32_eval5,none,1.0,1.0,0.35000000000000003,0.4216830250157985,0.016365967028042994,3,0.9956826934815032,0.00028157581956758714,3,0.5923311279784041,0.01604721735022871,3,0.6586367691579765,0.019363467029324434,3,0.4209125975998096,0.01630502674217967,3,0.6716171796955582,0.0214751731826579,3,0.14772911383419055,0.0038825004002328274,3,0.5656332063472531,0.02147839396731622,3,1023.0,239.68938232637674,3,BDL-Gaussian
sleep,gru,density_gau,objective_e20_bs32_eval5,none,4.0,0.2393167939518393,0.15000000000000002,0.4221419694372624,0.016511711329619445,3,0.9930522497864779,0.00018207462312073552,3,0.5923149612549086,0.01629528049721837,3,0.6592074795023976,0.01987491625776889,3,0.4208992895571402,0.016447289425443552,3,0.6724470275344449,0.022043468923815902,3,0.08673623450341339,0.006353328198798468,3,0.563544339804838,0.02195729930539964,3,929.3333333333334,131.0356185673702,3,BDL-Gaussian
sleep,gru,density_gau,objective_e20_bs32_eval5,none,4.0,0.5,0.15000000000000002,0.42067238676928914,0.0164473587223838,3,0.9930791422876659,0.00019194444816068954,3,0.5908716501676768,0.0162680527563111,3,0.6574328230466261,0.019936815874116297,3,0.4194432358893874,0.016385668765231044,3,0.6704764894159752,0.022112343251831524,3,0.0885736167840462,0.006311611578961561,3,0.5655277495776388,0.02202063826384046,3,834.6666666666666,134.07584917998219,3,BDL-Gaussian
sleep,gru,density_gau,objective_e20_bs32_eval5,none,4.0,1.0,0.15000000000000002,0.41966845192473684,0.01627735628976184,3,0.9930925327446888,0.00019137962584883536,3,0.5898848859909057,0.016122890314613635,3,0.6562212474968394,0.01982392460504994,3,0.4184475319017105,0.016216722648257135,3,0.6691315617664225,0.021987642824798023,3,0.0951307080261049,0.006131474423962207,3,0.56687908634968,0.021896042356456917,3,774.0,130.3341858454642,3,BDL-Gaussian
sleep,gru,density_gau,objective_e20_bs32_eval5,none,0.25,1.0,0.5,0.4274669024216839,0.017779230269844182,3,0.9495314790674797,0.011773633420372073,3,0.5894240324537606,0.018172576966118296,3,0.6656243044976512,0.019457146440405377,3,0.41801852030719794,0.018394246595588568,3,0.683066489518521,0.021176650450582563,3,0.2518604920357412,0.0018176156836042987,3,0.5320943751831941,0.01889106608509547,3,2772.6666666666665,268.42006879764654,3,BDL-Gaussian
sleep,gru,density_gau,objective_e20_bs32_eval5,none,8.0,0.2393167939518393,0.15000000000000002,0.41865944420249307,0.01738842033081521,3,0.9837275818642328,0.00016631545977628602,3,0.587210267096506,0.017169056041784207,3,0.6550735955454318,0.021175943010419765,3,0.415777952462207,0.017172736579781155,3,0.6685535390319832,0.023540570561324598,3,0.09896214109956664,0.008345973345688816,3,0.562974729043665,0.023485173922207014,3,1723.0,108.57255638511971,3,BDL-Gaussian
sleep,gru,density_gau,objective_e20_bs32_eval5,none,0.25,1.0,0.55,0.49443015504501364,0.01623906886915564,3,0.7221071758789663,0.03722823440220758,3,0.5867843479453292,0.02070531362145663,3,0.7071940625487815,0.013632059616556627,3,0.41541304919230254,0.020565406073773846,3,0.756755188398292,0.011084446855495178,3,0.2518604920357412,0.0018176156836042987,3,0.34955276609181113,0.01532817319501006,3,3922.3333333333335,343.0456723722562,3,BDL-Gaussian
sleep,gru,density_gau,objective_e20_bs32_eval5,none,8.0,0.5,0.15000000000000002,0.4179630870978855,0.017304092311148864,3,0.9837379594684257,0.00018063256263704182,3,0.5865277285351344,0.017104169518458785,3,0.6542335451326747,0.021139544519131557,3,0.41509312546354665,0.017092218279997143,3,0.6676190622684705,0.023499357542897562,3,0.1003742919118067,0.008304112391192919,3,0.5639141728771063,0.023438258609102997,3,1669.0,110.48981853546506,3,BDL-Gaussian
sleep,gru,density_gau,objective_e20_bs32_eval5,none,4.0,0.5,0.9500000000000001,0.9210383274621184,0.0019497351813723197,3,0.4315975283894427,0.061832773548079964,3,0.586003786135918,0.05873842298373813,3,0.7490857401828864,0.03306272672262917,3,0.4160317217660798,0.057810332238784456,3,0.8551255782096673,0.013634040679046798,3,0.0885736167840462,0.006311611578961561,3,0.11213470138189226,0.015964964496113176,3,1638.6666666666667,275.55459229222316,3,BDL-Gaussian
sleep,gru,density_gau,objective_e20_bs32_eval5,none,8.0,1.0,0.15000000000000002,0.4173542620310791,0.017136333956373442,3,0.983749452944037,0.00016988353523950965,3,0.5859322701302929,0.016955436554679546,3,0.6535024804393584,0.021003428805449482,3,0.41449471780297514,0.016927200976622418,3,0.6668057713293459,0.02334817298819476,3,0.10536930616501043,0.008124730764080344,3,0.5647329649797002,0.023286440321487564,3,1631.0,115.4296322440646,3,BDL-Gaussian
sleep,gru,density_gau,objective_e20_bs32_eval5,none,4.0,1.0,0.9500000000000001,0.8869166380862256,0.0010380882384424632,3,0.4383026881565648,0.06130421591329469,3,0.5849665841896287,0.05624583823549221,3,0.7475153540470352,0.03158034703644848,3,0.41485906860477845,0.055286625942787174,3,0.8522112166907222,0.01288607567457333,3,0.0951307080261049,0.006131474423962207,3,0.11825837757764224,0.016456870562363828,3,1427.3333333333333,235.75481614027174,3,BDL-Gaussian
sleep,gru,density_gau,objective_e20_bs32_eval5,none,4.0,0.2393167939518393,0.9500000000000001,0.920908001961369,0.001993365163127464,3,0.42768639906731004,0.0618646750610707,3,0.5823264559819762,0.05914267084270731,3,0.7470101488131836,0.033266711440825096,3,0.4123719978794571,0.05789509823831708,3,0.8542558869926431,0.013654960334783122,3,0.08673623450341339,0.006353328198798468,3,0.11113239473870862,0.01595917403720705,3,1679.3333333333333,281.0948831503934,3,BDL-Gaussian
sleep,gru,density_gau,objective_e20_bs32_eval5,none,4.0,0.0,0.9500000000000001,0.9209255999236614,0.0020193210548083754,3,0.42456452559954094,0.06173465309260948,3,0.5794099717815073,0.059320302118505024,3,0.7453677787849656,0.033348772351364714,3,0.40947524074278824,0.05782422924853245,3,0.8535765467135302,0.013640257106944947,3,0.08600363116203658,0.006359587550363722,3,0.11031750151896202,0.01591144315042088,3,1719.3333333333333,281.4113241028749,3,BDL-Gaussian
sleep,gru,density_gau,objective_e20_bs32_eval5,none,16.0,0.0,0.2,0.4124046778522404,0.02407561726015254,3,0.9704502742030837,0.00016371818882943403,3,0.5785503821057335,0.02383721980916029,3,0.6471139886644295,0.030211091442316648,3,0.40727661753542005,0.023460440855698,3,0.6607111765268879,0.03368890212863387,3,0.1161959584148351,0.011745152478219988,3,0.5644621261452033,0.033765799534908984,3,2488.6666666666665,182.1546961605254,3,BDL-Gaussian
sleep,gru,density_gau,objective_e20_bs32_eval5,none,16.0,0.2393167939518393,0.2,0.40796086210012855,0.023551966912329657,3,0.9705884190847042,0.0001404340472712698,3,0.5741930702254056,0.02347467131645057,3,0.6416141467250525,0.030217658205117817,3,0.40296649860483497,0.022962996342531284,3,0.6545773525538644,0.03368055242146992,3,0.11664796194924759,0.011743483177749876,3,0.5706620708985676,0.0337456869539095,3,2518.6666666666665,190.89351307295206,3,BDL-Gaussian
sleep,gru,density_gau,objective_e20_bs32_eval5,none,16.0,0.5,0.2,0.4072116310428638,0.023369350667518496,3,0.9705902044789739,0.00013809182697957278,3,0.5734539334093814,0.023316313950279544,3,0.6406854013769032,0.030087798225853585,3,0.40223595294375003,0.02278615744876902,3,0.6535429468888837,0.03353322820344018,3,0.11770560257388672,0.011703316697271315,3,0.5716973311132133,0.03359747815754831,3,2455.0,182.7867610085588,3,BDL-Gaussian
sleep,gru,density_gau,objective_e20_bs32_eval5,none,16.0,1.0,0.2,0.4068913592209169,0.02334329304851962,3,0.9705929941575203,0.00013460129316780975,3,0.5731369076637135,0.02330221750477964,3,0.6402817653117318,0.030105287169735553,3,0.401923983763188,0.022761801907631905,3,0.6530934537650176,0.03355105357617685,3,0.12138370948144399,0.011514995354821173,3,0.5721481594709311,0.03361386651053233,3,2427.6666666666665,182.1546961605254,3,BDL-Gaussian
sleep,gru,density_gau,objective_e20_bs32_eval5,none,2.0,0.0,0.2,0.3869475470441411,0.015550166714302132,3,0.9971112320715729,0.00010863889401520758,3,0.5574140883399711,0.01606295264881418,3,0.6125918059008697,0.022023581066278646,3,0.3865145052833861,0.015528801527786166,3,0.620597707285976,0.024289748772666677,3,0.09288253941615217,0.005412805659841196,3,0.6173364253076592,0.02424679190342585,3,678.0,201.0770996409089,3,BDL-Gaussian
sleep,gru,density_gau,objective_e20_bs32_eval5,none,8.0,0.0,0.1,0.3870156875557688,0.023852258915551407,3,0.9868006917510098,0.00011739534791914451,3,0.5556928206850059,0.02471554496701406,3,0.6124989439634817,0.034841127860766125,3,0.38501610785413004,0.023591799349666303,3,0.6212172023838517,0.038401501669562126,3,0.09838507154880045,0.008352865502658,3,0.6117819593029267,0.03845757173100726,3,1604.0,87.70974860299168,3,BDL-Gaussian
sleep,gru,density_gau,objective_e20_bs32_eval5,none,0.25,0.2393167939518393,0.45,0.4030126292552551,0.01935929301661079,3,0.8930866855784555,0.01074375571495623,3,0.5552225598389131,0.018912951352116816,3,0.6379740997769366,0.022366682643353245,3,0.38445525644705764,0.018219641405700673,3,0.6570411527618618,0.025200185270113657,3,0.20394970012333702,0.0014531419519579405,3,0.5311033379137196,0.025051214006769327,3,3241.3333333333335,365.16480297713986,3,BDL-Gaussian
sleep,gru,density_gau,objective_e20_bs32_eval5,none,4.0,0.0,0.1,0.38216881380401696,0.015930119160620513,3,0.9956187540492184,5.952010448996414e-05,3,0.5521987348314399,0.016600766748175594,3,0.6056272423015678,0.023481270446272934,3,0.3815264181504336,0.015875727136386852,3,0.6130388416322924,0.02582459369208064,3,0.08600363116203658,0.006359587550363722,3,0.6241809408506359,0.02582504258410417,3,414.0,83.37265738837884,3,BDL-Gaussian
sleep,gru,density_gau,objective_e20_bs32_eval5,none,8.0,0.2393167939518393,0.1,0.38213924447420095,0.023150788182675824,3,0.9869398409169071,7.759126675716678e-05,3,0.5506788023746523,0.024166454009458292,3,0.6054484655120314,0.03476779476366054,3,0.3802110140520984,0.02290942557257014,3,0.6134449129512983,0.03822074328341991,3,0.09896214109956664,0.008345973345688816,3,0.6196208502000073,0.03825568532254463,3,1539.0,95.5353337776134,3,BDL-Gaussian
sleep,gru,density_gau,objective_e20_bs32_eval5,none,2.0,0.2393167939518393,0.2,0.3799071530218033,0.01470868633096595,3,0.9974809202725493,5.873417593379815e-05,3,0.5501356152914432,0.015349686382258764,3,0.602190386097117,0.021698994858100496,3,0.3795430269940739,0.014687835226090563,3,0.6091479167788263,0.02385487322291231,3,0.09374183693599987,0.005408628430264684,3,0.6289631610048478,0.02383036069755518,3,743.0,206.2328780771873,3,BDL-Gaussian
sleep,gru,density_gau,objective_e20_bs32_eval5,none,8.0,0.5,0.1,0.38159926296784974,0.02303259472492304,3,0.9869419610726023,7.802096034720825e-05,3,0.5501201580981548,0.024062046895730976,3,0.6046619700881933,0.034697870568646226,3,0.37967682431572114,0.02279287553584443,3,0.6125792541405067,0.03813253956933905,3,0.1003742919118067,0.008304112391192919,3,0.6204875237885262,0.03816708788391974,3,1491.0,86.6083136886985,3,BDL-Gaussian
sleep,gru,density_gau,objective_e20_bs32_eval5,none,8.0,1.0,0.1,0.3811268255092725,0.023035429909213714,3,0.9869427421825954,7.817688763047038e-05,3,0.5496283662347373,0.02408081375645685,3,0.603957829078093,0.03479422263598456,3,0.3792092347064026,0.02279599311991805,3,0.6118059668075819,0.03822798417275603,3,0.10536930616501043,0.008124730764080344,3,0.6212611849869297,0.03826248229469381,3,1448.3333333333333,90.94137305612519,3,BDL-Gaussian
sleep,gru,density_gau,objective_e20_bs32_eval5,none,2.0,0.5,0.2,0.3773155468239307,0.01450499111569736,3,0.9975504390619271,4.9252420602103576e-05,3,0.547424940654277,0.015191712323935009,3,0.5982483974561622,0.021727442493073002,3,0.3769661380766997,0.014481920921876678,3,0.604825364230431,0.023853550702211488,3,0.09608039421094532,0.005369523936092232,3,0.6333189875808297,0.023840084785524733,3,923.6666666666666,206.24580803820797,3,BDL-Gaussian
sleep,gru,density_gau,objective_e20_bs32_eval5,none,4.0,0.2393167939518393,0.1,0.3762684113794956,0.015303506409519264,3,0.9958188297945704,5.990546123325833e-05,3,0.5460484904902768,0.016089581212759663,3,0.596714226239819,0.023365727354608463,3,0.37567422894758845,0.015254416162488658,3,0.6032538473962299,0.025608973538872145,3,0.08673623450341339,0.006353328198798468,3,0.6340616980585486,0.025609317946164122,3,292.3333333333333,82.20908303425684,3,BDL-Gaussian
sleep,gru,density_gau,objective_e20_bs32_eval5,none,0.5,0.2393167939518393,0.4,0.37683282646915384,0.014678756980429381,3,0.9914937121761435,0.0015320574163495656,3,0.546000970448899,0.015427001067542412,3,0.5980577472075764,0.022017786777529417,3,0.3756203990369464,0.014655485925836815,3,0.6049511966686235,0.02417147854070884,3,0.17675230209351475,0.0024322725910086353,3,0.6302942022223418,0.023996990284968926,3,2723.3333333333335,362.89024970827387,3,BDL-Gaussian
sleep,gru,density_gau,objective_e20_bs32_eval5,none,16.0,0.0,0.15000000000000002,0.3797464266017394,0.028843599533007955,3,0.9737058290667989,0.00029324489437590094,3,0.5459679972211376,0.030048209125429763,3,0.6021072656410217,0.0436639402847453,3,0.375874656877605,0.02824513484246269,3,0.6106634873146375,0.048076294962182166,3,0.1161959584148351,0.011745152478219988,3,0.6160680332624912,0.048165321638040465,3,2418.6666666666665,89.90179827641565,3,BDL-Gaussian
sleep,gru,density_gau,objective_e20_bs32_eval5,none,2.0,1.0,0.2,0.37563588178562785,0.014270687677775253,3,0.9975775547373987,5.501540331753708e-05,3,0.5456613316687368,0.014983826168080581,3,0.5956710300078681,0.021599795897566196,3,0.3752933629005781,0.014247198687829466,3,0.6020031338472595,0.023689588768794047,3,0.10465849940227569,0.005195103017502178,3,0.6361541964370406,0.023679996164841347,3,1010.3333333333334,193.4769581457527,3,BDL-Gaussian
sleep,gru,density_gau,objective_e20_bs32_eval5,none,4.0,0.5,0.1,0.37536372106233634,0.015301942472967962,3,0.9958219542345423,6.180799599363285e-05,3,0.5450950561470534,0.016106274382697683,3,0.5953142085419584,0.023473013764152836,3,0.3747728213935708,0.015252826599549699,3,0.6017223608729054,0.025713771646401744,3,0.0885736167840462,0.006311611578961561,3,0.6355946800437872,0.025714640087944246,3,214.33333333333334,80.16441438277543,3,BDL-Gaussian
sleep,gru,density_gau,objective_e20_bs32_eval5,none,4.0,1.0,0.1,0.37478352625857575,0.015258728908922005,3,0.9958257481973655,6.326400507650487e-05,3,0.5444838623194536,0.016074704719812986,3,0.5944157131418732,0.023488383642493404,3,0.37419499730964123,0.015210030259244662,3,0.600739602053312,0.0257208364883562,3,0.0951307080261049,0.006131474423962207,3,0.636579254781419,0.025721130016113772,3,166.33333333333334,88.51176946222085,3,BDL-Gaussian
sleep,gru,density_gau,objective_e20_bs32_eval5,none,16.0,0.2393167939518393,0.15000000000000002,0.3757725697463458,0.028119898569447566,3,0.9738164119243805,0.00025981117266941423,3,0.5418776886926374,0.029470075739728332,3,0.5962464781588405,0.04355816821274628,3,0.37199823789445335,0.027549994735988046,3,0.6042054151530456,0.0478412943092757,3,0.11664796194924759,0.011743483177749876,3,0.622579034093968,0.04791032691301062,3,2404.3333333333335,92.95339333952977,3,BDL-Gaussian
sleep,gru,density_gau,objective_e20_bs32_eval5,none,16.0,0.5,0.15000000000000002,0.3754431274772864,0.028060202297650907,3,0.9738185320800757,0.0002565867894556596,3,0.5415363238555827,0.02942237786472689,3,0.595754606107068,0.043553958436953956,3,0.3716757317181771,0.02749208882637738,3,0.6036646187383942,0.04782604801503852,3,0.11770560257388672,0.011703316697271315,3,0.6231208452863468,0.047894714818288775,3,2371.0,88.8313007897554,3,BDL-Gaussian
sleep,gru,density_gau,objective_e20_bs32_eval5,none,16.0,1.0,0.15000000000000002,0.3752018482210456,0.02801075303278709,3,0.9738189784286432,0.0002560756425400979,3,0.541286212049877,0.029380446017503895,3,0.5953952467902105,0.043536503997365465,3,0.3714393711791744,0.02744401201599866,3,0.6032693628135877,0.04779969523725966,3,0.12138370948144399,0.011514995354821173,3,0.6235163148485695,0.0478681967285935,3,2347.6666666666665,94.39456199026156,3,BDL-Gaussian
sleep,gru,density_gau,objective_e20_bs32_eval5,none,0.25,0.0,0.45,0.4051213452350822,0.021379643570478255,3,0.8118744564311352,0.011414048496788018,3,0.5403036372962157,0.019553054390841096,3,0.6406490886722902,0.02193154055512186,3,0.37031283709845236,0.018462634210979077,3,0.6688238170682622,0.02510682850549241,3,0.2010942237294848,0.0014098299406571546,3,0.4804497729888815,0.025337372459294977,3,3706.3333333333335,373.73297062653353,3,BDL-Gaussian
sleep,gru,density_gau,objective_e20_bs32_eval5,none,0.5,0.0,0.4,0.37580755477305955,0.014684161047582425,3,0.9487041719977424,0.0037031896132123415,3,0.5382484304412903,0.015113571591226883,3,0.6002635810356051,0.020888468155736403,3,0.3683195126604118,0.014212031590863967,3,0.6100250853054203,0.023255683334802414,3,0.1754588750378576,0.0024270629150888222,3,0.6047398024452084,0.023142734843745023,3,2968.6666666666665,339.41911162062354,3,BDL-Gaussian
sleep,gru,density_gau,objective_e20_bs32_eval5,none,0.25,0.2393167939518393,0.55,0.7653104153344606,0.01530987538416127,3,0.3983708946811542,0.0483926003802621,3,0.5224119666948578,0.03862442303813809,3,0.7082003191162608,0.020455409432425017,3,0.3541722796703412,0.03529586168330679,3,0.8265516271907449,0.005609092949453796,3,0.20394970012333702,0.0014531419519579405,3,0.12480526949505515,0.017554796536611215,3,5279.0,496.51082566244213,3,BDL-Gaussian
sleep,gru,density_gau,objective_e20_bs32_eval5,none,16.0,0.5,0.9500000000000001,0.8177510191363311,0.0006060624901672859,3,0.38252005276732765,0.025738326883763683,3,0.5208837373472139,0.024192535724585133,3,0.7094448634795573,0.013323796792313597,3,0.35239814420091964,0.021954771465911037,3,0.8318262014754655,0.004821684880079275,3,0.11770560257388672,0.011703316697271315,3,0.11194394987382573,0.007498607249945786,3,2514.6666666666665,202.50514396758754,3,BDL-Gaussian
sleep,gru,density_gau,objective_e20_bs32_eval5,none,16.0,0.2393167939518393,0.9500000000000001,0.8178097795501021,0.0006060613361152162,3,0.3824965078803955,0.025727795019384096,3,0.5208739069003564,0.024181858060132795,3,0.7094414889795709,0.01331753341635292,3,0.35238894311855645,0.02194493348917869,3,0.8318297799021882,0.004818462131477664,3,0.11664796194924759,0.011743483177749876,3,0.11192910207339385,0.0074968104873848924,3,2512.0,201.50186103358948,3,BDL-Gaussian
sleep,gru,density_gau,objective_e20_bs32_eval5,none,16.0,0.0,0.9500000000000001,0.8178550994811173,0.0006005167066771008,3,0.3824828942490888,0.025723984968838792,3,0.5208704841067968,0.024178447268270842,3,0.7094411915142698,0.013315500899999024,3,0.35238574470416184,0.021941705551684093,3,0.8318334117382652,0.004817311490495702,3,0.1161959584148351,0.011745152478219988,3,0.11191895429612025,0.007496123756454159,3,2512.0,199.50187969039288,3,BDL-Gaussian
sleep,gru,density_gau,objective_e20_bs32_eval5,none,16.0,1.0,0.9500000000000001,0.8143884029322903,0.0006283066416308479,3,0.38256502238549656,0.02576051273058444,3,0.5202393624224976,0.024142760164847975,3,0.7089701917748923,0.013287864188445431,3,0.3518080461410836,0.021891155173499207,3,0.8313720884424721,0.004790691974859094,3,0.12138370948144399,0.011514995354821173,3,0.11241958687650988,0.007540385324547147,3,2752.6666666666665,199.2142899827554,3,BDL-Gaussian
sleep,gru,density_gau,objective_e20_bs32_eval5,none,0.5,0.5,0.4,0.34644106091105203,0.012268269507589498,3,0.9959935752587205,0.0007582034430049377,3,0.5139888512736729,0.01347761824243611,3,0.5463338978358792,0.02259921478145145,3,0.3459589693643497,0.01224643191407611,3,0.5488124109666067,0.024097260374099923,3,0.181653679858673,0.002443989690083277,3,0.6885867735366477,0.02407298727264595,3,3582.0,376.5727021439552,3,BDL-Gaussian
sleep,gru,density_gau,objective_e20_bs32_eval5,none,0.25,0.5,0.45,0.34705184561473884,0.010055074310855353,3,0.9903652314105308,0.0023801072878245986,3,0.5139306926627633,0.01099098703051439,3,0.5486023181344702,0.018699879941140682,3,0.3458813255651081,0.00995314227526203,3,0.5513894390052358,0.019965317603297852,3,0.2137143299978728,0.0015303056663336224,3,0.6833158310880041,0.02023154717472508,3,4103.0,396.367253945126,3,BDL-Gaussian
sleep,gru,density_gau,objective_e20_bs32_eval5,none,1.0,0.0,0.30000000000000004,0.34095827675125046,0.011142446429791064,3,0.996510335312666,0.00024029956131792562,3,0.5080083937136596,0.012309044942703925,3,0.5358854141934535,0.021176224404877105,3,0.3405512347166611,0.011112559342445663,3,0.5377117307023459,0.022456109931481352,3,0.13185128099538498,0.004044357289308703,3,0.6999347925196141,0.02246919314287751,3,3076.6666666666665,312.74323866925295,3,BDL-Gaussian
sleep,gru,density_gau,objective_e20_bs32_eval5,none,1.0,0.2393167939518393,0.30000000000000004,0.33658001014450595,0.010958614312953802,3,0.9978207031195079,6.771868680365722e-05,3,0.5032999479812857,0.012196090663954013,3,0.5269637396122437,0.021558866819207084,3,0.3363325223682616,0.010940687756375422,3,0.5283055423100357,0.02269325527475076,3,0.13276851885801944,0.004035263125198719,3,0.7099681669567862,0.02270024237369662,3,3183.3333333333335,332.0306210778358,3,BDL-Gaussian
sleep,gru,density_gau,objective_e20_bs32_eval5,none,16.0,0.0,0.1,0.33316333916475255,0.0273864002017876,3,0.977674091005563,0.0005087176535580248,3,0.4965525834458458,0.030532490511746432,3,0.5208808101402446,0.0554249726201157,3,0.3306418585967424,0.027025431156228578,3,0.52318542787729,0.058037063767759314,3,0.1161959584148351,0.011745152478219988,3,0.7054454361493309,0.05784471323078775,3,2266.6666666666665,94.12934363594245,3,BDL-Gaussian
sleep,gru,density_gau,objective_e20_bs32_eval5,none,0.5,1.0,0.4,0.32841533043089727,0.0109585638497886,3,0.9964567734845741,0.0006656094629134732,3,0.49394505701066427,0.01238163857670834,3,0.5102471277869086,0.0230563371338708,3,0.32803284183699377,0.01095490023752894,3,0.51097158985547,0.023898058399544873,3,0.20124586635797015,0.0024848285097646477,3,0.7266492968765355,0.023820863947440502,3,4356.666666666667,319.1431235877305,3,BDL-Gaussian
sleep,gru,density_gau,objective_e20_bs32_eval5,none,16.0,0.2393167939518393,0.1,0.3302917133349116,0.02668171854206409,3,0.9777234125222645,0.0005236855780112006,3,0.4933760624959503,0.029879077428662,3,0.5151158185361875,0.055169530066880974,3,0.32781946083746,0.026337096783699606,3,0.5171517464431507,0.057495450348090546,3,0.11664796194924759,0.011743483177749876,3,0.7115027245179699,0.057292534263281035,3,2225.0,93.53608929178085,3,BDL-Gaussian
sleep,gru,density_gau,objective_e20_bs32_eval5,none,16.0,0.5,0.1,0.3301132159103078,0.026630174836369657,3,0.9777234125222645,0.0005236855780112006,3,0.49317795563324757,0.029829784843120016,3,0.5147557499239674,0.05514062530353624,3,0.32764364563175324,0.02628646742256414,3,0.5167755576577476,0.05744729362641675,3,0.11770560257388672,0.011703316697271315,3,0.7118789133033728,0.057244408781137464,3,2199.0,97.0,3,BDL-Gaussian
sleep,gru,density_gau,objective_e20_bs32_eval5,none,16.0,1.0,0.1,0.32993705264704115,0.026599135670517197,3,0.9777234125222645,0.0005236855780112006,3,0.49298181190409984,0.02980180057736659,3,0.5143954407679775,0.055139310929745514,3,0.3274701219124345,0.026256058174859723,3,0.5163999296705626,0.057431003106944434,3,0.12138370948144399,0.011514995354821173,3,0.712254541290558,0.057227934111600404,3,2175.6666666666665,97.59269098315374,3,BDL-Gaussian
sleep,gru,density_gau,objective_e20_bs32_eval5,none,1.0,0.5,0.30000000000000004,0.32524396842573267,0.010320079783345483,3,0.9982899270510219,9.077180182223045e-05,3,0.49057662546915864,0.011682201278284902,3,0.5029845207358145,0.022224755291016664,3,0.3250624456714326,0.010301339007578255,3,0.5034640772957263,0.022919481681473758,3,0.1358315528361362,0.004004013753637012,3,0.7350342183049666,0.022950682479376868,3,3629.6666666666665,311.6317270967982,3,BDL-Gaussian
sleep,gru,density_gau,objective_e20_bs32_eval5,none,1.0,1.0,0.30000000000000004,0.3202614313203446,0.009469714585877092,3,0.9983517463276114,0.0001304119552289694,3,0.48490219478859303,0.010801003588940506,3,0.49182512329731704,0.021293192273760236,3,0.32009170456539054,0.00944971422622096,3,0.49207592118317534,0.0217250689615808,3,0.14772911383419055,0.0038825004002328274,3,0.7464519631996732,0.021769784362017947,3,3926.3333333333335,300.8061391217496,3,BDL-Gaussian
sleep,gru,density_gau,objective_e20_bs32_eval5,none,0.25,0.0,0.55,0.761287179160094,0.020563449348730604,3,0.3553881971601965,0.04503644431680874,3,0.48294443176670115,0.03833237487528808,3,0.686517615863177,0.020035749498397086,3,0.3189041627892126,0.033300612406259165,3,0.8187762667203323,0.004784122864346751,3,0.2010942237294848,0.0014098299406571546,3,0.11200766723323309,0.01687278276756458,3,5748.333333333333,468.10290891355646,3,BDL-Gaussian
sleep,gru,density_gau,objective_e20_bs32_eval5,none,8.0,0.0,0.05,0.316728225032273,0.02285509310370625,3,0.991265628058185,0.00014850747821937022,3,0.4797623155454985,0.02621137059278859,3,0.48257065482307415,0.053288642528245514,3,0.31584515773178157,0.02274285350929647,3,0.48356543436332206,0.05374650138006771,3,0.09838507154880045,0.008352865502658,3,0.7515707958079211,0.0536767993010689,3,1345.0,124.85191228010886,3,BDL-Gaussian
sleep,gru,density_gau,objective_e20_bs32_eval5,none,8.0,0.2393167939518393,0.05,0.31364796522287425,0.022134853490229443,3,0.9913109324377795,0.0001681009090112862,3,0.47623800121259213,0.025507674896298873,3,0.47531778235563477,0.052980928917109815,3,0.31278678132812804,0.022030210575985726,3,0.47628656724835866,0.05305412423892463,3,0.09896214109956664,0.008345973345688816,3,0.7588713471206376,0.05297457765238816,3,1224.0,123.30450113438681,3,BDL-Gaussian
sleep,gru,density_gau,objective_e20_bs32_eval5,none,8.0,0.5,0.05,0.3133929823524158,0.022128925871558527,3,0.9913113787863469,0.00016861223304133027,3,0.4759437146077297,0.025509578092621624,3,0.4746936435096469,0.05307115278686093,3,0.31253324364770535,0.0220244400833804,3,0.4756668318083894,0.053114753361767846,3,0.1003742919118067,0.008304112391192919,3,0.7594912961980231,0.0530349426626286,3,1181.3333333333333,126.00529089420546,3,BDL-Gaussian
sleep,gru,density_gau,objective_e20_bs32_eval5,none,8.0,1.0,0.05,0.3132010762578497,0.022063528070486723,3,0.9913118251349143,0.0001689017643368342,3,0.47572373750263397,0.02544147101294932,3,0.4742415914060106,0.05299800681148962,3,0.312342445758313,0.021959490086142786,3,0.47521322616425987,0.05301868817030048,3,0.10536930616501043,0.008124730764080344,3,0.759945115479569,0.05293871400369251,3,1147.3333333333333,126.43311802424766,3,BDL-Gaussian
sleep,gru,density_gau,objective_e20_bs32_eval5,none,0.25,1.0,0.45,0.3057027218226321,0.006167420411462791,3,0.9928442513540542,0.001838210510038582,3,0.4674450031141977,0.007169653091619621,3,0.45818491365625386,0.016140514534319805,3,0.30502931315873844,0.006108050195069203,3,0.45843681395684693,0.01582685635083706,3,0.2518604920357412,0.0018176156836042987,3,0.7774549983464464,0.01608374087104749,3,5801.333333333333,274.38901824477836,3,BDL-Gaussian
sleep,gru,density_gau,objective_e20_bs32_eval5,none,2.0,0.0,0.15000000000000002,0.30377121833764614,0.010953201083756737,3,0.9988331332575879,8.797306917151688e-05,3,0.46578955452845533,0.012822351942831428,3,0.4504804995792904,0.028587383252749555,3,0.30366307712246843,0.01093917591425894,3,0.45118609357147926,0.027939044412756048,3,0.09288253941615217,0.005412805659841196,3,0.7875721987648339,0.027969020440053827,3,3642.0,379.0461713300901,3,BDL-Gaussian
sleep,gru,density_gau,objective_e20_bs32_eval5,none,2.0,0.2393167939518393,0.15000000000000002,0.29891500735825205,0.010528637610030346,3,0.9991091998465453,8.147779511501752e-05,3,0.46009154104615785,0.012422145104293743,3,0.4371128882418194,0.028836919741508996,3,0.2988350640124386,0.0105177685288492,3,0.438333132514162,0.02775373523720455,3,0.09374183693599987,0.005408628430264684,3,0.8005572945641242,0.02777975077547177,3,3803.0,363.3345565728644,3,BDL-Gaussian
sleep,gru,density_gau,objective_e20_bs32_eval5,none,4.0,0.0,0.05,0.2978766548933907,0.016248810757235548,3,0.9982928283167102,9.211374935612666e-05,3,0.45868139116696344,0.019214351105645084,3,0.43305302842987065,0.04506961545842468,3,0.2977252090579826,0.016239250974993825,3,0.4348957331907945,0.04312898753917051,3,0.08600363116203658,0.006359587550363722,3,0.8036039510531042,0.04309031442913458,3,1390.6666666666667,310.5741994006156,3,BDL-Gaussian
sleep,gru,density_gau,objective_e20_bs32_eval5,none,2.0,0.5,0.15000000000000002,0.2974459207645721,0.010496293179054726,3,0.9991266074406752,7.43871223770325e-05,3,0.4583508878256919,0.012412814809066457,3,0.4329457935144813,0.02915263229009032,3,0.29736836020257046,0.010486857641821595,3,0.4343715470852593,0.027928755235524568,3,0.09608039421094532,0.005369523936092232,3,0.8045272118522621,0.027948361126615872,3,3961.6666666666665,377.3822112041495,3,BDL-Gaussian
sleep,gru,density_gau,objective_e20_bs32_eval5,none,2.0,1.0,0.15000000000000002,0.29655724447707027,0.010374419131913344,3,0.9991305129906403,7.63207107012726e-05,3,0.4572965681538099,0.012285547638294259,3,0.430416470640701,0.029074862003884337,3,0.2964804840846874,0.010364907807806294,3,0.4319706630963582,0.027772262201934957,3,0.10465849940227569,0.005195103017502178,3,0.8069299651685556,0.027792950489599327,3,4035.0,373.22915213043046,3,BDL-Gaussian
sleep,gru,density_gau,objective_e20_bs32_eval5,none,4.0,0.2393167939518393,0.05,0.29409755708855223,0.01576714738428286,3,0.998424389556961,0.0001385493112867381,3,0.45420668837128914,0.018758848866552106,3,0.422107599496599,0.04542696912524294,3,0.29396155370274113,0.01576205526734336,3,0.42458049088750965,0.04292010587113665,3,0.08673623450341339,0.006353328198798468,3,0.8139821629848395,0.042865736861438894,3,1593.6666666666667,312.0902647205346,3,BDL-Gaussian
sleep,gru,density_gau,objective_e20_bs32_eval5,none,4.0,0.5,0.05,0.2937909335439269,0.01570101764094915,3,0.9984253938412379,0.000139100656855732,3,0.45384194326450406,0.018689910773238647,3,0.4212119890476238,0.04539038670851506,3,0.293655302140136,0.015696019276108114,3,0.4237400412918399,0.042836210226348745,3,0.0885736167840462,0.006311611578961561,3,0.8148230932646959,0.04278166702450438,3,1639.6666666666667,315.29087099586843,3,BDL-Gaussian
sleep,gru,density_gau,objective_e20_bs32_eval5,none,4.0,1.0,0.05,0.29363513828987226,0.015629603945201534,3,0.9984277371712169,0.00013985871368219917,3,0.453657457973941,0.018610155259117418,3,0.4207666846310971,0.04526622480316074,3,0.2934998513378384,0.01562466352442758,3,0.4233189352396627,0.04269306437490605,3,0.0951307080261049,0.006131474423962207,3,0.8152453209133085,0.04263860792698195,3,1672.3333333333333,309.04098973005716,3,BDL-Gaussian
sleep,gru,density_gau,objective_e20_bs32_eval5,none,16.0,0.0,0.05,0.28102527064987654,0.012522206008136381,3,0.9825645090846441,0.00047316136432518893,3,0.436951453528835,0.015151881699691745,3,0.38882335937336787,0.04029842577049745,3,0.27963115122605225,0.012435339414273251,3,0.3931489524930205,0.03677824631406858,3,0.1161959584148351,0.011745152478219988,3,0.83782262988514,0.0365653799884064,3,2206.3333333333335,76.05480480109937,3,BDL-Gaussian
sleep,gru,density_gau,objective_e20_bs32_eval5,none,16.0,0.2393167939518393,0.05,0.27952413768103507,0.012118006715169504,3,0.9825645090846441,0.00047316136432518893,3,0.4351398808584051,0.014699429305136348,3,0.38393574594209295,0.039661712207351554,3,0.2781448747096671,0.012035396720897895,3,0.38870809822535674,0.03597201670318258,3,0.11664796194924759,0.011743483177749876,3,0.8422634841528037,0.03575898769121154,3,2128.6666666666665,84.57146879020927,3,BDL-Gaussian
sleep,gru,density_gau,objective_e20_bs32_eval5,none,16.0,0.5,0.05,0.2794318769448452,0.012095884409713348,3,0.9825645090846441,0.00047316136432518893,3,0.4350283534322607,0.014674723661586574,3,0.38363190698185895,0.03962826870819708,3,0.27805352448654025,0.012013513666551578,3,0.3884331468705964,0.03592853984487447,3,0.11770560257388672,0.011703316697271315,3,0.842538435507564,0.035715458193381074,3,2102.0,86.36550237218562,3,BDL-Gaussian
sleep,gru,density_gau,objective_e20_bs32_eval5,none,16.0,1.0,0.05,0.2793508470432965,0.012062701999912356,3,0.9825646206717858,0.0004730571022068916,3,0.43493060622214585,0.01463659921292548,3,0.3833686334318005,0.03955820311757618,3,0.2779733030483984,0.011980655101350485,3,0.3881937394409707,0.035852021885636846,3,0.12138370948144399,0.011514995354821173,3,0.8427778963465439,0.035639042755250525,3,2084.0,83.82720322186587,3,BDL-Gaussian
sleep,gru,density_gau,objective_e20_bs32_eval5,none,0.5,0.0,0.35000000000000003,0.27316985073175454,0.0028501680343601277,3,0.9744794627213024,0.003197703396081903,3,0.4267163008638026,0.0036832277849476237,3,0.36782979193099347,0.008994193660885308,3,0.27123119511600363,0.0029799039950038344,3,0.37333758044516907,0.008086984167354245,3,0.1754588750378576,0.0024270629150888222,3,0.8537642271837376,0.007336221765857065,3,7194.0,114.17530380953667,3,BDL-Gaussian
sleep,gru,density_gau,objective_e20_bs32_eval5,none,0.25,0.2393167939518393,0.4,0.27413959672387916,0.001056038029749842,3,0.9500519214971067,0.0036625234798503847,3,0.42549939866533637,0.0014817864341105332,3,0.3831187492923429,0.0030788466671068317,3,0.2702447873757648,0.0011960887283719497,3,0.3860348265306907,0.002820183057963588,3,0.20394970012333702,0.0014531419519579405,3,0.829375139398414,0.0032900267656403685,3,7377.333333333333,104.14573122952916,3,BDL-Gaussian
sleep,gru,density_gau,objective_e20_bs32_eval5,none,0.5,0.2393167939518393,0.35000000000000003,0.26947097005331366,0.0024582813799631674,3,0.9972692394644441,0.00039836614331942137,3,0.4242901409128949,0.0030575561952360846,3,0.341960395619616,0.009396867362954961,3,0.2692723943804311,0.0024655438995805894,3,0.3522882329792934,0.007980852875984408,3,0.17675230209351475,0.0024322725910086353,3,0.8857215272597071,0.007915606120827888,3,7383.333333333333,106.00628912160502,3,BDL-Gaussian
sleep,gru,density_gau,objective_e20_bs32_eval5,none,0.25,0.0,0.4,0.2755219998621891,0.0017799372002288896,3,0.8714057502639593,0.0059592810994897145,3,0.41866726485778893,0.0025571657024458703,3,0.4208477589952088,0.0037946741659445915,3,0.2647581649923013,0.0020462157591768873,3,0.4208628526833287,0.0038037622392067473,3,0.2010942237294848,0.0014098299406571546,3,0.7569044141335679,0.004216319966533264,3,7440.0,104.79980916013159,3,BDL-Gaussian
sleep,gru,density_gau,objective_e20_bs32_eval5,none,1.0,0.0,0.25,0.2635061457660713,0.0026754279230979125,3,0.9986059418367645,0.00015656686060442723,3,0.4169769836367611,0.0033520134680504877,3,0.31697182524641004,0.01120190871004272,3,0.263409287906953,0.0026768301808079995,3,0.3316518466390989,0.00916061477927528,3,0.13185128099538498,0.004044357289308703,3,0.9069977042523245,0.009137386722049815,3,7410.333333333333,143.68484030451262,3,BDL-Gaussian
sleep,gru,density_gau,objective_e20_bs32_eval5,none,1.0,0.2393167939518393,0.25,0.2598239249509662,0.002841383405134629,3,0.9994402788964388,0.0001259018985132642,3,0.4124236284400507,0.0035853657922695556,3,0.30044903467917766,0.012557819675614776,3,0.25978619882485005,0.002845934362191716,3,0.31841871779950043,0.010017186373593069,3,0.13276851885801944,0.004035263125198719,3,0.9206301748323161,0.009978714610649832,3,7618.333333333333,140.23313921228925,3,BDL-Gaussian
sleep,gru,density_gau,objective_e20_bs32_eval5,none,0.5,0.5,0.35000000000000003,0.2553786224228578,0.0020667571286974665,3,0.999418854165202,9.32218912008529e-05,3,0.4068041748325559,0.002624227904351815,3,0.2801143886106519,0.0097033561370556,3,0.2553407362210017,0.0020692432562742532,3,0.30243690325728695,0.007530752894633096,3,0.181653679858673,0.002443989690083277,3,0.9366017347785478,0.007508176654557047,3,8304.333333333334,96.17345441094118,3,BDL-Gaussian
sleep,gru,density_gau,objective_e20_bs32_eval5,none,1.0,0.5,0.25,0.25476586007413726,0.00268320639893109,3,0.9997198046867939,9.390460766549868e-05,3,0.4060492004667832,0.003409711197378178,3,0.2769058591929198,0.012776850179042249,3,0.2547477026832899,0.0026852312093113622,3,0.30001708565236745,0.009852989415396508,3,0.1358315528361362,0.004004013753637012,3,0.9391655974113982,0.00983490741945623,3,8017.333333333333,161.74465472878322,3,BDL-Gaussian
sleep,gru,density_gau,objective_e20_bs32_eval5,none,0.25,0.2393167939518393,0.35000000000000003,0.25484650131321396,0.0003500591132185873,3,0.9911787016746775,0.0014111277355019615,3,0.4054466709137661,0.0005259742518485955,3,0.28358688705259416,0.0012630033328187838,3,0.254269837555507,0.0004136511902524352,3,0.30431547046804536,0.000999689360838654,3,0.20394970012333702,0.0014531419519579405,3,0.930779153816376,0.0011111147485984704,3,8549.666666666666,25.79405616287087,3,BDL-Gaussian
sleep,gru,density_gau,objective_e20_bs32_eval5,none,1.0,1.0,0.25,0.2540342480179882,0.0026231234161879597,3,0.9997213669067798,9.423776922980515e-05,3,0.40511973485245384,0.003337245884540145,3,0.2733861264627713,0.012625647359327913,3,0.25401629460530495,0.0026251181595066024,3,0.29731427858489995,0.009687340665162412,3,0.14772911383419055,0.0038825004002328274,3,0.9418691522098227,0.009669489527043605,3,8084.0,153.72703080460508,3,BDL-Gaussian
sleep,gru,density_gau,objective_e20_bs32_eval5,none,0.5,1.0,0.35000000000000003,0.25340784280674683,0.0018467568872461578,3,0.999447308886376,8.8316764116995e-05,3,0.40430270139378316,0.0023536270479686742,3,0.27062471265593957,0.00893857414958336,3,0.25337236828861337,0.001849630238370082,3,0.2951473275668322,0.006837050569591065,3,0.20124586635797015,0.0024848285097646477,3,0.9439049298542908,0.006811868309264928,3,8463.666666666666,77.1059876620052,3,BDL-Gaussian
sleep,gru,density_gau,objective_e20_bs32_eval5,none,0.5,0.0,0.30000000000000004,0.2524568787923723,0.0003678339013997064,3,0.9892081843366022,0.0015955873820276086,3,0.40225396007623165,0.0005428375785426298,3,0.2736629355401881,0.0015857071883699223,3,0.2517634867654732,0.00042526727719133684,3,0.2964297929767981,0.0011998499571369355,3,0.1754588750378576,0.0024270629150888222,3,0.9377216755240739,0.0014705976656099484,3,8618.666666666666,26.50157228040146,3,BDL-Gaussian
sleep,gru,density_gau,objective_e20_bs32_eval5,none,0.25,0.5,0.4,0.2494341984040692,0.0006312289272111078,3,0.9993588202828824,8.276960733441397e-05,3,0.3992240555968563,0.000814682827991661,3,0.25076188290324186,0.003203898709810198,3,0.24939430307437735,0.0006360189242655717,3,0.2801825339448491,0.0023849744101548174,3,0.2137143299978728,0.0015303056663336224,3,0.9588273698584951,0.0023467629263598314,3,8882.333333333334,63.61079572944617,3,BDL-Gaussian
sleep,gru,density_gau,objective_e20_bs32_eval5,none,0.5,0.0,0.25,0.24835257341806918,3.2348086924435764e-05,3,0.9953469277716517,0.0006370105610370953,3,0.3975187935286071,8.409236870450639e-05,3,0.24835450545122753,0.00042051116095613,3,0.2480645611287421,6.549541036404711e-05,3,0.277956351953116,0.0002453733219608595,3,0.1754588750378576,0.0024270629150888222,3,0.959133325343294,0.0005397874050928616,3,8904.666666666666,13.650396819628602,3,BDL-Gaussian
sleep,gru,density_gau,objective_e20_bs32_eval5,none,2.0,0.0,0.1,0.2474848713079479,0.0015365838013137044,3,0.9996499511359905,1.61254037788695e-05,3,0.3967449644214784,0.001973830121973093,3,0.24019310494166268,0.008182284031216078,3,0.24746342761664863,0.0015366266563440795,3,0.27246733911179816,0.005983210380422165,3,0.09288253941615217,0.005412805659841196,3,0.9666819096963186,0.005980770771900169,3,8520.0,130.6560369826056,3,BDL-Gaussian
sleep,gru,density_gau,objective_e20_bs32_eval5,none,0.5,0.2393167939518393,0.30000000000000004,0.24695709447883332,0.0003180906389827587,3,0.9991886498915484,5.0621344251951166e-05,3,0.39603181430794704,0.0004063120878437388,3,0.23780285887107758,0.0017467342565359396,3,0.2469075779641321,0.00031583899767990547,3,0.2706513676640116,0.0012650062802465002,3,0.17675230209351475,0.0024322725910086353,3,0.9682770868743735,0.001282127335541696,3,9010.0,18.24828759089466,3,BDL-Gaussian
sleep,gru,density_gau,objective_e20_bs32_eval5,none,0.25,1.0,0.4,0.24667429456095072,0.0005518830035341286,3,0.9995179435471723,9.320626214772483e-05,3,0.3956937878506541,0.0007174324443349403,3,0.2359927898294892,0.002921930032339112,3,0.24664496804669353,0.0005573668387672948,3,0.26937742104602,0.0021263762409377573,3,0.2518604920357412,0.0018176156836042987,3,0.9697086444962301,0.0020821616139955596,3,9086.0,28.160255680657446,3,BDL-Gaussian
sleep,gru,density_gau,objective_e20_bs32_eval5,none,0.25,0.2393167939518393,0.30000000000000004,0.24664427846335138,0.00026705102528231517,3,0.998000135243616,0.00032044188308428607,3,0.3955362742900767,0.0003672495158470753,3,0.23710709146510778,0.0011946273773332096,3,0.24652245968489553,0.0002852847545691058,3,0.27000821222228205,0.0009017362252562994,3,0.20394970012333702,0.0014531419519579405,3,0.968351379285887,0.0007625171680096995,3,9083.666666666666,10.016652800878047,3,BDL-Gaussian
sleep,gru,density_gau,objective_e20_bs32_eval5,none,0.25,0.0,0.35000000000000003,0.2527156691654484,0.0007103634783457905,3,0.9035704091431827,0.003897832064655876,3,0.3949651314400762,0.0012399250102041908,3,0.3314699152735537,0.0004249663801239235,3,0.24607934354284677,0.0009622096433264137,3,0.33750126580169154,0.0005809267434282025,3,0.2010942237294848,0.0014098299406571546,3,0.8556610870982655,0.001291042613336672,3,8613.666666666666,54.30776494511011,3,BDL-Gaussian
sleep,gru,density_gau,objective_e20_bs32_eval5,none,1.0,0.0,0.2,0.24573348230466652,0.0005400405325430874,3,0.9992981168777114,5.260052637994982e-05,3,0.394465308050209,0.0006998944114228892,3,0.23103852213775156,0.0029318164438754024,3,0.24569108557611896,0.0005429641749492765,3,0.26577373169875074,0.0021145884437231578,3,0.13185128099538498,0.004044357289308703,3,0.9732071174159785,0.0020899743321359174,3,9057.666666666666,33.650160970392385,3,BDL-Gaussian
sleep,gru,density_gau,objective_e20_bs32_eval5,none,0.25,0.0,0.30000000000000004,0.24901076103989284,0.0006349739374789975,3,0.9335084581937657,0.0029853199280133365,3,0.3931498632087765,0.0010532987720556811,3,0.29723454143752787,0.0008519727783427853,3,0.24467150173715135,0.0008157607249107325,3,0.31032557167236224,0.0009016978744521236,3,0.2010942237294848,0.0014098299406571546,3,0.8971661370595116,0.0007286201180366861,3,8833.333333333334,8.504900548115552,3,BDL-Gaussian
sleep,gru,density_gau,objective_e20_bs32_eval5,none,0.25,0.0,0.15000000000000002,0.24499064567719545,0.00021792481734845715,3,0.9935630957219052,0.0010644025948014016,3,0.3930610337570916,0.0002802296907639688,3,0.23184720858514885,0.0016021076882576472,3,0.24460236670966962,0.00021702150936469454,3,0.2656825619313506,0.0010790207761596424,3,0.2010942237294848,0.0014098299406571546,3,0.9705533134308716,0.001447876096500182,3,9181.0,16.3707055437449,3,BDL-Gaussian
sleep,gru,density_gau,objective_e20_bs32_eval5,none,0.5,0.0,0.2,0.2446752248671579,4.977565044617703e-05,3,0.99797335432957,0.00028059657960938754,3,0.3929982401331363,7.175809710727674e-05,3,0.22632115839691236,0.00033087710153469237,3,0.24455371027367823,5.5574963868684046e-05,3,0.26222919321111565,0.00021926746855701227,3,0.1754588750378576,0.0024270629150888222,3,0.9761175800520762,0.0003053110548839505,3,9208.666666666666,15.69500982265825,3,BDL-Gaussian
sleep,gru,density_gau,objective_e20_bs32_eval5,none,2.0,0.2393167939518393,0.1,0.24428257691828922,0.0014619082525225374,3,0.9998812712810627,2.7461321289718622e-05,3,0.3926374522861602,0.0018893668714216596,3,0.2223902867800763,0.008185359332378324,3,0.24427550341998172,0.0014633753040165225,3,0.2596810863377163,0.005833154318094387,3,0.09374183693599987,0.005408628430264684,3,0.9795788800613909,0.00582075660739573,3,8737.666666666666,133.9788540529186,3,BDL-Gaussian
sleep,gru,density_gau,objective_e20_bs32_eval5,none,0.25,0.0,0.2,0.2456883000738208,0.0005679377225789696,3,0.9725408593057985,0.003468218132971292,3,0.3922773776762385,0.0010060890754903825,3,0.2528296202893858,0.00014612070606746135,3,0.24399600665398383,0.0007782283663924312,3,0.2788560859318052,0.0004705000285248562,3,0.2010942237294848,0.0014098299406571546,3,0.9473178409888164,0.0011901020252696693,3,9052.333333333334,19.731531449265145,3,BDL-Gaussian
sleep,gru,density_gau,objective_e20_bs32_eval5,none,2.0,0.5,0.1,0.24392280368538502,0.0014023432889012468,3,0.9998816060424884,2.76382676813491e-05,3,0.39217273011555087,0.0018135796236885024,3,0.2203575786172883,0.007900092803046549,3,0.24391577052571245,0.001403818185379914,3,0.2582378854766721,0.005612293975510599,3,0.09608039421094532,0.005369523936092232,3,0.9810222411504973,0.005599823692927284,3,8814.333333333334,127.84495818503521,3,BDL-Gaussian
sleep,gru,density_gau,objective_e20_bs32_eval5,none,2.0,1.0,0.1,0.24385503575399292,0.0013764093236595858,3,0.9998816060424884,2.76382676813491e-05,3,0.3920851862909478,0.001780318748318642,3,0.21997463195831637,0.0077639809229363204,3,0.24384800633562134,0.001377890607805528,3,0.25796603186444794,0.005511909292079808,3,0.10465849940227569,0.005195103017502178,3,0.9812940947627214,0.00549939022947476,3,8825.666666666666,122.08330489191907,3,BDL-Gaussian
sleep,gru,density_gau,objective_e20_bs32_eval5,none,0.25,0.0,0.1,0.2437638768459286,7.058715033169183e-05,3,0.9983364588891769,0.00018310633967037835,3,0.39184976752243433,9.867962871719697e-05,3,0.22087927386358475,0.0003533982380372168,3,0.24366490432863144,7.631177167091202e-05,3,0.2583971254658364,0.0002534475759838071,3,0.2010942237294848,0.0014098299406571546,3,0.9801234418355044,0.0002538664401950164,3,9299.666666666666,4.163331998932447,3,BDL-Gaussian
sleep,gru,density_gau,objective_e20_bs32_eval5,none,0.5,0.0,0.15000000000000002,0.24369376339409313,0.00016014822332909335,3,0.9986728941218795,9.300485370440958e-05,3,0.3917850581377089,0.0002113376407433272,3,0.22018398711394557,0.0008635322465169121,3,0.24361487445683952,0.0001634140034619738,3,0.25794554937716146,0.0006177895371879529,3,0.1754588750378576,0.0024270629150888222,3,0.9807360471267049,0.0005945112799723654,3,9293.0,3.4641016151377544,3,BDL-Gaussian
sleep,gru,density_gau,objective_e20_bs32_eval5,none,0.5,0.2393167939518393,0.25,0.24347891252384932,0.0004323848469755101,3,0.999671710628653,6.683026497196774e-05,3,0.3915839311395867,0.0005624621268072478,3,0.21806936744045943,0.0024397233534538686,3,0.24345945166006921,0.0004347663790416892,3,0.25657469148620715,0.0017256677679460192,3,0.17675230209351475,0.0024322725910086353,3,0.9825849721459536,0.0017064810167753402,3,9246.0,25.514701644346147,3,BDL-Gaussian
sleep,gru,density_gau,objective_e20_bs32_eval5,none,1.0,0.0,0.15000000000000002,0.24341655184667002,0.00013869508151303174,3,0.9995353511413021,7.480401171210332e-05,3,0.3914929300007086,0.00018206715387376592,3,0.21783918328181517,0.0007660630028630207,3,0.24338901232336216,0.00014073019507561768,3,0.2563935803665505,0.0005440104983087923,3,0.13185128099538498,0.004044357289308703,3,0.9827008170349348,0.0005307825188227217,3,9281.666666666666,3.0550504633038438,3,BDL-Gaussian
sleep,gru,density_gau,objective_e20_bs32_eval5,none,0.5,0.0,0.1,0.2433699979980443,0.00015725264071307494,3,0.9993699789970681,8.813766751107055e-05,3,0.3914200305113771,0.00020565540361132032,3,0.21771980382744727,0.0008785746928095725,3,0.24333266590910743,0.00015894753962576242,3,0.2562890048512784,0.0006224055226908009,3,0.1754588750378576,0.0024270629150888222,3,0.9827262398874729,0.0006130261707671267,3,9301.0,3.4641016151377544,3,BDL-Gaussian
sleep,gru,density_gau,objective_e20_bs32_eval5,none,0.25,0.2393167939518393,0.25,0.24334215262807524,0.00024724728193089456,3,0.999641024164642,7.315462727293871e-05,3,0.39140477440624255,0.00032397246587026306,3,0.21731784305046345,0.0013709672318408589,3,0.24332089406830879,0.0002503881471551269,3,0.25603934282567103,0.0009726177498112162,3,0.20394970012333702,0.0014531419519579405,3,0.98310563323412,0.0009479962155550441,3,9276.666666666666,15.947831618540762,3,BDL-Gaussian
sleep,gru,density_gau,objective_e20_bs32_eval5,none,0.25,0.0,0.05,0.24331561919467473,0.0001480727181426623,3,0.999400777048221,8.363610746038611e-05,3,0.3913520575684101,0.0001918065150549898,3,0.21738105316597134,0.0008501694812168686,3,0.24328012749108438,0.00014823232905914242,3,0.2560538434653014,0.0005988287461887324,3,0.2010942237294848,0.0014098299406571546,3,0.9829761422551737,0.0006019931547696992,3,9306.333333333334,1.1547005383791202,3,BDL-Gaussian
sleep,gru,density_gau,objective_e20_bs32_eval5,none,1.0,0.0,0.1,0.2429697492778908,0.00014803157590071147,3,0.9996231702219446,6.0825638227485124e-05,3,0.3909215633771443,0.0001962295347493839,3,0.21519450348595756,0.0007998647822656578,3,0.24294749982839625,0.00015156864477861937,3,0.2545419848795982,0.0005695083502347038,3,0.13185128099538498,0.004044357289308703,3,0.9845944456835415,0.0005406500914413749,3,9302.333333333334,2.3094010767582405,3,BDL-Gaussian
sleep,gru,density_gau,objective_e20_bs32_eval5,none,0.5,0.0,0.05,0.24291775867295054,0.00013843905842771847,3,0.999647942567437,5.89259355913549e-05,3,0.3908561624669771,0.00018314311857200479,3,0.21487242761496936,0.0007537859798497005,3,0.2428969807550496,0.00014144993603552517,3,0.25431873377957914,0.0005356549953063963,3,0.1754588750378576,0.0024270629150888222,3,0.9848295536601643,0.0005117197826633656,3,9306.333333333334,1.1547005383791202,3,BDL-Gaussian
sleep,gru,density_gau,objective_e20_bs32_eval5,none,1.0,0.0,0.05,0.24256929184500597,6.722425981468105e-05,3,0.9997706884234813,2.185199918908188e-05,3,0.3904143302205272,8.553588547385568e-05,3,0.2127448764059374,0.00040857195878345155,3,0.2425557963866901,6.603257896859131e-05,3,0.25284175150208466,0.00028358983464751543,3,0.13185128099538498,0.004044357289308703,3,0.9863652862271376,0.0002933175595292276,3,9306.333333333334,3.0550504633038438,3,BDL-Gaussian
sleep,gru,density_gau,objective_e20_bs32_eval5,none,2.0,0.0,0.05,0.24235426080924238,6.878227897168776e-05,3,0.9998018212360597,2.0362742560500623e-06,3,0.3901381361360379,8.92345296167507e-05,3,0.2114656552583192,0.00039949144930909083,3,0.24234261894764267,6.886383590572416e-05,3,0.25195074995278616,0.00027941538362832597,3,0.09288253941615217,0.005412805659841196,3,0.9872711889862221,0.00027869976901780916,3,9296.333333333334,3.055050463303695,3,BDL-Gaussian
sleep,gru,density_gau,objective_e20_bs32_eval5,none,1.0,0.2393167939518393,0.2,0.24194318401603612,0.00042184745008039785,3,0.9999493394375963,2.3935637010228312e-05,3,0.38961640654473734,0.0005478845269331297,3,0.20892053997853768,0.0024665025685203894,3,0.24194021999532658,0.00042253254712395295,3,0.25019606573879666,0.0017186271710302762,3,0.13276851885801944,0.004035263125198719,3,0.9890964803662942,0.0017130764894483833,3,9214.0,39.585350825778974,3,BDL-Gaussian
sleep,gru,density_gau,objective_e20_bs32_eval5,none,0.25,0.0,0.25,0.24451572319637085,0.00014841483259949757,3,0.9472811011776238,0.0013305522727637892,3,0.3886988414723291,8.082940914686127e-05,3,0.2666202145188525,0.0017200829132741114,3,0.2412328960172829,6.226639514303192e-05,3,0.28694314339257926,0.0012213051600028853,3,0.2010942237294848,0.0014098299406571546,3,0.927140614865575,0.00185636273985387,3,9105.666666666666,22.36813209307707,3,BDL-Gaussian
sleep,gru,density_gau,objective_e20_bs32_eval5,none,0.5,0.5,0.30000000000000004,0.2410325889681523,0.00034931488572783985,3,0.9999862747815514,7.914824921513484e-06,3,0.3884376546220287,0.0004540247121519182,3,0.2034993492366395,0.002074956927805649,3,0.24103179227144833,0.00034967789287876415,3,0.2464409875774115,0.001434795127785773,3,0.181653679858673,0.002443989690083277,3,0.9928692370238771,0.0014317998967205109,3,9453.0,10.816653826391969,3,BDL-Gaussian
sleep,gru,density_gau,objective_e20_bs32_eval5,none,0.5,1.0,0.30000000000000004,0.24086394603134495,0.0003139577108148087,3,0.9999864979558352,7.881718248434027e-06,3,0.388218665298422,0.0004082161653102893,3,0.2024926205433728,0.0018700664965108037,3,0.24086316330730348,0.0003143094590609649,3,0.2457459716528785,0.0012911962569912884,3,0.20124586635797015,0.0024848285097646477,3,0.9935643597671181,0.0012882924712862792,3,9470.333333333334,13.576941236277323,3,BDL-Gaussian
sleep,gru,density_gau,objective_e20_bs32_eval5,none,1.0,0.5,0.2,0.2408386847448971,0.00036808058960669486,3,0.99997478130594,2.0588054474775554e-05,3,0.3881849449234467,0.00047920974361689953,3,0.20235120241416274,0.0021919886059835803,3,0.24083722356795864,0.0003688767687438164,3,0.24564737798526246,0.001512296661437979,3,0.1358315528361362,0.004004013753637012,3,0.9936573454525567,0.0015057322841046518,3,9407.333333333334,33.857544703261404,3,BDL-Gaussian
sleep,gru,density_gau,objective_e20_bs32_eval5,none,1.0,1.0,0.2,0.24077978049386936,0.00037803424732232605,3,0.99997478130594,2.0588054474775554e-05,3,0.38810842205363244,0.0004922307985698232,3,0.20199828134518727,0.0022538237483654034,3,0.24077832013476277,0.00037885784688998394,3,0.24540420519617467,0.0015540227311966524,3,0.14772911383419055,0.0038825004002328274,3,0.9939005182416444,0.0015472222012480276,3,9416.666666666666,35.92121007612804,3,BDL-Gaussian
sleep,gru,density_gau,objective_e20_bs32_eval5,none,0.25,0.5,0.35000000000000003,0.2404773697539855,0.0003887779681101961,3,0.9999962060371769,4.8780303428848994e-06,3,0.3877170733943833,0.000505582355344592,3,0.20016156581330113,0.0023372488046633864,3,0.24047715082087226,0.000388995601808328,3,0.24414315693719146,0.0016068299569129568,3,0.2137143299978728,0.0015303056663336224,3,0.9951718210966094,0.0016050214151427898,3,9542.0,3.605551275463989,3,BDL-Gaussian
sleep,gru,density_gau,objective_e20_bs32_eval5,none,0.25,1.0,0.35000000000000003,0.24036166162886294,0.0003016295112765925,3,0.9999964292114605,4.808616095476735e-06,3,0.3875667292053653,0.00039238541257047375,3,0.19946596742680353,0.0018164817583634675,3,0.24036145568566739,0.00030184163306702313,3,0.2436646625340645,0.0012475356924031497,3,0.2518604920357412,0.0018176156836042987,3,0.9956504223184445,0.001245774062997856,3,9549.333333333334,2.0816659994659505,3,BDL-Gaussian
sleep,gru,density_gau,objective_e20_bs32_eval5,none,0.5,0.2393167939518393,0.2,0.23986701192907636,6.425613916657093e-05,3,1.0,0.0,3,0.3869237713895198,8.359745329236798e-05,3,0.19646818339026048,0.00039102870698588506,3,0.23986701192907636,6.425613916657093e-05,3,0.24161059218582695,0.0002672635457152422,3,0.17675230209351475,0.0024322725910086353,3,0.9977062017660123,0.0002672635457152095,3,9481.666666666666,5.5075705472858685,3,BDL-Gaussian
sleep,gru,density_gau,objective_e20_bs32_eval5,none,0.25,0.5,0.30000000000000004,0.23984683690700273,0.0004136499760282699,3,1.0,0.0,3,0.38689740627848596,0.0005382525487470126,3,0.19633949088946787,0.0025219479579249413,3,0.23984683690700273,0.0004136499760282699,3,0.24152473664915694,0.0017220474498162608,3,0.2137143299978728,0.0015303056663336224,3,0.9977920573026823,0.00172204744981624,3,9566.666666666666,5.68624070307726,3,BDL-Gaussian
sleep,gru,density_gau,objective_e20_bs32_eval5,none,0.25,1.0,0.30000000000000004,0.23981500861108732,0.0003937465702886549,3,1.0,0.0,3,0.3868560062539945,0.0005123744774671564,3,0.1961462356960245,0.0024016472281473914,3,0.23981500861108732,0.0003937465702886549,3,0.24139249508847582,0.0016395319737349515,3,0.2518604920357412,0.0018176156836042987,3,0.9979242988633635,0.0016395319737349545,3,9569.0,3.0,3,BDL-Gaussian
sleep,gru,density_gau,objective_e20_bs32_eval5,none,0.5,0.5,0.25,0.2397560910631323,0.0002707508833785849,3,0.9999989957157233,1.739471392540098e-06,3,0.3867793262235793,0.0003524542919126626,3,0.1957910232898862,0.001650377915720468,3,0.2397560334745117,0.00027084420450063996,3,0.24114873479649326,0.0011267057735814033,3,0.181653679858673,0.002443989690083277,3,0.9981675784711594,0.0011259268067520794,3,9540.333333333334,22.898325994127532,3,BDL-Gaussian
sleep,gru,density_gau,objective_e20_bs32_eval5,none,0.5,1.0,0.25,0.2397393530095048,0.00025014297656365434,3,0.9999989957157233,1.739471392540098e-06,3,0.38675755320952715,0.0003256522984516679,3,0.19568932775037684,0.0015252627021426065,3,0.23973929542089345,0.00025023821157044504,3,0.2410791691128151,0.0010410799210362532,3,0.20124586635797015,0.0024848285097646477,3,0.9982371441548376,0.0010402849983392026,3,9541.0,21.79449471770337,3,BDL-Gaussian
sleep,gru,density_gau,objective_e20_bs32_eval5,none,1.0,0.2393167939518393,0.15000000000000002,0.2396993099251068,1.8824620856480923e-05,3,0.9999985493671559,2.5125697891916466e-06,3,0.38670545449455546,2.4521754954725764e-05,3,0.19544763551431135,0.00011461496412107112,3,0.23969922657951284,1.8843245024743255e-05,3,0.2409133597731,7.82548973106255e-05,3,0.13276851885801944,0.004035263125198719,3,0.9984027398571363,7.81332530773099e-05,3,9504.666666666666,1.1547005383791202,3,BDL-Gaussian
sleep,gru,density_gau,objective_e20_bs32_eval5,none,0.25,0.5,0.25,0.23946726163008045,0.00016842917080150057,3,1.0,0.0,3,0.3864035085608762,0.0002192609174944691,3,0.19402609765741474,0.0010317501289309888,3,0.23946726163008045,0.00016842917080150057,3,0.23994480784168956,0.0007027741490854197,3,0.2137143299978728,0.0015303056663336224,3,0.9993719861101499,0.0007027741490854036,3,9566.333333333334,10.692676621563825,3,BDL-Gaussian
sleep,gru,density_gau,objective_e20_bs32_eval5,none,0.25,1.0,0.25,0.23946238620643015,0.00016890862694044707,3,1.0,0.0,3,0.3863971613679842,0.0002198849292210548,3,0.1939962133142877,0.0010346797481441505,3,0.23946238620643015,0.00016890862694044707,3,0.23992445887778832,0.0007047722932051637,3,0.2518604920357412,0.0018176156836042987,3,0.999392335074051,0.0007047722932051637,3,9567.666666666666,10.503967504392255,3,BDL-Gaussian
sleep,gru,density_gau,objective_e20_bs32_eval5,none,1.0,0.5,0.15000000000000002,0.23940953511313215,5.1641185485776263e-05,3,0.9999985493671559,2.5125697891916466e-06,3,0.38632826369571727,6.712279696667832e-05,3,0.19367447121316497,0.0003183321926818087,3,0.23940945194185534,5.155371708156778e-05,3,0.23970489302320017,0.0002164417418009183,3,0.1358315528361362,0.004004013753637012,3,0.9996112066070362,0.00021717960777424547,3,9565.333333333334,4.16333199893201,3,BDL-Gaussian
sleep,gru,density_gau,objective_e20_bs32_eval5,none,1.0,1.0,0.15000000000000002,0.239397523214401,4.75547430710859e-05,3,0.9999985493671559,2.5125697891916466e-06,3,0.3863126247197635,6.175207973499691e-05,3,0.19360079321967805,0.0002938840461855682,3,0.23939744004332422,4.7428915485132425e-05,3,0.239654741639727,0.0001997198019411713,3,0.14772911383419055,0.0038825004002328274,3,0.9996613579905094,0.0002007732904867107,3,9566.0,3.4641016151377544,3,BDL-Gaussian
sleep,gru,density_gau,objective_e20_bs32_eval5,none,0.5,0.5,0.2,0.23935924716538015,3.7258967446211014e-05,3,1.0,0.0,3,0.38626289691274973,4.8514065968348056e-05,3,0.19336450632807223,0.00022876617149561834,3,0.23935924716538015,3.7258967446211014e-05,3,0.23949413971203384,0.00015563606515211183,3,0.181653679858673,0.002443989690083277,3,0.9998226542398054,0.0001556360651521001,3,9571.666666666666,4.0414518843271745,3,BDL-Gaussian
sleep,gru,density_gau,objective_e20_bs32_eval5,none,0.5,1.0,0.2,0.23935917044613508,3.725161332804853e-05,3,1.0,0.0,3,0.38626279701901467,4.850448744366643e-05,3,0.19336403531432664,0.00022872087046353886,3,0.23935917044613508,3.725161332804853e-05,3,0.23949381925590943,0.0001556052979018644,3,0.20124586635797015,0.0024848285097646477,3,0.9998229746959298,0.00015560529790184925,3,9571.666666666666,4.0414518843271745,3,BDL-Gaussian
sleep,gru,density_gau,objective_e20_bs32_eval5,none,2.0,0.2393167939518393,0.05,0.23935434715162343,1.4768822531963816e-05,3,0.9999987725414395,2.1260205908458416e-06,3,0.38625642595325477,1.908516421103101e-05,3,0.19333564271791026,9.255641895459901e-05,3,0.2393542768205372,1.465742787238741e-05,3,0.2394743248416733,6.270786438866325e-05,3,0.09374183693599987,0.005408628430264684,3,0.9998418816072712,6.364324047875258e-05,3,9566.666666666666,3.0550504633041413,3,BDL-Gaussian
sleep,gru,density_gau,objective_e20_bs32_eval5,none,2.0,0.5,0.05,0.239351528057664,1.6321666223833335e-05,3,0.9999987725414395,2.1260205908458416e-06,3,0.38625275521391306,2.1097109272805775e-05,3,0.19331833070012783,0.00010221677910197158,3,0.23935145772657773,1.6202593969938953e-05,3,0.23946254807910053,6.926270748757101e-05,3,0.09608039421094532,0.005369523936092232,3,0.999853658369844,7.025855888980003e-05,3,9568.0,3.4641016151377544,3,BDL-Gaussian
sleep,gru,density_gau,objective_e20_bs32_eval5,none,2.0,1.0,0.05,0.23935062034375387,1.6870334406624407e-05,3,0.9999987725414395,2.1260205908458416e-06,3,0.38625157327514376,2.1809160320551726e-05,3,0.19331275616469315,0.00010561562201800257,3,0.23935055001266758,1.674944549851133e-05,3,0.23945875601496147,7.157084616669478e-05,3,0.10465849940227569,0.005195103017502178,3,0.999857450433983,7.258107202126157e-05,3,9568.0,3.4641016151377544,3,BDL-Gaussian
sleep,gru,density_gau,objective_e20_bs32_eval5,none,0.25,0.2393167939518393,0.2,0.23934016785111925,7.969458078717507e-06,3,1.0,0.0,3,0.3862380547844945,1.0377113846917383e-05,3,0.19324739291403067,4.894496163867309e-05,3,0.23934016785111925,7.969458078717507e-06,3,0.2394144529557591,3.3293910843500566e-05,3,0.20394970012333702,0.0014531419519579405,3,0.9999023409960802,3.329391084346116e-05,3,9570.666666666666,1.1547005383791202,3,BDL-Gaussian
sleep,gru,density_gau,objective_e20_bs32_eval5,none,0.25,0.0,0.0,0.23931679395183933,0.0,3,1.0,0.0,3,0.38620761877796256,0.0,3,0.19310380938898128,0.0,3,0.23931679395183933,0.0,3,0.23931679395183933,0.0,3,0.2010942237294848,0.0014098299406571546,3,1.0,0.0,3,9578.0,0.0,3,BDL-Gaussian
sleep,gru,density_gau,objective_e20_bs32_eval5,none,0.25,0.2393167939518393,0.0,0.23931679395183933,0.0,3,1.0,0.0,3,0.38620761877796256,0.0,3,0.19310380938898128,0.0,3,0.23931679395183933,0.0,3,0.23931679395183933,0.0,3,0.20394970012333702,0.0014531419519579405,3,1.0,0.0,3,9578.0,0.0,3,BDL-Gaussian
sleep,gru,density_gau,objective_e20_bs32_eval5,none,0.25,0.2393167939518393,0.05,0.23931679395183933,0.0,3,1.0,0.0,3,0.38620761877796256,0.0,3,0.19310380938898128,0.0,3,0.23931679395183933,0.0,3,0.23931679395183933,0.0,3,0.20394970012333702,0.0014531419519579405,3,1.0,0.0,3,9578.0,0.0,3,BDL-Gaussian
sleep,gru,density_gau,objective_e20_bs32_eval5,none,0.25,0.2393167939518393,0.1,0.23931679395183933,0.0,3,1.0,0.0,3,0.38620761877796256,0.0,3,0.19310380938898128,0.0,3,0.23931679395183933,0.0,3,0.23931679395183933,0.0,3,0.20394970012333702,0.0014531419519579405,3,1.0,0.0,3,9578.0,0.0,3,BDL-Gaussian
sleep,gru,density_gau,objective_e20_bs32_eval5,none,0.25,0.2393167939518393,0.15000000000000002,0.23931679395183933,0.0,3,1.0,0.0,3,0.38620761877796256,0.0,3,0.19310380938898128,0.0,3,0.23931679395183933,0.0,3,0.23931679395183933,0.0,3,0.20394970012333702,0.0014531419519579405,3,1.0,0.0,3,9578.0,0.0,3,BDL-Gaussian
sleep,gru,density_gau,objective_e20_bs32_eval5,none,0.25,0.5,0.0,0.23931679395183933,0.0,3,1.0,0.0,3,0.38620761877796256,0.0,3,0.19310380938898128,0.0,3,0.23931679395183933,0.0,3,0.23931679395183933,0.0,3,0.2137143299978728,0.0015303056663336224,3,1.0,0.0,3,9578.0,0.0,3,BDL-Gaussian
sleep,gru,density_gau,objective_e20_bs32_eval5,none,0.25,0.5,0.05,0.23931679395183933,0.0,3,1.0,0.0,3,0.38620761877796256,0.0,3,0.19310380938898128,0.0,3,0.23931679395183933,0.0,3,0.23931679395183933,0.0,3,0.2137143299978728,0.0015303056663336224,3,1.0,0.0,3,9578.0,0.0,3,BDL-Gaussian
sleep,gru,density_gau,objective_e20_bs32_eval5,none,0.25,0.5,0.1,0.23931679395183933,0.0,3,1.0,0.0,3,0.38620761877796256,0.0,3,0.19310380938898128,0.0,3,0.23931679395183933,0.0,3,0.23931679395183933,0.0,3,0.2137143299978728,0.0015303056663336224,3,1.0,0.0,3,9578.0,0.0,3,BDL-Gaussian
sleep,gru,density_gau,objective_e20_bs32_eval5,none,0.25,0.5,0.15000000000000002,0.23931679395183933,0.0,3,1.0,0.0,3,0.38620761877796256,0.0,3,0.19310380938898128,0.0,3,0.23931679395183933,0.0,3,0.23931679395183933,0.0,3,0.2137143299978728,0.0015303056663336224,3,1.0,0.0,3,9578.0,0.0,3,BDL-Gaussian
sleep,gru,density_gau,objective_e20_bs32_eval5,none,0.25,0.5,0.2,0.23931679395183933,0.0,3,1.0,0.0,3,0.38620761877796256,0.0,3,0.19310380938898128,0.0,3,0.23931679395183933,0.0,3,0.23931679395183933,0.0,3,0.2137143299978728,0.0015303056663336224,3,1.0,0.0,3,9578.0,0.0,3,BDL-Gaussian
sleep,gru,density_gau,objective_e20_bs32_eval5,none,0.25,1.0,0.0,0.23931679395183933,0.0,3,1.0,0.0,3,0.38620761877796256,0.0,3,0.19310380938898128,0.0,3,0.23931679395183933,0.0,3,0.23931679395183933,0.0,3,0.2518604920357412,0.0018176156836042987,3,1.0,0.0,3,9578.0,0.0,3,BDL-Gaussian
sleep,gru,density_gau,objective_e20_bs32_eval5,none,0.25,1.0,0.05,0.23931679395183933,0.0,3,1.0,0.0,3,0.38620761877796256,0.0,3,0.19310380938898128,0.0,3,0.23931679395183933,0.0,3,0.23931679395183933,0.0,3,0.2518604920357412,0.0018176156836042987,3,1.0,0.0,3,9578.0,0.0,3,BDL-Gaussian
sleep,gru,density_gau,objective_e20_bs32_eval5,none,0.25,1.0,0.1,0.23931679395183933,0.0,3,1.0,0.0,3,0.38620761877796256,0.0,3,0.19310380938898128,0.0,3,0.23931679395183933,0.0,3,0.23931679395183933,0.0,3,0.2518604920357412,0.0018176156836042987,3,1.0,0.0,3,9578.0,0.0,3,BDL-Gaussian
sleep,gru,density_gau,objective_e20_bs32_eval5,none,0.25,1.0,0.15000000000000002,0.23931679395183933,0.0,3,1.0,0.0,3,0.38620761877796256,0.0,3,0.19310380938898128,0.0,3,0.23931679395183933,0.0,3,0.23931679395183933,0.0,3,0.2518604920357412,0.0018176156836042987,3,1.0,0.0,3,9578.0,0.0,3,BDL-Gaussian
sleep,gru,density_gau,objective_e20_bs32_eval5,none,0.25,1.0,0.2,0.23931679395183933,0.0,3,1.0,0.0,3,0.38620761877796256,0.0,3,0.19310380938898128,0.0,3,0.23931679395183933,0.0,3,0.23931679395183933,0.0,3,0.2518604920357412,0.0018176156836042987,3,1.0,0.0,3,9578.0,0.0,3,BDL-Gaussian
sleep,gru,density_gau,objective_e20_bs32_eval5,none,0.5,0.0,0.0,0.23931679395183933,0.0,3,1.0,0.0,3,0.38620761877796256,0.0,3,0.19310380938898128,0.0,3,0.23931679395183933,0.0,3,0.23931679395183933,0.0,3,0.1754588750378576,0.0024270629150888222,3,1.0,0.0,3,9578.0,0.0,3,BDL-Gaussian
sleep,gru,density_gau,objective_e20_bs32_eval5,none,0.5,0.2393167939518393,0.0,0.23931679395183933,0.0,3,1.0,0.0,3,0.38620761877796256,0.0,3,0.19310380938898128,0.0,3,0.23931679395183933,0.0,3,0.23931679395183933,0.0,3,0.17675230209351475,0.0024322725910086353,3,1.0,0.0,3,9578.0,0.0,3,BDL-Gaussian
sleep,gru,density_gau,objective_e20_bs32_eval5,none,0.5,0.2393167939518393,0.05,0.23931679395183933,0.0,3,1.0,0.0,3,0.38620761877796256,0.0,3,0.19310380938898128,0.0,3,0.23931679395183933,0.0,3,0.23931679395183933,0.0,3,0.17675230209351475,0.0024322725910086353,3,1.0,0.0,3,9578.0,0.0,3,BDL-Gaussian
sleep,gru,density_gau,objective_e20_bs32_eval5,none,0.5,0.2393167939518393,0.1,0.23931679395183933,0.0,3,1.0,0.0,3,0.38620761877796256,0.0,3,0.19310380938898128,0.0,3,0.23931679395183933,0.0,3,0.23931679395183933,0.0,3,0.17675230209351475,0.0024322725910086353,3,1.0,0.0,3,9578.0,0.0,3,BDL-Gaussian
sleep,gru,density_gau,objective_e20_bs32_eval5,none,0.5,0.2393167939518393,0.15000000000000002,0.23931679395183933,0.0,3,1.0,0.0,3,0.38620761877796256,0.0,3,0.19310380938898128,0.0,3,0.23931679395183933,0.0,3,0.23931679395183933,0.0,3,0.17675230209351475,0.0024322725910086353,3,1.0,0.0,3,9578.0,0.0,3,BDL-Gaussian
sleep,gru,density_gau,objective_e20_bs32_eval5,none,0.5,0.5,0.0,0.23931679395183933,0.0,3,1.0,0.0,3,0.38620761877796256,0.0,3,0.19310380938898128,0.0,3,0.23931679395183933,0.0,3,0.23931679395183933,0.0,3,0.181653679858673,0.002443989690083277,3,1.0,0.0,3,9578.0,0.0,3,BDL-Gaussian
sleep,gru,density_gau,objective_e20_bs32_eval5,none,0.5,0.5,0.05,0.23931679395183933,0.0,3,1.0,0.0,3,0.38620761877796256,0.0,3,0.19310380938898128,0.0,3,0.23931679395183933,0.0,3,0.23931679395183933,0.0,3,0.181653679858673,0.002443989690083277,3,1.0,0.0,3,9578.0,0.0,3,BDL-Gaussian
sleep,gru,density_gau,objective_e20_bs32_eval5,none,0.5,0.5,0.1,0.23931679395183933,0.0,3,1.0,0.0,3,0.38620761877796256,0.0,3,0.19310380938898128,0.0,3,0.23931679395183933,0.0,3,0.23931679395183933,0.0,3,0.181653679858673,0.002443989690083277,3,1.0,0.0,3,9578.0,0.0,3,BDL-Gaussian
sleep,gru,density_gau,objective_e20_bs32_eval5,none,0.5,0.5,0.15000000000000002,0.23931679395183933,0.0,3,1.0,0.0,3,0.38620761877796256,0.0,3,0.19310380938898128,0.0,3,0.23931679395183933,0.0,3,0.23931679395183933,0.0,3,0.181653679858673,0.002443989690083277,3,1.0,0.0,3,9578.0,0.0,3,BDL-Gaussian
sleep,gru,density_gau,objective_e20_bs32_eval5,none,0.5,1.0,0.0,0.23931679395183933,0.0,3,1.0,0.0,3,0.38620761877796256,0.0,3,0.19310380938898128,0.0,3,0.23931679395183933,0.0,3,0.23931679395183933,0.0,3,0.20124586635797015,0.0024848285097646477,3,1.0,0.0,3,9578.0,0.0,3,BDL-Gaussian
sleep,gru,density_gau,objective_e20_bs32_eval5,none,0.5,1.0,0.05,0.23931679395183933,0.0,3,1.0,0.0,3,0.38620761877796256,0.0,3,0.19310380938898128,0.0,3,0.23931679395183933,0.0,3,0.23931679395183933,0.0,3,0.20124586635797015,0.0024848285097646477,3,1.0,0.0,3,9578.0,0.0,3,BDL-Gaussian
sleep,gru,density_gau,objective_e20_bs32_eval5,none,0.5,1.0,0.1,0.23931679395183933,0.0,3,1.0,0.0,3,0.38620761877796256,0.0,3,0.19310380938898128,0.0,3,0.23931679395183933,0.0,3,0.23931679395183933,0.0,3,0.20124586635797015,0.0024848285097646477,3,1.0,0.0,3,9578.0,0.0,3,BDL-Gaussian
sleep,gru,density_gau,objective_e20_bs32_eval5,none,0.5,1.0,0.15000000000000002,0.23931679395183933,0.0,3,1.0,0.0,3,0.38620761877796256,0.0,3,0.19310380938898128,0.0,3,0.23931679395183933,0.0,3,0.23931679395183933,0.0,3,0.20124586635797015,0.0024848285097646477,3,1.0,0.0,3,9578.0,0.0,3,BDL-Gaussian
sleep,gru,density_gau,objective_e20_bs32_eval5,none,1.0,0.0,0.0,0.23931679395183933,0.0,3,1.0,0.0,3,0.38620761877796256,0.0,3,0.19310380938898128,0.0,3,0.23931679395183933,0.0,3,0.23931679395183933,0.0,3,0.13185128099538498,0.004044357289308703,3,1.0,0.0,3,9578.0,0.0,3,BDL-Gaussian
sleep,gru,density_gau,objective_e20_bs32_eval5,none,1.0,0.2393167939518393,0.0,0.23931679395183933,0.0,3,1.0,0.0,3,0.38620761877796256,0.0,3,0.19310380938898128,0.0,3,0.23931679395183933,0.0,3,0.23931679395183933,0.0,3,0.13276851885801944,0.004035263125198719,3,1.0,0.0,3,9578.0,0.0,3,BDL-Gaussian
sleep,gru,density_gau,objective_e20_bs32_eval5,none,1.0,0.2393167939518393,0.05,0.23931679395183933,0.0,3,1.0,0.0,3,0.38620761877796256,0.0,3,0.19310380938898128,0.0,3,0.23931679395183933,0.0,3,0.23931679395183933,0.0,3,0.13276851885801944,0.004035263125198719,3,1.0,0.0,3,9578.0,0.0,3,BDL-Gaussian
sleep,gru,density_gau,objective_e20_bs32_eval5,none,1.0,0.2393167939518393,0.1,0.23931679395183933,0.0,3,1.0,0.0,3,0.38620761877796256,0.0,3,0.19310380938898128,0.0,3,0.23931679395183933,0.0,3,0.23931679395183933,0.0,3,0.13276851885801944,0.004035263125198719,3,1.0,0.0,3,9578.0,0.0,3,BDL-Gaussian
sleep,gru,density_gau,objective_e20_bs32_eval5,none,1.0,0.5,0.0,0.23931679395183933,0.0,3,1.0,0.0,3,0.38620761877796256,0.0,3,0.19310380938898128,0.0,3,0.23931679395183933,0.0,3,0.23931679395183933,0.0,3,0.1358315528361362,0.004004013753637012,3,1.0,0.0,3,9578.0,0.0,3,BDL-Gaussian
sleep,gru,density_gau,objective_e20_bs32_eval5,none,1.0,0.5,0.05,0.23931679395183933,0.0,3,1.0,0.0,3,0.38620761877796256,0.0,3,0.19310380938898128,0.0,3,0.23931679395183933,0.0,3,0.23931679395183933,0.0,3,0.1358315528361362,0.004004013753637012,3,1.0,0.0,3,9578.0,0.0,3,BDL-Gaussian
sleep,gru,density_gau,objective_e20_bs32_eval5,none,1.0,0.5,0.1,0.23931679395183933,0.0,3,1.0,0.0,3,0.38620761877796256,0.0,3,0.19310380938898128,0.0,3,0.23931679395183933,0.0,3,0.23931679395183933,0.0,3,0.1358315528361362,0.004004013753637012,3,1.0,0.0,3,9578.0,0.0,3,BDL-Gaussian
sleep,gru,density_gau,objective_e20_bs32_eval5,none,1.0,1.0,0.0,0.23931679395183933,0.0,3,1.0,0.0,3,0.38620761877796256,0.0,3,0.19310380938898128,0.0,3,0.23931679395183933,0.0,3,0.23931679395183933,0.0,3,0.14772911383419055,0.0038825004002328274,3,1.0,0.0,3,9578.0,0.0,3,BDL-Gaussian
sleep,gru,density_gau,objective_e20_bs32_eval5,none,1.0,1.0,0.05,0.23931679395183933,0.0,3,1.0,0.0,3,0.38620761877796256,0.0,3,0.19310380938898128,0.0,3,0.23931679395183933,0.0,3,0.23931679395183933,0.0,3,0.14772911383419055,0.0038825004002328274,3,1.0,0.0,3,9578.0,0.0,3,BDL-Gaussian
sleep,gru,density_gau,objective_e20_bs32_eval5,none,1.0,1.0,0.1,0.23931679395183933,0.0,3,1.0,0.0,3,0.38620761877796256,0.0,3,0.19310380938898128,0.0,3,0.23931679395183933,0.0,3,0.23931679395183933,0.0,3,0.14772911383419055,0.0038825004002328274,3,1.0,0.0,3,9578.0,0.0,3,BDL-Gaussian
sleep,gru,density_gau,objective_e20_bs32_eval5,none,2.0,0.0,0.0,0.23931679395183933,0.0,3,1.0,0.0,3,0.38620761877796256,0.0,3,0.19310380938898128,0.0,3,0.23931679395183933,0.0,3,0.23931679395183933,0.0,3,0.09288253941615217,0.005412805659841196,3,1.0,0.0,3,9578.0,0.0,3,BDL-Gaussian
sleep,gru,density_gau,objective_e20_bs32_eval5,none,2.0,0.2393167939518393,0.0,0.23931679395183933,0.0,3,1.0,0.0,3,0.38620761877796256,0.0,3,0.19310380938898128,0.0,3,0.23931679395183933,0.0,3,0.23931679395183933,0.0,3,0.09374183693599987,0.005408628430264684,3,1.0,0.0,3,9578.0,0.0,3,BDL-Gaussian
sleep,gru,density_gau,objective_e20_bs32_eval5,none,2.0,0.5,0.0,0.23931679395183933,0.0,3,1.0,0.0,3,0.38620761877796256,0.0,3,0.19310380938898128,0.0,3,0.23931679395183933,0.0,3,0.23931679395183933,0.0,3,0.09608039421094532,0.005369523936092232,3,1.0,0.0,3,9578.0,0.0,3,BDL-Gaussian
sleep,gru,density_gau,objective_e20_bs32_eval5,none,2.0,1.0,0.0,0.23931679395183933,0.0,3,1.0,0.0,3,0.38620761877796256,0.0,3,0.19310380938898128,0.0,3,0.23931679395183933,0.0,3,0.23931679395183933,0.0,3,0.10465849940227569,0.005195103017502178,3,1.0,0.0,3,9578.0,0.0,3,BDL-Gaussian
sleep,gru,density_gau,objective_e20_bs32_eval5,none,4.0,0.0,0.0,0.23931679395183933,0.0,3,1.0,0.0,3,0.38620761877796256,0.0,3,0.19310380938898128,0.0,3,0.23931679395183933,0.0,3,0.23931679395183933,0.0,3,0.08600363116203658,0.006359587550363722,3,1.0,0.0,3,9578.0,0.0,3,BDL-Gaussian
sleep,gru,density_gau,objective_e20_bs32_eval5,none,4.0,0.2393167939518393,0.0,0.23931679395183933,0.0,3,1.0,0.0,3,0.38620761877796256,0.0,3,0.19310380938898128,0.0,3,0.23931679395183933,0.0,3,0.23931679395183933,0.0,3,0.08673623450341339,0.006353328198798468,3,1.0,0.0,3,9578.0,0.0,3,BDL-Gaussian
sleep,gru,density_gau,objective_e20_bs32_eval5,none,4.0,0.5,0.0,0.23931679395183933,0.0,3,1.0,0.0,3,0.38620761877796256,0.0,3,0.19310380938898128,0.0,3,0.23931679395183933,0.0,3,0.23931679395183933,0.0,3,0.0885736167840462,0.006311611578961561,3,1.0,0.0,3,9578.0,0.0,3,BDL-Gaussian
sleep,gru,density_gau,objective_e20_bs32_eval5,none,4.0,1.0,0.0,0.23931679395183933,0.0,3,1.0,0.0,3,0.38620761877796256,0.0,3,0.19310380938898128,0.0,3,0.23931679395183933,0.0,3,0.23931679395183933,0.0,3,0.0951307080261049,0.006131474423962207,3,1.0,0.0,3,9578.0,0.0,3,BDL-Gaussian
sleep,gru,density_gau,objective_e20_bs32_eval5,none,8.0,0.0,0.0,0.23931679395183933,0.0,3,1.0,0.0,3,0.38620761877796256,0.0,3,0.19310380938898128,0.0,3,0.23931679395183933,0.0,3,0.23931679395183933,0.0,3,0.09838507154880045,0.008352865502658,3,1.0,0.0,3,9578.0,0.0,3,BDL-Gaussian
sleep,gru,density_gau,objective_e20_bs32_eval5,none,8.0,0.2393167939518393,0.0,0.23931679395183933,0.0,3,1.0,0.0,3,0.38620761877796256,0.0,3,0.19310380938898128,0.0,3,0.23931679395183933,0.0,3,0.23931679395183933,0.0,3,0.09896214109956664,0.008345973345688816,3,1.0,0.0,3,9578.0,0.0,3,BDL-Gaussian
sleep,gru,density_gau,objective_e20_bs32_eval5,none,8.0,0.5,0.0,0.23931679395183933,0.0,3,1.0,0.0,3,0.38620761877796256,0.0,3,0.19310380938898128,0.0,3,0.23931679395183933,0.0,3,0.23931679395183933,0.0,3,0.1003742919118067,0.008304112391192919,3,1.0,0.0,3,9578.0,0.0,3,BDL-Gaussian
sleep,gru,density_gau,objective_e20_bs32_eval5,none,8.0,1.0,0.0,0.23931679395183933,0.0,3,1.0,0.0,3,0.38620761877796256,0.0,3,0.19310380938898128,0.0,3,0.23931679395183933,0.0,3,0.23931679395183933,0.0,3,0.10536930616501043,0.008124730764080344,3,1.0,0.0,3,9578.0,0.0,3,BDL-Gaussian
sleep,gru,density_gau,objective_e20_bs32_eval5,none,16.0,0.0,0.0,0.23931679395183933,0.0,3,1.0,0.0,3,0.38620761877796256,0.0,3,0.19310380938898128,0.0,3,0.23931679395183933,0.0,3,0.23931679395183933,0.0,3,0.1161959584148351,0.011745152478219988,3,1.0,0.0,3,9578.0,0.0,3,BDL-Gaussian
sleep,gru,density_gau,objective_e20_bs32_eval5,none,16.0,0.2393167939518393,0.0,0.23931679395183933,0.0,3,1.0,0.0,3,0.38620761877796256,0.0,3,0.19310380938898128,0.0,3,0.23931679395183933,0.0,3,0.23931679395183933,0.0,3,0.11664796194924759,0.011743483177749876,3,1.0,0.0,3,9578.0,0.0,3,BDL-Gaussian
sleep,gru,density_gau,objective_e20_bs32_eval5,none,16.0,0.5,0.0,0.23931679395183933,0.0,3,1.0,0.0,3,0.38620761877796256,0.0,3,0.19310380938898128,0.0,3,0.23931679395183933,0.0,3,0.23931679395183933,0.0,3,0.11770560257388672,0.011703316697271315,3,1.0,0.0,3,9578.0,0.0,3,BDL-Gaussian
sleep,gru,density_gau,objective_e20_bs32_eval5,none,16.0,1.0,0.0,0.23931679395183933,0.0,3,1.0,0.0,3,0.38620761877796256,0.0,3,0.19310380938898128,0.0,3,0.23931679395183933,0.0,3,0.23931679395183933,0.0,3,0.12138370948144399,0.011514995354821173,3,1.0,0.0,3,9578.0,0.0,3,BDL-Gaussian
sleep,gru,density_gau,objective_e20_bs32_eval5,none,0.25,1.0,0.6000000000000001,0.4109320534945164,0.015170991873146805,3,0.3357600189073253,0.0242580894221606,3,0.3694873463665336,0.02078827902738279,3,0.5972303801066962,0.011548702497565405,3,0.22674174278931955,0.015725478282862148,3,0.7260182920628573,0.004804820561235834,3,0.2518604920357412,0.0018176156836042987,3,0.19537093650952353,0.006818343146652037,3,7381.0,268.3076592272386,3,BDL-Gaussian
sleep,gru,density_gau,objective_e20_bs32_eval5,none,0.5,1.0,0.65,0.5841573742810806,0.00982053956497844,3,0.25266018166833043,0.028946010602217638,3,0.3522117112564642,0.029411025918366914,3,0.6091808978183156,0.015270806545422363,3,0.21400698804316046,0.021752906566100707,3,0.7781716984687325,0.0035010412479969167,3,0.20124586635797015,0.0024848285097646477,3,0.10344315685173648,0.01072100477020413,3,7150.0,344.12643025492827,3,BDL-Gaussian
sleep,gru,density_gau,objective_e20_bs32_eval5,none,1.0,1.0,0.75,0.6735537904858874,0.023283387023439673,3,0.20421931069051688,0.024551760481317478,3,0.31296904240822704,0.03028986098271798,3,0.5930738145571185,0.016196817837690523,3,0.18577040855782387,0.02136400489966854,3,0.7858986967690331,0.0048745992074952695,3,0.14772911383419055,0.0038825004002328274,3,0.07253073067414569,0.007826273681949316,3,7288.666666666667,323.6191176882684,3,BDL-Gaussian
sleep,gru,density_gau,objective_e20_bs32_eval5,none,1.0,0.5,0.75,0.8385624553411799,0.039852102484443264,3,0.16828668879216516,0.027547065655521473,3,0.2793912259119155,0.03753592050662594,3,0.5792660889173872,0.019808028040429356,3,0.16274893705733198,0.025418546262164003,3,0.7930219824355862,0.004911927012091662,3,0.1358315528361362,0.004004013753637012,3,0.04820888526559831,0.0089007189197002,3,7525.0,343.94767043839676,3,BDL-Gaussian
sleep,gru,density_gau,objective_e20_bs32_eval5,none,0.25,1.0,0.65,0.3713962091875172,0.003550788213822727,3,0.2011629388750186,0.006277005937235218,3,0.2609536115906581,0.00612556775943397,3,0.5469000634532589,0.002976017777854984,3,0.15006510238498985,0.0040558103273683095,3,0.7273602020839048,0.0003256391400101806,3,0.2518604920357412,0.0018176156836042987,3,0.12960634315125444,0.0028442723259933162,3,8570.333333333334,68.29592471980547,3,BDL-Gaussian
sleep,gru,density_gau,objective_e20_bs32_eval5,none,0.5,0.5,0.65,0.752284386026172,0.03335036651746092,3,0.15519115658510316,0.029653117506257327,3,0.2561487584220053,0.03981065346672753,3,0.5653615516205663,0.020624145606601526,3,0.14728667169255,0.02627478103647852,3,0.7853759794207349,0.004061080270928129,3,0.181653679858673,0.002443989690083277,3,0.04958692671467527,0.010604586161439921,3,7765.333333333333,362.47804531217247,3,BDL-Gaussian
sleep,gru,density_gau,objective_e20_bs32_eval5,none,1.0,0.2393167939518393,0.75,0.8201547301928563,0.04651254632805819,3,0.13584931093824032,0.025375387549613906,3,0.23224990468800552,0.036923212929217124,3,0.5539173922684034,0.01943157335799241,3,0.13171209391843336,0.02373303178034057,3,0.7858898842256113,0.00468163486249001,3,0.13276851885801944,0.004035263125198719,3,0.03981536493116175,0.008184337527411148,3,7879.666666666667,323.6438371626027,3,BDL-Gaussian
sleep,gru,density_gau,objective_e20_bs32_eval5,none,1.0,0.0,0.75,0.8186781600030929,0.05005742095255409,3,0.13180316117445914,0.024604642901877517,3,0.2262363534967399,0.036034903977163316,3,0.5507066787173497,0.018946229849857346,3,0.12785775581848505,0.023024236851631706,3,0.7850517312321665,0.0045650921276196915,3,0.13185128099538498,0.004044357289308703,3,0.03871689474597229,0.008018106136312373,3,7930.333333333333,312.75762713854533,3,BDL-Gaussian
sleep,gru,density_gau,objective_e20_bs32_eval5,none,0.25,1.0,0.7000000000000001,0.37975796130663514,0.00898590582180397,3,0.14986130834138434,0.0012461567246690234,3,0.21490142930964562,0.002439020675223438,3,0.5288119858823528,0.0018854003637866423,3,0.12038770336729136,0.0015300611229533707,3,0.7379437195726911,0.00214587984678677,3,0.2518604920357412,0.0018176156836042987,3,0.09446814217484599,0.0018886309249156632,3,8847.666666666666,16.563010998406437,3,BDL-Gaussian
sleep,gru,density_gau,objective_e20_bs32_eval5,none,0.5,1.0,0.7000000000000001,0.4865608301125906,0.01816073339186584,3,0.11831629286090016,0.004640053725185032,3,0.19028827760063272,0.006214931518056942,3,0.524381380742573,0.0032708749262065386,3,0.10515709559723352,0.0038015716513659027,3,0.7590645287543144,0.002205723420871316,3,0.20124586635797015,0.0024848285097646477,3,0.05824882905332134,0.003121038147802524,3,8585.0,68.19824044651006,3,BDL-Gaussian
sleep,gru,density_gau,objective_e20_bs32_eval5,none,0.5,0.2393167939518393,0.65,0.6991363684263329,0.04231952566556034,3,0.10818618894872191,0.02570645738102631,3,0.1864005555599216,0.038032098959216165,3,0.5279951373493439,0.01957409288951154,3,0.10310483120415105,0.023283233363676617,3,0.7752385101524774,0.003618453959356395,3,0.17675230209351475,0.0024322725910086353,3,0.03722623967383548,0.009453274355369912,3,8272.0,307.4426775839685,3,BDL-Gaussian
sleep,gru,density_gau,objective_e20_bs32_eval5,none,0.5,0.0,0.65,0.6912913021379888,0.0427118761885345,3,0.10230900577418824,0.02511837721250027,3,0.1772841304878626,0.03768629821538471,3,0.5231505243599542,0.01936339785005783,3,0.09757827660253186,0.022821614569999125,3,0.7740402979985591,0.0034884934179917376,3,0.1754588750378576,0.0024270629150888222,3,0.03561143455815937,0.00930594788610368,3,8342.0,305.74662712775756,3,BDL-Gaussian
sleep,gru,density_gau,objective_e20_bs32_eval5,none,0.25,1.0,0.75,0.3656460427934096,0.018700633010591813,3,0.11072680499455119,0.0008575843776682685,3,0.16993965221675886,0.0030297004395391193,3,0.5082838163532429,0.002744294075576506,3,0.09286213101835095,0.001807887251693503,3,0.7410980226148024,0.0036631516760587774,3,0.2518604920357412,0.0018176156836042987,3,0.07258275138501137,0.0032800866000319345,3,9100.0,8.888194417315589,3,BDL-Gaussian
sleep,gru,density_gau,objective_e20_bs32_eval5,none,2.0,1.0,0.9,0.6647282385677226,0.03335415425604634,3,0.09057840748633672,0.01155557101098398,3,0.1593264719597884,0.018718660517145738,3,0.5135442221703701,0.010011274179578589,3,0.08663353429958513,0.011025089205912986,3,0.7714748063804096,0.0028339183842171645,3,0.10465849940227569,0.005195103017502178,3,0.032562267829537854,0.0031758587657194186,3,8286.0,106.50352106855435,3,BDL-Gaussian
sleep,gru,density_gau,objective_e20_bs32_eval5,none,0.25,0.5,0.6000000000000001,0.6154358835248481,0.04051787334087141,3,0.08915131952911119,0.024274977605280836,3,0.15487806868526233,0.036953650832894716,3,0.510402818898137,0.018884453241936293,3,0.08423134496454403,0.021880944362339512,3,0.7685980984560851,0.003321216388566146,3,0.2137143299978728,0.0015303056663336224,3,0.034755923524641366,0.009333604401186586,3,8505.666666666666,289.6141110742592,3,BDL-Gaussian
sleep,gru,density_gau,objective_e20_bs32_eval5,none,0.25,1.0,0.8,0.40562912531313033,0.011531059335216875,3,0.08914228097062066,0.00039847115265915237,3,0.14615480952227758,0.0012839422674521634,3,0.5001093410757921,0.0011269504181984967,3,0.078839079775454,0.0007469274510592319,3,0.7507323223583521,0.0014732412278157497,3,0.2518604920357412,0.0018176156836042987,3,0.052617373464694715,0.0012882957693583098,3,9051.666666666666,15.275252316519218,3,BDL-Gaussian
sleep,gru,density_gau,objective_e20_bs32_eval5,none,0.5,1.0,0.75,0.4437964037203139,0.023907701474778997,3,0.07872417064530621,0.0016979397500931095,3,0.13368943606334519,0.002777689186297534,3,0.4957875275218416,0.0018427743185078214,3,0.07163458978250288,0.0015960702427096141,3,0.7558288298565979,0.0023623568494215083,3,0.20124586635797015,0.0024848285097646477,3,0.04253440844226705,0.0024749448373552127,3,8982.0,26.153393661244042,3,BDL-Gaussian
sleep,gru,density_gau,objective_e20_bs32_eval5,none,1.0,1.0,0.8,0.5018532157977683,0.042484088846614775,3,0.07196857349006418,0.005481393450325958,3,0.1258152831668595,0.009090999570363195,3,0.4935974882745462,0.005040373678402625,3,0.06714740512253091,0.005173920865732599,3,0.7607078544650646,0.0029957252650156486,3,0.14772911383419055,0.0038825004002328274,3,0.03442192812895496,0.003063308930383402,3,8856.666666666666,87.15694655811043,3,BDL-Gaussian
sleep,gru,density_gau,objective_e20_bs32_eval5,none,2.0,0.5,0.9,0.8850735716780037,0.03522227857307874,3,0.06483960575816433,0.012581403386246396,3,0.12061898219361561,0.021978135328418098,3,0.49552877587148214,0.01161239754410632,3,0.06427677277002335,0.012391872281420507,3,0.7741560894781863,0.0027073569445278185,3,0.09608039421094532,0.005369523936092232,3,0.017561529712264583,0.0035047552171429005,3,8533.0,113.45042970390196,3,BDL-Gaussian
sleep,gru,density_gau,objective_e20_bs32_eval5,none,0.25,1.0,0.8500000000000001,0.3931120981602006,0.006482696822601367,3,0.06036295280109391,0.000608447869709768,3,0.10465547115502181,0.0011416690596460469,3,0.480638400578879,0.0007327111184333044,3,0.055217377722516635,0.000635396720268985,3,0.7528248207368441,0.0005297810764430353,3,0.2518604920357412,0.0018176156836042987,3,0.0367501219869647,0.0002505739491711286,3,9231.333333333334,8.962886439832383,3,BDL-Gaussian
sleep,gru,density_gau,objective_e20_bs32_eval5,none,0.5,1.0,0.8,0.4095401666897658,0.026270680796840116,3,0.05697070368860224,1.885096250645497e-05,3,0.09999630320456389,0.0008086795902818644,3,0.47895157819786993,0.0011394886788288288,3,0.05262965795970736,0.00044791527385354564,3,0.7545651111299111,0.002222508616655845,3,0.20124586635797015,0.0024848285097646477,3,0.03338618723012254,0.002223480181101053,3,9168.0,21.93171219946131,3,BDL-Gaussian
sleep,gru,density_gau,objective_e20_bs32_eval5,none,2.0,0.2393167939518393,0.9,0.873931542229217,0.04480647005460253,3,0.05299340319134762,0.011290637374582168,3,0.09975966372900637,0.020201217789144837,3,0.48445419470056006,0.010683794451407819,3,0.052577568559441366,0.01116432187093696,3,0.7715122997469678,0.002540289696306836,3,0.09374183693599987,0.005408628430264684,3,0.014535329005893828,0.0031011761089099732,3,8695.0,109.30233300346337,3,BDL-Gaussian
sleep,gru,density_gau,objective_e20_bs32_eval5,none,2.0,0.0,0.9,0.8733422621970394,0.04879608079903777,3,0.05096887767661287,0.010555417209688795,3,0.09616671389163249,0.01895084329236325,3,0.48255502465124783,0.010022548404834353,3,0.050581451748812345,0.01044330790396839,3,0.7710832089963571,0.0024048816130602725,3,0.09288253941615217,0.005412805659841196,3,0.013995413845584585,0.0029185190026210484,3,8734.333333333334,99.04712683027886,3,BDL-Gaussian
sleep,gru,density_gau,objective_e20_bs32_eval5,none,0.5,1.0,0.8500000000000001,0.3960071283673548,0.018991075742895276,3,0.047689219990256215,0.00035452235972040794,3,0.08511779641075919,0.0010059047278750705,3,0.47172322597855826,0.0009452825683271741,3,0.044450861844411826,0.0005485648545523686,3,0.7546507263244879,0.0013675166998408492,3,0.20124586635797015,0.0024848285097646477,3,0.02885814219193698,0.0012019096518601662,3,9225.333333333334,14.011899704655985,3,BDL-Gaussian
sleep,gru,density_gau,objective_e20_bs32_eval5,none,0.25,0.2393167939518393,0.6000000000000001,0.49263373179782866,0.06352820771092578,3,0.04676951876706028,0.017389610788518726,3,0.08491702499121234,0.02921580348947324,3,0.4735114038964652,0.014776713100074095,3,0.04450451714761914,0.01606085863972152,3,0.760346833936218,0.0029256063525482474,3,0.20394970012333702,0.0014531419519579405,3,0.022721834683949078,0.007378696439935367,3,8981.0,212.8966885604377,3,BDL-Gaussian
sleep,gru,density_gau,objective_e20_bs32_eval5,none,0.25,1.0,0.9,0.38940945983938136,0.0007812139992153036,3,0.047591804415413934,0.00011330590473514951,3,0.08481758343091722,0.0001939031063291036,3,0.4714312653169723,0.00010542108172577488,3,0.04428695479100606,0.00010573482608330636,3,0.7542140514455989,4.863102062426762e-05,3,0.2518604920357412,0.0018176156836042987,3,0.029248190704721472,4.819463284694381e-05,3,9273.666666666666,1.1547005383795141,3,BDL-Gaussian
sleep,gru,density_gau,objective_e20_bs32_eval5,none,1.0,1.0,0.8500000000000001,0.4455390944812621,0.03455735223409898,3,0.04618067341947415,0.0009301055088505194,3,0.08364766106581074,0.0013106999647348157,3,0.47207406517064027,0.000860860424115058,3,0.04364974168141476,0.0007135491706214315,3,0.7578642870449416,0.002043827405816572,3,0.14772911383419055,0.0038825004002328274,3,0.02492254041379004,0.002317988110406664,3,9132.333333333334,22.94195574342661,3,BDL-Gaussian
sleep,gru,density_gau,objective_e20_bs32_eval5,none,0.25,0.0,0.6000000000000001,0.4785123860347331,0.0710737660299341,3,0.04254460640202214,0.01628047385641299,3,0.07767281118909454,0.027641686959105943,3,0.46976855484385416,0.01397016090260779,3,0.04055018459843639,0.015081142201944807,3,0.7597332138672902,0.002994511587920061,3,0.2010942237294848,0.0014098299406571546,3,0.021313269789020234,0.007073408513366856,3,9029.666666666666,205.9474042888945,3,BDL-Gaussian
sleep,gru,density_gau,objective_e20_bs32_eval5,none,0.5,1.0,0.9,0.4103953065062467,0.011689806524222761,3,0.03991393953271322,0.0001765040528992388,3,0.07274947142829953,0.00041622291776857945,3,0.466298736002766,0.00039408674778949643,3,0.03774783430154293,0.00022409308851432523,3,0.7565005860074329,0.0006464235326880415,3,0.20124586635797015,0.0024848285097646477,3,0.023286772126640844,0.0006094620159807962,3,9247.0,5.291502622129181,3,BDL-Gaussian
sleep,gru,density_gau,objective_e20_bs32_eval5,none,1.0,1.0,0.9,0.4411048150434637,0.014229392498441908,3,0.036488995387657076,0.0009215209861508821,3,0.06739314782524264,0.0014478789036714557,3,0.4642854341437596,0.0005629495116675229,3,0.034872015608272994,0.0007754327826598262,3,0.7583295359282589,0.0006957506940583346,3,0.14772911383419055,0.0038825004002328274,3,0.019818528901296952,0.0010759907342405195,3,9203.666666666666,25.79405616287055,3,BDL-Gaussian
sleep,gru,density_gau,objective_e20_bs32_eval5,none,0.25,1.0,0.9500000000000001,0.3933691433169164,0.0031383373948648883,3,0.03624238780415028,0.0008300532463088772,3,0.06636669988084598,0.0013500418764728044,3,0.4630066858237581,0.0005693418470552137,3,0.03432261421336557,0.0007220990581569597,3,0.7559774947936561,0.00027866760675766204,3,0.2518604920357412,0.0018176156836042987,3,0.022052535363401515,0.0006734972814617889,3,9286.333333333334,14.047538337137201,3,BDL-Gaussian
sleep,gru,density_gau,objective_e20_bs32_eval5,none,0.5,1.0,0.9500000000000001,0.40988829316533826,0.0066246689671352966,3,0.03059105700473777,0.0002861098669315574,3,0.05693202434702591,0.0004842925055802203,3,0.45888353837140955,0.00023686303725973073,3,0.02930011089742965,0.0002565211621199006,3,0.757460752670254,0.000296811774357583,3,0.20124586635797015,0.0024848285097646477,3,0.017864360749850237,0.00036567960059072873,3,9276.333333333334,8.08290376865463,3,BDL-Gaussian
sleep,gru,density_gau,objective_e20_bs32_eval5,none,1.0,0.5,0.8,0.7458921469552777,0.14816941319351384,3,0.027216103899234134,0.006208482664085258,3,0.0523735552778574,0.011559772325041656,3,0.45900160117351846,0.0059314512096927015,3,0.026915018067172645,0.006078723807919086,3,0.7646371539394311,0.0022137681524559112,3,0.1358315528361362,0.004004013753637012,3,0.00907259356677921,0.0031759019935875326,3,9209.0,81.62720134857007,3,BDL-Gaussian
sleep,gru,density_gau,objective_e20_bs32_eval5,none,2.0,1.0,0.9500000000000001,0.47563473374454585,0.010265685262972274,3,0.027271227947312123,0.0013801961603184965,3,0.0515814544217286,0.0025012950728126233,3,0.45710456913217734,0.00126704223195745,3,0.026474625204980843,0.0013171068422025297,3,0.7600156959409746,0.00027425066634519357,3,0.10465849940227569,0.005195103017502178,3,0.013720435786147239,0.0005975115320139178,3,9171.0,10.583005244258363,3,BDL-Gaussian
sleep,gru,density_gau,objective_e20_bs32_eval5,none,1.0,1.0,0.9500000000000001,0.42850395382826445,0.005221311936330721,3,0.027378351603496068,0.0008219409718826198,3,0.051465303826641974,0.001426755383259526,3,0.4565482889594101,0.000639560172453993,3,0.026412677722067252,0.0007518461169052456,3,0.7584928617330097,0.0002316765129669192,3,0.14772911383419055,0.0038825004002328274,3,0.015294542974020836,0.0005958291807472234,3,9267.0,5.291502622129181,3,BDL-Gaussian
sleep,gru,density_gau,objective_e20_bs32_eval5,none,1.0,0.2393167939518393,0.8,0.701763351974456,0.19214764886831162,3,0.01887251012820693,0.004453545866041209,3,0.03665999925146175,0.008495502088526152,3,0.4507201658165614,0.00446031323483664,3,0.018684967406773004,0.004404343660876746,3,0.7628513320720179,0.0023933539563434263,3,0.13276851885801944,0.004035263125198719,3,0.006864891211554878,0.0027562791032450366,3,9318.333333333334,64.85625130496943,3,BDL-Gaussian
sleep,gru,density_gau,objective_e20_bs32_eval5,none,1.0,0.0,0.8,0.6967693352138772,0.19408377928641726,3,0.018341466920103383,0.004337035628695814,3,0.03564784476490509,0.008282456959617652,3,0.45018358215144477,0.004350127345028332,3,0.01815943748954509,0.0042895728502041095,3,0.7627268081630002,0.002389693667284753,3,0.13185128099538498,0.004044357289308703,3,0.0067352400045462045,0.002740879401776419,3,9321.666666666666,60.25224753760909,3,BDL-Gaussian
sleep,gru,density_gau,objective_e20_bs32_eval5,none,0.5,0.5,0.7000000000000001,0.4998217713673398,0.11615452403157121,3,0.01834157850724524,0.004734375068647148,3,0.03527502721048469,0.008858502575694392,3,0.44919935020107987,0.0044545526438036,3,0.017967979685603413,0.004590721650674008,3,0.7602656517180293,0.0024114323749234185,3,0.181653679858673,0.002443989690083277,3,0.009196449858871124,0.0032723574900410377,3,9307.333333333334,67.24829613702737,3,BDL-Gaussian
sleep,gru,density_gau,objective_e20_bs32_eval5,none,0.5,0.2393167939518393,0.7000000000000001,0.4190460276141468,0.12260791409129244,3,0.01222392504200698,0.0035037434883143656,3,0.023680141664411982,0.006672956651201284,3,0.4431264057909654,0.00341672708420155,3,0.011989634954453656,0.003419477106015624,3,0.7590634872719101,0.002514423409582115,3,0.17675230209351475,0.0024322725910086353,3,0.007470499877372122,0.0029858633927071425,3,9382.0,52.028838157314254,3,BDL-Gaussian
sleep,gru,density_gau,objective_e20_bs32_eval5,none,0.5,0.0,0.7000000000000001,0.4048955025451873,0.11675371586163363,3,0.011268181171990825,0.003451570407178947,3,0.021850769236365832,0.006578338740172118,3,0.4421844273141453,0.003282314935273741,3,0.011053522644000563,0.00336287927994542,3,0.7589241155624603,0.002445950782075653,3,0.1754588750378576,0.0024270629150888222,3,0.0071524204691990395,0.00305804691135907,3,9394.666666666666,51.052260805309416,3,BDL-Gaussian
sleep,gru,density_gau,objective_e20_bs32_eval5,none,0.25,0.5,0.65,0.1989103241021124,0.08723991199101207,3,0.004516154805288248,0.0009421182380260251,3,0.008800536984195348,0.0018163540509981834,3,0.4350352571110468,0.0012458040880795767,3,0.004420273902738176,0.0009167023257095086,3,0.7566087399494278,0.0027146250764105095,3,0.2137143299978728,0.0015303056663336224,3,0.006236049476716513,0.0027781259506169946,3,9485.333333333334,19.50213663507994,3,BDL-Gaussian
sleep,gru,density_gau,objective_e20_bs32_eval5,none,0.25,0.2393167939518393,0.65,0.13770935071054738,0.06849711458808802,3,0.0025815685268912735,0.0004419495355397037,3,0.005050039794452582,0.0008589583012178656,3,0.4331872450175918,0.0009348899307548507,3,0.0025315356975189715,0.00043176351776891503,3,0.7565795517374276,0.0025547859642657674,3,0.20394970012333702,0.0014531419519579405,3,0.005339279717178243,0.002572511005239199,3,9520.0,16.822603841260722,3,BDL-Gaussian
sleep,gru,density_gau,objective_e20_bs32_eval5,none,1.0,0.5,0.8500000000000001,0.5387233298814113,0.345170009499124,3,0.00235169901466322,0.0003790096656225797,3,0.004665019172677951,0.0007366938614543467,3,0.4340845463415847,0.000591749092263579,3,0.0023380539774892845,0.0003699956224130628,3,0.759931763141051,0.0019082961660172022,3,0.1358315528361362,0.004004013753637012,3,0.0018770450441673995,0.0019891521646114656,3,9531.333333333334,18.175074506954367,3,BDL-Gaussian
sleep,gru,density_gau,objective_e20_bs32_eval5,none,0.25,0.0,0.65,0.12607876523463832,0.06380530488049377,3,0.0022589700997789905,0.00032816029252096104,3,0.004422718471119872,0.0006377219102480274,3,0.43289585326018565,0.0008655930440053486,3,0.002216328428780417,0.00032033498945112344,3,0.7566293025507452,0.0024964410173828337,3,0.2010942237294848,0.0014098299406571546,3,0.005135122461239763,0.0025130121522059616,3,9526.666666666666,12.342339054382602,3,BDL-Gaussian
sleep,gru,density_gau,objective_e20_bs32_eval5,none,0.5,0.5,0.75,0.27242713142345004,0.1913618631452523,3,0.0018369475292709812,8.360483694879108e-05,3,0.0036324590648239286,0.00015518150252030714,3,0.43322606481018205,0.0008179646473789833,3,0.0018195382595720155,7.787083382265407e-05,3,0.7588445623295708,0.0025506152918980344,3,0.181653679858673,0.002443989690083277,3,0.0027178685053157263,0.002565970759035743,3,9539.666666666666,4.618802153516874,3,BDL-Gaussian
sleep,gru,density_gau,objective_e20_bs32_eval5,none,1.0,0.2393167939518393,0.8500000000000001,0.48912101279288334,0.32107562212649965,3,0.0017715574641420297,0.0002659327150121565,3,0.0035150309281893975,0.0004983365149875137,3,0.4334772273807334,0.0003854247847258885,3,0.0017606513753924248,0.0002500676408018467,3,0.7597983465745805,0.0018772025647202084,3,0.13276851885801944,0.004035263125198719,3,0.0017327863788201576,0.001998416667396819,3,9538.666666666666,18.770544300401188,3,BDL-Gaussian
sleep,gru,density_gau,objective_e20_bs32_eval5,none,1.0,0.0,0.8500000000000001,0.486430091494249,0.3251015542995924,3,0.00172100848888023,0.00018832613866942826,3,0.003415810801785648,0.0003478283868308859,3,0.4334259033338624,0.00046799378345780665,3,0.0017108476002543511,0.00017451282713359007,3,0.7597901215340533,0.0018904108336250064,3,0.13185128099538498,0.004044357289308703,3,0.0017168169819527658,0.0019717963179136434,3,9540.0,16.46207763315433,3,BDL-Gaussian
sleep,gru,density_gau,objective_e20_bs32_eval5,none,0.5,0.2393167939518393,0.75,0.21362786194542616,0.14471032059637456,3,0.001371740734863818,0.00026126415371514265,3,0.00271052720505088,0.00048502674826436464,3,0.43273903056888147,0.0005752976046473596,3,0.0013571422083240416,0.00024320531002919852,3,0.7587371027091788,0.0024927461459661538,3,0.17675230209351475,0.0024322725910086353,3,0.0026026645285834042,0.0026158757928375566,3,9543.0,4.0,3,BDL-Gaussian
sleep,gru,density_gau,objective_e20_bs32_eval5,none,0.5,0.0,0.75,0.21240622630593223,0.14263957661685478,3,0.0013642643963593132,0.0002661225601576596,3,0.002695762696328279,0.0004947156596349179,3,0.4327336616025465,0.0005635513388019445,3,0.001349741546225547,0.00024806131935501823,3,0.7587428709194185,0.002478271925497295,3,0.1754588750378576,0.0024270629150888222,3,0.0025933178916208843,0.0026044629050271224,3,9544.333333333334,4.163331998932447,3,BDL-Gaussian
sleep,gru,density_gau,objective_e20_bs32_eval5,none,2.0,0.5,0.9500000000000001,0.8231794067004264,0.1264584702950545,3,0.0010046190381500816,0.0003185565874456955,3,0.0020065967451625578,0.0006355285904538563,3,0.43308335746487403,0.0003307453527707077,3,0.0010043735055145304,0.0003183804710983982,3,0.7608690706003296,7.189295847623711e-05,3,0.09608039421094532,0.005369523936092232,3,0.00029497986253714084,0.00010426858845708648,3,9548.666666666666,6.110100926607538,3,BDL-Gaussian
sleep,gru,density_gau,objective_e20_bs32_eval5,none,2.0,0.2393167939518393,0.9500000000000001,0.7990529320460323,0.14395771950579958,3,0.0008534184609321141,0.00024885686442243515,3,0.0017048934094087722,0.0004966869201227655,3,0.43292362436894544,0.0002593014487393103,3,0.0008532152074464345,0.00024874170383405947,3,0.7608328857629463,6.517779072989605e-05,3,0.09374183693599987,0.005408628430264684,3,0.0002587950251536694,8.521912668900149e-05,3,9552.0,6.0,3,BDL-Gaussian
sleep,gru,density_gau,objective_e20_bs32_eval5,none,2.0,0.0,0.9500000000000001,0.7920604341756273,0.14920221343534787,3,0.0008163715298351656,0.00023028990883524863,3,0.0016309564031257928,0.0004596871198110309,3,0.43288447981302647,0.00024059982240258408,3,0.0008161790501259276,0.00023019356639785872,3,0.7608240198101703,6.433781882894076e-05,3,0.09288253941615217,0.005412805659841196,3,0.000249929072377793,7.969982563892486e-05,3,9552.666666666666,5.033222956846956,3,BDL-Gaussian
sleep,gru,density_gau,objective_e20_bs32_eval5,none,0.25,0.5,0.7000000000000001,0.051236535086987056,0.06398226068914868,3,0.00038486405226920264,0.00035436364100853093,3,0.0007582852088690176,0.0006947926916430912,3,0.4316518364857611,0.0006050952668791508,3,0.0003793669470525494,0.00034762216620325126,3,0.7583364791442881,0.002398386256367985,3,0.2137143299978728,0.0015303056663336224,3,0.00253093576606532,0.0025163137459156843,3,9563.666666666666,4.932882862315986,3,BDL-Gaussian
sleep,gru,density_gau,objective_e20_bs32_eval5,none,0.25,0.2393167939518393,0.7000000000000001,0.034828900662579626,0.03643560429251619,3,0.00029704497162673745,0.000356900479192851,3,0.0005838797675701504,0.000697570991586294,3,0.4316075921480771,0.0004653765192797046,3,0.00029210632017788967,0.00034903504980567546,3,0.7584641275005192,0.0023301360715981974,3,0.20394970012333702,0.0014531419519579405,3,0.002361254248180023,0.002486875179307552,3,9567.666666666666,8.386497083605821,3,BDL-Gaussian
sleep,gru,density_gau,objective_e20_bs32_eval5,none,0.25,0.0,0.7000000000000001,0.00668056056118798,0.011571070315018434,3,0.00014271995443673825,0.0002471982123383458,3,0.0002794694712378607,0.0004840553233483838,3,0.4314652018992505,0.0005353640298639543,3,0.000139793337574132,0.000242129163238024,3,0.7584855980608559,0.002375237727377706,3,0.2010942237294848,0.0014098299406571546,3,0.0022659185511623155,0.002492215503231733,3,9569.666666666666,6.80685928555379,3,BDL-Gaussian
sleep,gru,density_gau,objective_e20_bs32_eval5,none,1.0,0.0,0.9,0.3539848749272833,0.5603224520309742,3,0.00013580155164152495,0.0001310197944485234,3,0.00027085645149600425,0.00026098520478429535,3,0.4320801383391828,9.902850691414705e-05,3,0.00013545792568521236,0.0001305259128933301,3,0.7603999228341652,0.0005212036369109985,3,0.13185128099538498,0.004044357289308703,3,0.00034828239790054243,0.0005732588890360094,3,9564.0,22.538855339169288,3,BDL-Gaussian
sleep,gru,density_gau,objective_e20_bs32_eval5,none,1.0,0.2393167939518393,0.9,0.3538013994810913,0.5604659600556151,3,0.00013580155164152495,0.0001310197944485234,3,0.00027084991364617026,0.00026097581674533,3,0.4320791605816861,0.00010009677053279794,3,0.0001354546550575333,0.00013052121619530364,3,0.7603969052056602,0.0005264274167614656,3,0.13276851885801944,0.004035263125198719,3,0.00035130002640558467,0.0005784831706456691,3,9564.0,22.538855339169288,3,BDL-Gaussian
sleep,gru,density_gau,objective_e20_bs32_eval5,none,1.0,0.5,0.9,0.3536702861755592,0.5605686001229718,3,0.00013580155164152495,0.0001310197944485234,3,0.0002708451696741376,0.0002609690047250855,3,0.432078451052423,0.00010088269567149421,3,0.00013545228183600485,0.00013051780824167075,3,0.7603947154221432,0.0005302181601263877,3,0.1358315528361362,0.004004013753637012,3,0.00035348980992251796,0.0005822742692756018,3,9564.0,22.538855339169288,3,BDL-Gaussian
sleep,gru,density_gau,objective_e20_bs32_eval5,none,0.5,0.0,0.8,0.0054747931399182935,0.00948261987926803,3,8.837701635175659e-05,0.00015307348254258788,3,0.0001739461024048378,0.00030128348714375796,3,0.4317213596664393,0.0005495734350621559,3,8.699575005989195e-05,0.00015068105914629607,3,0.7594377800252433,0.002157141148761254,3,0.1754588750378576,0.0024270629150888222,3,0.0012877262313419763,0.002230407258923497,3,9569.0,15.588457268119896,3,BDL-Gaussian
sleep,gru,density_gau,objective_e20_bs32_eval5,none,0.5,0.2393167939518393,0.8,0.0053457527589349,0.009259115383176747,3,8.837701635175659e-05,0.00015307348254258788,3,0.00017387942449862296,0.0003011679976224515,3,0.4317112551265905,0.0005670750114673443,3,8.696239370576735e-05,0.00015062328424619698,3,0.7594066957811738,0.0022109806388047747,3,0.17675230209351475,0.0024322725910086353,3,0.0013188104754116154,0.0022842467489669832,3,9567.666666666666,17.897858344878138,3,BDL-Gaussian
sleep,gru,density_gau,objective_e20_bs32_eval5,none,0.5,0.5,0.8,0.005322044148775324,0.00921805086580352,3,8.837701635175659e-05,0.00015307348254258788,3,0.00017386682788863436,0.00030114617965394815,3,0.43170934521656507,0.0005703830726693366,3,8.69560921141694e-05,0.00015061236956938082,3,0.7594008207522259,0.0022211564874383746,3,0.181653679858673,0.002443989690083277,3,0.0013246855043594853,0.0022944225976006317,3,9567.666666666666,17.897858344878138,3,BDL-Gaussian
sleep,gru,density_gau,objective_e20_bs32_eval5,none,0.25,0.0,0.75,0.0,0.0,3,0.0,0.0,3,0.0,0.0,3,0.4315805045455731,0.0007935416609086155,3,0.0,0.0,3,0.7592663627033508,0.0024540446595766796,3,0.2010942237294848,0.0014098299406571546,3,0.0014168433448099353,0.002454044659576638,3,9574.666666666666,5.773502691895995,3,BDL-Gaussian
sleep,gru,density_gau,objective_e20_bs32_eval5,none,0.25,0.0,0.8,0.0,0.0,3,0.0,0.0,3,0.0,0.0,3,0.4317918596052561,0.0004274639591008985,3,0.0,0.0,3,0.7599191318288132,0.0013234153686634725,3,0.2010942237294848,0.0014098299406571546,3,0.0007640742193475171,0.0013234153686634265,3,9572.666666666666,9.237604307033749,3,BDL-Gaussian
sleep,gru,density_gau,objective_e20_bs32_eval5,none,0.25,0.0,0.8500000000000001,0.0,0.0,3,0.0,0.0,3,0.0,0.0,3,0.43195259356288424,0.00014906457798748168,3,0.0,0.0,3,0.7604165331432814,0.00046189102025284413,3,0.2010942237294848,0.0014098299406571546,3,0.0002666729048792222,0.00046189102025279524,3,9577.0,1.7320508075688772,3,BDL-Gaussian
sleep,gru,density_gau,objective_e20_bs32_eval5,none,0.25,0.0,0.9,0.0,0.0,3,0.0,0.0,3,0.0,0.0,3,0.4320386560371119,0.0,3,0.0,0.0,3,0.7606832060481606,0.0,3,0.2010942237294848,0.0014098299406571546,3,0.0,0.0,3,9578.0,0.0,3,BDL-Gaussian
sleep,gru,density_gau,objective_e20_bs32_eval5,none,0.25,0.0,0.9500000000000001,0.0,0.0,3,0.0,0.0,3,0.0,0.0,3,0.4320386560371119,0.0,3,0.0,0.0,3,0.7606832060481606,0.0,3,0.2010942237294848,0.0014098299406571546,3,0.0,0.0,3,9578.0,0.0,3,BDL-Gaussian
sleep,gru,density_gau,objective_e20_bs32_eval5,none,0.25,0.0,1.0,0.0,0.0,3,0.0,0.0,3,0.0,0.0,3,0.4320386560371119,0.0,3,0.0,0.0,3,0.7606832060481606,0.0,3,0.2010942237294848,0.0014098299406571546,3,0.0,0.0,3,9578.0,0.0,3,BDL-Gaussian
sleep,gru,density_gau,objective_e20_bs32_eval5,none,0.25,0.2393167939518393,0.75,0.0,0.0,3,0.0,0.0,3,0.0,0.0,3,0.43157253190493977,0.0008073506795560204,3,0.0,0.0,3,0.7592417676958009,0.0024966444622656833,3,0.20394970012333702,0.0014531419519579405,3,0.0014414383523598817,0.0024966444622656855,3,9574.666666666666,5.773502691895995,3,BDL-Gaussian
sleep,gru,density_gau,objective_e20_bs32_eval5,none,0.25,0.2393167939518393,0.8,0.0,0.0,3,0.0,0.0,3,0.0,0.0,3,0.4317874978850382,0.00043501868012688294,3,0.0,0.0,3,0.7599056459669101,0.0013467735666633917,3,0.20394970012333702,0.0014531419519579405,3,0.0007775600812505822,0.0013467735666633925,3,9572.666666666666,9.237604307033749,3,BDL-Gaussian
sleep,gru,density_gau,objective_e20_bs32_eval5,none,0.25,0.2393167939518393,0.8500000000000001,0.0,0.0,3,0.0,0.0,3,0.0,0.0,3,0.43195222280623286,0.00014970674734485982,3,0.0,0.0,3,0.760415384842169,0.00046387993612213423,3,0.20394970012333702,0.0014531419519579405,3,0.00026782120599176044,0.0004638799361220993,3,9577.0,1.7320508075688772,3,BDL-Gaussian
sleep,gru,density_gau,objective_e20_bs32_eval5,none,0.25,0.2393167939518393,0.9,0.0,0.0,3,0.0,0.0,3,0.0,0.0,3,0.4320386560371119,0.0,3,0.0,0.0,3,0.7606832060481606,0.0,3,0.20394970012333702,0.0014531419519579405,3,0.0,0.0,3,9578.0,0.0,3,BDL-Gaussian
sleep,gru,density_gau,objective_e20_bs32_eval5,none,0.25,0.2393167939518393,0.9500000000000001,0.0,0.0,3,0.0,0.0,3,0.0,0.0,3,0.4320386560371119,0.0,3,0.0,0.0,3,0.7606832060481606,0.0,3,0.20394970012333702,0.0014531419519579405,3,0.0,0.0,3,9578.0,0.0,3,BDL-Gaussian
sleep,gru,density_gau,objective_e20_bs32_eval5,none,0.25,0.2393167939518393,1.0,0.0,0.0,3,0.0,0.0,3,0.0,0.0,3,0.4320386560371119,0.0,3,0.0,0.0,3,0.7606832060481606,0.0,3,0.20394970012333702,0.0014531419519579405,3,0.0,0.0,3,9578.0,0.0,3,BDL-Gaussian
sleep,gru,density_gau,objective_e20_bs32_eval5,none,0.25,0.5,0.75,0.0,0.0,3,0.0,0.0,3,0.0,0.0,3,0.4315663074126002,0.0008181318165394006,3,0.0,0.0,3,0.759222567033012,0.0025299009857548058,3,0.2137143299978728,0.0015303056663336224,3,0.001460639015148602,0.002529900985754746,3,9575.333333333334,4.618802153517269,3,BDL-Gaussian
sleep,gru,density_gau,objective_e20_bs32_eval5,none,0.25,0.5,0.8,0.0,0.0,3,0.0,0.0,3,0.0,0.0,3,0.4317757677486777,0.0004553358722829212,3,0.0,0.0,3,0.7598693810154956,0.0014095863050475014,3,0.2137143299978728,0.0015303056663336224,3,0.0008138250326651611,0.00140958630504746,3,9571.333333333334,11.547005383792778,3,BDL-Gaussian
sleep,gru,density_gau,objective_e20_bs32_eval5,none,0.25,0.5,0.8500000000000001,0.0,0.0,3,0.0,0.0,3,0.0,0.0,3,0.4319519641379421,0.00015015477396672944,3,0.0,0.0,3,0.7604145837018579,0.0004652675518448549,3,0.2137143299978728,0.0015303056663336224,3,0.0002686223463028336,0.00046526755184486955,3,9577.0,1.7320508075688772,3,BDL-Gaussian
sleep,gru,density_gau,objective_e20_bs32_eval5,none,0.25,0.5,0.9,0.0,0.0,3,0.0,0.0,3,0.0,0.0,3,0.4320386560371119,0.0,3,0.0,0.0,3,0.7606832060481606,0.0,3,0.2137143299978728,0.0015303056663336224,3,0.0,0.0,3,9578.0,0.0,3,BDL-Gaussian
sleep,gru,density_gau,objective_e20_bs32_eval5,none,0.25,0.5,0.9500000000000001,0.0,0.0,3,0.0,0.0,3,0.0,0.0,3,0.4320386560371119,0.0,3,0.0,0.0,3,0.7606832060481606,0.0,3,0.2137143299978728,0.0015303056663336224,3,0.0,0.0,3,9578.0,0.0,3,BDL-Gaussian
sleep,gru,density_gau,objective_e20_bs32_eval5,none,0.25,0.5,1.0,0.0,0.0,3,0.0,0.0,3,0.0,0.0,3,0.4320386560371119,0.0,3,0.0,0.0,3,0.7606832060481606,0.0,3,0.2137143299978728,0.0015303056663336224,3,0.0,0.0,3,9578.0,0.0,3,BDL-Gaussian
sleep,gru,density_gau,objective_e20_bs32_eval5,none,0.25,1.0,1.0,0.0,0.0,3,0.0,0.0,3,0.0,0.0,3,0.4320386560371119,0.0,3,0.0,0.0,3,0.7606832060481606,0.0,3,0.2518604920357412,0.0018176156836042987,3,0.0,0.0,3,9578.0,0.0,3,BDL-Gaussian
sleep,gru,density_gau,objective_e20_bs32_eval5,none,0.5,0.0,0.8500000000000001,0.0,0.0,3,0.0,0.0,3,0.0,0.0,3,0.4317957806635908,0.00042067248684583315,3,0.0,0.0,3,0.7599312557521875,0.0013024161173922151,3,0.1754588750378576,0.0024270629150888222,3,0.0007519502959732765,0.0013024161173921698,3,9573.666666666666,7.505553499464872,3,BDL-Gaussian
sleep,gru,density_gau,objective_e20_bs32_eval5,none,0.5,0.0,0.9,0.0,0.0,3,0.0,0.0,3,0.0,0.0,3,0.43202480307304053,2.3994037607020282e-05,3,0.0,0.0,3,0.7606402649274872,7.437620274051068e-05,3,0.1754588750378576,0.0024270629150888222,3,4.294112067352186e-05,7.437620274048616e-05,3,9575.333333333334,4.618802153517269,3,BDL-Gaussian
sleep,gru,density_gau,objective_e20_bs32_eval5,none,0.5,0.0,0.9500000000000001,0.0,0.0,3,0.0,0.0,3,0.0,0.0,3,0.4320386560371119,0.0,3,0.0,0.0,3,0.7606832060481606,0.0,3,0.1754588750378576,0.0024270629150888222,3,0.0,0.0,3,9578.0,0.0,3,BDL-Gaussian
sleep,gru,density_gau,objective_e20_bs32_eval5,none,0.5,0.0,1.0,0.0,0.0,3,0.0,0.0,3,0.0,0.0,3,0.4320386560371119,0.0,3,0.0,0.0,3,0.7606832060481606,0.0,3,0.1754588750378576,0.0024270629150888222,3,0.0,0.0,3,9578.0,0.0,3,BDL-Gaussian
sleep,gru,density_gau,objective_e20_bs32_eval5,none,0.5,0.2393167939518393,0.8500000000000001,0.0,0.0,3,0.0,0.0,3,0.0,0.0,3,0.4317957806635908,0.00042067248684583315,3,0.0,0.0,3,0.7599312557521875,0.0013024161173922151,3,0.17675230209351475,0.0024322725910086353,3,0.0007519502959732765,0.0013024161173921698,3,9573.666666666666,7.505553499464872,3,BDL-Gaussian
sleep,gru,density_gau,objective_e20_bs32_eval5,none,0.5,0.2393167939518393,0.9,0.0,0.0,3,0.0,0.0,3,0.0,0.0,3,0.43202480307304053,2.3994037607020282e-05,3,0.0,0.0,3,0.7606402649274872,7.437620274051068e-05,3,0.17675230209351475,0.0024322725910086353,3,4.294112067352186e-05,7.437620274048616e-05,3,9575.333333333334,4.618802153517269,3,BDL-Gaussian
sleep,gru,density_gau,objective_e20_bs32_eval5,none,0.5,0.2393167939518393,0.9500000000000001,0.0,0.0,3,0.0,0.0,3,0.0,0.0,3,0.4320386560371119,0.0,3,0.0,0.0,3,0.7606832060481606,0.0,3,0.17675230209351475,0.0024322725910086353,3,0.0,0.0,3,9578.0,0.0,3,BDL-Gaussian
sleep,gru,density_gau,objective_e20_bs32_eval5,none,0.5,0.2393167939518393,1.0,0.0,0.0,3,0.0,0.0,3,0.0,0.0,3,0.4320386560371119,0.0,3,0.0,0.0,3,0.7606832060481606,0.0,3,0.17675230209351475,0.0024322725910086353,3,0.0,0.0,3,9578.0,0.0,3,BDL-Gaussian
sleep,gru,density_gau,objective_e20_bs32_eval5,none,0.5,0.5,0.8500000000000001,0.0,0.0,3,0.0,0.0,3,0.0,0.0,3,0.4317957547540461,0.0004207173634936537,3,0.0,0.0,3,0.7599311756381564,0.0013025548789645177,3,0.181653679858673,0.002443989690083277,3,0.0007520304100043837,0.0013025548789644468,3,9573.666666666666,7.505553499464872,3,BDL-Gaussian
sleep,gru,density_gau,objective_e20_bs32_eval5,none,0.5,0.5,0.9,0.0,0.0,3,0.0,0.0,3,0.0,0.0,3,0.43202480307304053,2.3994037607020282e-05,3,0.0,0.0,3,0.7606402649274872,7.437620274051068e-05,3,0.181653679858673,0.002443989690083277,3,4.294112067352186e-05,7.437620274048616e-05,3,9575.333333333334,4.618802153517269,3,BDL-Gaussian
sleep,gru,density_gau,objective_e20_bs32_eval5,none,0.5,0.5,0.9500000000000001,0.0,0.0,3,0.0,0.0,3,0.0,0.0,3,0.4320386560371119,0.0,3,0.0,0.0,3,0.7606832060481606,0.0,3,0.181653679858673,0.002443989690083277,3,0.0,0.0,3,9578.0,0.0,3,BDL-Gaussian
sleep,gru,density_gau,objective_e20_bs32_eval5,none,0.5,0.5,1.0,0.0,0.0,3,0.0,0.0,3,0.0,0.0,3,0.4320386560371119,0.0,3,0.0,0.0,3,0.7606832060481606,0.0,3,0.181653679858673,0.002443989690083277,3,0.0,0.0,3,9578.0,0.0,3,BDL-Gaussian
sleep,gru,density_gau,objective_e20_bs32_eval5,none,0.5,1.0,1.0,0.0,0.0,3,0.0,0.0,3,0.0,0.0,3,0.4320386560371119,0.0,3,0.0,0.0,3,0.7606832060481606,0.0,3,0.20124586635797015,0.0024848285097646477,3,0.0,0.0,3,9578.0,0.0,3,BDL-Gaussian
sleep,gru,density_gau,objective_e20_bs32_eval5,none,1.0,0.0,0.9500000000000001,0.0,0.0,3,0.0,0.0,3,0.0,0.0,3,0.4320386560371119,0.0,3,0.0,0.0,3,0.7606832060481606,0.0,3,0.13185128099538498,0.004044357289308703,3,0.0,0.0,3,9578.0,0.0,3,BDL-Gaussian
sleep,gru,density_gau,objective_e20_bs32_eval5,none,1.0,0.0,1.0,0.0,0.0,3,0.0,0.0,3,0.0,0.0,3,0.4320386560371119,0.0,3,0.0,0.0,3,0.7606832060481606,0.0,3,0.13185128099538498,0.004044357289308703,3,0.0,0.0,3,9578.0,0.0,3,BDL-Gaussian
sleep,gru,density_gau,objective_e20_bs32_eval5,none,1.0,0.2393167939518393,0.9500000000000001,0.0,0.0,3,0.0,0.0,3,0.0,0.0,3,0.4320386560371119,0.0,3,0.0,0.0,3,0.7606832060481606,0.0,3,0.13276851885801944,0.004035263125198719,3,0.0,0.0,3,9578.0,0.0,3,BDL-Gaussian
sleep,gru,density_gau,objective_e20_bs32_eval5,none,1.0,0.2393167939518393,1.0,0.0,0.0,3,0.0,0.0,3,0.0,0.0,3,0.4320386560371119,0.0,3,0.0,0.0,3,0.7606832060481606,0.0,3,0.13276851885801944,0.004035263125198719,3,0.0,0.0,3,9578.0,0.0,3,BDL-Gaussian
sleep,gru,density_gau,objective_e20_bs32_eval5,none,1.0,0.5,0.9500000000000001,0.0,0.0,3,0.0,0.0,3,0.0,0.0,3,0.4320386560371119,0.0,3,0.0,0.0,3,0.7606832060481606,0.0,3,0.1358315528361362,0.004004013753637012,3,0.0,0.0,3,9578.0,0.0,3,BDL-Gaussian
sleep,gru,density_gau,objective_e20_bs32_eval5,none,1.0,0.5,1.0,0.0,0.0,3,0.0,0.0,3,0.0,0.0,3,0.4320386560371119,0.0,3,0.0,0.0,3,0.7606832060481606,0.0,3,0.1358315528361362,0.004004013753637012,3,0.0,0.0,3,9578.0,0.0,3,BDL-Gaussian
sleep,gru,density_gau,objective_e20_bs32_eval5,none,1.0,1.0,1.0,0.0,0.0,3,0.0,0.0,3,0.0,0.0,3,0.4320386560371119,0.0,3,0.0,0.0,3,0.7606832060481606,0.0,3,0.14772911383419055,0.0038825004002328274,3,0.0,0.0,3,9578.0,0.0,3,BDL-Gaussian
sleep,gru,density_gau,objective_e20_bs32_eval5,none,2.0,0.0,1.0,0.0,0.0,3,0.0,0.0,3,0.0,0.0,3,0.4320386560371119,0.0,3,0.0,0.0,3,0.7606832060481606,0.0,3,0.09288253941615217,0.005412805659841196,3,0.0,0.0,3,9578.0,0.0,3,BDL-Gaussian
sleep,gru,density_gau,objective_e20_bs32_eval5,none,2.0,0.2393167939518393,1.0,0.0,0.0,3,0.0,0.0,3,0.0,0.0,3,0.4320386560371119,0.0,3,0.0,0.0,3,0.7606832060481606,0.0,3,0.09374183693599987,0.005408628430264684,3,0.0,0.0,3,9578.0,0.0,3,BDL-Gaussian
sleep,gru,density_gau,objective_e20_bs32_eval5,none,2.0,0.5,1.0,0.0,0.0,3,0.0,0.0,3,0.0,0.0,3,0.4320386560371119,0.0,3,0.0,0.0,3,0.7606832060481606,0.0,3,0.09608039421094532,0.005369523936092232,3,0.0,0.0,3,9578.0,0.0,3,BDL-Gaussian
sleep,gru,density_gau,objective_e20_bs32_eval5,none,2.0,1.0,1.0,0.0,0.0,3,0.0,0.0,3,0.0,0.0,3,0.4320386560371119,0.0,3,0.0,0.0,3,0.7606832060481606,0.0,3,0.10465849940227569,0.005195103017502178,3,0.0,0.0,3,9578.0,0.0,3,BDL-Gaussian
sleep,gru,density_gau,objective_e20_bs32_eval5,none,4.0,0.0,1.0,0.0,0.0,3,0.0,0.0,3,0.0,0.0,3,0.4320386560371119,0.0,3,0.0,0.0,3,0.7606832060481606,0.0,3,0.08600363116203658,0.006359587550363722,3,0.0,0.0,3,9578.0,0.0,3,BDL-Gaussian
sleep,gru,density_gau,objective_e20_bs32_eval5,none,4.0,0.2393167939518393,1.0,0.0,0.0,3,0.0,0.0,3,0.0,0.0,3,0.4320386560371119,0.0,3,0.0,0.0,3,0.7606832060481606,0.0,3,0.08673623450341339,0.006353328198798468,3,0.0,0.0,3,9578.0,0.0,3,BDL-Gaussian
sleep,gru,density_gau,objective_e20_bs32_eval5,none,4.0,0.5,1.0,0.0,0.0,3,0.0,0.0,3,0.0,0.0,3,0.4320386560371119,0.0,3,0.0,0.0,3,0.7606832060481606,0.0,3,0.0885736167840462,0.006311611578961561,3,0.0,0.0,3,9578.0,0.0,3,BDL-Gaussian
sleep,gru,density_gau,objective_e20_bs32_eval5,none,4.0,1.0,1.0,0.0,0.0,3,0.0,0.0,3,0.0,0.0,3,0.4320386560371119,0.0,3,0.0,0.0,3,0.7606832060481606,0.0,3,0.0951307080261049,0.006131474423962207,3,0.0,0.0,3,9578.0,0.0,3,BDL-Gaussian
sleep,gru,density_gau,objective_e20_bs32_eval5,none,8.0,0.0,1.0,0.0,0.0,3,0.0,0.0,3,0.0,0.0,3,0.4320386560371119,0.0,3,0.0,0.0,3,0.7606832060481606,0.0,3,0.09838507154880045,0.008352865502658,3,0.0,0.0,3,9578.0,0.0,3,BDL-Gaussian
sleep,gru,density_gau,objective_e20_bs32_eval5,none,8.0,0.2393167939518393,1.0,0.0,0.0,3,0.0,0.0,3,0.0,0.0,3,0.4320386560371119,0.0,3,0.0,0.0,3,0.7606832060481606,0.0,3,0.09896214109956664,0.008345973345688816,3,0.0,0.0,3,9578.0,0.0,3,BDL-Gaussian
sleep,gru,density_gau,objective_e20_bs32_eval5,none,8.0,0.5,1.0,0.0,0.0,3,0.0,0.0,3,0.0,0.0,3,0.4320386560371119,0.0,3,0.0,0.0,3,0.7606832060481606,0.0,3,0.1003742919118067,0.008304112391192919,3,0.0,0.0,3,9578.0,0.0,3,BDL-Gaussian
sleep,gru,density_gau,objective_e20_bs32_eval5,none,8.0,1.0,1.0,0.0,0.0,3,0.0,0.0,3,0.0,0.0,3,0.4320386560371119,0.0,3,0.0,0.0,3,0.7606832060481606,0.0,3,0.10536930616501043,0.008124730764080344,3,0.0,0.0,3,9578.0,0.0,3,BDL-Gaussian
sleep,gru,density_gau,objective_e20_bs32_eval5,none,16.0,0.0,1.0,0.0,0.0,3,0.0,0.0,3,0.0,0.0,3,0.4320386560371119,0.0,3,0.0,0.0,3,0.7606832060481606,0.0,3,0.1161959584148351,0.011745152478219988,3,0.0,0.0,3,9578.0,0.0,3,BDL-Gaussian
sleep,gru,density_gau,objective_e20_bs32_eval5,none,16.0,0.2393167939518393,1.0,0.0,0.0,3,0.0,0.0,3,0.0,0.0,3,0.4320386560371119,0.0,3,0.0,0.0,3,0.7606832060481606,0.0,3,0.11664796194924759,0.011743483177749876,3,0.0,0.0,3,9578.0,0.0,3,BDL-Gaussian
sleep,gru,density_gau,objective_e20_bs32_eval5,none,16.0,0.5,1.0,0.0,0.0,3,0.0,0.0,3,0.0,0.0,3,0.4320386560371119,0.0,3,0.0,0.0,3,0.7606832060481606,0.0,3,0.11770560257388672,0.011703316697271315,3,0.0,0.0,3,9578.0,0.0,3,BDL-Gaussian
sleep,gru,density_gau,objective_e20_bs32_eval5,none,16.0,1.0,1.0,0.0,0.0,3,0.0,0.0,3,0.0,0.0,3,0.4320386560371119,0.0,3,0.0,0.0,3,0.7606832060481606,0.0,3,0.12138370948144399,0.011514995354821173,3,0.0,0.0,3,9578.0,0.0,3,BDL-Gaussian
sleep,gru,density_hard,objective_e20_bs32_eval5,none,4.0,0.2393167939518393,0.75,0.8539080409734491,0.008693081283332873,3,0.9412014989277591,0.004125419154807869,3,0.8954007078156815,0.0029337546971361784,3,0.9301179027428939,0.002141696334077529,3,0.8106198415261381,0.004803760679452176,3,0.947365989521512,0.0018829827087041458,3,0.0865427374260465,0.00627097057404514,3,0.2638078668987624,0.0038539388964962274,3,1247.6666666666667,34.31229128655403,3,BDL-Hard
sleep,gru,density_hard,objective_e20_bs32_eval5,none,4.0,0.0,0.75,0.8540834593710018,0.008823466483777033,3,0.9409265482102204,0.004086813240470716,3,0.8953721825453154,0.00301930849640809,3,0.9301048177415073,0.0022001290674802977,3,0.810573587719774,0.004943458270105076,3,0.9473650281531386,0.001928938360456198,3,0.0858422322550693,0.006271019750934822,3,0.2636772276187034,0.0038819679000886764,3,1239.0,38.0,3,BDL-Hard
sleep,gru,density_hard,objective_e20_bs32_eval5,none,4.0,0.5,0.75,0.8535845784172592,0.008643534704239664,3,0.941423668927199,0.004125242395731561,3,0.8953235837668777,0.0029148430941297763,3,0.9300588476914976,0.002128700231902396,3,0.810493320404729,0.004771853879227006,3,0.9473103102698924,0.0018726138081544953,3,0.08832037761744556,0.006234775130841889,3,0.26396988417433837,0.0038407027584119375,3,1253.0,32.18695387886216,3,BDL-Hard
sleep,gru,density_hard,objective_e20_bs32_eval5,none,4.0,0.5,0.8,0.8675001560092968,0.008133519841254027,3,0.9209669561460302,0.005748926191398952,3,0.893398065337539,0.0016401473962680618,3,0.9292407450676136,0.0012760580842699333,3,0.8073372765971473,0.002676774912586165,3,0.9473973942217061,0.001234677746712478,3,0.08832037761744556,0.006234775130841889,3,0.2540915303873588,0.003980903534053462,3,1044.6666666666667,84.10905619095563,3,BDL-Hard
sleep,gru,density_hard,objective_e20_bs32_eval5,none,4.0,0.2393167939518393,0.8,0.8676822648227294,0.008288270405370533,3,0.9205328821642014,0.005657723320585518,3,0.893289905399688,0.0017547408759262806,3,0.9291769082137238,0.0013535518185843626,3,0.8071610255228339,0.0028632559956333404,3,0.9473620906386647,0.0012942949791130464,3,0.0865427374260465,0.00627097057404514,3,0.25391907158306176,0.00399929516941028,3,1038.0,87.92610533851708,3,BDL-Hard
sleep,gru,density_hard,objective_e20_bs32_eval5,none,4.0,0.0,0.8,0.8677441288289813,0.008244533398701761,3,0.9200427914371598,0.005674557754138831,3,0.8930919961828893,0.0017257228866290135,3,0.929052835742514,0.0013334232987486838,3,0.806837814408801,0.00281479335924053,3,0.9472809885345072,0.001278375164511459,3,0.0858422322550693,0.006271019750934822,3,0.2537655998041372,0.003988372283197787,3,1032.6666666666667,88.27419403955682,3,BDL-Hard
sleep,gru,density_hard,objective_e20_bs32_eval5,none,4.0,0.0,0.7000000000000001,0.8376073922805262,0.00670957439564798,3,0.9534533207552306,0.0029012083126437865,3,0.8917658051544626,0.0025408015382544476,3,0.927271746472087,0.00185558158727308,3,0.8046790231479578,0.004135020641266784,3,0.9446061946732501,0.0016286370546398645,3,0.0858422322550693,0.006271019750934822,3,0.27243179518666355,0.003016660188513653,3,1396.6666666666667,17.897858344878433,3,BDL-Hard
sleep,gru,density_hard,objective_e20_bs32_eval5,none,4.0,0.2393167939518393,0.7000000000000001,0.8374224591030691,0.006653246963281056,3,0.9536155684594926,0.002840556218523997,3,0.8917323627334354,0.002541497520128201,3,0.9272441174014032,0.0018544178151110502,3,0.8046245686302331,0.004135455573971236,3,0.9445776473734989,0.0016253646803998094,3,0.0865427374260465,0.00627097057404514,3,0.27253799968723486,0.002981145110351233,3,1398.6666666666667,18.009256878986832,3,BDL-Hard
sleep,gru,density_hard,objective_e20_bs32_eval5,none,4.0,0.5,0.7000000000000001,0.8370203676423512,0.006555366636505421,3,0.9538868368013501,0.002753469284868654,3,0.8916235151045058,0.002526208525527643,3,0.9271608531970968,0.0018421055830172204,3,0.8044472691032497,0.004109703548520888,3,0.9444995094884923,0.001612909873940661,3,0.08832037761744556,0.006234775130841889,3,0.27274597571198944,0.002928449457675625,3,1412.0,14.730919862656235,3,BDL-Hard
sleep,gru,density_hard,objective_e20_bs32_eval5,none,2.0,0.5,0.7000000000000001,0.8578861298777616,0.00601924127341364,3,0.9153185266123058,0.007039152653537381,3,0.8856404995646594,0.00047520421068491457,3,0.9240299097508666,0.00034438933187277114,3,0.7947531669109801,0.0007654088482938886,3,0.9434296667170852,0.0004596587222717947,3,0.0985961484812213,0.004947701117744338,3,0.2553557297982323,0.0037581028147385797,3,595.0,32.07802986469088,3,BDL-Hard
sleep,gru,density_hard,objective_e20_bs32_eval5,none,2.0,0.2393167939518393,0.65,0.8356753184222163,0.0035940447281911443,3,0.9414410765213289,0.00520180623144043,3,0.8853970722666453,0.0008079461141832795,3,0.9231405649657728,0.0005090969918259464,3,0.7943616070340781,0.001300728896455169,3,0.9416756768246985,0.00041256840834414434,3,0.09631681113932704,0.004973524515794999,3,0.26961284947876746,0.0026132602966057314,3,866.6666666666666,11.015141094572211,3,BDL-Hard
sleep,gru,density_hard,objective_e20_bs32_eval5,none,2.0,0.5,0.65,0.8346681968955547,0.0037758472075461445,3,0.9426139689694013,0.005399686201355265,3,0.885348291050161,0.0010636171097832764,3,0.9230736704473461,0.0006909404730947229,3,0.7942835400562208,0.0017124551469482063,3,0.9415749200782426,0.0005508620563974682,3,0.0985961484812213,0.004947701117744338,3,0.2702749919458694,0.0027039916431963584,3,884.6666666666666,14.189197769195172,3,BDL-Hard
sleep,gru,density_hard,objective_e20_bs32_eval5,none,2.0,0.2393167939518393,0.7000000000000001,0.8584937978755036,0.0063598676710243714,3,0.9136241874503298,0.006927931830140775,3,0.8851685529653558,0.0006022251072136362,3,0.9237491553163085,0.00048567396035463224,3,0.793993517603489,0.0009694066172960834,3,0.9432705068419519,0.0005882012337169094,3,0.09631681113932704,0.004973524515794999,3,0.25470392204114317,0.003816543046102359,3,575.0,37.64306044943742,3,BDL-Hard
sleep,gru,density_hard,objective_e20_bs32_eval5,none,2.0,0.0,0.65,0.8363245639530299,0.003929990921254413,3,0.9399498259575348,0.005235922286611898,3,0.8850993721068671,0.000715335292615366,3,0.922973569177873,0.00047581634869313985,3,0.7938823416277067,0.0011513072711938032,3,0.9415968446180889,0.0004374657925030118,3,0.09547378321788107,0.0049651656249995995,3,0.2689779190775649,0.0027322846491677215,3,845.3333333333334,24.1936630821654,3,BDL-Hard
sleep,gru,density_hard,objective_e20_bs32_eval5,none,2.0,0.0,0.7000000000000001,0.8584656824139644,0.00624322196015905,3,0.9108513585622934,0.006620640950507476,3,0.8838519652407815,0.0004067882418068705,3,0.9229140524586184,0.00040308905545494096,3,0.7918771657940974,0.0006531567925560771,3,0.9427088540745355,0.0005619091402099017,3,0.09547378321788107,0.0049651656249995995,3,0.2539384057692357,0.003699544271591606,3,544.3333333333334,32.62412195497884,3,BDL-Hard
sleep,gru,density_hard,objective_e20_bs32_eval5,none,4.0,0.0,0.65,0.8172880505452699,0.0022184055785731804,3,0.9613809176614102,0.0020544509150658844,3,0.883495165013079,0.0010671352347587399,3,0.9212362206734532,0.0007501969107231294,3,0.7913054701867609,0.0017126257195598663,3,0.9393205913569137,0.0006270556893867395,3,0.0858422322550693,0.006271019750934822,3,0.2815118126536587,0.0012150184815983213,3,1556.6666666666667,139.71876514388944,3,BDL-Hard
sleep,gru,density_hard,objective_e20_bs32_eval5,none,4.0,0.2393167939518393,0.65,0.8169796375379627,0.002302919672044747,3,0.9615026592331777,0.0020037619141482894,3,0.883366303436757,0.0011350241990090658,3,0.9211415010748762,0.0007990824149223421,3,0.7910988932845205,0.0018212635124115523,3,0.9392368454897296,0.0006680739764826971,3,0.0865427374260465,0.00627097057404514,3,0.28165382812613493,0.00121789170998182,3,1568.0,140.32818676231798,3,BDL-Hard
sleep,gru,density_hard,objective_e20_bs32_eval5,none,4.0,0.5,0.65,0.81591627363614,0.0022381021529569436,3,0.9617931205634348,0.0020935406356536934,3,0.8828669725178667,0.0012566745010748437,3,0.9207797212451173,0.0008736181809605891,3,0.7902985929090983,0.0020138793677998705,3,0.9389238399701934,0.0007142461176207844,3,0.08832037761744556,0.006234775130841889,3,0.2821058581943195,0.0011621011303999981,3,1578.0,145.54724318928203,3,BDL-Hard
sleep,gru,density_hard,objective_e20_bs32_eval5,none,4.0,0.5,0.8500000000000001,0.8814370236284003,0.00535847309533304,3,0.8797024774354062,0.00656535172955454,3,0.8805420602426576,0.0006678969891979607,3,0.9215037745081331,0.00030039245633946006,3,0.7865793823754119,0.0010658985437660513,3,0.9428793901420859,0.00017861089199208854,3,0.08832037761744556,0.006234775130841889,3,0.238858968968738,0.003241688605522348,3,760.6666666666666,89.31032041893779,3,BDL-Hard
sleep,gru,density_hard,objective_e20_bs32_eval5,none,4.0,1.0,0.75,0.8261141324080491,0.00887222026558584,3,0.9421061358868043,0.004101446948312514,3,0.8802724233219351,0.003272012060045439,3,0.9195191091989839,0.0024252022799547603,3,0.7861588951789411,0.005212970460895998,3,0.9386587693459362,0.0021756138311862057,3,0.0946905777239424,0.0060622133627976195,3,0.27294807670779614,0.00413308787939137,3,1245.3333333333333,36.4600237703342,3,BDL-Hard
sleep,gru,density_hard,objective_e20_bs32_eval5,none,4.0,0.2393167939518393,0.8500000000000001,0.8815378807211324,0.005419167036746766,3,0.878916011259589,0.006417794698664588,3,0.8801985454172927,0.0005950562838204091,3,0.9212904108188781,0.00026876998494250687,3,0.7860312364115298,0.0009489786283938485,3,0.9427437570874213,0.0002156501913848475,3,0.0865427374260465,0.00627097057404514,3,0.23861817289590648,0.003215585380649765,3,754.6666666666666,94.585058721414,3,BDL-Hard
sleep,gru,density_hard,objective_e20_bs32_eval5,none,4.0,0.0,0.8500000000000001,0.8816770790473062,0.005491577557535212,3,0.8781635791620386,0.006323906321360161,3,0.8798904464053071,0.0005166918392405887,3,0.9211004490065123,0.00022698365385020607,3,0.785539885148485,0.0008235446400102788,3,0.9426253752541216,0.0002349784684651881,3,0.0858422322550693,0.006271019750934822,3,0.2383764154547016,0.0032085729838998533,3,746.0,93.28987083279728,3,BDL-Hard
sleep,gru,density_hard,objective_e20_bs32_eval5,none,4.0,1.0,0.8,0.840105167348764,0.008351144643934083,3,0.9218344345868363,0.005841236923405948,3,0.8790355353343404,0.0019533847463825645,3,0.9192494687760021,0.0015356566634527537,3,0.7841814868698486,0.003106374155160559,3,0.9392770894380225,0.0015005269464419327,3,0.0946905777239424,0.0060622133627976195,3,0.2626270394895946,0.004288639841612029,3,1055.0,75.94076639065476,3,BDL-Hard
sleep,gru,density_hard,objective_e20_bs32_eval5,none,8.0,0.2393167939518393,0.75,0.8307359240396571,0.004983429109631054,3,0.9317264115382891,0.003155054936585547,3,0.8783249830045357,0.0014296974708845813,3,0.918461560962144,0.0010928040015630621,3,0.7830495783523178,0.002272616467137369,3,0.9382187830870948,0.0010271928025244118,3,0.09625111848272644,0.008453742987741342,3,0.26841997826025654,0.002515884904931873,3,1878.3333333333333,87.03064594344528,3,BDL-Hard
sleep,gru,density_hard,objective_e20_bs32_eval5,none,8.0,0.0,0.75,0.8307972099230799,0.005011383553649468,3,0.9315950734723218,0.0031208307354046736,3,0.8783008675520442,0.0014547360786842359,3,0.9184485246051537,0.0011100678444673484,3,0.7830113125311057,0.0023121839944500256,3,0.9382134955610417,0.0010407819845645492,3,0.0956904937596405,0.008452168489532697,3,0.2683624029765674,0.002515713451991326,3,1872.3333333333333,86.58136828055635,3,BDL-Hard
sleep,gru,density_hard,objective_e20_bs32_eval5,none,8.0,0.5,0.75,0.8305857853355282,0.00490712550400692,3,0.9317973809605108,0.003192094802303154,3,0.8782727220200447,0.0013717142821061136,3,0.9184228310186718,0.0010532262489826995,3,0.7829663529172514,0.0021802516440877517,3,0.9381839868929173,0.0009962065743833457,3,0.09765380077214403,0.008415609097655865,3,0.2684887428036236,0.0025030431784580837,3,1882.3333333333333,87.03064594344528,3,BDL-Hard
sleep,gru,density_hard,objective_e20_bs32_eval5,none,8.0,0.0,0.7000000000000001,0.8193716786849091,0.005566285564571054,3,0.9446295675127874,0.0020505111608470315,3,0.8775425240071772,0.002512555649604452,3,0.9175224819048838,0.0018182536060395624,3,0.7818106495735434,0.003990611362118553,3,0.9369025896700327,0.0015742964129679764,3,0.0956904937596405,0.008452168489532697,3,0.2759120555166736,0.0023976590034069205,3,1981.3333333333333,167.50621879002978,3,BDL-Hard
sleep,gru,density_hard,objective_e20_bs32_eval5,none,8.0,0.2393167939518393,0.7000000000000001,0.8192563809004844,0.00550347516396793,3,0.9446862537808514,0.002088996924445518,3,0.8775009350388664,0.0024629812671903653,3,0.9174914488265409,0.0017841376656611441,3,0.7817443999333951,0.003911679644530076,3,0.9368744963497911,0.0015472429948817324,3,0.09625111848272644,0.008453742987741342,3,0.2759672807887835,0.002388751639526793,3,1982.6666666666667,162.6663251362535,3,BDL-Hard
sleep,gru,density_hard,objective_e20_bs32_eval5,none,8.0,0.5,0.7000000000000001,0.8189276230550194,0.0053973897182371736,3,0.9447525365431151,0.002111340346485659,3,0.8773412241327635,0.0024160350604531897,3,0.9173767311173012,0.001749880884462434,3,0.7814907094448107,0.003836298455835768,3,0.9367764367757158,0.0015174583558789547,3,0.09765380077214403,0.008415609097655865,3,0.2760970655191774,0.0023535524983084926,3,1986.6666666666667,162.6663251362535,3,BDL-Hard
sleep,gru,density_hard,objective_e20_bs32_eval5,none,4.0,1.0,0.7000000000000001,0.8097029714268995,0.0070648513637846305,3,0.9543007135105025,0.0028537177303963575,3,0.8760555411085207,0.002955617514914519,3,0.9161717441529169,0.0021877674101942013,3,0.7794555545263407,0.004674332193153709,3,0.9353700616643038,0.0019537070664944066,3,0.0946905777239424,0.0060622133627976195,3,0.28207351883042914,0.0033089575935629466,3,1384.3333333333333,16.743157806499113,3,BDL-Hard
sleep,gru,density_hard,objective_e20_bs32_eval5,none,2.0,0.2393167939518393,0.6000000000000001,0.8054147061595032,0.01305003020527703,3,0.9587384225550643,0.0038544513886907016,3,0.8753885390349665,0.009071086349307941,3,0.9155511618352999,0.0063640600710898115,3,0.7784687582932156,0.014278644762525694,3,0.934652747334446,0.005229038503952131,3,0.09631681113932704,0.004973524515794999,3,0.2849148697623583,0.003785223299548631,3,1053.0,32.046840717924134,3,BDL-Hard
sleep,gru,density_hard,objective_e20_bs32_eval5,none,8.0,0.0,0.8,0.8433361619903795,0.002179770523418392,3,0.9098854602623682,0.0040863152553431955,3,0.8753407304706528,0.0009276606226982416,3,0.9170312193219224,0.0005423891369312923,3,0.7783171853883658,0.001466124047355123,3,0.9379802035024573,0.0003157456080376557,3,0.0956904937596405,0.008452168489532697,3,0.2582047449724707,0.001795551213073281,3,1777.6666666666667,47.35328218121033,3,BDL-Hard
sleep,gru,density_hard,objective_e20_bs32_eval5,none,8.0,0.5,0.8,0.8431327434449617,0.002162991329681609,3,0.9100683515878739,0.004115609900133301,3,0.875315723131615,0.0009457059252658322,3,0.9170082799357777,0.0005532818125606166,3,0.7782776761558429,0.0014945637457543088,3,0.9379535522347755,0.00032106093869397327,3,0.09765380077214403,0.008415609097655865,3,0.2583189341714756,0.0017991727651233138,3,1783.6666666666667,43.98105652816144,3,BDL-Hard
sleep,gru,density_hard,objective_e20_bs32_eval5,none,8.0,0.2393167939518393,0.8,0.8432578256416843,0.0022128482593572886,3,0.909922507193465,0.004075553691726758,3,0.875315624780998,0.000916466807363383,3,0.9170125896147575,0.0005365002967683125,3,0.7782774696560649,0.001448376775420654,3,0.9379633795559247,0.000315512733838538,3,0.09625111848272644,0.008453742987741342,3,0.258239300824555,0.00180189536858836,3,1780.3333333333333,49.66219219218313,3,BDL-Hard
sleep,gru,density_hard,objective_e20_bs32_eval5,none,2.0,0.0,0.6000000000000001,0.8057393130203172,0.012865483068188232,3,0.9575558220256504,0.003784213049023948,3,0.8750874957300011,0.00893242687845645,3,0.9153743011577854,0.006264659682073305,3,0.7779904500510232,0.01405380695107534,3,0.9345539934387675,0.005144782834039165,3,0.09547378321788107,0.0049651656249995995,3,0.2844475913235864,0.0037192861062196377,3,1037.6666666666667,24.78574859336175,3,BDL-Hard
sleep,gru,density_hard,objective_e20_bs32_eval5,none,2.0,0.5,0.6000000000000001,0.8028537806878454,0.014094763677385193,3,0.9595532318649135,0.003775711216588706,3,0.8742070815538727,0.009733313960698249,3,0.9146814947745998,0.006845859634310281,3,0.7766137469657579,0.015283871838971686,3,0.9338832520656601,0.005646945214115001,3,0.0985961484812213,0.004947701117744338,3,0.2860743601345745,0.004159087941956797,3,1075.0,35.53871128783372,3,BDL-Hard
sleep,gru,density_hard,objective_e20_bs32_eval5,none,8.0,0.0,0.65,0.8061539838428015,0.004432113735230199,3,0.9535249597003036,0.0015788468329351402,3,0.8736625139347192,0.0023901626698331706,3,0.9144975797920577,0.0017094380962136841,3,0.775672061677848,0.0037692188687471284,3,0.9340001651417228,0.0014516209032193726,3,0.0956904937596405,0.008452168489532697,3,0.2830721135235048,0.0018017029020920455,3,2074.0,188.93649726826206,3,BDL-Hard
sleep,gru,density_hard,objective_e20_bs32_eval5,none,8.0,0.2393167939518393,0.65,0.8058638333851645,0.004347468600140585,3,0.9535694829699052,0.0016191634078683021,3,0.8735110323551307,0.002374386973954413,3,0.9143884627121617,0.0016956574201998865,3,0.775433210292673,0.0037425593024861857,3,0.9339066186580665,0.0014367642752058766,3,0.09625111848272644,0.008453742987741342,3,0.2831869703394357,0.0017628274262345952,3,2075.3333333333335,192.370302628377,3,BDL-Hard
sleep,gru,density_hard,objective_e20_bs32_eval5,none,8.0,0.5,0.65,0.8055087237659908,0.004343490723165859,3,0.9536228216237134,0.001616411515280443,3,0.8733247961808716,0.0023862304835931855,3,0.9142542530988816,0.001703428417097948,3,0.7751397871856011,0.003760034452997989,3,0.9337914947953653,0.0014423842324514657,3,0.09765380077214403,0.008415609097655865,3,0.2833276238733831,0.0017551832037355638,3,2082.6666666666665,184.7818533658901,3,BDL-Hard
sleep,gru,density_hard,objective_e20_bs32_eval5,none,4.0,0.0,0.6000000000000001,0.789679880180823,0.013404372323018011,3,0.9673535078422327,0.0012354796319871634,3,0.8694954698199903,0.008469741287259837,3,0.9110550147275166,0.006071594925079763,3,0.7691875427428946,0.013199669453533687,3,0.9304751210683238,0.0051552932736276934,3,0.0858422322550693,0.006271019750934822,3,0.29321596520957405,0.004798294094880846,3,1654.0,196.14535426565678,3,BDL-Hard
sleep,gru,density_hard,objective_e20_bs32_eval5,none,4.0,0.2393167939518393,0.6000000000000001,0.7890613025528062,0.013853666589666221,3,0.9675279185449573,0.0011971758177215443,3,0.8691876303594386,0.008723467432665425,3,0.9108268284395464,0.006259336376564633,3,0.7687098821748583,0.01358630555226502,3,0.9302716848386653,0.0053219933025311006,3,0.0865427374260465,0.00627097057404514,3,0.2935028802596464,0.004997414030080806,3,1662.6666666666667,204.14292378951896,3,BDL-Hard
sleep,gru,density_hard,objective_e20_bs32_eval5,none,4.0,0.5,0.6000000000000001,0.7877827416332757,0.013906132026335631,3,0.9677725175599106,0.0012610633524602862,3,0.8685099572819422,0.008815142623597406,3,0.9103311078498596,0.006326345470635918,3,0.7676519500088811,0.01371171460962065,3,0.9298378406555422,0.005380042493323517,3,0.08832037761744556,0.006234775130841889,3,0.2940537977468944,0.00500069726459406,3,1663.3333333333333,191.89146237739013,3,BDL-Hard
sleep,gru,density_hard,objective_e20_bs32_eval5,none,4.0,1.0,0.8500000000000001,0.8545098746485887,0.00607373679382694,3,0.8810109482608363,0.006756342500786901,3,0.8675265938007594,0.0003377192315687407,3,0.9124966268839635,0.0002473615171095625,3,0.7660459906707308,0.0005265885883182779,3,0.9356085611349103,0.0004530814045800305,3,0.0946905777239424,0.0060622133627976195,3,0.24675607606175662,0.003656681382582638,3,799.3333333333334,78.7802851818482,3,BDL-Hard
sleep,gru,density_hard,objective_e20_bs32_eval5,none,4.0,1.0,0.65,0.7890444624579084,0.003116542083414257,3,0.9621794352485481,0.002136700659662263,3,0.8670488012284778,0.0014420811210946786,3,0.9094856042222893,0.001059081570939294,3,0.7653030102983855,0.0022485343195699603,3,0.9293818582951564,0.0009399764020397949,3,0.0946905777239424,0.0060622133627976195,3,0.29183274305315215,0.001664673340046469,3,1537.6666666666667,131.15385367320832,3,BDL-Hard
sleep,gru,density_hard,objective_e20_bs32_eval5,none,2.0,0.5,0.75,0.8755901267163336,0.00886942852624136,3,0.8581169491271989,0.00666698731252753,3,0.8667214583819011,0.0020079217937227617,3,0.9126664698187685,0.0014491836148474181,3,0.7647948986436471,0.003129348052656333,3,0.9368385251498239,0.0013175230980050784,3,0.0985961484812213,0.004947701117744338,3,0.2345682751000464,0.004113856318782976,3,52.666666666666664,38.52704677669096,3,BDL-Hard
sleep,gru,density_hard,objective_e20_bs32_eval5,none,8.0,1.0,0.75,0.8089185315816994,0.005757402568822245,3,0.9320965460878329,0.003225132512564845,3,0.8661340655042474,0.0019403784528449896,3,0.909847235622956,0.0014832625541293457,3,0.7638804045078573,0.003017347713275046,3,0.9310433431862909,0.0013891330034282467,3,0.10265529545511316,0.008229005786828923,3,0.2757725769885157,0.0029191061702028413,3,1907.0,89.37001734362593,3,BDL-Hard
sleep,gru,density_hard,objective_e20_bs32_eval5,none,2.0,1.0,0.7000000000000001,0.8206097143563937,0.006768330528258666,3,0.9169015018067075,0.007146295984645091,3,0.8660513452008328,0.001300976080634033,3,0.9102966622987788,0.0010166025974121928,3,0.7637498379594657,0.002024814043974472,3,0.9321213308841939,0.0010547534287698207,3,0.10693957562731538,0.004796874647067614,3,0.2674217307279823,0.004251304290072272,3,546.6666666666666,32.8684245642126,3,BDL-Hard
sleep,gru,density_hard,objective_e20_bs32_eval5,none,2.0,0.2393167939518393,0.75,0.875902969840355,0.008677935903225305,3,0.8551456067137967,0.006714172108981297,3,0.8653559148092783,0.0016854760082503245,3,0.9118236566622396,0.0012408017461807913,3,0.7626698718079957,0.0026202015272559108,3,0.9363125231262504,0.0011780843167046385,3,0.09631681113932704,0.004973524515794999,3,0.23367209284340293,0.00409654428342731,3,59.333333333333336,34.53018003621373,3,BDL-Hard
sleep,gru,density_hard,objective_e20_bs32_eval5,none,2.0,1.0,0.65,0.7988318058682419,0.0038278523434742066,3,0.9438530325925956,0.005319669212056812,3,0.865293529642127,0.0010396380418653509,3,0.9088532665113539,0.0007251984604975255,3,0.7625713539476938,0.0016156468064723927,3,0.929671310289547,0.0006665787825022095,3,0.10693957562731538,0.004796874647067614,3,0.28277165920217534,0.0028759201299977076,3,811.6666666666666,26.407069760451147,3,BDL-Hard
sleep,gru,density_hard,objective_e20_bs32_eval5,none,8.0,1.0,0.7000000000000001,0.7966120810656819,0.006120894136275456,3,0.94501644013361,0.002148734291733633,3,0.8644780716697703,0.002889769173201448,3,0.9082282456662337,0.0021217210842119317,3,0.7613122101944866,0.0044833965202982105,3,0.9290856500174756,0.00187346895959809,3,0.10265529545511316,0.008229005786828923,3,0.28391416539979675,0.0027554430927117565,3,1991.0,166.14150595200465,3,BDL-Hard
sleep,gru,density_hard,objective_e20_bs32_eval5,none,8.0,1.0,0.8,0.8218485758253532,0.002966634714251884,3,0.9104410526416805,0.004145994811815767,3,0.8638701967304995,0.0007118170575065262,3,0.9089776313150727,0.000450229057425459,3,0.7603626959115087,0.0011029286361839907,3,0.931331540060861,0.00038002167290528344,3,0.10265529545511316,0.008229005786828923,3,0.2651193335879891,0.0021278962528043775,3,1826.0,38.43175770115127,3,BDL-Hard
sleep,gru,density_hard,objective_e20_bs32_eval5,none,2.0,0.0,0.75,0.8758987970984037,0.008595229085456778,3,0.849569931996564,0.006604712897729949,3,0.8624903938244789,0.0015836006839079525,3,0.9100368825533183,0.0011767532638355149,3,0.7582291832683598,0.0024493165124852834,3,0.9351667055486764,0.0011384943521510352,3,0.09547378321788107,0.0049651656249995995,3,0.23214920522608393,0.00403826365515522,3,72.0,77.09085548883213,3,BDL-Hard
sleep,gru,density_hard,objective_e20_bs32_eval5,none,8.0,0.0,0.6000000000000001,0.7828118147144657,0.010922911632632036,3,0.9597751786900696,0.001050877985444249,3,0.8622794958908618,0.006609195859167411,3,0.9061265593763435,0.004776635850757745,3,0.7579404096392919,0.010178785939453403,3,0.9266080701961276,0.004106423289826973,3,0.0956904937596405,0.008452168489532697,3,0.2934557732093553,0.00417579793458307,3,2312.3333333333335,360.12544110814133,3,BDL-Hard
sleep,gru,density_hard,objective_e20_bs32_eval5,none,8.0,0.2393167939518393,0.6000000000000001,0.7825299643312972,0.011057395153199229,3,0.959817358629692,0.0010335762312542243,3,0.8621248982651797,0.006704652264719787,3,0.9060133045863559,0.004845592633413276,3,0.7577027007017851,0.01032254720791657,3,0.9265087555022316,0.004165530880209202,3,0.09625111848272644,0.008453742987741342,3,0.2935752766390904,0.004221023834573389,3,2317.6666666666665,358.6953210362986,3,BDL-Hard
sleep,gru,density_hard,objective_e20_bs32_eval5,none,8.0,0.5,0.6000000000000001,0.7818771515722314,0.010811784003961824,3,0.9598770577505862,0.0010493932063986061,3,0.8617536277020704,0.006539923722143424,3,0.905743797745631,0.004729705216323545,3,0.7571273897961808,0.01006367678117059,3,0.9262754901483241,0.004069854512796197,3,0.09765380077214403,0.008415609097655865,3,0.29383711599742607,0.004149054010402255,3,2328.3333333333335,351.7333270154157,3,BDL-Hard
sleep,gru,density_hard,objective_e20_bs32_eval5,none,1.0,0.5,0.6000000000000001,0.82453786365234,0.010134201015283492,3,0.9011580067233483,0.007160621083242896,3,0.861131948186895,0.00783186807859384,3,0.9073631125808296,0.005311794426259763,3,0.7561848429314567,0.012029831744787153,3,0.9304355714416338,0.004127280195156423,3,0.13923720256264496,0.0035053759895335426,3,0.2615721246326505,0.002669518013064947,3,207.0,79.98124780221924,3,BDL-Hard
sleep,gru,density_hard,objective_e20_bs32_eval5,none,8.0,1.0,0.65,0.7833005475295938,0.004445163365262812,3,0.9538521332002322,0.0016281939887219468,3,0.8601974311892281,0.002337091458759177,3,0.9048463433966288,0.0017072120581141756,3,0.7546947744072225,0.003601495325213453,3,0.9257971826779365,0.0014948404717206305,3,0.10265529545511316,0.008229005786828923,3,0.2914316922134289,0.0019874901634822396,3,2071.0,188.93649726826206,3,BDL-Hard
sleep,gru,density_hard,objective_e20_bs32_eval5,none,8.0,0.0,0.8500000000000001,0.8550899878192596,0.0037980412972999037,3,0.8639937975403069,0.005415506187850211,3,0.8595066172208895,0.0024668248999534896,3,0.9075017677757361,0.001580264450163245,3,0.7536324849550514,0.0037973420003832147,3,0.9324056288759168,0.0011133706029687151,3,0.0956904937596405,0.008452168489532697,3,0.24181402841548547,0.0022310958076510465,3,1646.6666666666667,81.20550063470657,3,BDL-Hard
sleep,gru,density_hard,objective_e20_bs32_eval5,none,8.0,0.2393167939518393,0.8500000000000001,0.8549718384819786,0.0038226416193501067,3,0.8640331878013829,0.005411961214607434,3,0.8594662798851052,0.0024470540245164116,3,0.9074724854837971,0.0015678730027724407,3,0.7535703763269653,0.0037666492718485007,3,0.9323799389766084,0.0011059507114515774,3,0.09625111848272644,0.008453742987741342,3,0.24185857181678114,0.002243649581784922,3,1653.3333333333333,83.12841471683036,3,BDL-Hard
sleep,gru,density_hard,objective_e20_bs32_eval5,none,8.0,0.5,0.8500000000000001,0.8548577218773227,0.0038096092943570277,3,0.8640999169122141,0.005439103644000702,3,0.8594415742314068,0.002453187682526306,3,0.9074531294375716,0.0015707383816673836,3,0.7535324190466185,0.003775945931489242,3,0.9323609252465589,0.0011061592383740217,3,0.09765380077214403,0.008415609097655865,3,0.24190952434056537,0.002248394234145304,3,1653.3333333333333,81.00823003456709,3,BDL-Hard
sleep,gru,density_hard,objective_e20_bs32_eval5,none,1.0,0.2393167939518393,0.6000000000000001,0.8265572724751585,0.009998353541502638,3,0.8905767559966372,0.006750415010012758,3,0.8573578802761467,0.007470564523034094,3,0.9050800413967659,0.005063532372626838,3,0.7503790126171759,0.011401811844178471,3,0.9290733925707162,0.003931909757919868,3,0.13617939929543785,0.003515443701272389,3,0.257869761503734,0.002696859720921891,3,102.0,81.70679286326198,3,BDL-Hard
sleep,gru,density_hard,objective_e20_bs32_eval5,none,2.0,1.0,0.6000000000000001,0.769151857803316,0.012671208823489944,3,0.9602846855797945,0.003758019750918378,3,0.8541324621930878,0.009200127054065975,3,0.9002058445078044,0.006567326344039065,3,0.7454771226008781,0.013951899869647552,3,0.9214782619656181,0.005535977028264588,3,0.10693957562731538,0.004796874647067614,3,0.2988294485505556,0.003934869143449202,3,966.0,13.076696830622021,3,BDL-Hard
sleep,gru,density_hard,objective_e20_bs32_eval5,none,1.0,0.2393167939518393,0.55,0.7796608577887406,0.03094874912086948,3,0.9445033624553455,0.005792377578723917,3,0.8540382944020545,0.020999470441236918,3,0.9006720110791339,0.015016271672267429,3,0.7456457153505687,0.031653751690694655,3,0.922573340656824,0.012703299846409818,3,0.13617939929543785,0.003515443701272389,3,0.29018089855042745,0.010051831472536047,3,694.3333333333334,34.55912807542073,3,BDL-Hard
sleep,gru,density_hard,objective_e20_bs32_eval5,none,1.0,0.5,0.55,0.775058490990189,0.03159567783151878,3,0.9487024981906145,0.005871143295391057,3,0.852960938893584,0.02157687161485245,3,0.899727233585311,0.015480577104447382,3,0.7440267813610895,0.03245432304098569,3,0.9215464657107674,0.013156170334540328,3,0.13923720256264496,0.0035053759895335426,3,0.2932176208995502,0.010473365162600607,3,747.0,38.50973902793941,3,BDL-Hard
sleep,gru,density_hard,objective_e20_bs32_eval5,none,4.0,1.0,0.6000000000000001,0.7620270066803027,0.012710390209186516,3,0.9680923263084763,0.001233513515233842,3,0.8527520230665062,0.008263803033055751,3,0.8988961441648611,0.006021313922590772,3,0.7433623464990068,0.012510921987646794,3,0.9199581249300337,0.005227826972253283,3,0.0946905777239424,0.0060622133627976195,3,0.3040865846811718,0.004898888869966235,3,1604.3333333333333,181.64342358955176,3,BDL-Hard
sleep,gru,density_hard,objective_e20_bs32_eval5,none,16.0,0.0,0.65,0.7916792974492951,0.009579528704218786,3,0.922088964857415,0.004367159286510297,3,0.8519006322059498,0.006105335686978227,3,0.9000571123095287,0.004307381544366009,3,0.7420423146517819,0.00925754775034279,3,0.9232616537074211,0.00358394315457359,3,0.11167789477071859,0.01206403081934905,3,0.27876430195683327,0.003474037576057073,3,2927.0,400.47846384044175,3,BDL-Hard
sleep,gru,density_hard,objective_e20_bs32_eval5,none,16.0,0.2393167939518393,0.65,0.7915957112492967,0.00956482800499943,3,0.9220987845258986,0.004374340464134103,3,0.851856494805247,0.006100977771724848,3,0.9000251680162714,0.0043040375135280145,3,0.7419752972028313,0.009250286532745847,3,0.9232340410713661,0.0035808131430297156,3,0.11214595169157231,0.012071778339348091,3,0.27879661461604655,0.0034688869705101315,3,2927.6666666666665,400.5899815688522,3,BDL-Hard
sleep,gru,density_hard,objective_e20_bs32_eval5,none,16.0,0.5,0.65,0.7913180099344533,0.009524202577112909,3,0.9221207671928447,0.004394246321420481,3,0.8517051285299276,0.006078193093883116,3,0.8999160278623686,0.004288116778933647,3,0.7417454195020502,0.009213129339933152,3,0.9231402542456163,0.0035678961190745468,3,0.11326123023823569,0.012034494206184722,3,0.2789009230845483,0.0034633795604686658,3,2932.3333333333335,396.4269583836767,3,BDL-Hard
sleep,gru,density_hard,objective_e20_bs32_eval5,none,16.0,0.0,0.7000000000000001,0.8051489466451253,0.006797860706351257,3,0.9025801848463323,0.005880456842971231,3,0.8510652223509457,0.004061482577744031,3,0.9002023539712045,0.002801538775895966,3,0.7407573688305286,0.006160504993798039,3,0.9243965757767643,0.00226890366937236,3,0.11167789477071859,0.01206403081934905,3,0.26829182251516187,0.0031924790649929635,3,2644.6666666666665,227.19228273278412,3,BDL-Hard
sleep,gru,density_hard,objective_e20_bs32_eval5,none,16.0,0.2393167939518393,0.7000000000000001,0.80508385678436,0.006774553388412192,3,0.9025859873777088,0.005881058629938665,3,0.8510314874531136,0.004047023065310161,3,0.9001782061775407,0.0027912320746372016,3,0.7407061543293564,0.006138195132395153,3,0.9243760131754467,0.0022603007860933656,3,0.11214595169157231,0.012071778339348091,3,0.26831516240289116,0.003188593644145288,3,2648.0,227.778401083158,3,BDL-Hard
sleep,gru,density_hard,objective_e20_bs32_eval5,none,16.0,0.5,0.7000000000000001,0.804935888153154,0.006733173961663561,3,0.9025945795876319,0.005881473248662995,3,0.8509528303125645,0.004039251112054668,3,0.9001220757001763,0.0027845013900148923,3,0.7405869387667838,0.00612574243811883,3,0.924328452145646,0.002252935187931498,3,0.11326123023823569,0.012034494206184722,3,0.26836683595295535,0.0031728896981516237,3,2654.0,227.8091306335196,3,BDL-Hard
sleep,gru,density_hard,objective_e20_bs32_eval5,none,2.0,0.0,0.55,0.7563520837371124,0.03899540291977148,3,0.9681439911551567,0.0027510906861943534,3,0.8489011874132997,0.025800864781439864,3,0.8959326398112726,0.01897503349270298,3,0.738044986770778,0.03845920670745919,3,0.917205834096019,0.01666875625662978,3,0.09547378321788107,0.0049651656249995995,3,0.30686360404612173,0.015538439130043937,3,1249.0,104.1585330157832,3,BDL-Hard
sleep,gru,density_hard,objective_e20_bs32_eval5,none,2.0,0.2393167939518393,0.55,0.7555456724255377,0.03946900962989217,3,0.9690237441815674,0.0027666453829916166,3,0.848723594727626,0.02621051188735589,3,0.8957620461724595,0.019284974030600494,3,0.737794978535162,0.03905051912031317,3,0.917007284822258,0.01694908878852603,3,0.09631681113932704,0.004973524515794999,3,0.3074832326673828,0.015736207105487284,3,1268.3333333333333,113.51798682734524,3,BDL-Hard
sleep,gru,density_hard,objective_e20_bs32_eval5,none,8.0,1.0,0.6000000000000001,0.7605259616892518,0.00931589671187751,3,0.9600846098344427,0.00104579476493442,3,0.8487105459260788,0.0057096710121159475,3,0.896266088810744,0.004188010856168555,3,0.7372110138687683,0.008595893855740387,3,0.9180683684595973,0.0036729953472213026,3,0.10265529545511316,0.008229005786828923,3,0.30214357908472605,0.0038217729828181903,3,2310.6666666666665,354.3957298463588,3,BDL-Hard
sleep,gru,density_hard,objective_e20_bs32_eval5,none,8.0,1.0,0.8500000000000001,0.833421724022107,0.0046411414346363335,3,0.8645867716121418,0.005484540032879976,3,0.8487040000936812,0.00274958946805608,3,0.8999636622868845,0.0018075571333755615,3,0.7371793315460048,0.004154545051561369,3,0.9262300654926863,0.0013530539006181683,3,0.10265529545511316,0.008229005786828923,3,0.24827340910625215,0.002491461414633455,3,1706.0,72.0,3,BDL-Hard
sleep,gru,density_hard,objective_e20_bs32_eval5,none,2.0,1.0,0.75,0.836953057612754,0.00840735076697407,3,0.8606099174634547,0.006949109284854183,3,0.8485732698449349,0.0022324990189990608,3,0.9000184218871782,0.0016235790571673477,3,0.7369798400140061,0.0033712443667129194,3,0.9264905963218473,0.0014999971098213806,3,0.10693957562731538,0.004796874647067614,3,0.24610942230733537,0.004331062509823601,3,61.0,32.51153641401772,3,BDL-Hard
sleep,gru,density_hard,objective_e20_bs32_eval5,none,1.0,0.0,0.55,0.7793482247196583,0.031199331791424083,3,0.929130448270098,0.00664052473774572,3,0.8475182308963269,0.02130175558622097,3,0.8965643984113552,0.015174409388959626,3,0.7357765297072115,0.03174426574815296,3,0.9198275657640059,0.012770676054444279,3,0.13524043152974993,0.003496512289085062,3,0.2855686803702251,0.00966831227078369,3,541.6666666666666,17.616280348965084,3,BDL-Hard
sleep,gru,density_hard,objective_e20_bs32_eval5,none,2.0,0.5,0.55,0.7523554333041039,0.03938983821985062,3,0.9695530019954012,0.00275306352024745,3,0.8469061458938762,0.02624228721852901,3,0.8944025558404879,0.019351773652531414,3,0.7350555180071175,0.03897455705416143,3,0.9157850384590077,0.017055337827188568,3,0.0985961484812213,0.004947701117744338,3,0.3089587995969944,0.015864849946331756,3,1280.3333333333333,96.4693388250035,3,BDL-Hard
sleep,gru,density_hard,objective_e20_bs32_eval5,none,1.0,0.0,0.6000000000000001,0.8242968021239688,0.010639202990938486,3,0.8650476265080166,0.008688864531093583,3,0.8441617506652564,0.008466390579831127,3,0.8967605445028793,0.005675339201762386,3,0.7304075888638623,0.012628457015385468,3,0.9235593307423388,0.004318526723044102,3,0.13524043152974993,0.003496512289085062,3,0.2511647244889152,0.0029032954148256957,3,158.0,96.99484522385713,3,BDL-Hard
sleep,gru,density_hard,objective_e20_bs32_eval5,none,16.0,0.0,0.6000000000000001,0.7679572368070099,0.018401567507914527,3,0.9347724057495944,0.0034918885994856845,3,0.8431159528507223,0.011522830927191176,3,0.8931978659902121,0.008352117169429248,3,0.728895484489494,0.017131938660794627,3,0.9166859741481636,0.0072160631752471475,3,0.11167789477071859,0.01206403081934905,3,0.2914107023372788,0.006946870405496525,3,3289.0,716.575885723208,3,BDL-Hard
sleep,gru,density_hard,objective_e20_bs32_eval5,none,16.0,0.2393167939518393,0.6000000000000001,0.76774909213621,0.01838303763310658,3,0.9347818906566524,0.003499232748207472,3,0.8429944141989777,0.011512518143818975,3,0.8931092222056733,0.008345778308251825,3,0.7287136422321409,0.017112771194918944,3,0.916608690812822,0.007211954331107979,3,0.11214595169157231,0.012071778339348091,3,0.29149252546771637,0.006945493675035848,3,3284.3333333333335,709.3478225337225,3,BDL-Hard
sleep,gru,density_hard,objective_e20_bs32_eval5,none,16.0,0.5,0.6000000000000001,0.7673922784802453,0.01826707097294322,3,0.9347919334994197,0.0035000883210090533,3,0.842784127160834,0.011439790716267367,3,0.8929563612070438,0.00829501807881152,3,0.7283980345710033,0.016998638263622315,3,0.9164760486819853,0.0071704905195317786,3,0.11326123023823569,0.012034494206184722,3,0.29162997444041955,0.006912815586589239,3,3297.0,707.6785993655594,3,BDL-Hard
sleep,gru,density_hard,objective_e20_bs32_eval5,none,16.0,0.0,0.75,0.8140907080115115,0.004432852900113846,3,0.870276153626928,0.008518468827181297,3,0.8412171186052805,0.0026349349484877573,3,0.8944864945461362,0.0015913820780095677,3,0.7259548161973651,0.003925187688254294,3,0.9213809501224998,0.0010172762739107098,3,0.11167789477071859,0.01206403081934905,3,0.25584565380313057,0.0036889447948015566,3,2521.0,200.28979005431106,3,BDL-Hard
sleep,gru,density_hard,objective_e20_bs32_eval5,none,16.0,0.2393167939518393,0.75,0.814032414708464,0.00441638264720288,3,0.8702911063039371,0.008522737525590407,3,0.8411929212407974,0.002611289358305582,3,0.8944688298678142,0.001573167188631305,3,0.7259186693810934,0.0038897147496363394,3,0.9213653812957879,0.0010000658131485854,3,0.11214595169157231,0.012071778339348091,3,0.255868379483288,0.0036927341280214724,3,2524.3333333333335,199.6029391901165,3,BDL-Hard
sleep,gru,density_hard,objective_e20_bs32_eval5,none,16.0,0.5,0.75,0.8139562794547115,0.00441449559176761,3,0.8703017070824135,0.008521866570079655,3,0.8411572166468554,0.002607456201906813,3,0.8944432049434324,0.0015703868849840897,3,0.7258654753588226,0.0038837643124785804,3,0.9213434033465875,0.0009977692063558175,3,0.11326123023823569,0.012034494206184722,3,0.25589543132112524,0.003693253744181642,3,2525.0,198.6756150110023,3,BDL-Hard
sleep,gru,density_hard,objective_e20_bs32_eval5,none,16.0,1.0,0.65,0.7729542998928176,0.008743470919565777,3,0.9223198386539199,0.004406477466789919,3,0.8410367124123465,0.0055937964901917325,3,0.8922305668757745,0.003987924469607813,3,0.725706972423914,0.008319825543435942,3,0.9165501274560826,0.003374220119429656,3,0.11716705169883405,0.011831758270757947,3,0.2855863321617458,0.0034605829411202293,3,2955.3333333333335,397.8395824114707,3,BDL-Hard
sleep,gru,density_hard,objective_e20_bs32_eval5,none,4.0,0.0,0.55,0.7413783757844999,0.04822663961380331,3,0.9722622262125785,0.0006766460356059234,3,0.8406860322036289,0.031810522618213745,3,0.8895874917285903,0.02380730218850853,3,0.7260110883752248,0.046624395696542496,3,0.911281508314341,0.02136498771469163,3,0.0858422322550693,0.006271019750934822,3,0.3147590554491641,0.021053386178705728,3,1781.6666666666667,185.84222699196582,3,BDL-Hard
sleep,gru,density_hard,objective_e20_bs32_eval5,none,16.0,1.0,0.7000000000000001,0.7862270457593917,0.006120979690915487,3,0.9027966639015373,0.00589132145828048,3,0.8404698255908901,0.003539125230817969,3,0.892633836292906,0.0024607378394784145,3,0.7248472483487737,0.005268557300139227,3,0.917978560630726,0.0020328098848972406,3,0.11716705169883405,0.011831758270757947,3,0.2748134518080989,0.0032458113333833816,3,2684.6666666666665,232.50448024357146,3,BDL-Hard
sleep,gru,density_hard,objective_e20_bs32_eval5,none,4.0,0.2393167939518393,0.55,0.7404422271542627,0.04833446668688115,3,0.9724996836504528,0.0006726899031761805,3,0.8401675593799891,0.03191351659905646,3,0.8891897354685637,0.023903369200802355,3,0.7252442503051775,0.04673178951441234,3,0.9109132241133406,0.02147085204795232,3,0.0865427374260465,0.00627097057404514,3,0.3152409947556287,0.021172877885244402,3,1784.3333333333333,179.6032664884838,3,BDL-Hard
sleep,gru,density_hard,objective_e20_bs32_eval5,none,4.0,0.5,0.55,0.7388780704419952,0.047539183708968466,3,0.9726101549208925,0.0007085124146682519,3,0.8392180514664375,0.031458952398163466,3,0.8884869634744437,0.023583029877743262,3,0.7238075840297006,0.045999308006117574,3,0.9102904710448664,0.021203946665780984,3,0.08832037761744556,0.006234775130841889,3,0.31591662308463375,0.020885847818711032,3,1797.6666666666667,179.97036793131625,3,BDL-Hard
sleep,gru,density_hard,objective_e20_bs32_eval5,none,16.0,1.0,0.6000000000000001,0.7495380999018186,0.017349693984988493,3,0.9349769449806207,0.003500644773239642,3,0.8319779084340793,0.011018789644210646,3,0.8850532603272674,0.008083863686470428,3,0.7123974469180862,0.01606995923362628,3,0.9095640237154624,0.007098542746239177,3,0.11716705169883405,0.011831758270757947,3,0.29863055211599315,0.006940387277965745,3,3300.3333333333335,704.0996615063335,3,BDL-Hard
sleep,gru,density_hard,objective_e20_bs32_eval5,none,1.0,1.0,0.6000000000000001,0.7683984142493886,0.009790058219598233,3,0.9052463364267521,0.007101328012871855,3,0.8312177086119906,0.00824176772318501,3,0.885855844597662,0.005698177968141878,3,0.7112391924829637,0.01202374770875741,3,0.9120102789506471,0.004575048839561401,3,0.15104039760426788,0.00339655802004506,3,0.28195422903811035,0.0023885474951867757,3,56.0,44.97777228809804,3,BDL-Hard
sleep,gru,density_hard,objective_e20_bs32_eval5,none,16.0,1.0,0.75,0.7951812548758684,0.003914056605848334,3,0.8705047956805956,0.008521843407963694,3,0.8311114089616689,0.002228418922407745,3,0.887310398961178,0.0012655523043056747,3,0.7110311962960143,0.0032607852384398104,3,0.9153382425075222,0.0006996988144774198,3,0.11716705169883405,0.011831758270757947,3,0.26199779718460064,0.0037534057153280976,3,2578.6666666666665,198.07658451551845,3,BDL-Hard
sleep,gru,density_hard,objective_e20_bs32_eval5,none,8.0,0.0,0.55,0.7302832094849129,0.0510661746969701,3,0.9645898290998288,0.0008065808460077535,3,0.8305684865278761,0.033760926534869895,3,0.8823541639920472,0.02549693556174907,3,0.7111681233043098,0.048603509483221355,3,0.9051947913916085,0.023132927430057234,3,0.0956904937596405,0.008452168489532697,3,0.3171735054139994,0.023030378663348585,3,2580.6666666666665,371.3143322487476,3,BDL-Hard
sleep,gru,density_hard,objective_e20_bs32_eval5,none,8.0,0.2393167939518393,0.55,0.729867398078761,0.05074216356133741,3,0.9646380347451116,0.0008251755289061807,3,0.8303255259921783,0.03357087975107901,3,0.8821739097882867,0.025358168399810543,3,0.710801861298188,0.04831291978142775,3,0.9050343496919776,0.023011773997826418,3,0.09625111848272644,0.008453742987741342,3,0.31735701995458926,0.022897114915080806,3,2584.0,366.8528315278485,3,BDL-Hard
sleep,gru,density_hard,objective_e20_bs32_eval5,none,8.0,0.5,0.55,0.7288491373216778,0.05035022557432829,3,0.9646593478892065,0.0008264997460672493,3,0.8296820030824069,0.0333470926096045,3,0.8816951824079616,0.02520698502863865,3,0.7098479107533141,0.047940539367768056,3,0.9046076890669771,0.02289291182128723,3,0.09765380077214403,0.008415609097655865,3,0.3177938817662174,0.022781683659166666,3,2596.0,369.99054041961665,3,BDL-Hard
sleep,gru,density_hard,objective_e20_bs32_eval5,none,2.0,1.0,0.55,0.7217516292563201,0.03625113682580691,3,0.9701158475389344,0.0027662994349947176,3,0.8273941558887339,0.025054211804134533,3,0.8798707614778637,0.018854313985412097,3,0.7061158967812999,0.03601020396298316,3,0.9028158052378767,0.01702049069522114,3,0.10693957562731538,0.004796874647067614,3,0.3221974296000622,0.015789468620301304,3,1145.3333333333333,83.73967598058479,3,BDL-Hard
sleep,gru,density_hard,objective_e20_bs32_eval5,none,4.0,0.5,0.9,0.898787680209273,0.005162411823597429,3,0.7646791211307438,0.005671488553426177,3,0.8263126861535651,0.00350306727762292,3,0.88845298570548,0.002202972568831262,3,0.704041498129038,0.005090667825535054,3,0.9230702612871057,0.001468031130168945,3,0.08832037761744556,0.006234775130841889,3,0.20361405610289462,0.0021119635352923154,3,166.0,139.1150602918318,3,BDL-Hard
sleep,gru,density_hard,objective_e20_bs32_eval5,none,4.0,0.2393167939518393,0.9,0.8988029304036887,0.005075631130735256,3,0.7630689186737287,0.005931497211276967,3,0.8253770498197701,0.003555296963397328,3,0.8878833606624387,0.002224350327312369,3,0.7026844481613018,0.005159794772810453,3,0.9227316993916461,0.00146252939830036,3,0.0865427374260465,0.00627097057404514,3,0.20318192101910174,0.002179408842630079,3,152.0,141.742724681022,3,BDL-Hard
sleep,gru,density_hard,objective_e20_bs32_eval5,none,4.0,1.0,0.55,0.7163834272825982,0.04447251574875429,3,0.9729053029111077,0.0006595561607938808,3,0.8246523535362179,0.030185733994043708,3,0.8775686539794686,0.02300167534112704,3,0.7023618621575626,0.04308369553215947,3,0.9004778908774259,0.021062670355983335,3,0.0946905777239424,0.0060622133627976195,3,0.3258704709935934,0.020764634420484696,3,1730.6666666666667,173.9233547667861,3,BDL-Hard
sleep,gru,density_hard,objective_e20_bs32_eval5,none,4.0,0.0,0.9,0.8987933004104139,0.0050899389898724735,3,0.7614462184568257,0.006259043642556087,3,0.8244216049843103,0.0037189012046952236,3,0.8873011774165924,0.002318854658625375,3,0.7013015633171095,0.00538919362159405,3,0.9223848056369514,0.001509385087933445,3,0.0858422322550693,0.006271019750934822,3,0.202752135946888,0.0022552237363640776,3,144.66666666666666,140.99763591398735,3,BDL-Hard
sleep,gru,density_hard,objective_e20_bs32_eval5,none,1.0,1.0,0.55,0.7262545278094518,0.028699014307156167,3,0.9510263004198132,0.0059892280725211584,3,0.8234275890999397,0.020790789427750242,3,0.8778993053515975,0.015336019370641607,3,0.7002032730079667,0.02974377944706679,3,0.9022102232767365,0.01351427358129447,3,0.15104039760426788,0.00339655802004506,3,0.31366611313212106,0.010715963201217758,3,483.3333333333333,15.044378795195682,3,BDL-Hard
sleep,gru,density_hard,objective_e20_bs32_eval5,none,1.0,0.5,0.65,0.8561479332384129,0.00598361002476836,3,0.7888596084228653,0.011421813971790576,3,0.8210729809391338,0.00476721244161638,3,0.8838294078196505,0.0028446140130896844,3,0.696476322769629,0.006851221254130213,3,0.9177325304411954,0.00165737832340064,3,0.13923720256264496,0.0035053759895335426,3,0.2205253803386922,0.004403037211990516,3,952.3333333333334,73.58215363342755,3,BDL-Hard
sleep,gru,density_hard,objective_e20_bs32_eval5,none,8.0,1.0,0.55,0.7104114840740641,0.047135262861050437,3,0.9648619901388211,0.0008186626310466113,3,0.8177205010839163,0.031878512403720485,3,0.8726913338789659,0.02442752306444777,3,0.6924552437804548,0.044942815765820085,3,0.896473577965266,0.022516531397055794,3,0.10265529545511316,0.008229005786828923,3,0.3260249842549224,0.022413302859318262,3,2558.3333333333335,375.9525679302289,3,BDL-Hard
sleep,gru,density_hard,objective_e20_bs32_eval5,none,16.0,0.0,0.8,0.8205736699601068,0.002812066521351644,3,0.8141262849538352,0.013097138496721672,3,0.8172853173843952,0.005225624248764268,3,0.880054565028284,0.003063907997378229,3,0.6910469039064817,0.007463886967788954,3,0.9129043782424819,0.0016399429939326835,3,0.11167789477071859,0.01206403081934905,3,0.23744701257982562,0.004628939234431243,3,2482.3333333333335,176.14293438379337,3,BDL-Hard
sleep,gru,density_hard,objective_e20_bs32_eval5,none,2.0,0.0,0.5,0.7034693486720983,0.03749147838837303,3,0.9760782832898478,0.0009781898984110857,3,0.8172826880680364,0.025926918519656738,3,0.8718801333818016,0.01987992483435542,3,0.6915574235510121,0.036695325937612565,3,0.8951753567958489,0.01831947559217397,3,0.09547378321788107,0.0049651656249995995,3,0.3326917000581948,0.017864992453113876,3,1333.6666666666667,47.71093515467217,3,BDL-Hard
sleep,gru,density_hard,objective_e20_bs32_eval5,none,16.0,0.2393167939518393,0.8,0.8205373840184315,0.0028097192374058806,3,0.814147040162221,0.013077453806107527,3,0.817277923469215,0.005216303852186354,3,0.8800483895321798,0.0030583222025792455,3,0.6910362538031126,0.00745057938187764,3,0.912897782187254,0.0016367680082440173,3,0.11214595169157231,0.012071778339348091,3,0.23746354277491077,0.004622726609669394,3,2485.6666666666665,176.47190522384386,3,BDL-Hard
sleep,gru,density_hard,objective_e20_bs32_eval5,none,16.0,0.5,0.8,0.8204516696238363,0.002804975549419669,3,0.8141669026734717,0.013079989450813952,3,0.8172454334700497,0.0052203531629815255,3,0.8800246552729672,0.0030610885813027815,3,0.6909898348363696,0.007456156415638087,3,0.9128767121970728,0.00163904416352385,3,0.11326123023823569,0.012034494206184722,3,0.2374941196301167,0.0046219845058033966,3,2489.0,172.96531444194238,3,BDL-Hard
sleep,gru,density_hard,objective_e20_bs32_eval5,none,0.5,0.5,0.55,0.7765439103464207,0.018329617940436697,3,0.8624090369516356,0.01362352555104316,3,0.8172148192776033,0.016117833501109867,3,0.8777144203061802,0.010966363274227644,3,0.691131852130943,0.022865358650523394,3,0.9076465477902627,0.008555341624265581,3,0.18443725835435074,0.0020783056604069495,3,0.2658145898546154,0.0025461804967073847,3,395.3333333333333,93.36130533220566,3,BDL-Hard
sleep,gru,density_hard,objective_e20_bs32_eval5,none,2.0,0.2393167939518393,0.5,0.7021288168245183,0.037512727067971076,3,0.9765308807372249,0.00099581345715805,3,0.8165333263578155,0.026000234543238448,3,0.8712821706882385,0.019964075773838588,3,0.6904884952806215,0.03673868202244964,3,0.8945984556578451,0.018423260759563295,3,0.09631681113932704,0.004973524515794999,3,0.3334852295363128,0.01796882848686713,3,1350.3333333333333,44.65795935030321,3,BDL-Hard
sleep,gru,density_hard,objective_e20_bs32_eval5,none,4.0,1.0,0.9,0.8702723653651483,0.0059370398658484536,3,0.767406422464902,0.005619051460777745,3,0.8155928430233009,0.0037356545125212374,3,0.8810006240214129,0.0023932140581544993,3,0.6886197116837413,0.005329166435043652,3,0.9169522998922414,0.0016780510856813308,3,0.0946905777239424,0.0060622133627976195,3,0.2110373955206216,0.00228283185309872,3,223.66666666666666,134.5820691375093,3,BDL-Hard
sleep,gru,density_hard,objective_e20_bs32_eval5,none,1.0,0.2393167939518393,0.5,0.7030982252297188,0.0396430400453966,3,0.9684923662120384,0.003789902897729689,3,0.8143557846492705,0.028199299646491312,3,0.8700325321787865,0.021478656804720126,3,0.6874752840329744,0.03964579652350753,3,0.8939134539872006,0.019644087828722148,3,0.13617939929543785,0.003515443701272389,3,0.33032272815835145,0.01789111062980414,3,863.3333333333334,37.07200201409862,3,BDL-Hard
sleep,gru,density_hard,objective_e20_bs32_eval5,none,1.0,0.0,0.5,0.7043175672223979,0.03929832369146716,3,0.9610139075518384,0.003525877386017918,3,0.812516381098638,0.02770027204821356,3,0.8690394520534968,0.021066828537773065,3,0.6848375201444655,0.03882451152858744,3,0.8934638540446262,0.019246879245490435,3,0.13524043152974993,0.003496512289085062,3,0.32719288660040485,0.01759352165366446,3,788.0,38.22302970723278,3,BDL-Hard
sleep,gru,density_hard,objective_e20_bs32_eval5,none,2.0,0.5,0.5,0.6955267160258062,0.03692643185915507,3,0.977146618585999,0.0010271986925321748,3,0.8122683546107661,0.025816990388699085,3,0.8679822617608447,0.019924487850626317,3,0.6844070746274323,0.03623199678983379,3,0.8915247473310277,0.018481656949979327,3,0.0985961484812213,0.004947701117744338,3,0.336853650678897,0.018001401401748038,3,1469.3333333333333,79.90828075570975,3,BDL-Hard
sleep,gru,density_hard,objective_e20_bs32_eval5,none,16.0,0.0,0.55,0.7124486984185822,0.060764753152616,3,0.9438075050387175,0.002813304434812374,3,0.8109992757789413,0.040617653169937686,3,0.8685289148840251,0.031094744668106404,3,0.6833691059183614,0.05639494144018594,3,0.8937800641254069,0.02866714479297521,3,0.11167789477071859,0.01206403081934905,3,0.31864111434985437,0.028309223010518397,3,3708.0,600.6105227183419,3,BDL-Hard
sleep,gru,density_hard,objective_e20_bs32_eval5,none,16.0,0.2393167939518393,0.55,0.7122522156868799,0.060674985029380825,3,0.9438121916986755,0.002813969285553735,3,0.8108759233483337,0.04056599803359412,3,0.868436439425562,0.03105927981610772,3,0.6831909845985061,0.0563129036159738,3,0.8936967989424094,0.02863849847059787,3,0.11214595169157231,0.012071778339348091,3,0.3187266227257229,0.02828127866097499,3,3712.0,597.1691552650723,3,BDL-Hard
sleep,gru,density_hard,objective_e20_bs32_eval5,none,16.0,0.5,0.55,0.7117515139257131,0.06058338903466807,3,0.9438491270426305,0.0028019163160618006,3,0.8105650690598573,0.040510260626990084,3,0.8681995599374481,0.03103114663050936,3,0.6827469514916179,0.05620816498861891,3,0.8934795029853692,0.02862715933661304,3,0.11326123023823569,0.012034494206184722,3,0.31896159717896067,0.028294535794305922,3,3732.0,607.7227986508323,3,BDL-Hard
sleep,gru,density_hard,objective_e20_bs32_eval5,none,1.0,0.2393167939518393,0.65,0.8561900647797372,0.005844934888598613,3,0.7667625646563797,0.011446377694604876,3,0.8089536735090519,0.004531515605712037,3,0.8764570555781795,0.0026251393121639872,3,0.6792119837250455,0.006376882380594457,3,0.9133423082411914,0.001380225677741228,3,0.13617939929543785,0.003515443701272389,3,0.21433921519867852,0.004476721486606465,3,1188.3333333333333,83.76355611680613,3,BDL-Hard
sleep,gru,density_hard,objective_e20_bs32_eval5,none,1.0,0.5,0.5,0.6925452224210052,0.03975877179501457,3,0.9712733409614304,0.003940429577978287,3,0.8081827855568756,0.02871791176232361,3,0.8651378293074257,0.022062428816606524,3,0.6787515238236203,0.039956603153197864,3,0.8892239524716569,0.02035579473460824,3,0.13923720256264496,0.0035053759895335426,3,0.3363432975960663,0.018521282072227096,3,1007.6666666666666,57.57024694521758,3,BDL-Hard
sleep,gru,density_hard,objective_e20_bs32_eval5,none,16.0,1.0,0.8,0.8018983250458476,0.0028936831768167173,3,0.8143667552445399,0.013066580865929187,3,0.8080339039442291,0.005171355434386296,3,0.8735157729321926,0.003023566761407369,3,0.6779211247583308,0.007278356604807831,3,0.9074181159828987,0.001618073092729482,3,0.11716705169883405,0.011831758270757947,3,0.24304837199743293,0.004695799791569853,3,2561.6666666666665,177.69168054057377,3,BDL-Hard
sleep,gru,density_hard,objective_e20_bs32_eval5,none,8.0,0.5,0.9,0.8655054304851504,0.003776371419382344,3,0.7520982288219321,0.01572666166664839,3,0.8047762409618536,0.009798314838251995,3,0.874280082108554,0.006012344270000242,3,0.673402158058455,0.01378060859245738,3,0.9127063897669387,0.003672731344528815,3,0.09765380077214403,0.008415609097655865,3,0.2079562899982653,0.004030085786758129,3,1515.0,172.39779580957526,3,BDL-Hard
sleep,gru,density_hard,objective_e20_bs32_eval5,none,8.0,0.2393167939518393,0.9,0.8656157316264546,0.0037824460867221087,3,0.7519770451858742,0.0157674253229764,3,0.804754428334475,0.00983642567125984,3,0.8742709539779289,0.006036204937299641,3,0.6733722038866848,0.013833766088050287,3,0.9127084994364245,0.0036879845099747842,3,0.09625111848272644,0.008453742987741342,3,0.20789617777025773,0.004032941226973104,3,1511.0,177.5359118601079,3,BDL-Hard
sleep,gru,density_hard,objective_e20_bs32_eval5,none,8.0,0.0,0.9,0.8656770138720269,0.003815586517260654,3,0.7518727112082365,0.015804490515033524,3,0.8047208471096333,0.009861607458843603,3,0.8742528940561943,0.006051694960401274,3,0.6733255762895464,0.013868545762260731,3,0.9127020903139359,0.0036976011258559364,3,0.0956904937596405,0.008452168489532697,3,0.20785264914668944,0.004044302090285952,3,1510.3333333333333,178.11325984702358,3,BDL-Hard
sleep,gru,density_hard,objective_e20_bs32_eval5,none,4.0,0.0,0.5,0.684128440863914,0.044264573354306766,3,0.976240307819826,0.00012777497622127516,3,0.8039380154730229,0.031130346133931723,3,0.8614885354490817,0.02441851280547075,3,0.6728986306044246,0.04290631982212891,3,0.8854529316180813,0.023020866128200482,3,0.0858422322550693,0.006271019750934822,3,0.3424916756180744,0.022962181850952883,3,1773.6666666666667,79.95206897468844,3,BDL-Hard
sleep,gru,density_hard,objective_e20_bs32_eval5,none,2.0,0.5,0.8,0.894630307144992,0.009917280259581933,3,0.7299023188477601,0.006099034961647707,3,0.8038679016692573,0.002121375240574862,3,0.8747075715817946,0.0014397271419433779,3,0.6720596333858224,0.002968227540295005,3,0.914761074322748,0.0012731477955378416,3,0.0985961484812213,0.004947701117744338,3,0.1952778974147309,0.003669078276974159,3,1235.6666666666667,56.74798087450633,3,BDL-Hard
sleep,gru,density_hard,objective_e20_bs32_eval5,none,4.0,0.2393167939518393,0.5,0.6834027427957409,0.044256185294897325,3,0.9764300059609852,0.00018663042047859107,3,0.8035004612035559,0.03116972338909446,3,0.861136827493311,0.0244642419276975,3,0.6722881652974796,0.04292728806121955,3,0.8851121799391048,0.02307647984825017,3,0.0865427374260465,0.00627097057404514,3,0.3429232231989725,0.022999506062202822,3,1776.3333333333333,85.19585279421368,3,BDL-Hard
sleep,gru,density_hard,objective_e20_bs32_eval5,none,4.0,0.5,0.5,0.6793736395195787,0.04414130939523791,3,0.9766189229921513,0.00022170382599963137,3,0.8007678440959513,0.031248931471552634,3,0.8589958204385679,0.024614839688802386,3,0.6684780494684057,0.04284299068820854,3,0.8830958165948418,0.023296188632274152,3,0.08832037761744556,0.006234775130841889,3,0.34503000857967864,0.023209287698817953,3,1892.6666666666667,76.5136153461156,3,BDL-Hard
sleep,gru,density_hard,objective_e20_bs32_eval5,none,16.0,1.0,0.55,0.6959161859136812,0.05779727932113628,3,0.944005460628374,0.0028140484092916765,3,0.8002912008774006,0.039365052946973754,3,0.8603815929604033,0.03052284938767424,3,0.668246451662094,0.05372593688245195,3,0.886324598981206,0.028514859803213256,3,0.11716705169883405,0.011831758270757947,3,0.3261913276881782,0.028178479274596862,3,3708.6666666666665,605.7502235520291,3,BDL-Hard
sleep,gru,density_hard,objective_e20_bs32_eval5,none,2.0,0.2393167939518393,0.8,0.8946759311652414,0.009887747779768266,3,0.7223136120914041,0.0054544656446525825,3,0.7992658809559033,0.0020867903503478335,3,0.871934507400665,0.0014532555146521092,3,0.6656510363435594,0.0028966207036787116,3,0.9131701431883418,0.0013171522060868672,3,0.09631681113932704,0.004973524515794999,3,0.1932366186067935,0.003473807506062001,3,1311.0,50.68530358989675,3,BDL-Hard
sleep,gru,density_hard,objective_e20_bs32_eval5,none,1.0,1.0,0.65,0.7933258438995958,0.0026154617726045866,3,0.7989680644295231,0.01201785604736198,3,0.7960997446770178,0.005565744767610656,3,0.8658303377326635,0.0033326739300858915,3,0.6612908095998756,0.00766201049138034,3,0.9020721600964615,0.0019306823957789643,3,0.15104039760426788,0.00339655802004506,3,0.24102399725005919,0.004029431304216507,3,1056.6666666666667,94.94384305121284,3,BDL-Hard
sleep,gru,density_hard,objective_e20_bs32_eval5,none,2.0,1.0,0.5,0.6716404314943342,0.03407519960581201,3,0.9776193017189106,0.001024953841498589,3,0.7959260829181076,0.024492768800930466,3,0.8552831421589766,0.019286921331553766,3,0.6614815824418607,0.03347824255949968,3,0.8796610877391777,0.018242304927671937,3,0.10693957562731538,0.004796874647067614,3,0.34894355229459406,0.017779906798060453,3,1194.6666666666667,46.69403959107985,3,BDL-Hard
sleep,gru,density_hard,objective_e20_bs32_eval5,none,8.0,1.0,0.9,0.843753574289338,0.00515876035499808,3,0.752581735907604,0.015770572586791407,3,0.7955167552967618,0.010052235238945332,3,0.8678483973081171,0.006203278833028177,3,0.6605405888196425,0.013924724765438604,3,0.9074396933619436,0.003864498640470317,3,0.10265529545511316,0.008229005786828923,3,0.21345440913445227,0.004032350763045717,3,1620.3333333333333,155.12038335864614,3,BDL-Hard
sleep,gru,density_hard,objective_e20_bs32_eval5,none,2.0,0.0,0.8,0.894149962132341,0.009774146598981005,3,0.7127301735871896,0.006489593128692009,3,0.7931506747298339,0.002337314712976065,3,0.8682398047863141,0.0015098295675760867,3,0.6572118529918797,0.0032130545392409495,3,0.911033715616126,0.001239453691279596,3,0.09547378321788107,0.0049651656249995995,3,0.1907860906232829,0.003666226711457708,3,1414.3333333333333,52.003205029433815,3,BDL-Hard
sleep,gru,density_hard,objective_e20_bs32_eval5,none,1.0,0.0,0.65,0.8533510484562218,0.00611255927309611,3,0.7382258269332528,0.010364510223205422,3,0.7915716626198906,0.004320861738033266,3,0.8658480232633837,0.002499384303162712,3,0.6550563741030709,0.005909392963601458,3,0.9069744177739493,0.0013309731540009407,3,0.13524043152974993,0.003496512289085062,3,0.2070484645024342,0.004157056413854359,3,1477.0,68.5054742338158,3,BDL-Hard
sleep,gru,density_hard,objective_e20_bs32_eval5,none,4.0,1.0,0.5,0.6625635985918548,0.040823163875625075,3,0.976825359204589,0.00018424240140959959,3,0.7890875993775066,0.029468888680030867,3,0.8498387540557516,0.023566241179718145,3,0.6522905565936671,0.03965839303526173,3,0.874471567850816,0.02260914126650576,3,0.0946905777239424,0.0060622133627976195,3,0.3537530646287366,0.022531114954141913,3,1702.6666666666667,72.47298347200382,3,BDL-Hard
sleep,gru,density_hard,objective_e20_bs32_eval5,none,2.0,1.0,0.8,0.8515343418596698,0.009678001144419588,3,0.735021825329076,0.006072936835671401,3,0.7889543479930229,0.002539793206518167,3,0.8641978648698175,0.0017676907396751054,3,0.6514702529264773,0.003466361565285043,3,0.9058891931085696,0.001587310889677592,3,0.10693957562731538,0.004796874647067614,3,0.20660014638435764,0.0038609928886599166,3,1235.3333333333333,53.79900866496827,3,BDL-Hard
sleep,gru,density_hard,objective_e20_bs32_eval5,none,8.0,0.0,0.5,0.6586710611715603,0.05572272382594441,3,0.9684765208378945,0.0007490145323609306,3,0.7831642664719647,0.040184868043444066,3,0.8454150156970469,0.03234223127437101,3,0.6447839924013619,0.05345324967833533,3,0.8705908441839777,0.031211372979090386,3,0.0956904937596405,0.008452168489532697,3,0.35363775383329615,0.031184189067792904,3,2499.3333333333335,178.94226256905705,3,BDL-Hard
sleep,gru,density_hard,objective_e20_bs32_eval5,none,8.0,0.2393167939518393,0.5,0.658162936445995,0.05556541715477033,3,0.9685027438162311,0.0007706059927247659,3,0.7828173869968387,0.04008994168320271,3,0.8451401934259852,0.03227590406383732,3,0.6443092642103322,0.05330720047243711,3,0.8703291650537043,0.03115550801968226,3,0.09625111848272644,0.008453742987741342,3,0.35391198416177655,0.031124725260217066,3,2504.6666666666665,182.15469616052533,3,BDL-Hard
sleep,gru,density_hard,objective_e20_bs32_eval5,none,0.5,0.5,0.5,0.663320229534059,0.04321280794443516,3,0.9543189022146255,0.008506752750988054,3,0.7822313741002759,0.03284752130505914,3,0.8459170421948831,0.025461787402868575,3,0.6431390906835948,0.043990604973343464,3,0.8722812235356651,0.02369678127750624,3,0.18443725835435074,0.0020783056604069495,3,0.34517106268378156,0.019945736228280803,3,365.3333333333333,126.87132589097244,3,BDL-Hard
sleep,gru,density_hard,objective_e20_bs32_eval5,none,1.0,1.0,0.5,0.6545857433910077,0.034452540060924665,3,0.9725160869603059,0.0038155033644619416,3,0.7821865573642985,0.02600904597645121,3,0.8447436439772603,0.02061021526081054,3,0.6427822678275711,0.034738571579750285,3,0.8699841406264021,0.019585883702683774,3,0.15104039760426788,0.00339655802004506,3,0.3561779294176159,0.01783170750153234,3,569.0,57.29746940310715,3,BDL-Hard
sleep,gru,density_hard,objective_e20_bs32_eval5,none,0.5,0.2393167939518393,0.55,0.7743302010190699,0.018504097141016834,3,0.7880364300773768,0.012806869469113115,3,0.7811102828862971,0.015513553940821379,3,0.8557091977123604,0.010416918572823173,3,0.6410134733109254,0.020734934308661707,3,0.8942777057819685,0.00793538124576177,3,0.17949396410847543,0.002077711087660439,3,0.2435862041929334,0.0024289141362889735,3,1163.3333333333333,80.2267619521898,3,BDL-Hard
sleep,gru,density_hard,objective_e20_bs32_eval5,none,8.0,0.5,0.5,0.6556991683634169,0.056039605466102954,3,0.968607524142436,0.0008004575034791923,3,0.7810810413817016,0.040541993881813995,3,0.8437339596728005,0.032728668076592145,3,0.6419900562130114,0.05375502682635662,3,0.868965891291028,0.0316642285286874,3,0.09765380077214403,0.008415609097655865,3,0.3553254093079259,0.03165817585017724,3,2611.6666666666665,172.7927467613537,3,BDL-Hard
sleep,gru,density_hard,objective_e20_bs32_eval5,none,2.0,0.0,0.45,0.6477614039668698,0.03171391377505393,3,0.9814525432160263,0.0005772014124570443,3,0.7801371878672585,0.02327946063564608,3,0.8425128353152697,0.018773676645375513,3,0.639924024296775,0.031079939666494603,3,0.8672529464872455,0.018133483561556602,3,0.09547378321788107,0.0049651656249995995,3,0.3631864116775921,0.01797758692827871,3,1385.3333333333333,24.19366308216542,3,BDL-Hard
sleep,gru,density_hard,objective_e20_bs32_eval5,none,2.0,0.2393167939518393,0.45,0.6464043787800701,0.03206281756264378,3,0.9819438614016281,0.0005496347659118411,3,0.7792965510952743,0.023535195377739477,3,0.8417967445491356,0.0190273450615495,3,0.6388027258665187,0.03136728601019787,3,0.8665250304006044,0.01841779463589682,3,0.09631681113932704,0.004973524515794999,3,0.36414948915021017,0.018348016233789576,3,1403.3333333333333,32.51666239535253,3,BDL-Hard
sleep,gru,density_hard,objective_e20_bs32_eval5,none,0.5,0.2393167939518393,0.5,0.6780223297954976,0.043132369396981916,3,0.9159402901667403,0.009049848133589654,3,0.7788468548345829,0.03180135253126154,3,0.845860310802018,0.024165158648917103,3,0.6385297650470566,0.04225448906874271,3,0.8750291882120002,0.02207975938712199,3,0.17949396410847543,0.002077711087660439,3,0.32405380522420396,0.017943738594182176,3,117.66666666666667,91.48406054244276,3,BDL-Hard
sleep,gru,density_hard,objective_e20_bs32_eval5,none,8.0,1.0,0.5,0.6422771458996929,0.05264263239759797,3,0.9687372999884172,0.0007451750984516375,3,0.7715876113011193,0.03870966046270724,3,0.8361521792354706,0.031657881595096755,3,0.6291799880774577,0.050566590128353975,3,0.8617057708593437,0.03095363132642963,3,0.10265529545511316,0.008229005786828923,3,0.36264764481839534,0.03092615055772376,3,2472.3333333333335,178.94226256905705,3,BDL-Hard
sleep,gru,density_hard,objective_e20_bs32_eval5,none,16.0,0.0,0.8500000000000001,0.8241655262616159,0.0011845867719853923,3,0.7212732851678595,0.020875168017372877,3,0.7691813633323968,0.01160619327133215,3,0.8512221856935915,0.006888129341074557,3,0.6250311841895447,0.015336860938703522,3,0.8964659404276337,0.0037814718475342483,3,0.11167789477071859,0.01206403081934905,3,0.20944288595949265,0.0062235320075842305,3,2415.0,123.01625908797584,3,BDL-Hard
sleep,gru,density_hard,objective_e20_bs32_eval5,none,16.0,0.2393167939518393,0.8500000000000001,0.8241225770059092,0.0011811298143928788,3,0.7212816542034988,0.02087644369702702,3,0.7691672429898168,0.011598057571686601,3,0.8512117964747755,0.006882332642639771,3,0.6250124030105638,0.01532556858094822,3,0.8964565136766401,0.0037764714095696503,3,0.11214595169157231,0.012071778339348091,3,0.20945631841204163,0.006228718028054155,3,2416.3333333333335,122.0751134889226,3,BDL-Hard
sleep,gru,density_hard,objective_e20_bs32_eval5,none,16.0,0.5,0.8500000000000001,0.8240699999737884,0.0011842934049084198,3,0.7212925897434008,0.020876460470300114,3,0.7691507248300411,0.011605588279654792,3,0.8511995699488443,0.006887684486158993,3,0.6249907186406475,0.015335273209171312,3,0.8964452977122851,0.003781124082933525,3,0.11326123023823569,0.012034494206184722,3,0.20947276849309568,0.006224506142819019,3,2417.6666666666665,120.83183907122051,3,BDL-Hard
sleep,gru,density_hard,objective_e20_bs32_eval5,none,2.0,0.5,0.45,0.6298869380240663,0.029837964082821133,3,0.9825256767592773,0.0006167325227932051,3,0.7673720210975318,0.022365942921763846,3,0.8320995878459648,0.018384329461370235,3,0.6229034716055392,0.029257033514869427,3,0.8570899208430646,0.018029814890790977,3,0.0985961484812213,0.004947701117744338,3,0.37386307507987904,0.01792627405163512,3,1389.6666666666667,15.275252316519461,3,BDL-Hard
sleep,gru,density_hard,objective_e20_bs32_eval5,none,4.0,0.0,0.45,0.6271772619044889,0.031231999355435112,3,0.97972517426006,0.00043792680547237884,3,0.764470632693179,0.02337633903925709,3,0.8299116793214756,0.019351979659958194,3,0.6191222738872911,0.03035938040523893,3,0.8551338032501942,0.01909237444795702,3,0.0858422322550693,0.006271019750934822,3,0.3744787781136158,0.01921060249677805,3,1744.0,59.3548650070068,3,BDL-Hard
sleep,gru,density_hard,objective_e20_bs32_eval5,none,4.0,0.2393167939518393,0.45,0.6262360950219251,0.030706345552470357,3,0.9798086414421702,0.00041558582773557404,3,0.7638061966014077,0.023010149692033292,3,0.8293672175390162,0.019057170863329382,3,0.6182399057757424,0.02986640291536401,3,0.8545997631188328,0.01880713106402281,3,0.0865427374260465,0.00627097057404514,3,0.3750527684418227,0.01890630129204921,3,1748.0,52.14403129793476,3,BDL-Hard
sleep,gru,density_hard,objective_e20_bs32_eval5,none,16.0,1.0,0.8500000000000001,0.8058314168364585,0.0028167136298768184,3,0.7214604168047557,0.020838060700369473,3,0.7612084657147521,0.011684714710102401,3,0.845602524080248,0.006954396616071739,3,0.6145725944554942,0.015258786242155393,3,0.8917365154199214,0.003874200651314566,3,0.11716705169883405,0.011831758270757947,3,0.21426187845398292,0.006218212238954985,3,2540.3333333333335,125.00533321956041,3,BDL-Hard
sleep,gru,density_hard,objective_e20_bs32_eval5,none,0.5,0.0,0.55,0.7714630429992138,0.01868884357074154,3,0.7499074384658285,0.012765109809976177,3,0.7605197171120205,0.015417418045767383,3,0.8432665339341732,0.010273218759702609,3,0.6137447858682101,0.01992976775293787,3,0.8869529600318575,0.007710780719774151,3,0.17816906355154435,0.0020562902073090164,3,0.23266113388485968,0.0023359623985761183,3,1553.0,78.30708780180757,3,BDL-Hard
sleep,gru,density_hard,objective_e20_bs32_eval5,none,2.0,1.0,0.45,0.6201110935551818,0.029511003167262934,3,0.9827526450058169,0.0006218215181686251,3,0.7601367310369734,0.022383075347673607,3,0.8261265198323692,0.01860274286707581,3,0.6134294210002248,0.028943128155834056,3,0.851211473696534,0.018394919783863147,3,0.10693957562731538,0.004796874647067614,3,0.379850156852591,0.018303384661724743,3,1204.3333333333333,22.47962040011652,3,BDL-Hard
sleep,gru,density_hard,objective_e20_bs32_eval5,none,0.5,0.0,0.5,0.6747479534563694,0.04499039698517902,3,0.8700700521759158,0.008694277501572107,3,0.7596501043650056,0.03193016853356151,3,0.8341893275052584,0.02415243488659734,3,0.6131547229043232,0.04116899327812706,3,0.8677348857937099,0.022027546884283995,3,0.17816906355154435,0.0020562902073090164,3,0.3093930710549501,0.0180041840051322,3,555.3333333333334,141.5709480555009,3,BDL-Hard
sleep,gru,density_hard,objective_e20_bs32_eval5,none,16.0,0.0,0.5,0.6338310450420145,0.06780178248877833,3,0.9511499389729922,0.002296527402893514,3,0.75931110452205,0.04983177044117784,3,0.8271215030536426,0.04116832512710687,3,0.6137127215435602,0.06368486006098445,3,0.8539214376174472,0.04061283282559594,3,0.11167789477071859,0.01206403081934905,3,0.36201407635572164,0.040485831879142585,3,3712.6666666666665,44.81443219916245,3,BDL-Hard
sleep,gru,density_hard,objective_e20_bs32_eval5,none,16.0,0.2393167939518393,0.5,0.6335965928151136,0.06778845390767665,3,0.951157192137213,0.002296766921954128,3,0.7591443948328392,0.04983739474910061,3,0.8269844434663222,0.04118445820873233,3,0.6134958201653665,0.06367399085881292,3,0.8537869795685721,0.0406372916213037,3,0.11214595169157231,0.012071778339348091,3,0.3621520060126115,0.040511044835957015,3,3713.3333333333335,40.377386410382464,3,BDL-Hard
sleep,gru,density_hard,objective_e20_bs32_eval5,none,16.0,0.5,0.5,0.6317675674881786,0.06846490038297366,3,0.9512475777221181,0.0023252106510038475,3,0.7578189063661066,0.05043683115012752,3,0.8258671872686012,0.04177666121442453,3,0.6118116434000122,0.06430417729593112,3,0.8526696024720413,0.04129230205726545,3,0.11326123023823569,0.012034494206184722,3,0.3633126446859402,0.041190763393488275,3,3820.3333333333335,42.852460061627006,3,BDL-Hard
sleep,gru,density_hard,objective_e20_bs32_eval5,none,1.0,0.0,0.45,0.6166495139743956,0.02773654058048364,3,0.9776479796143681,0.0015611361746338066,3,0.7560475191973356,0.021247788483904958,3,0.8231783401662279,0.01757251730298045,3,0.6080902643962824,0.027383371642856934,3,0.8486981897219894,0.017308492903545386,3,0.13524043152974993,0.003496512289085062,3,0.37992017651577886,0.016765542747570805,3,784.6666666666666,46.05793453177568,3,BDL-Hard
sleep,gru,density_hard,objective_e20_bs32_eval5,none,1.0,0.2393167939518393,0.45,0.6150275955850424,0.027560166117094498,3,0.9815121307497785,0.0018833842921731968,3,0.7559818883622472,0.021317319215561126,3,0.8228102695587896,0.01764579350213616,3,0.6080074538567124,0.027471572351804644,3,0.8480481978829387,0.017380573131394295,3,0.13617939929543785,0.003515443701272389,3,0.38241968087697303,0.01667196842540153,3,840.6666666666666,40.51337227796934,3,BDL-Hard
sleep,gru,density_hard,objective_e20_bs32_eval5,none,4.0,0.5,0.45,0.6132526068886621,0.029132523288121943,3,0.9800891715168017,0.00043439346532145036,3,0.7541686320206892,0.022178511411779997,3,0.8213846568068789,0.01864535644553474,3,0.6056901720511763,0.028351188997938252,3,0.846722684533591,0.01859974839963073,3,0.08832037761744556,0.006234775130841889,3,0.38306411814320035,0.018709571067987426,3,1754.3333333333333,55.77036249956898,3,BDL-Hard
sleep,gru,density_hard,objective_e20_bs32_eval5,none,4.0,1.0,0.45,0.6089674594438987,0.0287103621024277,3,0.9801633769661375,0.0004620395338158588,3,0.7509440301016728,0.02195225844293076,3,0.8186872781474713,0.018551929823599014,3,0.6015364539975881,0.027924934073634385,3,0.8440420423480632,0.01857403384941338,3,0.0946905777239424,0.0060622133627976195,3,0.3857802775491857,0.018713506707085898,3,1659.0,46.16275555033516,3,BDL-Hard
sleep,gru,density_hard,objective_e20_bs32_eval5,none,0.5,1.0,0.55,0.6550733910818168,0.014085928925556435,3,0.8791151943078059,0.011463369111031137,3,0.7507266955655668,0.01343694118059243,3,0.8268184464965889,0.00967615162159504,3,0.6010534620304417,0.01711877648777749,3,0.8602522085836095,0.008238673527170332,3,0.20413211560073496,0.0020187280310372925,3,0.3212050570967359,0.002755449604266684,3,1049.0,79.67433714816836,3,BDL-Hard
sleep,gru,density_hard,objective_e20_bs32_eval5,none,16.0,1.0,0.5,0.6205761485524217,0.0648483759823933,3,0.9513473366269394,0.0022987730559110684,3,0.7498340936039972,0.048427235632783616,3,0.8193702056845132,0.0405727911002607,3,0.6013628088929397,0.06100065183816902,3,0.8463476173446236,0.04044095526038309,3,0.11716705169883405,0.011831758270757947,3,0.36968237777589774,0.04031760935559762,3,3699.6666666666665,48.2735262160672,3,BDL-Hard
sleep,gru,density_hard,objective_e20_bs32_eval5,none,2.0,0.0,0.4,0.5930701648723741,0.02172895315191367,3,0.9863484290650583,0.0009692515731716332,3,0.7405883630078788,0.016994757184391075,3,0.809473322091252,0.014605287692909452,3,0.5882349779233242,0.021325793790129836,3,0.8344072619203269,0.014773390365593246,3,0.09547378321788107,0.0049651656249995995,3,0.39837543165439965,0.014831445319983861,3,1292.0,13.527749258468683,3,BDL-Hard
sleep,gru,density_hard,objective_e20_bs32_eval5,none,1.0,0.5,0.45,0.5936398115859962,0.02683547468598633,3,0.9831246765367725,0.0019286838163223526,3,0.7400543362931926,0.02128376818375172,3,0.8092448499084354,0.01808653395550744,3,0.5876712570433539,0.026748012990377743,3,0.8343807441760305,0.01814107384848407,3,0.13923720256264496,0.0035053759895335426,3,0.3968589531595692,0.017497482326877006,3,779.6666666666666,52.20472520120506,3,BDL-Hard
sleep,gru,density_hard,objective_e20_bs32_eval5,none,8.0,0.0,0.45,0.5973287107846786,0.03688083311370304,3,0.9719215506684851,0.0008472075597435009,3,0.7394713755196904,0.02879121749630635,3,0.8095709233071237,0.024723837421082556,3,0.5871807542201655,0.03578033432682052,3,0.8354589455113497,0.025018349689921653,3,0.0956904937596405,0.008452168489532697,3,0.390418559494175,0.024854616492161145,3,2426.0,134.90366933482574,3,BDL-Hard
sleep,gru,density_hard,objective_e20_bs32_eval5,none,2.0,0.2393167939518393,0.4,0.591045357264857,0.021714334988934162,3,0.986710864101814,0.000931618212428204,3,0.7391084314805715,0.01702327857864535,3,0.808172947196718,0.014662348152688574,3,0.5863711242563726,0.021321980999708758,3,0.8330675950921504,0.014850937680575455,3,0.09631681113932704,0.004973524515794999,3,0.39988857206460054,0.01490779951100883,3,1294.6666666666667,17.785762095938807,3,BDL-Hard
sleep,gru,density_hard,objective_e20_bs32_eval5,none,8.0,0.2393167939518393,0.45,0.5967663215531523,0.03670726521507312,3,0.9719488895182403,0.0008374667332974164,3,0.7390511410651222,0.02867020543936669,3,0.8092143709092724,0.0246378609854345,3,0.5866468986109437,0.03560820376718176,3,0.8351006755642377,0.024943121796247813,3,0.09625111848272644,0.008453742987741342,3,0.3907899147330344,0.02478836321619909,3,2430.6666666666665,141.92368841505396,3,BDL-Hard
sleep,gru,density_hard,objective_e20_bs32_eval5,none,4.0,0.0,0.4,0.589141312715069,0.0256013173023558,3,0.9826567916509608,0.0005193841947799692,3,0.7364152960808689,0.02002869826638127,3,0.8061776896245662,0.017360029719667394,3,0.5830619598294797,0.02493057615757193,3,0.8313299484621096,0.01766394392101468,3,0.0858422322550693,0.006271019750934822,3,0.39968580345186794,0.017883451383866256,3,1722.0,12.767145334803704,3,BDL-Hard
sleep,gru,density_hard,objective_e20_bs32_eval5,none,4.0,0.2393167939518393,0.4,0.5883125001609703,0.02525784967298366,3,0.9827927047897441,0.0005252854092467029,3,0.7358105606782516,0.019773994326033294,3,0.8056500819661574,0.01715927134474101,3,0.5822978093585577,0.02459191729419748,3,0.8307888048866569,0.017472285147846007,3,0.0865427374260465,0.00627097057404514,3,0.40029199962058,0.01770113606453561,3,1722.0,14.730919862656235,3,BDL-Hard
sleep,gru,density_hard,objective_e20_bs32_eval5,none,8.0,0.5,0.45,0.5866373604771694,0.03554056487647217,3,0.9721572227120898,0.000824486265809895,3,0.7313027075070414,0.028115230659712706,3,0.802579585336653,0.024477425033546822,3,0.5769299321493182,0.03450453987220485,3,0.8283995107275892,0.024977665142310118,3,0.09765380077214403,0.008415609097655865,3,0.39759079483373455,0.024820771050335956,3,2454.0,143.8471410908121,3,BDL-Hard
sleep,gru,density_hard,objective_e20_bs32_eval5,none,8.0,1.0,0.45,0.583701423094989,0.034985138930354376,3,0.9721723985633824,0.0008119165021030696,3,0.7290299477275526,0.02778184371067982,3,0.8006263915100132,0.02427679821119589,3,0.574096360470135,0.03397903858112141,3,0.8264228839427554,0.02482648131924672,3,0.10265529545511316,0.008229005786828923,3,0.39957468529072204,0.02466055819811824,3,2383.0,139.82489048806724,3,BDL-Hard
sleep,gru,density_hard,objective_e20_bs32_eval5,none,2.0,0.5,0.4,0.57632583386366,0.02032570149376142,3,0.9871644658334677,0.0009808395706055113,3,0.7276252478542581,0.016249536950096198,3,0.7982008159902693,0.014273655076436608,3,0.5720341383623976,0.019989892804248656,3,0.8229127944884965,0.01462503754816099,3,0.0985961484812213,0.004947701117744338,3,0.41026048169255525,0.014662954317948765,3,1238.3333333333333,23.713568549109905,3,BDL-Hard
sleep,gru,density_hard,objective_e20_bs32_eval5,none,4.0,0.5,0.4,0.576576517029825,0.02384410274513699,3,0.9830442222074928,0.0005449805311144317,3,0.7266444072953316,0.01893848188398809,3,0.7976967528501898,0.016705311127461337,3,0.5708833803320327,0.023218031706023337,3,0.822693762727449,0.017172721000693454,3,0.08832037761744556,0.006234775130841889,3,0.408507426463865,0.017416717290093028,3,1702.3333333333333,10.692676621563644,3,BDL-Hard
sleep,gru,density_hard,objective_e20_bs32_eval5,none,1.0,1.0,0.45,0.5731633902244245,0.025234202369293388,3,0.9839582324864539,0.001690502740264637,3,0.7241672628209394,0.0204742408718919,3,0.7954222572549686,0.01785174408878222,3,0.5678726106337847,0.025145183489663447,3,0.8202827576659514,0.01819147335072484,3,0.15104039760426788,0.00339655802004506,3,0.4113559075445627,0.017620049324713408,3,418.3333333333333,77.00216447174283,3,BDL-Hard
sleep,gru,density_hard,objective_e20_bs32_eval5,none,4.0,1.0,0.4,0.5729138224899996,0.024176912650115578,3,0.9830649774158783,0.0005397951259876373,3,0.7237259247512103,0.019301081654222323,3,0.7951308102452462,0.017117329244206246,3,0.5672989635295361,0.02355105754265198,3,0.8200633253347486,0.017648037359393364,3,0.0946905777239424,0.0060622133627976195,3,0.41114779799642287,0.017890610561482983,3,1623.6666666666667,26.350205565295532,3,BDL-Hard
sleep,gru,density_hard,objective_e20_bs32_eval5,none,2.0,1.0,0.4,0.5685364028888236,0.0195175540221087,3,0.9873899834471634,0.0008808535816752842,3,0.7214527366066082,0.015745923203752614,3,0.7927590019172532,0.013985730765516893,3,0.5644329403562214,0.019191461285534506,3,0.8173230783100767,0.014418466440102602,3,0.10693957562731538,0.004796874647067614,3,0.41595813817555355,0.014475023670895289,3,1062.3333333333333,19.50213663508012,3,BDL-Hard
sleep,gru,density_hard,objective_e20_bs32_eval5,none,0.25,0.5,0.5,0.5871630552385888,0.0458639861021795,3,0.9177289204635866,0.012343108219737541,3,0.7155616235612196,0.035746766382154994,3,0.7943184094465794,0.029256282996112947,3,0.5579152666856236,0.043900954590852456,3,0.8245581230500245,0.028677662814777738,3,0.21577366492422045,0.001140921957920438,3,0.3753809689225924,0.025878211589429292,3,774.6666666666666,233.34380928864027,3,BDL-Hard
sleep,gru,density_hard,objective_e20_bs32_eval5,none,0.5,1.0,0.5,0.5691640483730008,0.031379723233418456,3,0.9587364139865109,0.0073023903322642246,3,0.7140265694007941,0.02665194963426969,3,0.7890186595877285,0.02272710439803598,3,0.5556858401664572,0.03211922861204935,3,0.8157281681787923,0.02280139076864534,3,0.20413211560073496,0.0020187280310372925,3,0.40383848754963864,0.019539459976473245,3,724.6666666666666,116.36293797138903,3,BDL-Hard
sleep,gru,density_hard,objective_e20_bs32_eval5,none,4.0,0.0,0.35000000000000003,0.5578649431018198,0.022246283896713116,3,0.9851593564814164,0.0004251157737191322,3,0.7121697879983566,0.018159151441372028,3,0.7846733962110882,0.01647487758783211,3,0.5532042817514525,0.02175782693776153,3,0.8091311782872603,0.017179539654142904,3,0.0858422322550693,0.006271019750934822,3,0.42308238521047986,0.01737502122198324,3,1645.3333333333333,17.24335620850341,3,BDL-Hard
sleep,gru,density_hard,objective_e20_bs32_eval5,none,4.0,0.2393167939518393,0.35000000000000003,0.5569879157076121,0.022055171461898896,3,0.9852584458633866,0.00039222512108014695,3,0.7114831959716431,0.01803072894426302,3,0.7840484396621035,0.01637821101315934,3,0.5523735532260823,0.02158084815981435,3,0.8084765665390824,0.017088031616578573,3,0.0865427374260465,0.00627097057404514,3,0.42378442446507325,0.017270835425839157,3,1645.3333333333333,16.653327995729054,3,BDL-Hard
sleep,gru,density_hard,objective_e20_bs32_eval5,none,16.0,0.0,0.45,0.5647735784395316,0.04151957693239541,3,0.9569629595409573,0.0016414710097500253,3,0.7097258779644626,0.033404985921663,3,0.7851036129795496,0.029995640047880027,3,0.5507412841609948,0.039575906615221604,3,0.811690768171785,0.031192415899064047,3,0.11167789477071859,0.01206403081934905,3,0.4070270526923869,0.031100510254950826,3,3471.0,351.91476240703514,3,BDL-Hard
sleep,gru,density_hard,objective_e20_bs32_eval5,none,16.0,0.2393167939518393,0.45,0.5644588484385632,0.04156351039696665,3,0.9569698779437524,0.001640526239807547,3,0.709477033167604,0.03345277076736529,3,0.7848804722777709,0.030054039059105156,3,0.5504439506341772,0.03961705049765313,3,0.8114590516891456,0.03126148502673314,3,0.11214595169157231,0.012071778339348091,3,0.4072620805549787,0.03117240116164876,3,3470.3333333333335,349.2926184924803,3,BDL-Hard
sleep,gru,density_hard,objective_e20_bs32_eval5,none,8.0,0.0,0.4,0.5570341974585699,0.026657305296749846,3,0.9749306095358355,0.0007866313938780394,3,0.7087345156202969,0.02187995145641737,3,0.7826259534580652,0.019804826590510374,3,0.5491619646140016,0.026008495723748293,3,0.80780740074192,0.02063531617508346,3,0.0956904937596405,0.008452168489532697,3,0.4195103409054979,0.020506606937047502,3,2210.0,96.317184344228,3,BDL-Hard
sleep,gru,density_hard,objective_e20_bs32_eval5,none,8.0,0.2393167939518393,0.4,0.5564076805816559,0.026608897106222,3,0.9749434420571491,0.0007863287935234132,3,0.708230855608801,0.021857095237868555,3,0.7821729445941153,0.01980176039178767,3,0.5485571261792077,0.02596291349551858,3,0.8073366773998104,0.02064105192300793,3,0.09625111848272644,0.008453742987741342,3,0.4199872063233257,0.020512014391612408,3,2210.0,91.03296106356203,3,BDL-Hard
sleep,gru,density_hard,objective_e20_bs32_eval5,none,16.0,0.5,0.45,0.5566659338749058,0.04049324158940489,3,0.9571538851406768,0.0016425807813684177,3,0.7033506591965009,0.0329071326159765,3,0.7794200493470695,0.029900698632696093,3,0.5430905022914011,0.03862190439596154,3,0.8058052976951942,0.03127924238059968,3,0.11326123023823569,0.012034494206184722,3,0.4130039065737942,0.03119891128921782,3,3526.0,357.2058230208461,3,BDL-Hard
sleep,gru,density_hard,objective_e20_bs32_eval5,none,4.0,0.5,0.35000000000000003,0.5457263274043611,0.021101834660057363,3,0.9854923325127215,0.00040078036233561615,3,0.7022938957009909,0.01750270117569842,3,0.7756959584843118,0.01618998152700714,3,0.5413667339079111,0.020655826149051315,3,0.7997620826913528,0.01703413812585044,3,0.08832037761744556,0.006234775130841889,3,0.4326108543189367,0.017223035108242923,3,1607.0,26.0,3,BDL-Hard
sleep,gru,density_hard,objective_e20_bs32_eval5,none,16.0,1.0,0.45,0.5543191430653746,0.039598175453147186,3,0.9571542199021024,0.001642253848341871,3,0.7014948463381597,0.032282893926162744,3,0.7777775602125825,0.029431070823146187,3,0.540858880035702,0.03778483186178383,3,0.8041118740103247,0.030837824900091574,3,0.11716705169883405,0.011831758270757947,3,0.41469749048672583,0.030748254638745094,3,3455.3333333333335,347.20215053097434,3,BDL-Hard
sleep,gru,density_hard,objective_e20_bs32_eval5,none,2.0,0.0,0.35000000000000003,0.5433797736399176,0.018132187136375415,3,0.9898409950180804,0.0005620596483653737,3,0.7014859961748504,0.015136961558000588,3,0.7744999740017553,0.014031016965498863,3,0.5403609503760128,0.017863557786099785,3,0.798175023735117,0.014765217186223895,3,0.09547378321788107,0.0049651656249995995,3,0.4362793292126948,0.01487329285280325,3,1052.0,32.2335229225724,3,BDL-Hard
sleep,gru,density_hard,objective_e20_bs32_eval5,none,8.0,0.5,0.4,0.547111103365729,0.025652582216619094,3,0.9751453031967707,0.0007736773272516175,3,0.7007141147048221,0.021329207870129173,3,0.7753628789145406,0.01960442460767978,3,0.5395812418199749,0.025048633421784986,3,0.8002345952468238,0.02057434454902937,3,0.09765380077214403,0.008415609097655865,3,0.42718590599782774,0.020442100017545164,3,2216.3333333333335,96.64539995950838,3,BDL-Hard
sleep,gru,density_hard,objective_e20_bs32_eval5,none,2.0,0.2393167939518393,0.35000000000000003,0.5414495814195684,0.01784573720216371,3,0.9902395842887982,0.0005258525916029328,3,0.6999781882607866,0.01493517535175598,3,0.7730685516044419,0.013877863606101517,3,0.5385704806155912,0.017594605727889057,3,0.7966430565276058,0.014618188789860168,3,0.09631681113932704,0.004973524515794999,3,0.43800207463294955,0.014715903293677723,3,1050.0,32.046840717924134,3,BDL-Hard
sleep,gru,density_hard,objective_e20_bs32_eval5,none,4.0,1.0,0.35000000000000003,0.5427384536012784,0.020996387370282164,3,0.9855262550038465,0.000385492280821777,3,0.6998231628907843,0.017491290416067937,3,0.7734251946384306,0.016260604197244344,3,0.5384367010049426,0.020561609618531485,3,0.7973813607336138,0.017145163717566535,3,0.0946905777239424,0.0060622133627976195,3,0.4350078127203136,0.017324966053940467,3,1525.6666666666667,32.51666239535252,3,BDL-Hard
sleep,gru,density_hard,objective_e20_bs32_eval5,none,8.0,1.0,0.4,0.5450796475659002,0.025544278217972116,3,0.975148985572452,0.0007723919693380342,3,0.6990466521965404,0.02129489166475629,3,0.7738413077404568,0.019636805992217735,3,0.5376063574898716,0.024945419793386,3,0.7986433703609702,0.02063863791532769,3,0.10265529545511316,0.008229005786828923,3,0.4287788933923656,0.02050620168678896,3,2151.6666666666665,94.32037602413025,3,BDL-Hard
sleep,gru,density_hard,objective_e20_bs32_eval5,none,1.0,0.0,0.4,0.5329485855793855,0.023565660948550365,3,0.9868274726650558,0.00110750934236142,3,0.6919092754889936,0.0198777503196709,3,0.7658808806530665,0.018523646077172978,3,0.5291816579405689,0.023268813806450798,3,0.7893109936959871,0.01952876221279134,3,0.13524043152974993,0.003496512289085062,3,0.44370098623576854,0.019440963740068946,3,365.6666666666667,84.51232651710241,3,BDL-Hard
sleep,gru,density_hard,objective_e20_bs32_eval5,none,1.0,0.2393167939518393,0.4,0.5294509319681375,0.024409777360354466,3,0.9892598491832825,0.0011579055104973409,3,0.689529548029708,0.020743958033721588,3,0.7633212499443666,0.019463450698230564,3,0.5264247192863457,0.02418816906111916,3,0.7863932139783816,0.020567721219402608,3,0.13617939929543785,0.003515443701272389,3,0.4477829830534256,0.020439911659403946,3,367.0,103.79306335203717,3,BDL-Hard
sleep,gru,density_hard,objective_e20_bs32_eval5,none,2.0,0.5,0.35000000000000003,0.5282503304911501,0.016802717060316302,3,0.9906065943983702,0.0005373675865663315,3,0.6889475784724817,0.014294046460175612,3,0.7627427912440359,0.013601537347852882,3,0.5256123648417489,0.016557948347768563,3,0.7857300834382293,0.014466943143653212,3,0.0985961484812213,0.004947701117744338,3,0.4490907110878674,0.014597856105613281,3,955.6666666666666,44.81443219916252,3,BDL-Hard
sleep,gru,density_hard,objective_e20_bs32_eval5,none,4.0,0.0,0.30000000000000004,0.5273873451156089,0.018937207817930644,3,0.9872807396352842,0.00022362063228405227,3,0.68737968107992,0.01612133755521081,3,0.7616456338090813,0.015348573794048982,3,0.523822338852762,0.01862441989792918,3,0.7848292011584275,0.016332514712255435,3,0.0858422322550693,0.006271019750934822,3,0.44839972756956675,0.01643584965402694,3,1559.6666666666667,80.71142009240909,3,BDL-Hard
sleep,gru,density_hard,objective_e20_bs32_eval5,none,4.0,0.2393167939518393,0.30000000000000004,0.5258742716111268,0.018824071715013786,3,0.9873403271690364,0.00024984754778674954,3,0.686108134632034,0.016054548320320893,3,0.7604366078907718,0.015332623411848946,3,0.5223460575695719,0.018509124617447303,3,0.7835424897048129,0.016335203121891073,3,0.0865427374260465,0.00627097057404514,3,0.4497149596182555,0.01644872082630844,3,1557.6666666666667,76.05480480109944,3,BDL-Hard
sleep,gru,density_hard,objective_e20_bs32_eval5,none,8.0,0.0,0.35000000000000003,0.5272547241478028,0.023918237498432023,3,0.9775018004585339,0.0005906990647371189,3,0.684804871451213,0.02040858686787261,3,0.7603591127582442,0.01937110549989994,3,0.5209293385837194,0.023435856670704608,3,0.7842491755732105,0.020598362746988223,3,0.0956904937596405,0.008452168489532697,3,0.44429922441072395,0.020468857762365084,3,2115.3333333333335,60.25224753760926,3,BDL-Hard
sleep,gru,density_hard,objective_e20_bs32_eval5,none,8.0,0.2393167939518393,0.35000000000000003,0.5265332546355275,0.023906498641599352,3,0.9775171994841103,0.0005889085599902094,3,0.6841992270623559,0.020417753624157178,3,0.7597854431283323,0.01940898344937676,3,0.5202292472086261,0.023422493461250124,3,0.7836393208637445,0.020650836060436783,3,0.09625111848272644,0.008453742987741342,3,0.44491644961105176,0.020526187601203522,3,2110.6666666666665,56.00297611139363,3,BDL-Hard
sleep,gru,density_hard,objective_e20_bs32_eval5,none,2.0,1.0,0.35000000000000003,0.5225541060622035,0.016324194058987215,3,0.9907197437602143,0.0004853554665263103,3,0.6841154477897328,0.013999695493103976,3,0.7581504537995718,0.01345400146065892,3,0.52000436826876,0.016100586839858568,3,0.7808485218854443,0.014361127417886302,3,0.10693957562731538,0.004796874647067614,3,0.454026429725681,0.014472599450420452,3,791.0,40.779897008207364,3,BDL-Hard
sleep,gru,density_hard,objective_e20_bs32_eval5,none,0.5,0.2393167939518393,0.45,0.5280642002832002,0.028543369548029583,3,0.9706539207369751,0.003795681471574467,3,0.6837336545577001,0.024383776446926374,3,0.7601528688034015,0.022324809806266246,3,0.5197996748532528,0.028369906564594285,3,0.7845759607060973,0.023337693219355447,3,0.17949396410847543,0.002077711087660439,3,0.44069481403717464,0.02216129386592063,3,447.6666666666667,207.3218110410319,3,BDL-Hard
sleep,gru,density_hard,objective_e20_bs32_eval5,none,16.0,0.2393167939518393,0.9,0.8251067161173297,0.0024680534110041496,3,0.5770292735476208,0.02752409102903876,3,0.6788972754642392,0.019705602467312837,3,0.7985069822088994,0.01141949362756238,3,0.5141120231295616,0.022648043873934653,3,0.8695169957110153,0.0056110568442016935,3,0.11214595169157231,0.012071778339348091,3,0.16735180186069645,0.007577513244294408,3,2623.0,297.9144172409251,3,BDL-Hard
sleep,gru,density_hard,objective_e20_bs32_eval5,none,16.0,0.0,0.9,0.8251298849533067,0.0024661004688202592,3,0.5770099689720793,0.027522652640055923,3,0.6788916258381207,0.01970205137982107,3,0.798504728692314,0.011416987744723061,3,0.5141054650235054,0.022643765674756244,3,0.8695179837840655,0.005608912682201509,3,0.11167789477071859,0.01206403081934905,3,0.16734157396939175,0.007579184219613705,3,2620.3333333333335,299.4066354196802,3,BDL-Hard
sleep,gru,density_hard,objective_e20_bs32_eval5,none,16.0,0.5,0.9,0.8250259869442579,0.002456688647727527,3,0.5770541574802551,0.027522513662918538,3,0.6788872231019182,0.019702515652233785,3,0.798497687429253,0.011417581541815592,3,0.5141004243164199,0.02264375583431424,3,0.8695053257671507,0.0056098703043581345,3,0.11326123023823569,0.012034494206184722,3,0.16737538209051903,0.0075775739229878335,3,2624.3333333333335,301.3674390728589,3,BDL-Hard
sleep,gru,density_hard,objective_e20_bs32_eval5,none,4.0,0.5,0.30000000000000004,0.5159128437407033,0.018012893098649382,3,0.9875334845115931,0.00024306814800962304,3,0.677624665865458,0.015567870067432502,3,0.7523139843766776,0.015144900792394089,3,0.5125689852456846,0.01772105070193241,3,0.7748816021438941,0.016240721998113834,3,0.08832037761744556,0.006234775130841889,3,0.45846829877107215,0.016350824500033254,3,1498.6666666666667,75.83095234357364,3,BDL-Hard
sleep,gru,density_hard,objective_e20_bs32_eval5,none,8.0,0.5,0.35000000000000003,0.5180913378593238,0.022845801345993396,3,0.9777005371581834,0.000592680993915988,3,0.6770865971084629,0.01973258731871892,3,0.7530163695317807,0.019042541443851393,3,0.5120374842464063,0.022398794798930508,3,0.7764290847687633,0.020372554705844505,3,0.09765380077214403,0.008415609097655865,3,0.4522144372747728,0.02024431650800433,3,2101.6666666666665,66.3952809568069,3,BDL-Hard
sleep,gru,density_hard,objective_e20_bs32_eval5,none,0.5,0.5,0.6000000000000001,0.8191813865470464,0.008545286692746125,3,0.576534607747763,0.01972364849608634,3,0.6766906586109073,0.01600181730299932,3,0.7969677753677908,0.009532640750764567,3,0.5115105402390172,0.018374746214161,3,0.8682229938805698,0.005230663583206466,3,0.18443725835435074,0.0020783056604069495,3,0.16840904002454268,0.004415915315448239,3,3252.0,149.9433226255841,3,BDL-Hard
sleep,gru,density_hard,objective_e20_bs32_eval5,none,8.0,1.0,0.35000000000000003,0.5165982417382137,0.0228734344119865,3,0.977708013496688,0.0006014719500054091,3,0.6758102316119334,0.01979733195436988,3,0.7517887362584954,0.019160250693559287,3,0.5105810760029706,0.02242794645757195,3,0.7751171908047038,0.020518983706999356,3,0.10265529545511316,0.008229005786828923,3,0.4535299096655549,0.020389266335356867,3,2052.3333333333335,54.84827557301451,3,BDL-Hard
sleep,gru,density_hard,objective_e20_bs32_eval5,none,4.0,1.0,0.30000000000000004,0.513568686408092,0.01781438582098816,3,0.9875632782784693,0.00022237307257234743,3,0.6756080468421156,0.015447997633119381,3,0.7503633140096002,0.015092731651135725,3,0.5102632959354657,0.01753220493631409,3,0.7727945248148403,0.016207162126162068,3,0.0946905777239424,0.0060622133627976195,3,0.460569636397663,0.016308159317316263,3,1424.0,77.1167945391923,3,BDL-Hard
sleep,gru,density_hard,objective_e20_bs32_eval5,none,1.0,0.5,0.4,0.5104527788506217,0.022234319679564348,3,0.9904677799938985,0.0009876804035071163,3,0.6735131779718717,0.019360177555532907,3,0.7478365175157949,0.01880044249739961,3,0.5079566382648818,0.02205184537960217,3,0.7698092623783656,0.02012092051238177,3,0.13923720256264496,0.0035053759895335426,3,0.46494509091126607,0.020032567746689645,3,221.33333333333334,111.35678395739225,3,BDL-Hard
sleep,gru,density_hard,objective_e20_bs32_eval5,none,16.0,1.0,0.9,0.8088238678015576,0.006315937356464187,3,0.5771238994439166,0.02753238210488985,3,0.6733990201439027,0.020106495198439038,3,0.7946181825287564,0.01172428165444567,3,0.5078442516020564,0.022953073017903357,3,0.866170899678433,0.005941416163735312,3,0.11716705169883405,0.011831758270757947,3,0.1707431890255314,0.00742082606743234,3,2824.6666666666665,275.11149255044467,3,BDL-Hard
sleep,gru,density_hard,objective_e20_bs32_eval5,none,16.0,0.0,0.4,0.5175871982586474,0.027404853350694643,3,0.9614304623523954,0.0013223004696491878,3,0.672626428615471,0.023476396914890823,3,0.7508265071705281,0.02262799874217322,3,0.5070463432956012,0.02641965246190256,3,0.7754692919714204,0.02425452647583496,3,0.11167789477071859,0.01206403081934905,3,0.44538682579235983,0.02410387859506632,3,3008.0,208.06969986040735,3,BDL-Hard
sleep,gru,density_hard,objective_e20_bs32_eval5,none,16.0,0.2393167939518393,0.4,0.5172522236163752,0.02741215828606153,3,0.9614571316792994,0.001319723728597196,3,0.6723489830261234,0.02348549210192447,3,0.750556992647167,0.02265862262712136,3,0.5067315030448094,0.026417416862440375,3,0.7751788786086564,0.024297024852588778,3,0.11214595169157231,0.012071778339348091,3,0.44569000399074693,0.024165398939341033,3,3015.3333333333335,212.98434997279344,3,BDL-Hard
sleep,gru,density_hard,objective_e20_bs32_eval5,none,0.25,0.2393167939518393,0.5,0.6118610486163352,0.04582183777522195,3,0.743809759098983,0.012726564991491817,3,0.6709557185894406,0.031072529419385105,3,0.7757948436013775,0.023784815036161176,3,0.5053894267164014,0.03520514656298377,3,0.8248661614996321,0.022224931538680107,3,0.2059304253721632,0.001142093694464543,3,0.29182937826384564,0.018350010059824434,3,2351.0,155.65346125287417,3,BDL-Hard
sleep,gru,density_hard,objective_e20_bs32_eval5,none,0.5,0.0,0.45,0.5233597575357853,0.028333788584477156,3,0.9213894250651055,0.00420110184898168,3,0.6672715445249896,0.023476921965769084,3,0.7512068591213343,0.021361631582457095,3,0.5009931842482446,0.026601157233826108,3,0.7795967668540694,0.022419431195453195,3,0.17816906355154435,0.0020562902073090164,3,0.42209436556951035,0.021379812116477298,3,901.0,173.7440646468247,3,BDL-Hard
sleep,gru,density_hard,objective_e20_bs32_eval5,none,16.0,0.5,0.4,0.5099988496276838,0.026443601755362416,3,0.9616191562092776,0.0013236864823114394,3,0.6662412431470387,0.022884729655050028,3,0.7446802025121407,0.022371373997481077,3,0.4998133779950427,0.025512489329747083,3,0.7688797793894584,0.024096212567442873,3,0.11326123023823569,0.012034494206184722,3,0.4520666535920568,0.023946663284941334,3,3031.3333333333335,210.1483602918028,3,BDL-Hard
sleep,gru,density_hard,objective_e20_bs32_eval5,none,16.0,1.0,0.4,0.5088407914258711,0.026096404421703596,3,0.9616192677964195,0.0013238632295008807,3,0.6652579806133766,0.022617852054743093,3,0.7437359296662885,0.022156588333911743,3,0.4987013526281798,0.025179709547136664,3,0.7678691141823627,0.023881487816193907,3,0.11716705169883405,0.011831758270757947,3,0.4530773722085067,0.023733117786204145,3,2991.0,216.06249096037007,3,BDL-Hard
sleep,gru,density_hard,objective_e20_bs32_eval5,none,8.0,0.0,0.30000000000000004,0.5008618292078656,0.022091941422600396,3,0.9799374130038746,0.0006207362422204032,3,0.662712044832561,0.019545144118998225,3,0.7386987567430322,0.01950559275704987,3,0.49577591664695736,0.021728288699874924,3,0.760874518354445,0.02108479839027032,3,0.0956904937596405,0.008452168489532697,3,0.46883964760080915,0.020948919331426133,3,1996.3333333333333,73.51417096950308,3,BDL-Hard
sleep,gru,density_hard,objective_e20_bs32_eval5,none,8.0,0.2393167939518393,0.30000000000000004,0.49991617173706726,0.02208539327074222,3,0.9799974468861943,0.0006326230451952035,3,0.661896327903828,0.01955794964417576,3,0.7378793176923449,0.019565783119148212,3,0.4948640844106919,0.0217143334747944,3,0.7599848787436753,0.021165908631540612,3,0.09625111848272644,0.008453742987741342,3,0.4697580214440693,0.02104924422221003,3,2001.6666666666667,76.5136153461156,3,BDL-Hard
sleep,gru,density_hard,objective_e20_bs32_eval5,none,4.0,0.0,0.25,0.4954136997899485,0.01809092901078098,3,0.9894724226885225,0.00018397965334267507,3,0.660119396719269,0.016136469722877623,3,0.734789347679668,0.016314106554290903,3,0.492814090869149,0.017907989497154945,3,0.7558688334627975,0.017681532846058595,3,0.0858422322550693,0.006271019750934822,3,0.47840910838851586,0.017667010267617397,3,1429.0,15.874507866387544,3,BDL-Hard
sleep,gru,density_hard,objective_e20_bs32_eval5,none,1.0,0.5,0.7000000000000001,0.8629024601525748,0.010879189037325472,3,0.5331043342008118,0.011875654067066383,3,0.6589826418663444,0.009720401075499334,3,0.7885634529719407,0.005724497128300516,3,0.49145722279757553,0.010805926178381367,3,0.8679801148429295,0.003092372890659886,3,0.13923720256264496,0.0035053759895335426,3,0.1478647314107675,0.0036842546636672636,3,3559.6666666666665,127.91142768858984,3,BDL-Hard
sleep,gru,density_hard,objective_e20_bs32_eval5,none,1.0,1.0,0.4,0.49355079357318404,0.01961863098953816,3,0.9909045320671317,0.0008856279121187877,3,0.6587588726257766,0.017503555707661423,3,0.733171302369394,0.017575042490512147,3,0.4913258150999947,0.019498062171377496,3,0.7539857531616202,0.018998302519668706,3,0.15104039760426788,0.00339655802004506,3,0.4809776443398475,0.018869996729494715,3,143.0,100.70253224224304,3,BDL-Hard
sleep,gru,density_hard,objective_e20_bs32_eval5,none,4.0,0.2393167939518393,0.25,0.49269551675226325,0.018575517504360595,3,0.9896510737026377,0.00017747449935095555,3,0.6577323532159897,0.0166293431421559,3,0.7323407118777739,0.016926039126335127,3,0.4901676402726785,0.018384541086956956,3,0.7531987663293759,0.018377237371065346,3,0.0865427374260465,0.00627097057404514,3,0.48116468389780614,0.018377387897382504,3,1451.6666666666667,23.18045153428498,3,BDL-Hard
sleep,gru,density_hard,objective_e20_bs32_eval5,none,2.0,0.0,0.30000000000000004,0.49158281888914707,0.016565520896619355,3,0.9924184348207229,0.0004954808749076427,3,0.6573742087315672,0.014805804447804634,3,0.7315988367030114,0.015165750849669377,3,0.4897386237670351,0.016361872976073256,3,0.7521757368568126,0.016498955950920102,3,0.09547378321788107,0.0049651656249995995,3,0.4835122653513438,0.01665441959254936,3,656.0,18.193405398660254,3,BDL-Hard
sleep,gru,density_hard,objective_e20_bs32_eval5,none,0.5,0.5,0.45,0.4933492380838307,0.02609471778958642,3,0.983820422366259,0.0039871885380799105,3,0.6569131967828826,0.023559720264990966,3,0.7322303180887583,0.02305705831597107,3,0.48941489675295075,0.026326818593215208,3,0.7535088343344382,0.024675339504822043,3,0.18443725835435074,0.0020783056604069495,3,0.4780638703237974,0.02346033152475563,3,670.0,265.21500711686735,3,BDL-Hard
sleep,gru,density_hard,objective_e20_bs32_eval5,none,2.0,0.2393167939518393,0.30000000000000004,0.4895719906784622,0.016172978115614734,3,0.9928140112386106,0.0004175810319149213,3,0.6556648362407617,0.014514013727995717,3,0.7298069666000391,0.01492409890878588,3,0.4878393823227131,0.01599847702049809,3,0.7502010328087252,0.016247220332078708,3,0.09631681113932704,0.004973524515794999,3,0.4856763055596147,0.016365404005013375,3,649.3333333333334,15.631165450257809,3,BDL-Hard
sleep,gru,density_hard,objective_e20_bs32_eval5,none,8.0,0.5,0.30000000000000004,0.49239007462692225,0.02112629676864662,3,0.9801464157205751,0.0006446608415293282,3,0.6553095109060921,0.018910423092507303,3,0.7312820182928749,0.01920746175245812,3,0.487526053173152,0.020793278643925488,3,0.7528403094495247,0.020861762044875432,3,0.09765380077214403,0.008415609097655865,3,0.4769738922259053,0.020720774030808548,3,1969.3333333333333,75.65932416651188,3,BDL-Hard
sleep,gru,density_hard,objective_e20_bs32_eval5,none,8.0,1.0,0.30000000000000004,0.4911929607763243,0.021096447505430816,3,0.9801486474634121,0.0006445623269793797,3,0.6542484152572512,0.018914917130256614,3,0.7302091926429618,0.019264862342439976,3,0.4863529421692719,0.02076385723497239,3,0.7516764128055976,0.020938978071816442,3,0.10265529545511316,0.008229005786828923,3,0.47813885705691384,0.02079947730189852,3,1928.0,75.9012516365837,3,BDL-Hard
sleep,gru,density_hard,objective_e20_bs32_eval5,none,0.5,1.0,0.6000000000000001,0.6777036071492986,0.008248723949299708,3,0.6316913508583172,0.02087491282949762,3,0.6538269819010175,0.014470699129964055,3,0.7748855796666344,0.008718408352176158,3,0.4858077119053748,0.015989696696026873,3,0.8399908093183514,0.005097182119352629,3,0.20413211560073496,0.0020187280310372925,3,0.22304109443884715,0.0053330847222564145,3,3297.6666666666665,143.5002903597527,3,BDL-Hard
sleep,gru,density_hard,objective_e20_bs32_eval5,none,4.0,0.5,0.25,0.48504303074298005,0.017307843848690312,3,0.9897157942449155,0.00017156743511937807,3,0.6509059648142634,0.015663044407498234,3,0.7253933842345646,0.016201189121490867,3,0.4826090476633884,0.017144684082199938,3,0.7456561905286843,0.017656922054840235,3,0.08832037761744556,0.006234775130841889,3,0.48873823712385933,0.01763473506608163,3,1346.6666666666667,26.102362600602547,3,BDL-Hard
sleep,gru,density_hard,objective_e20_bs32_eval5,none,0.25,0.5,0.55,0.7345284070909278,0.02005890848820609,3,0.5829066798964382,0.025621065406338513,3,0.6498946764203026,0.022236714434007217,3,0.7771333049510192,0.01369732972954629,3,0.48163480270360043,0.024489830818143474,3,0.8497808240336967,0.008521125630858231,3,0.21577366492422045,0.001140921957920438,3,0.18990109762631743,0.005703574980307392,3,3434.6666666666665,196.5536398374076,3,BDL-Hard
sleep,gru,density_hard,objective_e20_bs32_eval5,none,4.0,1.0,0.25,0.48299134888650697,0.017017586089491592,3,0.9897400086546987,0.00019712227876796852,3,0.6490641712414575,0.015440611225863822,3,0.7234967333073766,0.01603743894746299,3,0.48058368269862384,0.016859467778528637,3,0.7435906371693214,0.01749444940462625,3,0.0946905777239424,0.0060622133627976195,3,0.4908153803130557,0.017469263819612075,3,1260.6666666666667,19.629909152447308,3,BDL-Hard
sleep,gru,density_hard,objective_e20_bs32_eval5,none,1.0,1.0,0.7000000000000001,0.7829169312680516,0.006962788078765199,3,0.5538240578753406,0.011915588471097135,3,0.6486866907395173,0.008692659605422794,3,0.7792467960270099,0.005067295237118578,3,0.48008253512690763,0.009530260931373487,3,0.8564660728828318,0.0026574723934746193,3,0.15104039760426788,0.00339655802004506,3,0.1692959290535777,0.003795319398002957,3,3498.6666666666665,128.1457503522194,3,BDL-Hard
sleep,gru,density_hard,objective_e20_bs32_eval5,none,16.0,0.0,0.35000000000000003,0.4882742575394141,0.0238799807558091,3,0.9653109052105169,0.0009924917710186268,3,0.6482868043972437,0.021301647498143735,3,0.726409301469649,0.021733457584138534,3,0.4798471972140619,0.023166533538880592,3,0.7488210686229019,0.023688611558942578,3,0.11167789477071859,0.01206403081934905,3,0.4738923594287165,0.02352948853525287,3,2804.3333333333335,147.05894509798904,3,BDL-Hard
sleep,gru,density_hard,objective_e20_bs32_eval5,none,16.0,0.2393167939518393,0.35000000000000003,0.48774990980666727,0.023860732555285397,3,0.9653502954715929,0.0009891130832776285,3,0.6478326927226826,0.021289662876823632,3,0.725942663608559,0.02175355209498595,3,0.4793497752214675,0.023138579982897353,3,0.7483099678091141,0.02372130897253669,3,0.11214595169157231,0.012071778339348091,3,0.4744223137444914,0.023584861823747996,3,2817.6666666666665,146.56170486635762,3,BDL-Hard
sleep,gru,density_hard,objective_e20_bs32_eval5,none,2.0,0.5,0.30000000000000004,0.47823756353533775,0.015405904466755984,3,0.9931029103488817,0.0004125707428669757,3,0.6454870118075845,0.014042027033062435,3,0.7192629852652187,0.014823905786581156,3,0.4766508252934003,0.015246009104665911,3,0.7387018386490595,0.016230578494248138,3,0.0985961484812213,0.004947701117744338,3,0.4973137765369717,0.01635010933311943,3,532.3333333333334,33.20140559273557,3,BDL-Hard
sleep,gru,density_hard,objective_e20_bs32_eval5,none,16.0,0.5,0.35000000000000003,0.4814224420611744,0.023077583652627652,3,0.965495916691718,0.0009939304253881696,3,0.6422678437825852,0.020781668468155934,3,0.7202564637480776,0.02152219557552161,3,0.4732731920277377,0.022403868336901642,3,0.7421038275706776,0.02354295577568976,3,0.11326123023823569,0.012034494206184722,3,0.4806981531899912,0.02338237462616212,3,2818.3333333333335,151.34177656329186,3,BDL-Hard
sleep,gru,density_hard,objective_e20_bs32_eval5,none,2.0,1.0,0.30000000000000004,0.47416998248020387,0.014973309353150634,3,0.9931832530910197,0.00041492986619880677,3,0.6417919241945489,0.0137112605177686,3,0.7153744065984077,0.014610395597243623,3,0.4726281176297488,0.014813018847735528,3,0.7344475966645216,0.016026627923867706,3,0.10693957562731538,0.004796874647067614,3,0.5016064732564409,0.01615902042681868,3,379.0,29.546573405388315,3,BDL-Hard
sleep,gru,density_hard,objective_e20_bs32_eval5,none,8.0,0.0,0.25,0.47670586319391933,0.019452693702994364,3,0.9822748288643798,0.0006103714659580007,3,0.6417390077930284,0.01774258442160555,3,0.7170396236578136,0.018623911822680563,3,0.47263800937406525,0.01917157843167865,3,0.7371575071760809,0.02038018593747073,3,0.0956904937596405,0.008452168489532697,3,0.4936754245189099,0.020300571501322563,3,1907.6666666666667,100.66942601074737,3,BDL-Hard
sleep,gru,density_hard,objective_e20_bs32_eval5,none,16.0,1.0,0.35000000000000003,0.4805360820097639,0.022859902121770855,3,0.9654962514531436,0.0009938028974613832,3,0.6414818403782069,0.02060998889701111,3,0.7194538146230826,0.021383799667979955,3,0.472416789761753,0.022194533168064155,3,0.7412287153042154,0.023401473791882614,3,0.11716705169883405,0.011831758270757947,3,0.48157342568451567,0.023240533103683136,3,2783.3333333333335,150.67293497285223,3,BDL-Hard
sleep,gru,density_hard,objective_e20_bs32_eval5,none,8.0,0.2393167939518393,0.25,0.473983136881418,0.019819925011009938,3,0.9824569390798926,0.0006261901349343897,3,0.6392976084592414,0.018151535356648787,3,0.7144335068656802,0.019196088511329264,3,0.4700028478477564,0.01953519998620117,3,0.734287929400525,0.021037495730829046,3,0.09625111848272644,0.008453742987741342,3,0.4966321663603106,0.020963458469971816,3,1949.6666666666667,94.73295801004706,3,BDL-Hard
sleep,gru,density_hard,objective_e20_bs32_eval5,none,0.25,0.0,0.5,0.6107024511395157,0.04654345541475962,3,0.6689282032707085,0.007934149483315446,3,0.6379823448157462,0.027593840392957193,3,0.7581104776470053,0.02120256480162361,3,0.4688120003597358,0.029784577845023502,3,0.8178187972298918,0.02012510502558891,3,0.20305225643440206,0.0011290006600771889,3,0.2630359147996893,0.017842962241029128,3,3069.3333333333335,149.85771028990584,3,BDL-Hard
sleep,gru,density_hard,objective_e20_bs32_eval5,none,8.0,0.5,0.9500000000000001,0.8722631898442045,0.002057748045643994,3,0.5016838499706414,0.029803774065667612,3,0.6366805300521179,0.024347272190936627,3,0.776195396583402,0.013952496948384147,3,0.4673223271766107,0.02643645420112177,3,0.8631747684384045,0.0064218338325113455,3,0.09765380077214403,0.008415609097655865,3,0.13763117871453512,0.007843256274764286,3,1372.0,202.65981348062078,3,BDL-Hard
sleep,gru,density_hard,objective_e20_bs32_eval5,none,8.0,0.2393167939518393,0.9500000000000001,0.8723327945834649,0.002066548432191096,3,0.5014769674096361,0.029840128698635587,3,0.6365314565568957,0.024385480017412194,3,0.7761130179976226,0.013974181961711681,3,0.4671628350224017,0.026473535952600304,3,0.8631435506709497,0.006431153790919486,3,0.09625111848272644,0.008453742987741342,3,0.1375633755395413,0.007851334833644898,3,1368.6666666666667,202.07506855951658,3,BDL-Hard
sleep,gru,density_hard,objective_e20_bs32_eval5,none,8.0,0.0,0.9500000000000001,0.8723659720308312,0.0020749076914505704,3,0.5013244277867159,0.029858161073473576,3,0.636416874111048,0.024407446970415518,3,0.7760489868898133,0.013986623383965027,3,0.46704007094228905,0.02649346972609671,3,0.8631176738389019,0.0064364101831474825,3,0.0956904937596405,0.008452168489532697,3,0.13751624178457314,0.007854709727681234,3,1362.6666666666667,198.67142052477834,3,BDL-Hard
sleep,gru,density_hard,objective_e20_bs32_eval5,none,8.0,0.5,0.25,0.4689094358158649,0.01868870285471163,3,0.9824672050969436,0.0006118122929811296,3,0.6346829794861827,0.017230570092055295,3,0.7095760088039126,0.01842668180348002,3,0.46501628534183853,0.018427201856733064,3,0.7289690520566019,0.020236099929311278,3,0.09765380077214403,0.008415609097655865,3,0.5019559573648081,0.0201566564758836,3,1871.3333333333333,102.3441905206804,3,BDL-Hard
sleep,gru,density_hard,objective_e20_bs32_eval5,none,8.0,1.0,0.25,0.46810776338663174,0.018599548727642017,3,0.9824691020783551,0.0006106145979278111,3,0.6339494046264621,0.017168115249714636,3,0.7087953449503898,0.018398917223717712,3,0.46422826715783855,0.018339263867762086,3,0.7281124728360026,0.020213362293602915,3,0.10265529545511316,0.008229005786828923,3,0.5028134445444268,0.020135175470608415,3,1830.6666666666667,104.52910280555047,3,BDL-Hard
sleep,gru,density_hard,objective_e20_bs32_eval5,none,8.0,1.0,0.9500000000000001,0.8522370401343187,0.006948651195736917,3,0.5021005163583402,0.02981020485671444,3,0.6316342333956353,0.02497518561257899,3,0.7726179149779554,0.014415692351622609,3,0.46192534326999213,0.026942572145199892,3,0.8600401734479455,0.006879806387678359,3,0.10265529545511316,0.008229005786828923,3,0.14096520423309722,0.007456772661158885,3,1596.6666666666667,173.70185184198044,3,BDL-Hard
sleep,gru,density_hard,objective_e20_bs32_eval5,none,4.0,0.0,0.2,0.46066198857086077,0.016274813478563743,3,0.991672809538826,0.000259032022863838,3,0.6289783948339717,0.015246281922224282,3,0.701842323726852,0.016740342140487863,3,0.4588860302097639,0.01616155359705773,3,0.719717376925621,0.018437060179461028,3,0.0858422322550693,0.006271019750934822,3,0.5156137439786295,0.01840610992602561,3,1142.6666666666667,63.81483631047984,3,BDL-Hard
sleep,gru,density_hard,objective_e20_bs32_eval5,none,1.0,0.2393167939518393,0.7000000000000001,0.858336589807529,0.010690576190394468,3,0.49467472682909736,0.01270098799447014,3,0.6275556370890928,0.010590409013731861,3,0.770492266272405,0.006128623342535183,3,0.4573119102416128,0.011262583484623227,3,0.85951499926936,0.0030712927538504714,3,0.13617939929543785,0.003515443701272389,3,0.13793614612628366,0.003899604290640413,3,3952.3333333333335,126.51218650127474,3,BDL-Hard
sleep,gru,density_hard,objective_e20_bs32_eval5,none,16.0,0.0,0.30000000000000004,0.46208445496531797,0.02204660113350617,3,0.9689056849854815,0.0010466939514106528,3,0.625536737003765,0.020425091363012807,3,0.7020724221991617,0.02220907328068546,3,0.45532631131464285,0.021484966979705443,3,0.7218558607579685,0.02451285158529127,3,0.11167789477071859,0.01206403081934905,3,0.5025781496350645,0.02438482091317005,3,2677.3333333333335,145.01838963846396,3,BDL-Hard
sleep,gru,density_hard,objective_e20_bs32_eval5,none,16.0,0.2393167939518393,0.30000000000000004,0.46117237325888577,0.02233348113341842,3,0.9689968516803796,0.0010794689508084891,3,0.6247126469809592,0.020712627571616574,3,0.7011538560491717,0.022590035415238074,3,0.45446000678451287,0.021758999269509423,3,0.720833525607008,0.024946541523353953,3,0.11214595169157231,0.012071778339348091,3,0.5036441202283015,0.024837523426130954,3,2696.6666666666665,134.3738565842825,3,BDL-Hard
sleep,gru,density_hard,objective_e20_bs32_eval5,none,4.0,0.2393167939518393,0.2,0.45333109022808166,0.015475467242023718,3,0.9918909624011589,0.00024850085701084957,3,0.6221602836797923,0.014652042876638785,3,0.6943042690871629,0.016402915587995,3,0.4516566659339724,0.015377769740885566,3,0.7113979086606045,0.01810815075143507,3,0.0865427374260465,0.00627097057404514,3,0.5240376275308556,0.018066419906302218,3,1129.0,63.221831672294975,3,BDL-Hard
sleep,gru,density_hard,objective_e20_bs32_eval5,none,4.0,0.5,0.2,0.45158162065354485,0.015566147332477718,3,0.9918984387396633,0.0002495764859895443,3,0.620509995413009,0.014773574476704222,3,0.6924575507962648,0.016619443418377483,3,0.44992159314335495,0.015468187620820526,3,0.7093592202063396,0.018356951362389188,3,0.08832037761744556,0.006234775130841889,3,0.5260798944118433,0.018315175726138715,3,1042.3333333333333,61.40304009846199,3,BDL-Hard
sleep,gru,density_hard,objective_e20_bs32_eval5,none,16.0,0.5,0.30000000000000004,0.45576171198312004,0.021214973281419542,3,0.9690874604395686,0.0010481737336030688,3,0.6197637528722578,0.019830133205977395,3,0.6957910214416981,0.021912489966736053,3,0.4492254390036599,0.02068706213361165,3,0.7149132589362396,0.024242171096671223,3,0.11326123023823569,0.012034494206184722,3,0.509607755294576,0.0241128841407201,3,2674.0,142.64291079475348,3,BDL-Hard
sleep,gru,density_hard,objective_e20_bs32_eval5,none,8.0,0.0,0.2,0.4521266737408349,0.017285208750799794,3,0.9844881598231389,0.0006160284264937854,3,0.6195386390173946,0.01627211643576382,3,0.6927474015662769,0.018211862720850465,3,0.4489248652809917,0.017034827624286514,3,0.7102753508567288,0.020139992981725096,3,0.0956904937596405,0.008452168489532697,3,0.521616955376271,0.020179670656918447,3,1812.3333333333333,64.06507108661732,3,BDL-Hard
sleep,gru,density_hard,objective_e20_bs32_eval5,none,16.0,1.0,0.30000000000000004,0.4551883509196002,0.021193270947836244,3,0.9690874604395686,0.0010481737336030688,3,0.6192332905580943,0.01982530457613235,3,0.6952099074191218,0.021937685810049224,3,0.44866843883968816,0.020667305126949566,3,0.7142711716815914,0.02427438106789642,3,0.11716705169883405,0.011831758270757947,3,0.5102498425492242,0.0241435257849785,3,2645.6666666666665,140.57145276809695,3,BDL-Hard
sleep,gru,density_hard,objective_e20_bs32_eval5,none,4.0,1.0,0.2,0.4497161149046649,0.015339736515678224,3,0.9919386101107324,0.00024999776164421516,3,0.6187564110113283,0.014591772511376538,3,0.6904892743568244,0.016495834526897356,3,0.4480778668936363,0.015241989249950537,3,0.7071836969869434,0.018230318906153998,3,0.0946905777239424,0.0060622133627976195,3,0.5282746449987054,0.018193950555825848,3,942.3333333333334,71.65426249242493,3,BDL-Hard
sleep,gru,density_hard,objective_e20_bs32_eval5,none,1.0,0.0,0.7000000000000001,0.8570002533203983,0.011091364701966193,3,0.47888983291610904,0.014432875568725492,3,0.6143351876315156,0.012167745419345271,3,0.7629603378482218,0.006987540080211559,3,0.44342488736011537,0.012706961111044465,3,0.8561520525855681,0.0033616342452887655,3,0.13524043152974993,0.003496512289085062,3,0.13374391240182293,0.004352027368287863,3,4122.333333333333,167.5271122336124,3,BDL-Hard
sleep,gru,density_hard,objective_e20_bs32_eval5,none,8.0,0.2393167939518393,0.2,0.44606699862410526,0.016646405886294482,3,0.9846748451114676,0.000612910079495236,3,0.6138673691736831,0.015806274314120704,3,0.6863619054579079,0.017993190414591947,3,0.4429881270408931,0.0164110701097611,3,0.7032029375999289,0.019933737900161196,3,0.09625111848272644,0.008453742987741342,3,0.5287787224824326,0.019972913646005563,3,1818.0,67.7347768875044,3,BDL-Hard
sleep,gru,density_hard,objective_e20_bs32_eval5,none,8.0,0.5,0.2,0.4449447588144431,0.01663176104391012,3,0.9846761841571702,0.0006131936006145611,3,0.6128036390216793,0.015816379161338157,3,0.685155547529097,0.018058652305685305,3,0.4418815933542722,0.016397788891753685,3,0.7018677037481403,0.020011643304392868,3,0.09765380077214403,0.008415609097655865,3,0.5301145972464701,0.020049589579944866,3,1756.6666666666667,61.776478803289976,3,BDL-Hard
sleep,gru,density_hard,objective_e20_bs32_eval5,none,0.5,1.0,0.45,0.44458004304931364,0.01907710520798739,3,0.9852614587162168,0.0039661143971419215,3,0.6125541384560428,0.0185823774781597,3,0.6847032914867391,0.020293100179341234,3,0.44167101015560445,0.01941198452048777,3,0.7013016447090129,0.022207276146656033,3,0.20413211560073496,0.0020187280310372925,3,0.5309607883477026,0.020864985891587202,3,1726.6666666666667,212.02908605503478,3,BDL-Hard
sleep,gru,density_hard,objective_e20_bs32_eval5,none,8.0,1.0,0.2,0.44444645203635774,0.01658637874793188,3,0.9846789738357166,0.000612175684480711,3,0.6123317707670334,0.015784407443594516,3,0.6846200229222009,0.018047393082757376,3,0.4413907028726212,0.016353552626336858,3,0.7012748065085921,0.02000166044976343,3,0.10265529545511316,0.008229005786828923,3,0.5307088297198701,0.020039014872403647,3,1726.6666666666667,65.36308846232204,3,BDL-Hard
sleep,gru,density_hard,objective_e20_bs32_eval5,none,2.0,0.0,0.25,0.43810718718604447,0.016476852354762123,3,0.9949345016953434,9.607963953258343e-05,3,0.6082171911446667,0.01586219599413495,3,0.6777841665143405,0.01846346799641911,3,0.4371303132508741,0.016384976751607768,3,0.6928938373723623,0.020450789479264573,3,0.09547378321788107,0.0049651656249995995,3,0.5439984389513992,0.020496217183231438,3,58.666666666666664,65.49300217071541,3,BDL-Hard
sleep,gru,density_hard,objective_e20_bs32_eval5,none,0.5,0.2393167939518393,0.6000000000000001,0.8073188429088018,0.010135276049843359,3,0.48759452267818953,0.022660627386257442,3,0.6078610046145719,0.02001409195160432,3,0.757390400050795,0.011644323676215547,3,0.43683740071799604,0.02078881822474619,3,0.8495552763314524,0.005771153611160848,3,0.17949396410847543,0.002077711087660439,3,0.1445070455483517,0.005232352540621166,3,4160.0,169.04141504376966,3,BDL-Hard
sleep,gru,density_hard,objective_e20_bs32_eval5,none,2.0,0.2393167939518393,0.25,0.4354866859020515,0.016463925820217332,3,0.9952255209613098,0.00019562912751423954,3,0.6057390942331414,0.015890892014525024,3,0.6748228427686637,0.018662420791610207,3,0.4345760451466189,0.016358411183984154,3,0.6895930057673557,0.020687219417728938,3,0.09631681113932704,0.004973524515794999,3,0.5474385621518244,0.02078016836092671,3,62.0,69.19537556802477,3,BDL-Hard
sleep,gru,density_hard,objective_e20_bs32_eval5,none,1.0,0.0,0.35000000000000003,0.4343569716967039,0.015125875140684808,3,0.9926698406513297,0.0005230700925429032,3,0.604190150840476,0.014503854528028519,3,0.6735996601571314,0.016980455574268565,3,0.4329634677544531,0.014946717130916259,3,0.6884369602984771,0.01884653119857186,3,0.13524043152974993,0.003496512289085062,3,0.5473713731844024,0.019041389578816167,3,806.3333333333334,217.05375678235413,3,BDL-Hard
sleep,gru,density_hard,objective_e20_bs32_eval5,none,16.0,0.0,0.25,0.43622494420350666,0.02473648002911314,3,0.9722258488043326,0.000900370275142853,3,0.6019588366787295,0.02383182352428744,3,0.6748962664960145,0.02803327275030168,3,0.4308479505431934,0.024190681164126326,3,0.6914773945977079,0.031180764555545585,3,0.11167789477071859,0.01206403081934905,3,0.5345457577163698,0.031076255165812895,3,2581.3333333333335,132.51540790916863,3,BDL-Hard
sleep,gru,density_hard,objective_e20_bs32_eval5,none,1.0,0.2393167939518393,0.35000000000000003,0.4299599559875944,0.01457812980112512,3,0.9943193217822787,0.0006083812842338389,3,0.600228741053804,0.014065085726335304,3,0.6685654455647971,0.01672521546416298,3,0.42890141291373246,0.014411324617374766,3,0.6827320134386481,0.018578380836762214,3,0.13617939929543785,0.003515443701272389,3,0.553865817116117,0.018810190256244672,3,840.3333333333334,229.0116445365461,3,BDL-Hard
sleep,gru,density_hard,objective_e20_bs32_eval5,none,16.0,0.2393167939518393,0.25,0.43362865412866863,0.024857982506382936,3,0.9723827403257853,0.0009065958922791569,3,0.5995059499332058,0.02405136457079337,3,0.6719926364756867,0.028526421151009534,3,0.4283459381097506,0.02432249136327457,3,0.6882389184135799,0.031739525826144706,3,0.11214595169157231,0.012071778339348091,3,0.5378593274523226,0.03161621506988655,3,2653.3333333333335,123.54081646700149,3,BDL-Hard
sleep,gru,density_hard,objective_e20_bs32_eval5,none,2.0,0.5,0.25,0.4267530778428486,0.015460161081734355,3,0.9954105324425108,0.000125120786775079,3,0.597281424823319,0.015116578519561889,3,0.664749728908349,0.018220728331559837,3,0.42591321727998627,0.015376439604497137,3,0.6784191012786627,0.020215328770226117,3,0.0985961484812213,0.004947701117744338,3,0.5587010193495681,0.0202746090883799,3,153.0,94.29740187301027,3,BDL-Hard
sleep,gru,density_hard,objective_e20_bs32_eval5,none,16.0,0.5,0.25,0.4305936273610373,0.023888628779976533,3,0.972382963500069,0.0009062908926724304,3,0.5966164176340047,0.0232058685909244,3,0.6686500349667274,0.027750528009950887,3,0.42538485202133836,0.02338014891843101,3,0.6845268347822223,0.030887947967483346,3,0.11326123023823569,0.012034494206184722,3,0.5415715179023882,0.030762108413676797,3,2573.0,132.52546925025393,3,BDL-Hard
sleep,gru,density_hard,objective_e20_bs32_eval5,none,16.0,1.0,0.25,0.4301181742165692,0.023947647896159358,3,0.9723843025457714,0.000904793707024017,3,0.5961581894864935,0.023279181045571626,3,0.668104360278003,0.027880300733802686,3,0.42492105358656135,0.023438736162181135,3,0.6839198908825533,0.03103390375127946,3,0.11716705169883405,0.011831758270757947,3,0.542179102714306,0.030907030414315802,3,2543.6666666666665,133.19284265054682,3,BDL-Hard
sleep,gru,density_hard,objective_e20_bs32_eval5,none,2.0,1.0,0.25,0.4239498150341093,0.015347422130724346,3,0.9954863001118327,0.0001385549731009843,3,0.5945438005939427,0.015062960007131584,3,0.6614173295470136,0.018319708735943276,3,0.42313455234818664,0.015264139139717508,3,0.6747190347519713,0.02032960290278553,3,0.10693957562731538,0.004796874647067614,3,0.5624373508276741,0.02039461196117642,3,281.6666666666667,98.71845487715727,3,BDL-Hard
sleep,gru,density_hard,objective_e20_bs32_eval5,none,4.0,0.0,0.15000000000000002,0.42243873394924414,0.015215267234846562,3,0.9937376180117715,0.00017533415287954453,3,0.5927461966668393,0.014987125486232194,3,0.6596256260905563,0.018402217191831386,3,0.42131502470076404,0.015110656175628186,3,0.6728626858325066,0.020431426560417843,3,0.0858422322550693,0.006271019750934822,3,0.5634567217594836,0.02049314277597865,3,751.0,39.949968710876355,3,BDL-Hard
sleep,gru,density_hard,objective_e20_bs32_eval5,none,8.0,0.0,0.15000000000000002,0.4226077197202847,0.019707232873206724,3,0.9868234555279489,0.00039778166376507984,3,0.5916007627135103,0.01938039054336898,3,0.6596045803461715,0.023906889611640905,3,0.42023029929456485,0.019448153228754605,3,0.6733560013313884,0.026582881967926537,3,0.0956904937596405,0.008452168489532697,3,0.5596540558636207,0.026703215096974035,3,1678.6666666666667,72.80338819954287,3,BDL-Hard
sleep,gru,density_hard,objective_e20_bs32_eval5,none,4.0,0.2393167939518393,0.15000000000000002,0.4158176014076718,0.01466360149970693,3,0.99393568518857,0.00017219280828552664,3,0.5862359711927277,0.014581325385427777,3,0.6515515453998982,0.018309799359220558,3,0.41476339587902383,0.014566645497259693,3,0.6638920774273269,0.020326771239499664,3,0.0865427374260465,0.00627097057404514,3,0.5725221317681402,0.020387663094016142,3,690.0,41.569219381653056,3,BDL-Hard
sleep,gru,density_hard,objective_e20_bs32_eval5,none,8.0,0.2393167939518393,0.15000000000000002,0.4170386168771492,0.019059484220731945,3,0.9869923984607224,0.0003711636767289681,3,0.586158732312323,0.01889745806134869,3,0.6529002842701465,0.023745153894071058,3,0.4147536422035218,0.01881897909226735,3,0.6659000020936466,0.026398846972940797,3,0.09625111848272644,0.008453742987741342,3,0.5671909168634267,0.026504869284551865,3,1655.6666666666667,72.56950691119059,3,BDL-Hard
sleep,gru,density_hard,objective_e20_bs32_eval5,none,8.0,0.5,0.15000000000000002,0.4164184188492855,0.019037063394611267,3,0.9869931795707153,0.00037111274781585286,3,0.5855457968876978,0.01889270086186378,3,0.652138762711738,0.02379311136369373,3,0.4141403394537682,0.018797032921069212,3,0.6650545053140171,0.026451379875577632,3,0.09765380077214403,0.008415609097655865,3,0.5680367875085348,0.026557922867298266,3,1610.3333333333333,72.8857553526979,3,BDL-Hard
sleep,gru,density_hard,objective_e20_bs32_eval5,none,0.5,0.0,0.6000000000000001,0.8020419095235236,0.0107763304990516,3,0.4611627647990773,0.023111556649550082,3,0.5854715876047925,0.021032177216885817,3,0.7446353171475092,0.012163897059628876,3,0.4141088206116834,0.02118946745652695,3,0.8438436533023644,0.005857883548647931,3,0.17816906355154435,0.0020562902073090164,3,0.13756754146915887,0.00535914667790665,3,4447.333333333333,176.66446539509116,3,BDL-Hard
sleep,gru,density_hard,objective_e20_bs32_eval5,none,1.0,0.5,0.35000000000000003,0.4147997305028948,0.013305164960894105,3,0.9951639248590042,0.00045637760483420805,3,0.5854532219846679,0.013149363499344103,3,0.6503363458263323,0.016415462331497623,3,0.4139621654190191,0.013189949523940406,3,0.6624533896567018,0.018238820049432853,3,0.13923720256264496,0.0035053759895335426,3,0.5745486962990308,0.018399539537315573,3,1119.3333333333333,237.3021983322812,3,BDL-Hard
sleep,gru,density_hard,objective_e20_bs32_eval5,none,8.0,1.0,0.15000000000000002,0.41590152047340795,0.019064868657340965,3,0.9870017717806384,0.00037922490812063566,3,0.5850350317327965,0.01893197771013771,3,0.6514986146116324,0.02388639302337495,3,0.41363045336578574,0.018823222490901747,3,0.6643431995364922,0.026554843186983052,3,0.10265529545511316,0.008229005786828923,3,0.5687522058063231,0.026666522766505017,3,1573.6666666666667,72.96802952891997,3,BDL-Hard
sleep,gru,density_hard,objective_e20_bs32_eval5,none,4.0,0.5,0.15000000000000002,0.41456538915468394,0.014534199208400305,3,0.9939552129383952,0.00018612464319988715,3,0.5849948658030358,0.014475868124917034,3,0.6499973355573818,0.018249819613703484,3,0.41352090215425125,0.014438108136422503,3,0.6621666348346916,0.02025900405784086,3,0.08832037761744556,0.006234775130841889,3,0.5742569209977381,0.02032035808690702,3,612.6666666666666,35.85154575933,3,BDL-Hard
sleep,gru,density_hard,objective_e20_bs32_eval5,none,2.0,0.5,0.8500000000000001,0.912253853296613,0.01797576328886821,3,0.43038200965318046,0.010355434905540199,3,0.5848265409146797,0.012630972097217181,3,0.7480423879804289,0.007556709879594329,3,0.41332899882623525,0.012551070490102451,3,0.8537726124523268,0.004191965159108787,3,0.0985961484812213,0.004947701117744338,3,0.1129058790453313,0.0017101477756450991,3,4148.666666666667,161.6982786962598,3,BDL-Hard
sleep,gru,density_hard,objective_e20_bs32_eval5,none,4.0,1.0,0.15000000000000002,0.41329024651854906,0.014502379703750443,3,0.9939784230639018,0.0001735735032445849,3,0.5837279017942711,0.014471907019202557,3,0.6483982758408589,0.018330491746485978,3,0.41225616204716603,0.01440722923845795,3,0.6603915215427698,0.0203464299223523,3,0.0946905777239424,0.0060622133627976195,3,0.5760431434353067,0.02040794415710674,3,525.3333333333334,40.61198509471476,3,BDL-Hard
sleep,gru,density_hard,objective_e20_bs32_eval5,none,2.0,1.0,0.8500000000000001,0.8464709751145931,0.017515436156640914,3,0.4429568762563318,0.009823633213096806,3,0.5815565498107433,0.01189250107468485,3,0.7441415799241967,0.007211328470750713,3,0.4100620579745773,0.011766727883815737,3,0.8474566892865963,0.00422628875323693,3,0.10693957562731538,0.004796874647067614,3,0.12524055573073825,0.0018601318547422365,3,4049.6666666666665,165.69952725742266,3,BDL-Hard
sleep,gru,density_hard,objective_e20_bs32_eval5,none,16.0,0.0,0.2,0.40954449928499365,0.032613399884098906,3,0.9753991639444983,0.0009887394102782957,3,0.5763616555739431,0.0327950931249567,3,0.6423159957150416,0.042826981354942194,3,0.40534246132824503,0.03199075959319569,3,0.6550460997498734,0.0475886220440756,3,0.11167789477071859,0.01206403081934905,3,0.572495907775291,0.047540120753919585,3,2383.3333333333335,104.643840398436,3,BDL-Hard
sleep,gru,density_hard,objective_e20_bs32_eval5,none,0.25,1.0,0.5,0.4142619059136197,0.018258972416311393,3,0.9394884131259508,0.010143299971837934,3,0.5748714201901769,0.018806269638190768,3,0.6505569611783605,0.020861958900446412,3,0.4035458243515073,0.018605902311915303,3,0.6670400514609808,0.022840666425236418,3,0.2542278595089533,0.001137917319413407,3,0.5433138645555872,0.020058530204692445,3,3282.0,246.08128738284836,3,BDL-Hard
sleep,gru,density_hard,objective_e20_bs32_eval5,none,1.0,1.0,0.35000000000000003,0.40369717949984457,0.012032175072702229,3,0.9953248335175636,0.0004993148554032623,3,0.5743439206377693,0.012080269147804324,3,0.636124272431274,0.015720027366636784,3,0.4029302385259795,0.011923269074442362,3,0.6466877227704159,0.01745065154207032,3,0.15104039760426788,0.00339655802004506,3,0.590391379473888,0.01762610461437442,3,1509.3333333333333,223.5851813813548,3,BDL-Hard
sleep,gru,density_hard,objective_e20_bs32_eval5,none,16.0,0.2393167939518393,0.2,0.4051501245347498,0.031835195437780704,3,0.9755434461189211,0.0009901669360783776,3,0.5720336087815173,0.03222175544966521,3,0.6367774228218738,0.04273297003795561,3,0.4010632312247373,0.031246736194422014,3,0.6488906449884507,0.047438376657101676,3,0.11214595169157231,0.012071778339348091,3,0.5787204208315281,0.047361340363712735,3,2389.6666666666665,107.22095566321595,3,BDL-Hard
sleep,gru,density_hard,objective_e20_bs32_eval5,none,16.0,0.5,0.2,0.40460444365925735,0.031645420411525176,3,0.975543557706063,0.000990338386055679,3,0.5714938983787105,0.032052812199173844,3,0.6360956454637015,0.04258668662561481,3,0.4005286526469165,0.03106135622801036,3,0.6481336475085177,0.04727112470154349,3,0.11326123023823569,0.012034494206184722,3,0.5794774717208152,0.047194013745481496,3,2361.0,112.1739720255996,3,BDL-Hard
sleep,gru,density_hard,objective_e20_bs32_eval5,none,2.0,0.2393167939518393,0.8500000000000001,0.9116725144596668,0.017942444385729006,3,0.41618868314451674,0.00940042837521685,3,0.571462332926246,0.011493673504389004,3,0.7405060728183089,0.0068639706670951045,3,0.40009327184687016,0.011220499574024505,3,0.8506278963892714,0.0038050029759353135,3,0.09631681113932704,0.004973524515794999,3,0.10925719231725668,0.0018931404547976591,3,4286.0,167.39474304768356,3,BDL-Hard
sleep,gru,density_hard,objective_e20_bs32_eval5,none,16.0,1.0,0.2,0.4042652427449522,0.0316730906903323,3,0.9755436692932049,0.0009905098440692217,3,0.5711536756759518,0.03209688549326263,3,0.6356488949905063,0.04270247414722492,3,0.40019622615903977,0.031089056099241567,3,0.6476388098430449,0.047395121138038045,3,0.11716705169883405,0.011831758270757947,3,0.5799723627956421,0.047317805644027426,3,2333.0,105.95753866525968,3,BDL-Hard
sleep,gru,density_hard,objective_e20_bs32_eval5,none,0.25,1.0,0.55,0.46915791230585063,0.018194829867795918,3,0.7104497787561739,0.02079313969573535,3,0.5650001443964696,0.016946195494977584,3,0.6888003926301353,0.01358063731833199,3,0.3938571654215406,0.016360482835250573,3,0.7380858952732293,0.013590401733142627,3,0.2542278595089533,0.001137917319413407,3,0.3626424374063734,0.013296411906890071,3,4224.333333333333,125.6834648366018,3,BDL-Hard
sleep,gru,density_hard,objective_e20_bs32_eval5,none,2.0,0.0,0.8500000000000001,0.9104977816263622,0.018702333276810163,3,0.4044260593469519,0.010096697808863592,3,0.5600511068394947,0.012408676942150835,3,0.7340722489237939,0.00737845490419602,3,0.38900664570760624,0.011916943267790265,3,0.8479510195632054,0.004011323285068317,3,0.09547378321788107,0.0049651656249995995,3,0.10630408231193285,0.0018987652572683594,3,4431.333333333333,153.3242750947591,3,BDL-Hard
sleep,gru,density_hard,objective_e20_bs32_eval5,none,8.0,0.0,0.1,0.3834888975939543,0.03171332068252377,3,0.9893946464506475,0.00027459260388988893,3,0.5522203147602512,0.03330161842826863,3,0.6057707362730217,0.04898373035997501,3,0.38190748403519253,0.03142174445120464,3,0.6138452427647416,0.05361548743090079,3,0.0956904937596405,0.008452168489532697,3,0.620395472766784,0.05374581433620537,3,1533.6666666666667,64.25988899253824,3,BDL-Hard
sleep,gru,density_hard,objective_e20_bs32_eval5,none,8.0,0.2393167939518393,0.1,0.3788567925794036,0.030823450738629198,3,0.9895343535522539,0.00020824555530369067,3,0.5474384854581001,0.032590600016606325,3,0.5989245058583338,0.0488991588323608,3,0.3773350337013384,0.030555215002943954,3,0.6063386915733712,0.0533529974264364,3,0.09625111848272644,0.008453742987741342,3,0.6279688924694521,0.05345016612808264,3,1477.3333333333333,56.89756878227161,3,BDL-Hard
sleep,gru,density_hard,objective_e20_bs32_eval5,none,8.0,0.5,0.1,0.3784845533054643,0.030767513881362996,3,0.9895395981479213,0.00020700341177799312,3,0.5470512930861782,0.0325497126265351,3,0.5983633255953525,0.04892112206524037,3,0.37696660105598334,0.030500492686419658,3,0.6057251249137973,0.053361996564020756,3,0.09765380077214403,0.008415609097655865,3,0.6285849693686673,0.05345762565296394,3,1448.0,58.92367945062494,3,BDL-Hard
sleep,gru,density_hard,objective_e20_bs32_eval5,none,8.0,1.0,0.1,0.3779523188216396,0.030640545840270005,3,0.9895470744864258,0.00020642242945768707,3,0.5464988204429435,0.03243852682467566,3,0.5975692734542971,0.048860985115624034,3,0.37643980277557826,0.030375425199192178,3,0.6048554336967733,0.05327726996460565,3,0.10265529545511316,0.008229005786828923,3,0.629458239012414,0.05337123189921311,3,1405.3333333333333,55.07570547286099,3,BDL-Hard
sleep,gru,density_hard,objective_e20_bs32_eval5,none,16.0,0.0,0.15000000000000002,0.3781212549958047,0.03789399352684293,3,0.9786434485068859,0.0008189204192874755,3,0.5447357198177355,0.04004626588422153,3,0.5971927273041858,0.06061524993160392,3,0.3750048573967959,0.03728703035742564,3,0.6052806789738909,0.06614407096762598,3,0.11167789477071859,0.01206403081934905,3,0.6238141521115494,0.06619306084847763,3,2283.6666666666665,61.20729803980343,3,BDL-Hard
sleep,gru,density_hard,objective_e20_bs32_eval5,none,2.0,0.0,0.2,0.37370326694744316,0.013497062970564893,3,0.9969816793998755,7.33825246542429e-05,3,0.5435400157379413,0.014231990929243016,3,0.592770576957231,0.02087241391253034,3,0.37328022465404165,0.013458679935145337,3,0.5988618626875416,0.022846141182170168,3,0.09547378321788107,0.0049651656249995995,3,0.6390102616460165,0.02287065030271809,3,1278.0,189.04232330353963,3,BDL-Hard
sleep,gru,density_hard,objective_e20_bs32_eval5,none,4.0,0.0,0.1,0.37363731684095436,0.01762707195574613,3,0.9957824523863246,0.0002356616613337011,3,0.5432236941856052,0.01865235457067492,3,0.5923548435185865,0.02789058410798995,3,0.373044092119236,0.017539791291086914,3,0.5985330747038772,0.03045084753303024,3,0.0858422322550693,0.006271019750934822,3,0.638765059301474,0.03055862860742773,3,98.66666666666667,41.356176483487125,3,BDL-Hard
sleep,gru,density_hard,objective_e20_bs32_eval5,none,4.0,0.5,0.9500000000000001,0.9220671020259473,0.0024845728938846247,3,0.3836593574857006,0.024784056797825006,3,0.5415662914467877,0.024760944624544725,3,0.724055154293232,0.01389935135828729,3,0.3716003583541026,0.023516714088236218,3,0.8447463247955277,0.005619662899009489,3,0.08832037761744556,0.006234775130841889,3,0.09956913605883404,0.006249038090403844,3,2022.6666666666667,128.5197779850764,3,BDL-Hard
sleep,gru,density_hard,objective_e20_bs32_eval5,none,16.0,0.2393167939518393,0.15000000000000002,0.3743660848003907,0.03687501240768011,3,0.9787705462614625,0.0008036300892114424,3,0.540871792887703,0.039184946813936,3,0.5916079709381182,0.060275980362473836,3,0.37133139093108064,0.03630201524284166,3,0.5991615692779141,0.06558864581207759,3,0.11214595169157231,0.012071778339348091,3,0.6299940950618138,0.0656042519056297,3,2280.6666666666665,61.59816014568394,3,BDL-Hard
sleep,gru,density_hard,objective_e20_bs32_eval5,none,16.0,0.5,0.15000000000000002,0.37403791669661796,0.03684373973752718,3,0.9787705462614625,0.0008036300892114424,3,0.5405290219904663,0.039169918982154835,3,0.5911002624667626,0.060344606255154774,3,0.3710085309932731,0.03627182447334854,3,0.5986088091679506,0.06564519122192167,3,0.11326123023823569,0.012034494206184722,3,0.6305468551717773,0.06566053391231788,3,2248.6666666666665,59.601454120963574,3,BDL-Hard
sleep,gru,density_hard,objective_e20_bs32_eval5,none,16.0,1.0,0.15000000000000002,0.3737996524265981,0.036799444046146164,3,0.9787705462614625,0.0008036300892114424,3,0.5402808800767767,0.0391359032033614,3,0.5907364267533993,0.06035766286056533,3,0.3707741328733336,0.03622858186831262,3,0.5982119776671991,0.06564676689141283,3,0.11716705169883405,0.011831758270757947,3,0.6309436866725289,0.06566206594765069,3,2224.6666666666665,54.72050194701549,3,BDL-Hard
sleep,gru,density_hard,objective_e20_bs32_eval5,none,4.0,1.0,0.9500000000000001,0.8759397413394799,0.006276648096899968,3,0.39048759787029247,0.024332058794185533,3,0.5399387371508229,0.02425051116917175,3,0.7218859022563736,0.013701497103191827,3,0.37005994448227025,0.022975972676102133,3,0.8409251792631559,0.005769586396790539,3,0.0946905777239424,0.0060622133627976195,3,0.10665850678555162,0.00588138374335619,3,1860.3333333333333,133.88552324031656,3,BDL-Hard
sleep,gru,density_hard,objective_e20_bs32_eval5,none,0.25,0.2393167939518393,0.45,0.38726058396227064,0.01263643297190439,3,0.886837805634392,0.00882312110951079,3,0.5390532615385456,0.013399144617039168,3,0.6196720381111911,0.01523258577401236,3,0.3690524011844866,0.012609856450374405,3,0.6368115587669533,0.016778500930278283,3,0.2059304253721632,0.001142093694464543,3,0.5483420080806217,0.01430051283309385,3,3658.3333333333335,300.17716990692907,3,BDL-Hard
sleep,gru,density_hard,objective_e20_bs32_eval5,none,4.0,0.2393167939518393,0.9500000000000001,0.9221912290892504,0.0026857922130852424,3,0.38022928033211906,0.024421537907997535,3,0.5381642778404803,0.024542795124214003,3,0.722157385073786,0.013769421123384645,3,0.36840243165097464,0.02319766888364199,3,0.8440082075222589,0.005546687655514663,3,0.0865427374260465,0.00627097057404514,3,0.09866550319729757,0.006149976881402706,3,2066.6666666666665,124.7290396552998,3,BDL-Hard
sleep,gru,density_hard,objective_e20_bs32_eval5,none,0.5,0.2393167939518393,0.4,0.3692178613921231,0.009401523231991884,3,0.991087088631212,0.0010412752034887212,3,0.537961201688697,0.009931276834193278,3,0.5865899714434067,0.014744871290867602,3,0.36799499386248513,0.009327646275446747,3,0.592380851208376,0.01614500620379474,3,0.17949396410847543,0.002077711087660439,3,0.6426699239963528,0.016195231065172944,3,2978.6666666666665,228.42139421107933,3,BDL-Hard
sleep,gru,density_hard,objective_e20_bs32_eval5,none,4.0,0.2393167939518393,0.1,0.3682587740054371,0.0171239164882051,3,0.9959862105073577,0.00024567223935583566,3,0.5375502969668775,0.018263797799085248,3,0.58379523573494,0.028024794417029597,3,0.3677102750373901,0.017041120657083006,3,0.5891960514250897,0.030464400462746326,3,0.0865427374260465,0.00627097057404514,3,0.648199608060796,0.030577091280585143,3,76.33333333333333,70.74131277643448,3,BDL-Hard
sleep,gru,density_hard,objective_e20_bs32_eval5,none,2.0,0.2393167939518393,0.2,0.36744375682774155,0.0129343258366267,3,0.9973317282638848,7.256399526340103e-05,3,0.536943740529475,0.013773510167996793,3,0.582769478908178,0.020808229591570665,3,0.36708242253177265,0.012904860544843142,3,0.587943575367435,0.02266529807328003,3,0.09631681113932704,0.004973524515794999,3,0.6500960941098456,0.022677294512810645,3,1335.0,197.36514383244068,3,BDL-Hard
sleep,gru,density_hard,objective_e20_bs32_eval5,none,4.0,0.5,0.1,0.3671463747224337,0.01697643030182242,3,0.996010424917141,0.00023158265384342974,3,0.5363694210800483,0.01813812220392766,3,0.5819964495578916,0.02797559682968087,3,0.3666046215099812,0.016896843932709033,3,0.5872388923498151,0.03038124105481757,3,0.08832037761744556,0.006234775130841889,3,0.6501683569659042,0.030486128557741105,3,127.0,111.80787092150534,3,BDL-Hard
sleep,gru,density_hard,objective_e20_bs32_eval5,none,4.0,1.0,0.1,0.36657771069964035,0.016846452886699143,3,0.9960148884028154,0.00023478982078961691,3,0.5357647275231111,0.018013635081133694,3,0.5810789958345044,0.027862170094928106,3,0.366038224099746,0.016766950045946485,3,0.5862408851596341,0.030243400976992907,3,0.0946905777239424,0.0060622133627976195,3,0.6511685005302481,0.030350271150537872,3,176.33333333333334,108.96941466913243,3,BDL-Hard
sleep,gru,density_hard,objective_e20_bs32_eval5,none,4.0,0.0,0.9500000000000001,0.9220054665675451,0.002496764701865421,3,0.37727322535715135,0.023889209787163326,3,0.5351708308996403,0.0240848740571782,3,0.7204805471818503,0.013499485354506999,3,0.3655953867126172,0.022667080555197186,3,0.8433397360466994,0.00540465894593869,3,0.0858422322550693,0.006271019750934822,3,0.09791910747414774,0.006036695900253894,3,2107.3333333333335,120.70349345952386,3,BDL-Hard
sleep,gru,density_hard,objective_e20_bs32_eval5,none,2.0,0.5,0.2,0.3646356317052147,0.012616718731143827,3,0.9973990153104254,6.889446528095546e-05,3,0.5339517053657344,0.013488473290480555,3,0.5781688392720489,0.020648431219655303,3,0.3642887478629309,0.01258778580873861,3,0.58294336493458,0.022440973952811756,3,0.0985961484812213,0.004947701117744338,3,0.6551285103832057,0.022456571707788038,3,1525.0,193.59493795035036,3,BDL-Hard
sleep,gru,density_hard,objective_e20_bs32_eval5,none,2.0,1.0,0.2,0.36319395203334787,0.012599144796407561,3,0.9974126289417321,7.662234918243855e-05,3,0.5324057827867142,0.013497254920018357,3,0.5757642299701041,0.0208058237474761,3,0.3628515858032966,0.01257004225007302,3,0.5803377895961996,0.022584131079777595,3,0.10693957562731538,0.004796874647067614,3,0.6577406016627827,0.022601194482529476,3,1620.3333333333333,206.91141421713138,3,BDL-Hard
sleep,gru,density_hard,objective_e20_bs32_eval5,none,0.5,0.0,0.4,0.36826443874070947,0.009594031090686978,3,0.9473829802381403,0.0014281545991998777,3,0.5303178205963924,0.009910068022338557,3,0.5895770084810523,0.014218061845094058,3,0.36087983700296156,0.009209546347791005,3,0.5982004946560736,0.01581927015977869,3,0.17816906355154435,0.0020562902073090164,3,0.6159320263423479,0.015846648685666077,3,3233.0,215.36945001554886,3,BDL-Hard
sleep,gru,density_hard,objective_e20_bs32_eval5,none,0.25,0.0,0.45,0.390792097870696,0.017271072488698656,3,0.8040675968124463,0.008333801520417376,3,0.5258424080068463,0.016658445489993578,3,0.6258060086526901,0.01833607127792931,3,0.35682321388929394,0.01541944686303832,3,0.6525957586991019,0.02066830486558293,3,0.20305225643440206,0.0011290006600771889,3,0.4929412061284884,0.01874706416547787,3,4130.666666666667,271.71001699115436,3,BDL-Hard
sleep,gru,density_hard,objective_e20_bs32_eval5,none,0.5,0.5,0.4,0.34083062283149745,0.007767503695048384,3,0.9954869696346839,0.0007816063741571266,3,0.5077693024078599,0.008616997996344251,3,0.5361238358920272,0.01481152538632337,3,0.3403052306416939,0.007765345552439707,3,0.5379309493961325,0.015690745828017605,3,0.18443725835435074,0.0020783056604069495,3,0.6992257566396374,0.015612158454986454,3,3853.0,224.9066473006078,3,BDL-Hard
sleep,gru,density_hard,objective_e20_bs32_eval5,none,0.25,0.5,0.45,0.34063558552708734,0.007244552382481494,3,0.9865103420078946,0.006227223151516487,3,0.5063879894107982,0.008433163841332006,3,0.5374636496562492,0.013187554908907316,3,0.33906437848425125,0.007584106905502032,3,0.5396024485411556,0.013938666480071778,3,0.21577366492422045,0.001140921957920438,3,0.6932577420063288,0.0129476239298183,3,4482.333333333333,249.6404080539312,3,BDL-Hard
sleep,gru,density_hard,objective_e20_bs32_eval5,none,16.0,0.0,0.9500000000000001,0.8243377773037368,0.003172814936061546,3,0.3634016045784651,0.029141320493708957,3,0.5040172337891174,0.028345066668658055,3,0.7004001018231484,0.015705366211408014,3,0.3372369605601329,0.02558402008431717,3,0.8291384825505231,0.0058942487356161855,3,0.11167789477071859,0.01206403081934905,3,0.1054809373469822,0.008056051804612172,3,2843.0,373.53848529970776,3,BDL-Hard
sleep,gru,density_hard,objective_e20_bs32_eval5,none,16.0,0.2393167939518393,0.9500000000000001,0.8242849076645093,0.003172121852400425,3,0.3634061796512813,0.029140594886334668,3,0.5040118269344819,0.028343822060314678,3,0.7003953720311694,0.01570470560366345,3,0.3372320963693756,0.02558268138490972,3,0.8291326075215752,0.0058940855899185275,3,0.11214595169157231,0.012071778339348091,3,0.10548900215944701,0.008055798966379521,3,2845.0,371.84808726145144,3,BDL-Hard
sleep,gru,density_hard,objective_e20_bs32_eval5,none,16.0,0.5,0.9500000000000001,0.8241911947401923,0.0031129463999015022,3,0.3634115358340904,0.029139395853752994,3,0.5039988066369926,0.028330269784742703,3,0.7003850134796178,0.01569526132485339,3,0.3372201406427215,0.025569789724052935,3,0.8291213114431891,0.005886003422033075,3,0.11326123023823569,0.012034494206184722,3,0.10550286188682856,0.008063153009091491,3,2843.6666666666665,373.0017873058162,3,BDL-Hard
sleep,gru,density_hard,objective_e20_bs32_eval5,none,16.0,1.0,0.9500000000000001,0.8148968672056912,0.005886057786477167,3,0.36348730350341224,0.02917192769187484,3,0.5023371947146463,0.028528933356623334,3,0.6991595813556488,0.01584805881584365,3,0.33574045004815617,0.02569996269283884,3,0.8279413118790094,0.006057630316482536,3,0.11716705169883405,0.011831758270757947,3,0.10671912640242281,0.007936753818503142,3,3090.6666666666665,379.1231110514543,3,BDL-Hard
sleep,gru,density_hard,objective_e20_bs32_eval5,none,0.25,0.2393167939518393,0.55,0.6987507777137131,0.02336383767258313,3,0.39215359389823656,0.024516760288159807,3,0.5022503016136785,0.025274991890805246,3,0.6939861523311177,0.014785663080846044,3,0.3355922038556251,0.02271968333984251,3,0.8141254335771363,0.007573775262464785,3,0.2059304253721632,0.001142093694464543,3,0.13425565412785942,0.0051997732357458755,3,5397.333333333333,224.62487247260344,3,BDL-Hard
sleep,gru,density_hard,objective_e20_bs32_eval5,none,1.0,0.0,0.30000000000000004,0.33391475502707174,0.00557294461262568,3,0.9963499845898157,0.00019778546252751498,3,0.500177646714628,0.00623529354381448,3,0.5222867951961682,0.011282729999162834,3,0.33350666168148324,0.0055569430392768595,3,0.5233539343893857,0.011812661437491288,3,0.13524043152974993,0.003496512289085062,3,0.7142158395907732,0.011822868875471241,3,3478.3333333333335,186.69315288283434,3,BDL-Hard
sleep,gru,density_hard,objective_e20_bs32_eval5,none,1.0,0.2393167939518393,0.30000000000000004,0.33015706209139606,0.005758613147528291,3,0.997437178112941,0.0003260229704970867,3,0.4960832736370862,0.006500545767585711,3,0.5142199276558489,0.011991690909031572,3,0.32987747037983967,0.005762221276736961,3,0.5149461804620893,0.012461379967601688,3,0.13617939929543785,0.003515443701272389,3,0.7231439608547889,0.012404996975219046,3,3585.0,186.66279757894984,3,BDL-Hard
sleep,gru,density_hard,objective_e20_bs32_eval5,none,16.0,0.0,0.1,0.33224090884042967,0.030217116316190746,3,0.982067723129091,0.0007705286228542873,3,0.4959859556949384,0.034075607584423205,3,0.5168177645279002,0.06544980460230734,3,0.3302258088286888,0.02985978427344885,3,0.5192543925989163,0.06739207886400554,3,0.11167789477071859,0.01206403081934905,3,0.7114794113349178,0.06743976096873212,3,2188.3333333333335,124.12225156406625,3,BDL-Hard
sleep,gru,density_hard,objective_e20_bs32_eval5,none,16.0,0.2393167939518393,0.1,0.32952904842923614,0.029383847343853638,3,0.9821211733700411,0.0007665883394542004,3,0.49298409694523615,0.03326924760544818,3,0.5113456373622421,0.06494624162123226,3,0.3275534366155057,0.029043335032493543,3,0.5135508343822931,0.06654395145155975,3,0.11214595169157231,0.012071778339348091,3,0.7172085526321411,0.06657573060565772,3,2166.6666666666665,130.61521095696827,3,BDL-Hard
sleep,gru,density_hard,objective_e20_bs32_eval5,none,16.0,0.5,0.1,0.32935603951259995,0.02936931797347435,3,0.9821211733700411,0.0007665883394542004,3,0.49279037516258956,0.03326134828396135,3,0.5109793431089015,0.06500480568152939,3,0.3273824960687515,0.029029161464676007,3,0.5131738978659331,0.06658018361226295,3,0.11326123023823569,0.012034494206184722,3,0.7175854891485011,0.0666119220721937,3,2137.3333333333335,118.98039054118685,3,BDL-Hard
sleep,gru,density_hard,objective_e20_bs32_eval5,none,16.0,1.0,0.1,0.32923570294990107,0.029325615226019158,3,0.9821211733700411,0.0007665883394542004,3,0.49265672551039547,0.03321802553785477,3,0.5107357764307682,0.06497175422849187,3,0.3272636129090776,0.02898602128719073,3,0.5129204170715096,0.06653062031179559,3,0.11716705169883405,0.011831758270757947,3,0.7178389699429246,0.06656257640575101,3,2118.0,114.0570032922135,3,BDL-Hard
sleep,gru,density_hard,objective_e20_bs32_eval5,none,0.5,1.0,0.4,0.32484094549440207,0.005178952054295892,3,0.9959022969766803,0.0006699806761444805,3,0.4898753483653331,0.005885979973837261,3,0.503134392254838,0.011243040290631863,3,0.3244074245740637,0.005173478280461215,3,0.503531800356689,0.011575671616366228,3,0.20413211560073496,0.0020187280310372925,3,0.733823695294935,0.011548306438957026,3,4575.0,214.39216403590873,3,BDL-Hard
sleep,gru,density_hard,objective_e20_bs32_eval5,none,1.0,0.5,0.30000000000000004,0.3201463315746464,0.0048925026227108846,3,0.9979112002915548,0.0002255711647484624,3,0.48475662039234074,0.0056047383225872535,3,0.49209233774076705,0.011087639073566568,3,0.319932037482818,0.004892644669897681,3,0.49224063563113196,0.011285759097110994,3,0.13923720256264496,0.0035053759895335426,3,0.7460763886218421,0.011255915069970819,3,3994.6666666666665,181.32935044645507,3,BDL-Hard
sleep,gru,density_hard,objective_e20_bs32_eval5,none,1.0,1.0,0.30000000000000004,0.31555706449950965,0.004790438135870292,3,0.9979503673783472,0.00022417779038118237,3,0.4794819357962486,0.005525854635821028,3,0.4813301555093544,0.011295338138811556,3,0.31535276949018076,0.004790248327214486,3,0.4813806980303485,0.011375574964183654,3,0.15104039760426788,0.00339655802004506,3,0.7569550729059046,0.011348165998285241,3,4261.333333333333,171.10328264920372,3,BDL-Hard
sleep,gru,density_hard,objective_e20_bs32_eval5,none,8.0,0.0,0.05,0.31377703405579765,0.023523643540769672,3,0.9930526961350455,7.59930556531839e-05,3,0.4765465296374103,0.02734127156040449,3,0.4744088175990984,0.05949860335546625,3,0.3130869431847394,0.023419262622824528,3,0.4756649357763199,0.05861292805388582,3,0.0956904937596405,0.008452168489532697,3,0.7603266452003791,0.05862319697561973,3,1193.6666666666667,71.59841711471933,3,BDL-Hard
sleep,gru,density_hard,objective_e20_bs32_eval5,none,8.0,0.2393167939518393,0.05,0.3109738326186954,0.02280502044038874,3,0.9930993395603421,7.38301379473629e-05,3,0.4733256152665634,0.026618941508394795,3,0.46764074517897863,0.05909728516594364,3,0.3103009973634041,0.022708371462425624,3,0.46892849406130704,0.057795307122514426,3,0.09625111848272644,0.008453742987741342,3,0.7670854120253937,0.05778983315161935,3,1100.6666666666667,61.010927982889534,3,BDL-Hard
sleep,gru,density_hard,objective_e20_bs32_eval5,none,8.0,0.5,0.05,0.31065939671639603,0.022697663256200325,3,0.9930996743217678,7.38301379473629e-05,3,0.47296356364267034,0.0265052677818793,3,0.46688252881464365,0.05897306336793652,3,0.30998796970600057,0.022601562433713415,3,0.46817339261344365,0.05762876012710685,3,0.09765380077214403,0.008415609097655865,3,0.7678406737013196,0.05762330870736986,3,1054.0,65.0,3,BDL-Hard
sleep,gru,density_hard,objective_e20_bs32_eval5,none,8.0,1.0,0.05,0.31039285125986543,0.02264726052051312,3,0.9931001206703352,7.350764327205715e-05,3,0.4726554151495386,0.02645694993931485,3,0.46622232274280256,0.05898565815824422,3,0.3097226179551327,0.022551396979120297,3,0.4675215848563545,0.05759826453305412,3,0.10265529545511316,0.008229005786828923,3,0.768492695095825,0.0575931628529956,3,1004.6666666666666,62.13158080504095,3,BDL-Hard
sleep,gru,density_hard,objective_e20_bs32_eval5,none,0.25,0.0,0.55,0.6927303849091869,0.025947336121824652,3,0.35269771958285157,0.024433960543188853,3,0.4672931464310565,0.026555126392927147,3,0.6749865857396027,0.015407896417441695,3,0.30514358553971693,0.022737562863995652,3,0.8077143883518044,0.007577856024703792,3,0.20305225643440206,0.0011290006600771889,3,0.12178179266574203,0.005058552886015695,3,5829.666666666667,199.66555369751015,3,BDL-Hard
sleep,gru,density_hard,objective_e20_bs32_eval5,none,0.25,1.0,0.45,0.30284975157549554,0.0029112768729847457,3,0.9899070546060607,0.004666554776741891,3,0.46380038040126004,0.003683437619282958,3,0.45193588274487445,0.007066321963139127,3,0.30191913227406214,0.003125781934907151,3,0.45220858895050187,0.006919588622586792,3,0.2542278595089533,0.001137917319413407,3,0.7822773823349202,0.006596832215952917,3,6023.333333333333,195.04443938070446,3,BDL-Hard
sleep,gru,density_hard,objective_e20_bs32_eval5,none,2.0,0.0,0.15000000000000002,0.30053178562434885,0.005429269013169929,3,0.9985627576128654,2.376884702779785e-05,3,0.461996036047341,0.006405875001931157,3,0.44253642483854366,0.014788670833637845,3,0.30040182937220394,0.00542510006950363,3,0.44329050864505165,0.014265949693804248,3,0.09547378321788107,0.0049651656249995995,3,0.7953383728263462,0.01426288876936918,3,4068.6666666666665,236.2844331168122,3,BDL-Hard
sleep,gru,density_hard,objective_e20_bs32_eval5,none,2.0,0.2393167939518393,0.15000000000000002,0.29599209654721065,0.005094032441029016,3,0.9988431761003552,6.389764648080135e-06,3,0.45664403761788835,0.00605339427215293,3,0.4296678446993722,0.014543391569321214,3,0.29589063772275587,0.0050902900090327285,3,0.4310156504362049,0.013813607239386893,3,0.09631681113932704,0.004973524515794999,3,0.8077474487419747,0.013814839271634844,3,4205.666666666667,233.61150085844102,3,BDL-Hard
sleep,gru,density_hard,objective_e20_bs32_eval5,none,2.0,0.5,0.15000000000000002,0.2944805046627712,0.004911376293060937,3,0.9988916049199217,1.2399736728499991e-05,3,0.45484901612848144,0.00584935058459322,3,0.42527204142711145,0.01424193666691629,3,0.29438427531461087,0.004907348549115756,3,0.42686288622440305,0.013456765612653568,3,0.0985961484812213,0.004947701117744338,3,0.8119233926134436,0.01346108196637347,3,4372.333333333333,222.0953248795059,3,BDL-Hard
sleep,gru,density_hard,objective_e20_bs32_eval5,none,2.0,1.0,0.15000000000000002,0.2935890704740742,0.004755170131193857,3,0.9989014245884053,2.0566270088681982e-05,3,0.4537867599029081,0.00567089883368992,3,0.42265900477029844,0.01391799762749928,3,0.2934942670974754,0.004751044858064354,3,0.4244028246711906,0.013109246929791001,3,0.10693957562731538,0.004796874647067614,3,0.8143881541898143,0.013114816074397701,3,4445.0,221.2080468699093,3,BDL-Hard
sleep,gru,density_hard,objective_e20_bs32_eval5,none,4.0,0.0,0.05,0.29314187278985265,0.01424843633518802,3,0.9981860394219518,0.00010794555066648527,3,0.45306651194034336,0.01705413310592156,3,0.4196900241606348,0.04317546608069109,3,0.29298494940485464,0.01422417895836198,3,0.42224268334576703,0.04011819220493482,3,0.0858422322550693,0.006271019750934822,3,0.8162058881462851,0.04016981311699949,3,1936.0,265.7291854501496,3,BDL-Hard
sleep,gru,density_hard,objective_e20_bs32_eval5,none,4.0,0.2393167939518393,0.05,0.28953519582552606,0.013777254695341952,3,0.9983365704763186,6.537111541967486e-05,3,0.44876709535648324,0.01658937709045679,3,0.4087378030607706,0.04336063145779524,3,0.2893951483675363,0.013760353596982756,3,0.41207957758755503,0.039738820028148325,3,0.0865427374260465,0.00627097057404514,3,0.8264410431231397,0.03975823925138206,3,2127.6666666666665,267.4347272388784,3,BDL-Hard
sleep,gru,density_hard,objective_e20_bs32_eval5,none,4.0,0.5,0.05,0.2892505054227485,0.013692327416778461,3,0.998337797934879,6.677322728309049e-05,3,0.4484263803587009,0.016493715588152037,3,0.4078749143563177,0.043213074843729396,3,0.28911083924915576,0.013675525146273768,3,0.41127902477937667,0.03956412598843881,3,0.08832037761744556,0.006234775130841889,3,0.8272421834342129,0.03958354695334572,3,2177.0,265.18672666632466,3,BDL-Hard
sleep,gru,density_hard,objective_e20_bs32_eval5,none,4.0,1.0,0.05,0.28908405594305414,0.013623596022291832,3,0.9983400296777162,6.77313729055547e-05,3,0.4482275831325177,0.016414715971516454,3,0.4073746787182899,0.04306303035761706,3,0.28894474371619505,0.013606933383483464,3,0.4108132150978417,0.03940485913520095,3,0.0946905777239424,0.0060622133627976195,3,0.8277090613028294,0.039423956212484866,3,2203.6666666666665,268.8667575832559,3,BDL-Hard
sleep,gru,density_hard,objective_e20_bs32_eval5,none,16.0,0.0,0.05,0.2794176939922702,0.01235160896996006,3,0.9865598866988797,0.0009031632681484172,3,0.43539422511269077,0.015030219638962184,3,0.38147058361483777,0.04291111649025077,3,0.27835568495727775,0.012244171419654818,3,0.3867865898939247,0.03806552828518376,3,0.11167789477071859,0.01206403081934905,3,0.8460973144067673,0.03818963592189386,3,2208.6666666666665,114.7707860621915,3,BDL-Hard
sleep,gru,density_hard,objective_e20_bs32_eval5,none,16.0,0.2393167939518393,0.05,0.27802314335006034,0.011954159745544623,3,0.9865598866988797,0.0009031632681484172,3,0.43370450876493094,0.014576658488988467,3,0.3768201563276719,0.04218174646352826,3,0.27697178968060315,0.011850226185145373,3,0.38260391644384284,0.037194874795659895,3,0.11214595169157231,0.012071778339348091,3,0.8502799878568492,0.03731875318881327,3,2145.0,100.9504829111778,3,BDL-Hard
sleep,gru,density_hard,objective_e20_bs32_eval5,none,16.0,0.5,0.05,0.2779630641137802,0.011937445103056016,3,0.9865598866988797,0.0009031632681484172,3,0.43363161579096604,0.01455765409297414,3,0.3766177642527995,0.042154370803587915,3,0.27691216536031665,0.011833611150902928,3,0.382422618391447,0.037160037598341654,3,0.11326123023823569,0.012034494206184722,3,0.8504612859092452,0.03728418191651856,3,2127.0,96.96906723280368,3,BDL-Hard
sleep,gru,density_hard,objective_e20_bs32_eval5,none,16.0,1.0,0.05,0.27789926921443625,0.011924583662786785,3,0.9865598866988797,0.0009031632681484172,3,0.4335541390291695,0.014543282508578071,3,0.3764014831483342,0.04213612720372361,3,0.2768488581091581,0.01182092647622051,3,0.382229276529708,0.03713448018532514,3,0.11716705169883405,0.011831758270757947,3,0.8506546277709841,0.03725829592632015,3,2111.0,96.96906723280368,3,BDL-Hard
sleep,gru,density_hard,objective_e20_bs32_eval5,none,0.5,0.0,0.35000000000000003,0.2758113385962992,0.0010338899449868185,3,0.9718937654701624,0.0014457195691072824,3,0.4296824527951553,0.0011205690109884938,3,0.3783038044020699,0.004156289323866496,3,0.2736281797116982,0.0009092021723847606,3,0.38255771735257094,0.003688988929348307,3,0.17816906355154435,0.0020562902073090164,3,0.8433064887237899,0.004358578393110774,3,6930.666666666667,148.02815047595954,3,BDL-Hard
sleep,gru,density_hard,objective_e20_bs32_eval5,none,0.25,0.2393167939518393,0.4,0.2771474121394067,0.0010965491240890284,3,0.9477583593833515,0.000732969015465328,3,0.42887898963869997,0.0012733291233328037,3,0.3938880141995941,0.003669464710274585,3,0.2729769778203845,0.0010314221426685176,3,0.39591336725040954,0.0034035730428102874,3,0.2059304253721632,0.001142093694464543,3,0.8183988228151088,0.003626735011236122,3,7178.666666666667,166.77629727672132,3,BDL-Hard
sleep,gru,density_hard,objective_e20_bs32_eval5,none,0.5,0.2393167939518393,0.35000000000000003,0.27201570954738635,0.0019193934147848258,3,0.997014262845298,0.0002608719561758245,3,0.42741609112471246,0.0023444951747796216,3,0.35187111509502866,0.0073234149617175245,3,0.2717941179749949,0.0018972081739706938,3,0.36069411757919756,0.006273273371844325,3,0.17949396410847543,0.002077711087660439,3,0.8771936022857494,0.00639524433516084,3,7119.333333333333,204.04983051532622,3,BDL-Hard
sleep,gru,density_hard,objective_e20_bs32_eval5,none,0.25,0.0,0.4,0.2773976846983679,0.00046334748559507947,3,0.8664850920694348,0.0023418508470745636,3,0.4202541974587261,0.0006912044606742335,3,0.42777650286903895,0.0011822001258656322,3,0.26602663039850466,0.0005539840938931928,3,0.42787675599274316,0.0012065178466480028,3,0.20305225643440206,0.0011290006600771889,3,0.7475353185376604,0.0018938386053618686,3,7299.0,158.64110438344787,3,BDL-Hard
sleep,gru,density_hard,objective_e20_bs32_eval5,none,1.0,0.0,0.25,0.265945846659882,0.0012193844777052866,3,0.9985794956841442,0.00013172014885930956,3,0.4200270533205415,0.0015136444522436613,3,0.3272221756545593,0.005049003123430314,3,0.2658452332719717,0.0012122261807585722,3,0.34003190781630943,0.004165125889241782,3,0.13524043152974993,0.003496512289085062,3,0.8986049850581992,0.004207985005251684,3,7243.0,202.85955732969546,3,BDL-Hard
sleep,gru,density_hard,objective_e20_bs32_eval5,none,1.0,0.2393167939518393,0.25,0.2625622656837219,0.001258340162819261,3,0.9992789238893117,5.026217340409823e-05,3,0.41585623638542213,0.0015751582251213837,3,0.3126396431193206,0.005432743297464757,3,0.2625125090886265,0.0012548818060750145,3,0.3281479793745893,0.004391772558518504,3,0.13617939929543785,0.003515443701272389,3,0.9108236833312396,0.004412507469457128,3,7427.666666666667,209.46917036483745,3,BDL-Hard
sleep,gru,density_hard,objective_e20_bs32_eval5,none,0.5,0.5,0.35000000000000003,0.25806318022010566,0.0017420577945373296,3,0.9989525314993762,0.0002799680472157337,3,0.4101643442664839,0.0021833672905907774,3,0.2929489919031727,0.008059505497005267,3,0.25799324467888235,0.0017278791078379568,3,0.31240049837336475,0.006337044889843932,3,0.18443725835435074,0.0020783056604069495,3,0.926414941971805,0.006433153429004874,3,8006.333333333333,164.33603784116664,3,BDL-Hard
sleep,gru,density_hard,objective_e20_bs32_eval5,none,1.0,0.5,0.25,0.2572857405975663,0.0012462962597094317,3,0.999537917645565,8.047189343830113e-05,3,0.4092319203224608,0.0015713788986229217,3,0.2890139281254091,0.005817072582420579,3,0.25725511224074304,0.0012414867972408794,3,0.30935109130264987,0.004542401136057434,3,0.13923720256264496,0.0035053759895335426,3,0.9297445345139792,0.004575145326962275,3,7826.0,184.48848202530152,3,BDL-Hard
sleep,gru,density_hard,objective_e20_bs32_eval5,none,1.0,1.0,0.25,0.25646335687600424,0.001123797078164729,3,0.9995427158926647,8.175584081693686e-05,3,0.4081915442213158,0.001417721422080255,3,0.28519931389420833,0.0053085282602491944,3,0.25643324117403227,0.0011187906984715453,3,0.30637023513788586,0.004124021080336577,3,0.15104039760426788,0.00339655802004506,3,0.9327276872809683,0.004158591248295886,3,7901.333333333333,173.8658486688325,3,BDL-Hard
sleep,gru,density_hard,objective_e20_bs32_eval5,none,0.5,1.0,0.35000000000000003,0.2558093380933075,0.0016740629481101792,3,0.9989998444475242,0.0002899693600412261,3,0.4073164606154042,0.0021016994684889094,3,0.2824795004400353,0.008019293039316562,3,0.2557437012242603,0.0016576772676393002,3,0.3042181853296041,0.006211875193535199,3,0.20413211560073496,0.0020187280310372925,3,0.934619900581692,0.006325820117376479,3,8184.333333333333,162.28472920559517,3,BDL-Hard
sleep,gru,density_hard,objective_e20_bs32_eval5,none,0.25,0.2393167939518393,0.35000000000000003,0.2551557446283244,0.0007946496850057632,3,0.9893117372042467,0.00038897073695292694,3,0.40568088064904506,0.0010194194482283118,3,0.28633352634489434,0.0035818124281492263,3,0.25445434399208594,0.0008018967976631422,3,0.30629575579363305,0.0028206115919349574,3,0.2059304253721632,0.001142093694464543,3,0.9279052765878174,0.002754394157627509,3,8462.0,75.66372975210778,3,BDL-Hard
sleep,gru,density_hard,objective_e20_bs32_eval5,none,0.5,0.0,0.30000000000000004,0.2530638833887051,0.0011639935377143315,3,0.9886306092903437,0.0002467573980172173,3,0.40297529036010604,0.0014677086864033002,3,0.2769655611521398,0.00566173674905304,3,0.25232948086631407,0.001150317515145942,3,0.2989358666885431,0.004363635445308789,3,0.17816906355154435,0.0020562902073090164,3,0.9349391549956546,0.004419171458373633,3,8527.0,103.435970532499,3,BDL-Hard
sleep,gru,density_hard,objective_e20_bs32_eval5,none,0.25,0.5,0.4,0.2516658343882281,0.0019941853221098044,3,0.9987308078485039,0.0006728002895334315,3,0.40202358466999694,0.002495644889811331,3,0.2625234201637973,0.010366605214804446,3,0.2515849637259608,0.0019556968789248876,3,0.288942869723049,0.007778445249649243,3,0.21577366492422045,0.001140921957920438,3,0.9497664462355805,0.008061371814188166,3,8705.0,212.88259675229443,3,BDL-Hard
sleep,gru,density_hard,objective_e20_bs32_eval5,none,2.0,0.0,0.1,0.24892509819337008,0.0002069500510136242,3,0.999593711216494,3.0240527201474735e-05,3,0.3985906212064984,0.0002644874678183681,3,0.24792969919250607,0.0010931064368262119,3,0.2488999145698869,0.0002062476914980016,3,0.27811166635475604,0.0008046640774900466,3,0.09547378321788107,0.0049651656249995995,3,0.9610106641389088,0.0008101628235087422,3,8264.666666666666,185.00090089870753,3,BDL-Hard
sleep,gru,density_hard,objective_e20_bs32_eval5,none,0.25,1.0,0.4,0.24794647577433038,0.001266891648,3,0.9988788839857499,0.0006227778156932713,3,0.39727723198661885,0.0015849703625810127,3,0.24330256184372667,0.007113755513443897,3,0.24787726507836635,0.001234497054692233,3,0.2746484703133719,0.005167432796146605,3,0.2542278595089533,0.001137917319413407,3,0.9641317198581105,0.005420898242362306,3,8931.0,158.54652314068574,3,BDL-Hard
sleep,gru,density_hard,objective_e20_bs32_eval5,none,0.5,0.0,0.25,0.24789231974794732,0.00015738440765534085,3,0.9955550377912173,4.810907216451085e-05,3,0.39694553538963717,0.00020515254460836657,3,0.24577417895632983,0.0007931812467011342,3,0.2476182600101264,0.0001596761497257724,3,0.27607399267821847,0.0005894128761374136,3,0.17816906355154435,0.0020562902073090164,3,0.9611152930635348,0.0005693675332989498,3,8932.0,15.716233645501712,3,BDL-Hard
sleep,gru,density_hard,objective_e20_bs32_eval5,none,0.5,0.2393167939518393,0.30000000000000004,0.24763492927825473,0.0009933850340102183,3,0.9991774911773627,7.508736833578052e-05,3,0.39690143657159577,0.0012748279023170857,3,0.24142332306747272,0.005335485405116953,3,0.2475844520955379,0.0009917927111372658,3,0.2732978812722877,0.003890044879644399,3,0.17949396410847543,0.002077711087660439,3,0.9656252323306903,0.0039000483573198236,3,8922.333333333334,97.21282494266528,3,BDL-Hard
sleep,gru,density_hard,objective_e20_bs32_eval5,none,0.25,0.2393167939518393,0.30000000000000004,0.24630392969499446,0.00017639583614023185,3,0.9981585889850546,0.00010572544568864407,3,0.39511092016821264,0.00021885893856791303,3,0.23513014408868668,0.001044800736384928,3,0.2461920577135963,0.0001699564246964615,3,0.2685921700177832,0.0007452359456458142,3,0.2059304253721632,0.001142093694464543,3,0.9698432627731676,0.0007948706746312381,3,9071.0,1.7320508075688772,3,BDL-Hard
sleep,gru,density_hard,objective_e20_bs32_eval5,none,0.25,0.0,0.35000000000000003,0.25276963976305233,0.00021794134924122611,3,0.9018878982182436,0.0008082709306420104,3,0.39487000420655044,0.00022491143496194618,3,0.33267023730408546,0.001198488829946188,3,0.24600501605468736,0.00017459190689350076,3,0.3384685092039272,0.0010200924970905055,3,0.20305225643440206,0.0011290006600771889,3,0.853888537455339,0.001358461690368139,3,8520.666666666666,54.07710544521908,3,BDL-Hard
sleep,gru,density_hard,objective_e20_bs32_eval5,none,1.0,0.0,0.2,0.24597342391271396,0.0005217318575124277,3,0.9991915511572368,6.755133876970244e-05,3,0.39476608140499003,0.0006712788224635454,3,0.23244712371845444,0.002871062256394674,3,0.24592447865623548,0.000520976064923087,3,0.2667758781138722,0.002068073537974122,3,0.13524043152974993,0.003496512289085062,3,0.9721539650677188,0.0020733990304037954,3,8995.0,83.14445261110329,3,BDL-Hard
sleep,gru,density_hard,objective_e20_bs32_eval5,none,2.0,0.2393167939518393,0.1,0.2456494287007365,0.00021677150401899084,3,0.999849580532775,4.495078562589558e-05,3,0.39440008269341287,0.0002762141042561998,3,0.23011160648340692,0.0012326899563282919,3,0.2456403478221336,0.00021427381298673705,3,0.265169965655649,0.0008803460959923804,3,0.09631681113932704,0.004973524515794999,3,0.9740748324869019,0.0009001794220731774,3,8484.333333333334,180.32563138204526,3,BDL-Hard
sleep,gru,density_hard,objective_e20_bs32_eval5,none,2.0,0.5,0.1,0.24530111445281255,0.00023689691631038816,3,0.9998502500556262,4.4414065538140065e-05,3,0.3939510670004022,0.0003022008961582249,3,0.2281827264432592,0.0013524340206144513,3,0.24529209920780104,0.0002343086285465584,3,0.26378639633842565,0.0009635170683088556,3,0.0985961484812213,0.004947701117744338,3,0.9754587222602497,0.0009840235923450926,3,8559.0,184.9648615278048,3,BDL-Hard
sleep,gru,density_hard,objective_e20_bs32_eval5,none,2.0,1.0,0.1,0.24521171800930439,0.00022524410739138847,3,0.9998508079913355,4.4343359883423584e-05,3,0.3938358200622565,0.000287198772182893,3,0.2276858075084288,0.0012895853279911178,3,0.24520274303898668,0.0002226477642940085,3,0.26343055651692393,0.0009178612029511892,3,0.10693957562731538,0.004796874647067614,3,0.9758148291285217,0.0009384458788790956,3,8578.333333333334,181.265918841169,3,BDL-Hard
sleep,gru,density_hard,objective_e20_bs32_eval5,none,0.5,0.0,0.2,0.24475507708328118,0.0001680902132705893,3,0.9977361200659792,0.00012491461598097966,3,0.39308281524019395,0.00021789973766758397,3,0.22697056476394886,0.000931460320992869,3,0.24461922710462133,0.00016877177633795173,3,0.2626657879759735,0.0006668970138677385,3,0.17816906355154435,0.0020562902073090164,3,0.9755674370004623,0.0006694746941203777,3,9201.0,5.291502622129181,3,BDL-Hard
sleep,gru,density_hard,objective_e20_bs32_eval5,none,0.25,0.0,0.15000000000000002,0.24500617262706037,0.00014900837785903048,3,0.9929919927298746,0.0006821823767778355,3,0.39303638952965275,0.00023956476295333395,3,0.23242010993048592,0.00042503553184980995,3,0.2445832728259778,0.00018553292747693976,3,0.26602916193459786,0.0003401009745921145,3,0.20305225643440206,0.0011290006600771889,3,0.9699333643534862,0.000331577021990582,3,9171.666666666666,4.618802153516874,3,BDL-Hard
sleep,gru,density_hard,objective_e20_bs32_eval5,none,0.5,0.0,0.15000000000000002,0.24370245362322787,0.00022627246310419425,3,0.998888926828517,0.00011170653202426945,3,0.3918128899631208,0.00029247387346214806,3,0.22004161309968517,0.0012925150515566732,3,0.24363640997572134,0.00022615094226128036,3,0.25787147060306426,0.0009137645868309207,3,0.17816906355154435,0.0020562902073090164,3,0.9809135264102847,0.0009193607710036639,3,9290.333333333334,4.163331998932447,3,BDL-Hard
sleep,gru,density_hard,objective_e20_bs32_eval5,none,0.25,0.0,0.1,0.24371144085005,0.00015310706483104118,3,0.998145756463741,0.0001968408568790291,3,0.39176730596462955,0.00018584836985675174,3,0.22074916851183,0.0010137626447859875,3,0.24360114380349188,0.00014370229361516219,3,0.2582819481937811,0.0006982115181122761,3,0.20305225643440206,0.0011290006600771889,3,0.9801473425214513,0.0007800431152163576,3,9299.666666666666,2.3094010767586344,3,BDL-Hard
sleep,gru,density_hard,objective_e20_bs32_eval5,none,0.25,0.0,0.30000000000000004,0.2479691569260528,0.00021843189428255165,3,0.9313583971444404,0.0005194330633761111,3,0.39166073425071835,0.00030886511114893925,3,0.2941242525045147,0.0007299267565351657,3,0.24351875985422922,0.00023879068935991584,3,0.30760177472874456,0.0006212002159441407,3,0.20305225643440206,0.0011290006600771889,3,0.898860842568879,0.0005229917584387182,3,8861.333333333334,19.29594085120815,3,BDL-Hard
sleep,gru,density_hard,objective_e20_bs32_eval5,none,0.25,0.0,0.2,0.24516908068599333,0.00029880549051611294,3,0.9702720695375361,0.001161282769352913,3,0.3914310621177511,0.0004742108831144195,3,0.25197886666149955,0.0006373284447711576,3,0.2433412511987277,0.000366501262178218,3,0.27797670091701726,0.0005935876229551218,3,0.20305225643440206,0.0011290006600771889,3,0.9471113070166218,0.00019804709180874422,3,9074.333333333334,22.479620400116683,3,BDL-Hard
sleep,gru,density_hard,objective_e20_bs32_eval5,none,1.0,0.0,0.15000000000000002,0.24333445793834604,0.00010829498158138386,3,0.999489712000282,4.6032232018070584e-05,3,0.391383252568785,0.00014289146921832703,3,0.2174100864304331,0.0005887082618273948,3,0.24330423248048852,0.00011043584385487748,3,0.2560851680514644,0.00041943570217019537,3,0.13524043152974993,0.003496512289085062,3,0.9829873849242058,0.0004027301027933958,3,9278.333333333334,5.033222956846956,3,BDL-Hard
sleep,gru,density_hard,objective_e20_bs32_eval5,none,0.5,0.0,0.1,0.24326322729751312,0.000233994856587402,3,0.9992718938993748,0.0001002648192420044,3,0.3912743916883626,0.0003102798371248314,3,0.2171949407997267,0.0012537355685607208,3,0.2432201235960539,0.00023977064497903122,3,0.2559069410369276,0.0008959344674563792,3,0.17816906355154435,0.0020562902073090164,3,0.9830613568795948,0.0008487190212681426,3,9305.0,0.0,3,BDL-Hard
sleep,gru,density_hard,objective_e20_bs32_eval5,none,0.5,0.2393167939518393,0.25,0.24321336993504805,0.0001455099945604552,3,0.9996697020600994,7.750311426716411e-05,3,0.39124039030862123,0.00019163502745321803,3,0.2165546841751228,0.0007985073300563355,3,0.24319382888054694,0.00014809870320032346,3,0.2555047151914149,0.0005673661259761397,3,0.17949396410847543,0.002077711087660439,3,0.9836539870723726,0.0005493680662309201,3,9268.666666666666,8.962886439832763,3,BDL-Hard
sleep,gru,density_hard,objective_e20_bs32_eval5,none,0.25,0.0,0.05,0.24320631532849246,0.00019077940031812814,3,0.9992746835779212,0.00010143289608620934,3,0.39120099529908753,0.00025423694605548056,3,0.21686663517333435,0.0010092926314563104,3,0.2431633954590866,0.00019644185819260492,3,0.25567567853379786,0.000722897616371965,3,0.20305225643440206,0.0011290006600771889,3,0.9832939546165763,0.0006771387592116989,3,9307.0,2.0,3,BDL-Hard
sleep,gru,density_hard,objective_e20_bs32_eval5,none,0.25,0.2393167939518393,0.25,0.2431223026529847,0.00017321412698081666,3,0.9996239513319377,0.0001260145940078883,3,0.3911190514189728,0.00023367677376888443,3,0.21607211705862595,0.0008856331472140225,3,0.243100075172472,0.00018053548424239467,3,0.2551593436033112,0.0006384610140410832,3,0.2059304253721632,0.001142093694464543,3,0.983977460825307,0.0005792028499121693,3,9287.666666666666,8.082903768654798,3,BDL-Hard
sleep,gru,density_hard,objective_e20_bs32_eval5,none,1.0,0.0,0.1,0.2429615877299577,9.159639863739203e-05,3,0.9996471614574441,3.124778700353553e-05,3,0.3909128395111329,0.00011617680872812038,3,0.21512621423580805,0.0005564261756788523,3,0.24294075303086296,8.973811906041893e-05,3,0.2544968806800848,0.00038708033258835734,3,0.13524043152974993,0.003496512289085062,3,0.9846510328941802,0.0004020195760293036,3,9304.333333333334,3.055050463303695,3,BDL-Hard
sleep,gru,density_hard,objective_e20_bs32_eval5,none,0.5,0.0,0.05,0.2429064649089174,9.808463421328656e-05,3,0.9996683630143971,3.94071693793082e-05,3,0.3908431073826226,0.00012514111020704192,3,0.21478909738588228,0.0005889648634488511,3,0.24288689141453226,9.665265566399903e-05,3,0.2542626806624811,0.00041039981125311675,3,0.17816906355154435,0.0020562902073090164,3,0.9848953806890576,0.0004228318304275048,3,9307.666666666666,1.1547005383791202,3,BDL-Hard
sleep,gru,density_hard,objective_e20_bs32_eval5,none,1.0,0.0,0.05,0.24259218740336094,9.620748546443275e-05,3,0.9997450233808539,2.620207709530976e-05,3,0.39044202407442014,0.0001228160421115672,3,0.2129008470007022,0.0005796534785251848,3,0.2425771781305949,9.481496345659321e-05,3,0.2529478224792708,0.0004030661057816798,3,0.13524043152974993,0.003496512289085062,3,0.986246931098515,0.00041442056998973155,3,9309.0,0.0,3,BDL-Hard
sleep,gru,density_hard,objective_e20_bs32_eval5,none,2.0,0.0,0.05,0.24235782035800224,8.297806314210507e-05,3,0.9997770488905671,1.0059566913321552e-05,3,0.39014086036985635,0.00010688179810448067,3,0.21150882148597452,0.000491257686979743,3,0.24234472236906804,8.248061463320847e-05,3,0.2519778284953004,0.00034228394535779126,3,0.09547378321788107,0.0049651656249995995,3,0.9872322535671039,0.0003463033811588215,3,9295.666666666666,5.773502691896389,3,BDL-Hard
sleep,gru,density_hard,objective_e20_bs32_eval5,none,1.0,0.2393167939518393,0.2,0.24232253395941147,0.0005340941029400019,3,0.9999341635863036,1.8819230195651983e-05,3,0.39010690274623205,0.0006917876411697846,3,0.21115109760842765,0.003129889727451047,3,0.24231866671925084,0.0005337060357991779,3,0.2517509722638815,0.0021826022974413897,3,0.13617939929543785,0.003515443701272389,3,0.9875343101690556,0.0021856979204408432,3,9148.666666666666,80.16441438277569,3,BDL-Hard
sleep,gru,density_hard,objective_e20_bs32_eval5,none,0.5,0.5,0.30000000000000004,0.24143537566791473,0.0009613231596521817,3,0.999959047518938,2.815248718519943e-05,3,0.3889579074754135,0.0012481683412775377,3,0.2058914788088739,0.005720073884052262,3,0.24143298878207287,0.0009613805636256726,3,0.24810223212645285,0.00395509357095856,3,0.18443725835435074,0.0020783056604069495,3,0.9911949605924422,0.003954546097012629,3,9390.666666666666,88.34213792598285,3,BDL-Hard
sleep,gru,density_hard,objective_e20_bs32_eval5,none,0.5,1.0,0.30000000000000004,0.24128242392742785,0.0008859338203163496,3,0.999959828628931,2.7321536880015012e-05,3,0.3887595529772159,0.0011504726585639096,3,0.20498824942386262,0.005283804443670671,3,0.24128008529113945,0.0008859467071396312,3,0.2474750727862677,0.0036491973569675344,3,0.20413211560073496,0.0020187280310372925,3,0.9918224937981058,0.0036490258862000233,3,9402.666666666666,82.28203530135465,3,BDL-Hard
sleep,gru,density_hard,objective_e20_bs32_eval5,none,0.25,0.0,0.25,0.244428511280224,0.00038925174127594125,3,0.9471323555175267,0.0010235136835896293,3,0.38857624408409963,0.0005590937494016137,3,0.26631163829516713,0.0014068115145342871,3,0.24113856034931383,0.0004306884474762495,3,0.28668675178835884,0.0011455354293669498,3,0.20305225643440206,0.0011290006600771889,3,0.9273258118008182,0.000987342839550803,3,9094.333333333334,12.055427546683177,3,BDL-Hard
sleep,gru,density_hard,objective_e20_bs32_eval5,none,1.0,0.5,0.2,0.24111196078764108,0.00046470329692640747,3,0.9999767898744935,1.8681767191653985e-05,3,0.38853993350114596,0.0006029161550132417,3,0.20397797880097004,0.0027808145178704626,3,0.2411106102999114,0.0004642594021525632,3,0.24677161818379142,0.001918824808481161,3,0.13923720256264496,0.0035053759895335426,3,0.992534066622401,0.001922497061054273,3,9358.0,77.272245987806,3,BDL-Hard
sleep,gru,density_hard,objective_e20_bs32_eval5,none,1.0,1.0,0.2,0.24100244330742374,0.0004616435753321533,3,0.9999771246359191,1.860663309421114e-05,3,0.38839775187527636,0.0005989370519841874,3,0.2033248300854413,0.002768370891451005,3,0.24100111330183446,0.000461123223241859,3,0.24632044266527206,0.001908426774800552,3,0.15104039760426788,0.00339655802004506,3,0.9929854023689826,0.0019127248270380524,3,9369.333333333334,75.579979712443,3,BDL-Hard
sleep,gru,density_hard,objective_e20_bs32_eval5,none,0.25,0.5,0.35000000000000003,0.24054725644676034,0.0006585622696246465,3,0.999989845570091,1.2748800435641907e-05,3,0.387807224906779,0.0008558518864830296,3,0.20057829106298405,0.003975565217829843,3,0.2405466682075438,0.0006583794092725665,3,0.24443231518013478,0.002729240431816798,3,0.21577366492422045,0.001140921957920438,3,0.9948796185204841,0.0027307666954905167,3,9487.333333333334,45.72016331262729,3,BDL-Hard
sleep,gru,density_hard,objective_e20_bs32_eval5,none,0.25,1.0,0.35000000000000003,0.2403287164163168,0.0006434383771074785,3,0.9999918541386443,1.2953724464940969e-05,3,0.3875233299041856,0.0008364329311079473,3,0.1992601421967978,0.0038974224482361207,3,0.24032824522531546,0.0006432435191960688,3,0.24352681299120582,0.0026709675277648633,3,0.2542278595089533,0.001137917319413407,3,0.9957860820777862,0.0026726076703812896,3,9500.666666666666,43.9810565281617,3,BDL-Hard
sleep,gru,density_hard,objective_e20_bs32_eval5,none,0.5,0.2393167939518393,0.2,0.23987499627821307,4.870498825367202e-05,3,0.999985047322991,1.9362218090573574e-05,3,0.38693304102712195,6.405964165931378e-05,3,0.19653107897200459,0.0002880715249094376,3,0.23987413602245256,4.923994342742154e-05,3,0.24165158386507687,0.00019801323903462792,3,0.17949396410847543,0.002077711087660439,3,0.9976580532333168,0.0001941950287931829,3,9472.0,2.0,3,BDL-Hard
sleep,gru,density_hard,objective_e20_bs32_eval5,none,1.0,0.2393167939518393,0.15000000000000002,0.23968141477536017,4.570631295567008e-05,3,0.9999991073028651,1.0227130483143802e-06,3,0.3866822066365782,5.944066085593035e-05,3,0.1953378020246337,0.00027963805924328575,3,0.2396813634840973,4.567383173473445e-05,3,0.2408385065633687,0.0001907150197743173,3,0.13617939929543785,0.003515443701272389,3,0.998477860113638,0.00019098721823124288,3,9509.333333333334,2.3094010767586344,3,BDL-Hard
sleep,gru,density_hard,objective_e20_bs32_eval5,none,0.5,0.5,0.25,0.23947555905380793,0.0001286641772050811,3,0.999999218890007,1.3529221942263425e-06,3,0.3864142603662691,0.00016740595171493941,3,0.19407811007144593,0.0007894181890337707,3,0.23947551420826754,0.00012859441016854168,3,0.23997997790134565,0.0005375168453210524,3,0.18443725835435074,0.0020783056604069495,3,0.9993364421850152,0.0005380986651048951,3,9563.0,11.0,3,BDL-Hard
sleep,gru,density_hard,objective_e20_bs32_eval5,none,0.5,1.0,0.25,0.23947550780176588,0.00012858444419563627,3,0.999999218890007,1.3529221942263425e-06,3,0.3864141936592735,0.00016730219184719195,3,0.19407779676821135,0.0007889307607814429,3,0.23947546295628305,0.00012851468761740468,3,0.2399797642639294,0.0005371844444158665,3,0.20413211560073496,0.0020187280310372925,3,0.9993366558224315,0.0005377661782561275,3,9563.0,11.0,3,BDL-Hard
sleep,gru,density_hard,objective_e20_bs32_eval5,none,0.25,0.5,0.30000000000000004,0.23941110812902777,0.00013396773317502885,3,1.0,0.0,3,0.3863304092892023,0.00017441122715679963,3,0.19368218274086665,0.0008212671235918348,3,0.23941110812902777,0.00013396773317502885,3,0.23971052771005472,0.0005591849490794996,3,0.21577366492422045,0.001140921957920438,3,0.9996062662417846,0.0005591849490794384,3,9572.0,9.539392014169456,3,BDL-Hard
sleep,gru,density_hard,objective_e20_bs32_eval5,none,0.25,1.0,0.30000000000000004,0.23940690084920177,0.0001267476025411539,3,1.0,0.0,3,0.38632493285860336,0.00016501313243726896,3,0.19365644074347368,0.0007770927461097045,3,0.23940690084920177,0.0001267476025411539,3,0.23969298273724224,0.0005290764601621023,3,0.2542278595089533,0.001137917319413407,3,0.9996238112145971,0.0005290764601621286,3,9572.666666666666,8.386497083606228,3,BDL-Hard
sleep,gru,density_hard,objective_e20_bs32_eval5,none,1.0,0.5,0.15000000000000002,0.23940162228227432,6.247727709710833e-05,3,0.999999330477149,8.85695480601094e-07,3,0.38631801881215505,8.127747336878971e-05,3,0.1936251337454825,0.0003840811359981174,3,0.2394015838922504,6.242688478915797e-05,3,0.23967143206287433,0.0002613148057093391,3,0.13923720256264496,0.0035053759895335426,3,0.9996450414328405,0.0002617354005354737,3,9566.0,8.717797887081348,3,BDL-Hard
sleep,gru,density_hard,objective_e20_bs32_eval5,none,1.0,1.0,0.15000000000000002,0.23939986436541258,6.475623264619186e-05,3,0.999999330477149,8.85695480601094e-07,3,0.3863157298250044,8.424526796627295e-05,3,0.19361433812538276,0.0003980763261689444,3,0.23939982597539378,6.470606495438512e-05,3,0.2396640882766895,0.00027083437797562136,3,0.15104039760426788,0.00339655802004506,3,0.9996523852190253,0.00027125310764152053,3,9566.0,8.717797887081348,3,BDL-Hard
sleep,gru,density_hard,objective_e20_bs32_eval5,none,0.25,0.2393167939518393,0.2,0.23936137540124836,3.3717197270553716e-05,3,1.0,0.0,3,0.3862656682040612,4.390174444278336e-05,3,0.19337758180029893,0.00020698630116599998,3,0.23936137540124836,3.3717197270553716e-05,3,0.23950303236948675,0.0001408305850018784,3,0.2059304253721632,0.001142093694464543,3,0.9998137615823525,0.00014083058500184167,3,9568.0,7.211102550927978,3,BDL-Hard
sleep,gru,density_hard,objective_e20_bs32_eval5,none,2.0,0.2393167939518393,0.05,0.23936094863966914,2.5161599830343214e-05,3,0.9999996652385744,3.347614255799769e-07,3,0.3862650879073946,3.273718022264435e-05,3,0.19337530159370453,0.00015480130980823683,3,0.2393609294572642,2.5142416945091253e-05,3,0.23950143008886463,0.00010527475497308724,3,0.09631681113932704,0.004973524515794999,3,0.9998152036349124,0.00010543497556131963,3,9562.0,4.0,3,BDL-Hard
sleep,gru,density_hard,objective_e20_bs32_eval5,none,2.0,0.5,0.05,0.2393475541025987,1.0633669875697304e-05,3,0.9999996652385744,3.347614255799769e-07,3,0.3862476474606318,1.3829681693375454e-05,3,0.19329307473984572,6.551542083448603e-05,3,0.2393475349242801,1.0621044305994283e-05,3,0.2394454837904747,4.4537805449801335e-05,3,0.0985961484812213,0.004947701117744338,3,0.9998711499333024,4.4643886776869234e-05,3,9567.333333333334,4.618802153516874,3,BDL-Hard
sleep,gru,density_hard,objective_e20_bs32_eval5,none,2.0,1.0,0.05,0.23934744542147057,1.0492789442552206e-05,3,0.9999996652385744,3.347614255799769e-07,3,0.3862475059492116,1.3646023914486039e-05,3,0.1932924074406915,6.465329758532827e-05,3,0.23934742624316938,1.0479994185069465e-05,3,0.23944502981096508,4.395087679111067e-05,3,0.10693957562731538,0.004796874647067614,3,0.9998716039128119,4.405837131543056e-05,3,9567.333333333334,4.618802153516874,3,BDL-Hard
sleep,gru,density_hard,objective_e20_bs32_eval5,none,1.0,0.2393167939518393,0.1,0.23931985529973168,5.302410089274479e-06,3,1.0,0.0,3,0.3862116051221469,6.9045506639028145e-06,3,0.19312261757017166,3.257672541972282e-05,3,0.23931985529973168,5.302410089274479e-06,3,0.23932958549213942,2.2155597706896517e-05,3,0.13617939929543785,0.003515443701272389,3,0.9999872084596998,2.2155597706908538e-05,3,9576.666666666666,2.3094010767582405,3,BDL-Hard
sleep,gru,density_hard,objective_e20_bs32_eval5,none,0.5,0.2393167939518393,0.15000000000000002,0.23931905638670567,3.918652137336658e-06,3,1.0,0.0,3,0.3862105648206309,5.102695582927031e-06,3,0.19311770953261517,2.4075755006477062e-05,3,0.23931905638670567,3.918652137336658e-06,3,0.23932624740750996,1.637386552868405e-05,3,0.17949396410847543,0.002077711087660439,3,0.9999905465443293,1.6373865528700076e-05,3,9577.333333333334,1.1547005383795141,3,BDL-Hard
sleep,gru,density_hard,objective_e20_bs32_eval5,none,0.5,0.5,0.2,0.23931817440530892,2.3910155469116e-06,3,1.0,0.0,3,0.3862094163472833,3.113481393714854e-06,3,0.1931122909347398,1.4690468180535994e-05,3,0.23931817440530892,2.3910155469116e-06,3,0.23932256216207903,9.990833203938194e-06,3,0.18443725835435074,0.0020783056604069495,3,0.9999942317897603,9.990833203930181e-06,3,9577.333333333334,1.1547005383791202,3,BDL-Hard
sleep,gru,density_hard,objective_e20_bs32_eval5,none,0.5,1.0,0.2,0.23931817440530892,2.3910155469116e-06,3,1.0,0.0,3,0.3862094163472833,3.113481393714854e-06,3,0.1931122909347398,1.4690468180535994e-05,3,0.23931817440530892,2.3910155469116e-06,3,0.23932256216207903,9.990833203938194e-06,3,0.20413211560073496,0.0020187280310372925,3,0.9999942317897603,9.990833203930181e-06,3,9577.333333333334,1.1547005383791202,3,BDL-Hard
sleep,gru,density_hard,objective_e20_bs32_eval5,none,0.25,0.0,0.0,0.23931679395183933,0.0,3,1.0,0.0,3,0.38620761877796256,0.0,3,0.19310380938898128,0.0,3,0.23931679395183933,0.0,3,0.23931679395183933,0.0,3,0.20305225643440206,0.0011290006600771889,3,1.0,0.0,3,9578.0,0.0,3,BDL-Hard
sleep,gru,density_hard,objective_e20_bs32_eval5,none,0.25,0.2393167939518393,0.0,0.23931679395183933,0.0,3,1.0,0.0,3,0.38620761877796256,0.0,3,0.19310380938898128,0.0,3,0.23931679395183933,0.0,3,0.23931679395183933,0.0,3,0.2059304253721632,0.001142093694464543,3,1.0,0.0,3,9578.0,0.0,3,BDL-Hard
sleep,gru,density_hard,objective_e20_bs32_eval5,none,0.25,0.2393167939518393,0.05,0.23931679395183933,0.0,3,1.0,0.0,3,0.38620761877796256,0.0,3,0.19310380938898128,0.0,3,0.23931679395183933,0.0,3,0.23931679395183933,0.0,3,0.2059304253721632,0.001142093694464543,3,1.0,0.0,3,9578.0,0.0,3,BDL-Hard
sleep,gru,density_hard,objective_e20_bs32_eval5,none,0.25,0.2393167939518393,0.1,0.23931679395183933,0.0,3,1.0,0.0,3,0.38620761877796256,0.0,3,0.19310380938898128,0.0,3,0.23931679395183933,0.0,3,0.23931679395183933,0.0,3,0.2059304253721632,0.001142093694464543,3,1.0,0.0,3,9578.0,0.0,3,BDL-Hard
sleep,gru,density_hard,objective_e20_bs32_eval5,none,0.25,0.2393167939518393,0.15000000000000002,0.23931679395183933,0.0,3,1.0,0.0,3,0.38620761877796256,0.0,3,0.19310380938898128,0.0,3,0.23931679395183933,0.0,3,0.23931679395183933,0.0,3,0.2059304253721632,0.001142093694464543,3,1.0,0.0,3,9578.0,0.0,3,BDL-Hard
sleep,gru,density_hard,objective_e20_bs32_eval5,none,0.25,0.5,0.0,0.23931679395183933,0.0,3,1.0,0.0,3,0.38620761877796256,0.0,3,0.19310380938898128,0.0,3,0.23931679395183933,0.0,3,0.23931679395183933,0.0,3,0.21577366492422045,0.001140921957920438,3,1.0,0.0,3,9578.0,0.0,3,BDL-Hard
sleep,gru,density_hard,objective_e20_bs32_eval5,none,0.25,0.5,0.05,0.23931679395183933,0.0,3,1.0,0.0,3,0.38620761877796256,0.0,3,0.19310380938898128,0.0,3,0.23931679395183933,0.0,3,0.23931679395183933,0.0,3,0.21577366492422045,0.001140921957920438,3,1.0,0.0,3,9578.0,0.0,3,BDL-Hard
sleep,gru,density_hard,objective_e20_bs32_eval5,none,0.25,0.5,0.1,0.23931679395183933,0.0,3,1.0,0.0,3,0.38620761877796256,0.0,3,0.19310380938898128,0.0,3,0.23931679395183933,0.0,3,0.23931679395183933,0.0,3,0.21577366492422045,0.001140921957920438,3,1.0,0.0,3,9578.0,0.0,3,BDL-Hard
sleep,gru,density_hard,objective_e20_bs32_eval5,none,0.25,0.5,0.15000000000000002,0.23931679395183933,0.0,3,1.0,0.0,3,0.38620761877796256,0.0,3,0.19310380938898128,0.0,3,0.23931679395183933,0.0,3,0.23931679395183933,0.0,3,0.21577366492422045,0.001140921957920438,3,1.0,0.0,3,9578.0,0.0,3,BDL-Hard
sleep,gru,density_hard,objective_e20_bs32_eval5,none,0.25,0.5,0.2,0.23931679395183933,0.0,3,1.0,0.0,3,0.38620761877796256,0.0,3,0.19310380938898128,0.0,3,0.23931679395183933,0.0,3,0.23931679395183933,0.0,3,0.21577366492422045,0.001140921957920438,3,1.0,0.0,3,9578.0,0.0,3,BDL-Hard
sleep,gru,density_hard,objective_e20_bs32_eval5,none,0.25,0.5,0.25,0.23931679395183933,0.0,3,1.0,0.0,3,0.38620761877796256,0.0,3,0.19310380938898128,0.0,3,0.23931679395183933,0.0,3,0.23931679395183933,0.0,3,0.21577366492422045,0.001140921957920438,3,1.0,0.0,3,9578.0,0.0,3,BDL-Hard
sleep,gru,density_hard,objective_e20_bs32_eval5,none,0.25,1.0,0.0,0.23931679395183933,0.0,3,1.0,0.0,3,0.38620761877796256,0.0,3,0.19310380938898128,0.0,3,0.23931679395183933,0.0,3,0.23931679395183933,0.0,3,0.2542278595089533,0.001137917319413407,3,1.0,0.0,3,9578.0,0.0,3,BDL-Hard
sleep,gru,density_hard,objective_e20_bs32_eval5,none,0.25,1.0,0.05,0.23931679395183933,0.0,3,1.0,0.0,3,0.38620761877796256,0.0,3,0.19310380938898128,0.0,3,0.23931679395183933,0.0,3,0.23931679395183933,0.0,3,0.2542278595089533,0.001137917319413407,3,1.0,0.0,3,9578.0,0.0,3,BDL-Hard
sleep,gru,density_hard,objective_e20_bs32_eval5,none,0.25,1.0,0.1,0.23931679395183933,0.0,3,1.0,0.0,3,0.38620761877796256,0.0,3,0.19310380938898128,0.0,3,0.23931679395183933,0.0,3,0.23931679395183933,0.0,3,0.2542278595089533,0.001137917319413407,3,1.0,0.0,3,9578.0,0.0,3,BDL-Hard
sleep,gru,density_hard,objective_e20_bs32_eval5,none,0.25,1.0,0.15000000000000002,0.23931679395183933,0.0,3,1.0,0.0,3,0.38620761877796256,0.0,3,0.19310380938898128,0.0,3,0.23931679395183933,0.0,3,0.23931679395183933,0.0,3,0.2542278595089533,0.001137917319413407,3,1.0,0.0,3,9578.0,0.0,3,BDL-Hard
sleep,gru,density_hard,objective_e20_bs32_eval5,none,0.25,1.0,0.2,0.23931679395183933,0.0,3,1.0,0.0,3,0.38620761877796256,0.0,3,0.19310380938898128,0.0,3,0.23931679395183933,0.0,3,0.23931679395183933,0.0,3,0.2542278595089533,0.001137917319413407,3,1.0,0.0,3,9578.0,0.0,3,BDL-Hard
sleep,gru,density_hard,objective_e20_bs32_eval5,none,0.25,1.0,0.25,0.23931679395183933,0.0,3,1.0,0.0,3,0.38620761877796256,0.0,3,0.19310380938898128,0.0,3,0.23931679395183933,0.0,3,0.23931679395183933,0.0,3,0.2542278595089533,0.001137917319413407,3,1.0,0.0,3,9578.0,0.0,3,BDL-Hard
sleep,gru,density_hard,objective_e20_bs32_eval5,none,0.5,0.0,0.0,0.23931679395183933,0.0,3,1.0,0.0,3,0.38620761877796256,0.0,3,0.19310380938898128,0.0,3,0.23931679395183933,0.0,3,0.23931679395183933,0.0,3,0.17816906355154435,0.0020562902073090164,3,1.0,0.0,3,9578.0,0.0,3,BDL-Hard
sleep,gru,density_hard,objective_e20_bs32_eval5,none,0.5,0.2393167939518393,0.0,0.23931679395183933,0.0,3,1.0,0.0,3,0.38620761877796256,0.0,3,0.19310380938898128,0.0,3,0.23931679395183933,0.0,3,0.23931679395183933,0.0,3,0.17949396410847543,0.002077711087660439,3,1.0,0.0,3,9578.0,0.0,3,BDL-Hard
sleep,gru,density_hard,objective_e20_bs32_eval5,none,0.5,0.2393167939518393,0.05,0.23931679395183933,0.0,3,1.0,0.0,3,0.38620761877796256,0.0,3,0.19310380938898128,0.0,3,0.23931679395183933,0.0,3,0.23931679395183933,0.0,3,0.17949396410847543,0.002077711087660439,3,1.0,0.0,3,9578.0,0.0,3,BDL-Hard
sleep,gru,density_hard,objective_e20_bs32_eval5,none,0.5,0.2393167939518393,0.1,0.23931679395183933,0.0,3,1.0,0.0,3,0.38620761877796256,0.0,3,0.19310380938898128,0.0,3,0.23931679395183933,0.0,3,0.23931679395183933,0.0,3,0.17949396410847543,0.002077711087660439,3,1.0,0.0,3,9578.0,0.0,3,BDL-Hard
sleep,gru,density_hard,objective_e20_bs32_eval5,none,0.5,0.5,0.0,0.23931679395183933,0.0,3,1.0,0.0,3,0.38620761877796256,0.0,3,0.19310380938898128,0.0,3,0.23931679395183933,0.0,3,0.23931679395183933,0.0,3,0.18443725835435074,0.0020783056604069495,3,1.0,0.0,3,9578.0,0.0,3,BDL-Hard
sleep,gru,density_hard,objective_e20_bs32_eval5,none,0.5,0.5,0.05,0.23931679395183933,0.0,3,1.0,0.0,3,0.38620761877796256,0.0,3,0.19310380938898128,0.0,3,0.23931679395183933,0.0,3,0.23931679395183933,0.0,3,0.18443725835435074,0.0020783056604069495,3,1.0,0.0,3,9578.0,0.0,3,BDL-Hard
sleep,gru,density_hard,objective_e20_bs32_eval5,none,0.5,0.5,0.1,0.23931679395183933,0.0,3,1.0,0.0,3,0.38620761877796256,0.0,3,0.19310380938898128,0.0,3,0.23931679395183933,0.0,3,0.23931679395183933,0.0,3,0.18443725835435074,0.0020783056604069495,3,1.0,0.0,3,9578.0,0.0,3,BDL-Hard
sleep,gru,density_hard,objective_e20_bs32_eval5,none,0.5,0.5,0.15000000000000002,0.23931679395183933,0.0,3,1.0,0.0,3,0.38620761877796256,0.0,3,0.19310380938898128,0.0,3,0.23931679395183933,0.0,3,0.23931679395183933,0.0,3,0.18443725835435074,0.0020783056604069495,3,1.0,0.0,3,9578.0,0.0,3,BDL-Hard
sleep,gru,density_hard,objective_e20_bs32_eval5,none,0.5,1.0,0.0,0.23931679395183933,0.0,3,1.0,0.0,3,0.38620761877796256,0.0,3,0.19310380938898128,0.0,3,0.23931679395183933,0.0,3,0.23931679395183933,0.0,3,0.20413211560073496,0.0020187280310372925,3,1.0,0.0,3,9578.0,0.0,3,BDL-Hard
sleep,gru,density_hard,objective_e20_bs32_eval5,none,0.5,1.0,0.05,0.23931679395183933,0.0,3,1.0,0.0,3,0.38620761877796256,0.0,3,0.19310380938898128,0.0,3,0.23931679395183933,0.0,3,0.23931679395183933,0.0,3,0.20413211560073496,0.0020187280310372925,3,1.0,0.0,3,9578.0,0.0,3,BDL-Hard
sleep,gru,density_hard,objective_e20_bs32_eval5,none,0.5,1.0,0.1,0.23931679395183933,0.0,3,1.0,0.0,3,0.38620761877796256,0.0,3,0.19310380938898128,0.0,3,0.23931679395183933,0.0,3,0.23931679395183933,0.0,3,0.20413211560073496,0.0020187280310372925,3,1.0,0.0,3,9578.0,0.0,3,BDL-Hard
sleep,gru,density_hard,objective_e20_bs32_eval5,none,0.5,1.0,0.15000000000000002,0.23931679395183933,0.0,3,1.0,0.0,3,0.38620761877796256,0.0,3,0.19310380938898128,0.0,3,0.23931679395183933,0.0,3,0.23931679395183933,0.0,3,0.20413211560073496,0.0020187280310372925,3,1.0,0.0,3,9578.0,0.0,3,BDL-Hard
sleep,gru,density_hard,objective_e20_bs32_eval5,none,1.0,0.0,0.0,0.23931679395183933,0.0,3,1.0,0.0,3,0.38620761877796256,0.0,3,0.19310380938898128,0.0,3,0.23931679395183933,0.0,3,0.23931679395183933,0.0,3,0.13524043152974993,0.003496512289085062,3,1.0,0.0,3,9578.0,0.0,3,BDL-Hard
sleep,gru,density_hard,objective_e20_bs32_eval5,none,1.0,0.2393167939518393,0.0,0.23931679395183933,0.0,3,1.0,0.0,3,0.38620761877796256,0.0,3,0.19310380938898128,0.0,3,0.23931679395183933,0.0,3,0.23931679395183933,0.0,3,0.13617939929543785,0.003515443701272389,3,1.0,0.0,3,9578.0,0.0,3,BDL-Hard
sleep,gru,density_hard,objective_e20_bs32_eval5,none,1.0,0.2393167939518393,0.05,0.23931679395183933,0.0,3,1.0,0.0,3,0.38620761877796256,0.0,3,0.19310380938898128,0.0,3,0.23931679395183933,0.0,3,0.23931679395183933,0.0,3,0.13617939929543785,0.003515443701272389,3,1.0,0.0,3,9578.0,0.0,3,BDL-Hard
sleep,gru,density_hard,objective_e20_bs32_eval5,none,1.0,0.5,0.0,0.23931679395183933,0.0,3,1.0,0.0,3,0.38620761877796256,0.0,3,0.19310380938898128,0.0,3,0.23931679395183933,0.0,3,0.23931679395183933,0.0,3,0.13923720256264496,0.0035053759895335426,3,1.0,0.0,3,9578.0,0.0,3,BDL-Hard
sleep,gru,density_hard,objective_e20_bs32_eval5,none,1.0,0.5,0.05,0.23931679395183933,0.0,3,1.0,0.0,3,0.38620761877796256,0.0,3,0.19310380938898128,0.0,3,0.23931679395183933,0.0,3,0.23931679395183933,0.0,3,0.13923720256264496,0.0035053759895335426,3,1.0,0.0,3,9578.0,0.0,3,BDL-Hard
sleep,gru,density_hard,objective_e20_bs32_eval5,none,1.0,0.5,0.1,0.23931679395183933,0.0,3,1.0,0.0,3,0.38620761877796256,0.0,3,0.19310380938898128,0.0,3,0.23931679395183933,0.0,3,0.23931679395183933,0.0,3,0.13923720256264496,0.0035053759895335426,3,1.0,0.0,3,9578.0,0.0,3,BDL-Hard
sleep,gru,density_hard,objective_e20_bs32_eval5,none,1.0,1.0,0.0,0.23931679395183933,0.0,3,1.0,0.0,3,0.38620761877796256,0.0,3,0.19310380938898128,0.0,3,0.23931679395183933,0.0,3,0.23931679395183933,0.0,3,0.15104039760426788,0.00339655802004506,3,1.0,0.0,3,9578.0,0.0,3,BDL-Hard
sleep,gru,density_hard,objective_e20_bs32_eval5,none,1.0,1.0,0.05,0.23931679395183933,0.0,3,1.0,0.0,3,0.38620761877796256,0.0,3,0.19310380938898128,0.0,3,0.23931679395183933,0.0,3,0.23931679395183933,0.0,3,0.15104039760426788,0.00339655802004506,3,1.0,0.0,3,9578.0,0.0,3,BDL-Hard
sleep,gru,density_hard,objective_e20_bs32_eval5,none,1.0,1.0,0.1,0.23931679395183933,0.0,3,1.0,0.0,3,0.38620761877796256,0.0,3,0.19310380938898128,0.0,3,0.23931679395183933,0.0,3,0.23931679395183933,0.0,3,0.15104039760426788,0.00339655802004506,3,1.0,0.0,3,9578.0,0.0,3,BDL-Hard
sleep,gru,density_hard,objective_e20_bs32_eval5,none,2.0,0.0,0.0,0.23931679395183933,0.0,3,1.0,0.0,3,0.38620761877796256,0.0,3,0.19310380938898128,0.0,3,0.23931679395183933,0.0,3,0.23931679395183933,0.0,3,0.09547378321788107,0.0049651656249995995,3,1.0,0.0,3,9578.0,0.0,3,BDL-Hard
sleep,gru,density_hard,objective_e20_bs32_eval5,none,2.0,0.2393167939518393,0.0,0.23931679395183933,0.0,3,1.0,0.0,3,0.38620761877796256,0.0,3,0.19310380938898128,0.0,3,0.23931679395183933,0.0,3,0.23931679395183933,0.0,3,0.09631681113932704,0.004973524515794999,3,1.0,0.0,3,9578.0,0.0,3,BDL-Hard
sleep,gru,density_hard,objective_e20_bs32_eval5,none,2.0,0.5,0.0,0.23931679395183933,0.0,3,1.0,0.0,3,0.38620761877796256,0.0,3,0.19310380938898128,0.0,3,0.23931679395183933,0.0,3,0.23931679395183933,0.0,3,0.0985961484812213,0.004947701117744338,3,1.0,0.0,3,9578.0,0.0,3,BDL-Hard
sleep,gru,density_hard,objective_e20_bs32_eval5,none,2.0,1.0,0.0,0.23931679395183933,0.0,3,1.0,0.0,3,0.38620761877796256,0.0,3,0.19310380938898128,0.0,3,0.23931679395183933,0.0,3,0.23931679395183933,0.0,3,0.10693957562731538,0.004796874647067614,3,1.0,0.0,3,9578.0,0.0,3,BDL-Hard
sleep,gru,density_hard,objective_e20_bs32_eval5,none,4.0,0.0,0.0,0.23931679395183933,0.0,3,1.0,0.0,3,0.38620761877796256,0.0,3,0.19310380938898128,0.0,3,0.23931679395183933,0.0,3,0.23931679395183933,0.0,3,0.0858422322550693,0.006271019750934822,3,1.0,0.0,3,9578.0,0.0,3,BDL-Hard
sleep,gru,density_hard,objective_e20_bs32_eval5,none,4.0,0.2393167939518393,0.0,0.23931679395183933,0.0,3,1.0,0.0,3,0.38620761877796256,0.0,3,0.19310380938898128,0.0,3,0.23931679395183933,0.0,3,0.23931679395183933,0.0,3,0.0865427374260465,0.00627097057404514,3,1.0,0.0,3,9578.0,0.0,3,BDL-Hard
sleep,gru,density_hard,objective_e20_bs32_eval5,none,4.0,0.5,0.0,0.23931679395183933,0.0,3,1.0,0.0,3,0.38620761877796256,0.0,3,0.19310380938898128,0.0,3,0.23931679395183933,0.0,3,0.23931679395183933,0.0,3,0.08832037761744556,0.006234775130841889,3,1.0,0.0,3,9578.0,0.0,3,BDL-Hard
sleep,gru,density_hard,objective_e20_bs32_eval5,none,4.0,1.0,0.0,0.23931679395183933,0.0,3,1.0,0.0,3,0.38620761877796256,0.0,3,0.19310380938898128,0.0,3,0.23931679395183933,0.0,3,0.23931679395183933,0.0,3,0.0946905777239424,0.0060622133627976195,3,1.0,0.0,3,9578.0,0.0,3,BDL-Hard
sleep,gru,density_hard,objective_e20_bs32_eval5,none,8.0,0.0,0.0,0.23931679395183933,0.0,3,1.0,0.0,3,0.38620761877796256,0.0,3,0.19310380938898128,0.0,3,0.23931679395183933,0.0,3,0.23931679395183933,0.0,3,0.0956904937596405,0.008452168489532697,3,1.0,0.0,3,9578.0,0.0,3,BDL-Hard
sleep,gru,density_hard,objective_e20_bs32_eval5,none,8.0,0.2393167939518393,0.0,0.23931679395183933,0.0,3,1.0,0.0,3,0.38620761877796256,0.0,3,0.19310380938898128,0.0,3,0.23931679395183933,0.0,3,0.23931679395183933,0.0,3,0.09625111848272644,0.008453742987741342,3,1.0,0.0,3,9578.0,0.0,3,BDL-Hard
sleep,gru,density_hard,objective_e20_bs32_eval5,none,8.0,0.5,0.0,0.23931679395183933,0.0,3,1.0,0.0,3,0.38620761877796256,0.0,3,0.19310380938898128,0.0,3,0.23931679395183933,0.0,3,0.23931679395183933,0.0,3,0.09765380077214403,0.008415609097655865,3,1.0,0.0,3,9578.0,0.0,3,BDL-Hard
sleep,gru,density_hard,objective_e20_bs32_eval5,none,8.0,1.0,0.0,0.23931679395183933,0.0,3,1.0,0.0,3,0.38620761877796256,0.0,3,0.19310380938898128,0.0,3,0.23931679395183933,0.0,3,0.23931679395183933,0.0,3,0.10265529545511316,0.008229005786828923,3,1.0,0.0,3,9578.0,0.0,3,BDL-Hard
sleep,gru,density_hard,objective_e20_bs32_eval5,none,16.0,0.0,0.0,0.23931679395183933,0.0,3,1.0,0.0,3,0.38620761877796256,0.0,3,0.19310380938898128,0.0,3,0.23931679395183933,0.0,3,0.23931679395183933,0.0,3,0.11167789477071859,0.01206403081934905,3,1.0,0.0,3,9578.0,0.0,3,BDL-Hard
sleep,gru,density_hard,objective_e20_bs32_eval5,none,16.0,0.2393167939518393,0.0,0.23931679395183933,0.0,3,1.0,0.0,3,0.38620761877796256,0.0,3,0.19310380938898128,0.0,3,0.23931679395183933,0.0,3,0.23931679395183933,0.0,3,0.11214595169157231,0.012071778339348091,3,1.0,0.0,3,9578.0,0.0,3,BDL-Hard
sleep,gru,density_hard,objective_e20_bs32_eval5,none,16.0,0.5,0.0,0.23931679395183933,0.0,3,1.0,0.0,3,0.38620761877796256,0.0,3,0.19310380938898128,0.0,3,0.23931679395183933,0.0,3,0.23931679395183933,0.0,3,0.11326123023823569,0.012034494206184722,3,1.0,0.0,3,9578.0,0.0,3,BDL-Hard
sleep,gru,density_hard,objective_e20_bs32_eval5,none,16.0,1.0,0.0,0.23931679395183933,0.0,3,1.0,0.0,3,0.38620761877796256,0.0,3,0.19310380938898128,0.0,3,0.23931679395183933,0.0,3,0.23931679395183933,0.0,3,0.11716705169883405,0.011831758270757947,3,1.0,0.0,3,9578.0,0.0,3,BDL-Hard
sleep,gru,density_hard,objective_e20_bs32_eval5,none,0.25,1.0,0.6000000000000001,0.4158501359557654,0.004571876410616476,3,0.35968340942460536,0.015475789066946266,3,0.38566787382142625,0.010830785940443231,3,0.6046252559366843,0.005299116345058007,3,0.23893970802649048,0.008333649885330415,3,0.7258946494081816,0.0008050610434285429,3,0.2542278595089533,0.001137917319413407,3,0.20694511740230573,0.006603173946374456,3,7155.333333333333,88.93443277681236,3,BDL-Hard
sleep,gru,density_hard,objective_e20_bs32_eval5,none,0.5,1.0,0.65,0.5875634685571515,0.015467526045407543,3,0.27972463864177916,0.016987972628146743,3,0.37892566703997055,0.01842712031992206,3,0.6228778783226715,0.01025656252193622,3,0.2338561087310338,0.014039529148996215,3,0.7806903233786843,0.0040940101628473505,3,0.20413211560073496,0.0020187280310372925,3,0.11387849008765116,0.004484602658779079,3,6853.666666666667,155.00107526508742,3,BDL-Hard
sleep,gru,density_hard,objective_e20_bs32_eval5,none,1.0,1.0,0.75,0.6995515831510399,0.027596597551129344,3,0.22613245884722002,0.01170914170947162,3,0.34171523007331733,0.015631702102845414,3,0.6089401104259627,0.00891708349478116,3,0.2061366437701596,0.011325799071246543,3,0.7915466558480678,0.004199606798319806,3,0.15104039760426788,0.00339655802004506,3,0.07737114031961867,0.0030852195517800714,3,7042.333333333333,158.0706593056832,3,BDL-Hard
sleep,gru,density_hard,objective_e20_bs32_eval5,none,1.0,0.5,0.75,0.8454727401573919,0.04506351310993114,3,0.1892437583174266,0.011406868426995037,3,0.30917879548274807,0.01704698584677828,3,0.5953249655559351,0.00970001499946049,3,0.1829370242602756,0.01187941251919797,3,0.7976613325676568,0.004445632195397298,3,0.13923720256264496,0.0035053759895335426,3,0.05360029251235038,0.0028022780903254594,3,7311.333333333333,129.4076247109627,3,BDL-Hard
sleep,gru,density_hard,objective_e20_bs32_eval5,none,0.5,0.5,0.65,0.7532917495688617,0.041948042981063055,3,0.1823195529908367,0.018833093467687263,3,0.2934197197573701,0.026697489883334882,3,0.5850693076782655,0.014850022691498132,3,0.17212528836612342,0.018311613245701283,3,0.7900709820997482,0.0057400105683548175,3,0.18443725835435074,0.0020783056604069495,3,0.05787648574141157,0.0042170611250096504,3,7416.666666666667,208.50979193633398,3,BDL-Hard
sleep,gru,density_hard,objective_e20_bs32_eval5,none,1.0,0.2393167939518393,0.75,0.8307375820757019,0.05178736758688211,3,0.15905765105049252,0.01261982998897931,3,0.266890245641004,0.019364256036093812,3,0.5724965852432508,0.01087317132513433,3,0.15409068824899788,0.012845687070075645,3,0.7909657757131857,0.004594177226240997,3,0.13617939929543785,0.003515443701272389,3,0.045847764540803464,0.0030120667326821405,3,7642.666666666667,146.8888468650132,3,BDL-Hard
sleep,gru,density_hard,objective_e20_bs32_eval5,none,0.25,1.0,0.65,0.37051268513952107,0.007500360694200404,3,0.2083685669733751,0.007708421719519815,3,0.26670102306322896,0.0077531590381584,3,0.5490492766879501,0.004090758882059374,3,0.15388445569292475,0.0051746437660291356,3,0.7258366468496599,0.0021053971277055846,3,0.2542278595089533,0.001137917319413407,3,0.13457875401531524,0.0037035996466092684,3,8470.333333333334,71.15007613020056,3,BDL-Hard
sleep,gru,density_hard,objective_e20_bs32_eval5,none,1.0,0.0,0.75,0.8285523411748303,0.0523289305976558,3,0.15384084058147612,0.0120855894882636,3,0.25939821841677185,0.018685748902682115,3,0.568474927834428,0.010487215319372146,3,0.1491158649625758,0.012292021605155329,3,0.7898513361311289,0.004438767112157753,3,0.13524043152974993,0.003496512289085062,3,0.04446526341066154,0.002939485718772014,3,7708.666666666667,145.77494069054976,3,BDL-Hard
sleep,gru,density_hard,objective_e20_bs32_eval5,none,0.5,0.2393167939518393,0.65,0.7103318052472284,0.05043704576361897,3,0.13390088785425291,0.017862751171769577,3,0.22516131124307037,0.02714838529916333,3,0.5483876690757131,0.014927458835257902,3,0.12703868511372404,0.017231643038709242,3,0.7797310112655284,0.005302078985701597,3,0.17949396410847543,0.002077711087660439,3,0.04504165715980165,0.004081578415894163,3,7949.333333333333,202.4458775409699,3,BDL-Hard
sleep,gru,density_hard,objective_e20_bs32_eval5,none,0.5,0.0,0.65,0.7046911588236769,0.05040718841676,3,0.1272663627479271,0.015813924383741858,3,0.21546598931874864,0.024423496881340007,3,0.5432303202425536,0.013454966229359539,3,0.12088050775433141,0.015316938961615862,3,0.7784281434823069,0.004877574826488207,3,0.17816906355154435,0.0020562902073090164,3,0.04316901838734514,0.003601322032301856,3,8033.333333333333,176.73237771651625,3,BDL-Hard
sleep,gru,density_hard,objective_e20_bs32_eval5,none,0.25,1.0,0.7000000000000001,0.3663371165123315,0.008472939815146933,3,0.15202118905919318,0.0019049239699732003,3,0.21487084944449641,0.003341425174400441,3,0.5274156335460619,0.0023099185570744523,3,0.12036973276942929,0.0020961275857406376,3,0.7341182478826397,0.001970860088722111,3,0.2542278595089533,0.001137917319413407,3,0.09932740532230622,0.0011059591321314498,3,8848.333333333334,29.2631736715846,3,BDL-Hard
sleep,gru,density_hard,objective_e20_bs32_eval5,none,0.5,1.0,0.7000000000000001,0.48097080484771504,0.01619760405060077,3,0.12354928346548598,0.003342920578285936,3,0.19656727766290308,0.004719270636683147,3,0.5271621521231552,0.002690669064160228,3,0.10900124300619345,0.002902173132746555,3,0.7583064096779459,0.002025712388503428,3,0.20413211560073496,0.0020187280310372925,3,0.061511633198229033,0.002293407346278307,3,8545.0,44.23799272118933,3,BDL-Hard
sleep,gru,density_hard,objective_e20_bs32_eval5,none,0.25,0.5,0.6000000000000001,0.6215019580675459,0.056823481627176216,3,0.11282319262864267,0.01739926654836968,3,0.19086238726199165,0.027253526666331622,3,0.528867042079436,0.015030548140104362,3,0.10566620908237884,0.01664026500274069,3,0.7713655308419792,0.005395783667704613,3,0.21577366492422045,0.001140921957920438,3,0.043318644692776576,0.003594624663384859,3,8202.666666666666,148.73578363438102,3,BDL-Hard
sleep,gru,density_hard,objective_e20_bs32_eval5,none,2.0,1.0,0.9,0.6973060245197814,0.03834995355873239,3,0.10385404134035797,0.006494202573547226,3,0.18078188392702552,0.011124033612456737,3,0.525105402960461,0.0063720228744497944,3,0.09940073301913016,0.006705816730688473,3,0.7747580663079267,0.002833254864371745,3,0.10693957562731538,0.004796874647067614,3,0.035633172165266486,0.00031825567163468307,3,8040.0,99.69453345093702,3,BDL-Hard
sleep,gru,density_hard,objective_e20_bs32_eval5,none,0.25,1.0,0.75,0.3659689509840269,0.007686794175959833,3,0.11305495912228232,0.0008207250365560058,3,0.1727397787284124,0.001692852582471704,3,0.5095494454856595,0.0012987529127215542,3,0.09453548054037852,0.0010139943583256986,3,0.7408490015014438,0.0014664045737387585,3,0.2542278595089533,0.001137917319413407,3,0.07394610526171864,0.0012322912200153076,3,9050.333333333334,18.147543451755098,3,BDL-Hard
sleep,gru,density_hard,objective_e20_bs32_eval5,none,0.25,1.0,0.8,0.3973290669739748,0.011378450873845968,3,0.08901038496894419,0.001524565829940332,3,0.14543692641676206,0.002780327073075441,3,0.49939407626198923,0.00180366827326536,3,0.07842274297075455,0.0016168027813642696,3,0.7496622659495286,0.0013444201267517459,3,0.2542278595089533,0.001137917319413407,3,0.05362430001700554,0.0006677277811574743,3,9084.666666666666,25.929391302792638,3,BDL-Hard
sleep,gru,density_hard,objective_e20_bs32_eval5,none,2.0,0.5,0.9,0.8922910727177765,0.04451655624381017,3,0.07714398512945113,0.005360688365196066,3,0.14200699180436607,0.009640257091019046,3,0.506903156618852,0.005419375924952927,3,0.07644959072426923,0.005572461521357232,3,0.7769297173491528,0.0021438239507702546,3,0.0985961484812213,0.004947701117744338,3,0.020677191086705172,0.0004552670617593744,3,8323.666666666666,77.2161468433473,3,BDL-Hard
sleep,gru,density_hard,objective_e20_bs32_eval5,none,1.0,1.0,0.8,0.5341428456213305,0.04839315850413097,3,0.07817571984307277,0.0033973766655355088,3,0.13636593656941576,0.006768628268080684,3,0.49949963764398814,0.0044318679692420355,3,0.07318147592362506,0.003890326066161385,3,0.7629691798117769,0.0033754975076291044,3,0.15104039760426788,0.00339655802004506,3,0.035131551511826536,0.001754266399248311,3,8734.666666666666,37.554404979088005,3,BDL-Hard
sleep,gru,density_hard,objective_e20_bs32_eval5,none,0.5,1.0,0.75,0.4314199446137892,0.021326369253525553,3,0.07972934761916557,0.001113637422756449,3,0.1345652201472882,0.00238149025276413,3,0.4957826689103248,0.001814693585812241,3,0.07213728040325879,0.0013678248602227042,3,0.7545572599548627,0.002142386611627501,3,0.20413211560073496,0.0020187280310372925,3,0.04428708980547886,0.0018627495237260258,3,8962.333333333334,15.885003409925016,3,BDL-Hard
sleep,gru,density_hard,objective_e20_bs32_eval5,none,2.0,0.2393167939518393,0.9,0.8855051671832329,0.05124876171073444,3,0.06776419315912795,0.006098012532506256,3,0.12588798070131754,0.011041413916199018,3,0.4983279263076952,0.0061603757056291,3,0.06719669907783496,0.0062710455941116985,3,0.7748264302811383,0.002309914390303314,3,0.09631681113932704,0.004973524515794999,3,0.018290994670173737,0.000620271900790422,3,8451.666666666666,87.00766249781326,3,BDL-Hard
sleep,gru,density_hard,objective_e20_bs32_eval5,none,2.0,0.0,0.9,0.8865416502603947,0.05222902627998376,3,0.06547777262245182,0.0056627167800174785,3,0.12194453123110395,0.010317170941636459,3,0.49624804033346864,0.0057724557702156605,3,0.06495263983223419,0.005834341726394008,3,0.7743673768828933,0.002206089346931927,3,0.09547378321788107,0.0049651656249995995,3,0.017655690403492717,0.0005080857054197166,3,8493.666666666666,89.36628745412544,3,BDL-Hard
sleep,gru,density_hard,objective_e20_bs32_eval5,none,0.25,0.2393167939518393,0.6000000000000001,0.5397706580084973,0.07094966410511012,3,0.06770415927680819,0.013020858174047693,3,0.120249789425308,0.022101837792121954,3,0.4917124674076246,0.012152893035586006,3,0.06406919397702618,0.012507716616196075,3,0.763184312689977,0.004310061597153525,3,0.2059304253721632,0.001142093694464543,3,0.029904378028844467,0.0026935846899994154,3,8708.666666666666,102.50040650325921,3,BDL-Hard
sleep,gru,density_hard,objective_e20_bs32_eval5,none,0.25,1.0,0.8500000000000001,0.39153065254512737,0.011147187111710968,3,0.06230055193232106,0.0006881223929892994,3,0.10749274137576648,0.0013970818752511891,3,0.48188002990217466,0.0009994471741131565,3,0.05679950111952367,0.0007803184933587669,3,0.7524080141376697,0.0010208079617736183,3,0.2542278595089533,0.001137917319413407,3,0.03809432861023734,0.0007810872770620021,3,9208.0,10.14889156509222,3,BDL-Hard
sleep,gru,density_hard,objective_e20_bs32_eval5,none,0.25,0.0,0.6000000000000001,0.5294703422630629,0.07472739834038233,3,0.059547808729819185,0.011531252073329579,3,0.10700092527782208,0.01995987025878487,3,0.4849702678391757,0.010995574120893222,3,0.05660274228413432,0.011123523067573388,3,0.7623558801989733,0.003992033202895964,3,0.20305225643440206,0.0011290006600771889,3,0.026828907193342716,0.0024081097399194255,3,8808.666666666666,93.98049443013898,3,BDL-Hard
sleep,gru,density_hard,objective_e20_bs32_eval5,none,0.5,1.0,0.8,0.4094479277123239,0.016611858292898768,3,0.05862453671808379,0.00025020910390541166,3,0.10255317518328418,0.0008483948015622904,3,0.4801571130605125,0.0008721791893283192,3,0.05404812423655505,0.00047124877579960296,3,0.7544420025687764,0.0014032695820228047,3,0.20413211560073496,0.0020187280310372925,3,0.034300875827951806,0.0013214776436790128,3,9155.0,14.0,3,BDL-Hard
sleep,gru,density_hard,objective_e20_bs32_eval5,none,0.25,1.0,0.9,0.38905330455658743,0.005373396996529,3,0.048674534452864814,0.0014393119691504383,3,0.08652259586892526,0.0024076421528773585,3,0.47220638103421053,0.0012458959668214167,3,0.0452185666568913,0.0013143625217987465,3,0.75404386253885,0.00021434480701108477,3,0.2542278595089533,0.001137917319413407,3,0.029936610574026648,0.00047635398686667843,3,9258.0,4.358898943540674,3,BDL-Hard
sleep,gru,density_hard,objective_e20_bs32_eval5,none,0.5,1.0,0.8500000000000001,0.4077049689209827,0.027858476375492314,3,0.048235996985361775,0.0013816618473952629,3,0.08625646899780372,0.0028328606747912706,3,0.4725295489417487,0.0019896809362603706,3,0.045073640850971076,0.0015459283921350452,3,0.755402569801753,0.0018389592330453005,3,0.20413211560073496,0.0020187280310372925,3,0.02836800454962242,0.001199866868567835,3,9201.333333333334,16.196707484341527,3,BDL-Hard
sleep,gru,density_hard,objective_e20_bs32_eval5,none,1.0,1.0,0.8500000000000001,0.4589110265036582,0.04827033579393332,3,0.04675925275000931,0.0011320268001247951,3,0.08483759295497721,0.002721038633747826,3,0.472876500348742,0.002211775283034418,3,0.0442992625447578,0.0014825206124690188,3,0.7585306755556923,0.002660813469914533,3,0.15104039760426788,0.00339655802004506,3,0.024533079403900333,0.002120414897348379,3,9114.333333333334,3.0550504633038438,3,BDL-Hard
sleep,gru,density_hard,objective_e20_bs32_eval5,none,0.5,1.0,0.9,0.41089646244884265,0.0296783115415524,3,0.03809718927611858,0.00015748488268739561,3,0.06971080547054721,0.000622517519956827,3,0.4648634596834585,0.0008402175591061019,3,0.03611424875725319,0.0003341451251456079,3,0.7566509066344672,0.0016622992054777408,3,0.20413211560073496,0.0020187280310372925,3,0.022266893805967664,0.0016253153622924929,3,9236.666666666666,13.203534880225527,3,BDL-Hard
sleep,gru,density_hard,objective_e20_bs32_eval5,none,1.0,1.0,0.9,0.425750874066187,0.033028933606820084,3,0.03390564146649607,0.0005868323868241279,3,0.06279394246706166,0.001218073867533269,3,0.461855470427971,0.0009960794657747055,3,0.03241496667990535,0.0006493940893571783,3,0.7577806212917886,0.0015255343176888607,3,0.15104039760426788,0.00339655802004506,3,0.01913096358165692,0.0014351113323410204,3,9230.666666666666,11.150485789118228,3,BDL-Hard
sleep,gru,density_hard,objective_e20_bs32_eval5,none,0.25,1.0,0.9500000000000001,0.3952660525216816,0.01328700224450666,3,0.03371114507823709,0.0009605024035616869,3,0.06212112140080168,0.0017256410650255726,3,0.46107087808025565,0.0009605927260561952,3,0.03205679152673251,0.0009194969913029124,3,0.7563991082346969,0.0006400597542959741,3,0.2542278595089533,0.001137917319413407,3,0.02041938413460183,0.000623768767110956,3,9286.333333333334,5.033222956846956,3,BDL-Hard
sleep,gru,density_hard,objective_e20_bs32_eval5,none,1.0,0.5,0.8,0.7180087228939138,0.14997498211810417,3,0.031325077223881524,0.0030671903283449914,3,0.06000811840440729,0.0061669679786311065,3,0.4628776078128413,0.003923618113024265,3,0.030939082114432342,0.0032713943933904512,3,0.7650511298428397,0.0027754973581764326,3,0.13923720256264496,0.0035053759895335426,3,0.010625310308347157,0.0013265246248837024,3,9146.333333333334,34.53018003621351,3,BDL-Hard
sleep,gru,density_hard,objective_e20_bs32_eval5,none,0.5,1.0,0.9500000000000001,0.4097479948626372,0.008781079985702843,3,0.029469717816203927,0.0004809652671653808,3,0.05498456965818204,0.0009070847848900747,3,0.45796842195429255,0.0005383841127526985,3,0.02826962648837779,0.00047967684616133924,3,0.7575745680037805,0.0003273248856262088,3,0.20413211560073496,0.0020187280310372925,3,0.017213834817258827,0.00018796809643765097,3,9283.0,5.291502622129181,3,BDL-Hard
sleep,gru,density_hard,objective_e20_bs32_eval5,none,1.0,1.0,0.9500000000000001,0.4305381903584355,0.013262564577024601,3,0.026812493207132738,0.0006022645845961722,3,0.05047944522996609,0.0011057009313145984,3,0.45610292894359755,0.0006083840577542146,3,0.0258934813174429,0.000581757165851845,3,0.758605849221548,0.00044748983483638044,3,0.15104039760426788,0.00339655802004506,3,0.014910716650985681,0.00046025746076237183,3,9260.333333333334,12.055427546683177,3,BDL-Hard
sleep,gru,density_hard,objective_e20_bs32_eval5,none,2.0,1.0,0.9500000000000001,0.46383095992716655,0.015850808915336457,3,0.02596521203900283,0.000923799270243129,3,0.04917570885818056,0.0017103553037818523,3,0.4558266381219252,0.0009255248070027912,3,0.025208182138556957,0.0008991055775565047,3,0.7597096069327905,0.00044805018236967104,3,0.10693957562731538,0.004796874647067614,3,0.013401421714277903,0.0004413044904741312,3,9181.666666666666,14.189197769195133,3,BDL-Hard
sleep,gru,density_hard,objective_e20_bs32_eval5,none,0.5,0.5,0.7000000000000001,0.5144678012116158,0.12660577540280982,3,0.02429363665396582,0.0038800562130776903,3,0.04635226437332458,0.007413183549491348,3,0.4547811119593981,0.004374511767913966,3,0.02373583097457865,0.0038825640766963995,3,0.7607406211037876,0.002846605539718634,3,0.18443725835435074,0.0020783056604069495,3,0.011570335419289065,0.0019841041855184504,3,9262.333333333334,53.52880844305535,3,BDL-Hard
sleep,gru,density_hard,objective_e20_bs32_eval5,none,1.0,0.2393167939518393,0.8,0.6775718503619076,0.17032676104179478,3,0.02363984758981816,0.002631463279784252,3,0.04566242754208536,0.005314037361706904,3,0.4553167749013273,0.0034556250156001353,3,0.023369693789443854,0.0027784208742017125,3,0.763417070655021,0.002624929973817198,3,0.13617939929543785,0.003515443701272389,3,0.008580960462550642,0.001381313022085405,3,9241.0,30.512292604784715,3,BDL-Hard
sleep,gru,density_hard,objective_e20_bs32_eval5,none,1.0,0.0,0.8,0.6725815709700869,0.16882821391017508,3,0.022911964663476614,0.0022870428566338524,3,0.04428910900805458,0.004662853488400556,3,0.45459110893199206,0.0031104931387761683,3,0.022649911718741127,0.0024352110820243904,3,0.7632552136075071,0.002537349807055119,3,0.13524043152974993,0.003496512289085062,3,0.008394428293455774,0.0014463113220096612,3,9248.333333333334,26.57693235370329,3,BDL-Hard
sleep,gru,density_hard,objective_e20_bs32_eval5,none,0.5,0.2393167939518393,0.7000000000000001,0.4424162779802662,0.10984012316882068,3,0.01719814506462346,0.002211006953984529,3,0.03306185620194344,0.0042062567495520795,3,0.44779077532493455,0.0024572121944729315,3,0.016811896091012152,0.0021765756679200266,3,0.7592688996476692,0.002339883604305267,3,0.17949396410847543,0.002077711087660439,3,0.009645916278060206,0.002235515142813762,3,9344.333333333334,35.85154575932989,3,BDL-Hard
sleep,gru,density_hard,objective_e20_bs32_eval5,none,0.5,0.0,0.7000000000000001,0.4352268228095055,0.10575351888114923,3,0.01657481929020312,0.0022505316841838685,3,0.03188385457787187,0.004248361151155402,3,0.44717797163352024,0.002379915688415839,3,0.016203350042857764,0.0021962298334659677,3,0.7591595439952078,0.0022584945363258555,3,0.17816906355154435,0.0020562902073090164,3,0.009456927278678046,0.0023028601476503398,3,9354.333333333334,37.647487742654555,3,BDL-Hard
sleep,gru,density_hard,objective_e20_bs32_eval5,none,0.25,0.5,0.65,0.2459449784136617,0.08421029024439441,3,0.007981828257122663,0.0020167946598790678,3,0.015426345515080245,0.0038810146073838077,3,0.438147287402584,0.002341840765695999,3,0.00777570048730889,0.0019729959040442396,3,0.7561925475578253,0.002832931194751466,3,0.21577366492422045,0.001140921957920438,3,0.008311029587073056,0.002752460687351304,3,9437.666666666666,42.09908945967032,3,BDL-Hard
sleep,gru,density_hard,objective_e20_bs32_eval5,none,0.25,0.2393167939518393,0.65,0.18866731352051694,0.0727823845076584,3,0.005325831106611917,0.0019100014409526537,3,0.010333279723387415,0.0036864943341077604,3,0.43557158246901023,0.002161770126049159,3,0.005195775646004341,0.0018644402020226106,3,0.7559472918039286,0.002697985282930242,3,0.2059304253721632,0.001142093694464543,3,0.007285035895358684,0.0026909705017335826,3,9474.333333333334,41.645327869202106,3,BDL-Hard
sleep,gru,density_hard,objective_e20_bs32_eval5,none,0.25,0.0,0.65,0.17773743970653277,0.0697252913767762,3,0.0047076383407170545,0.0017816097840332831,3,0.009150348875201842,0.0034444041452470404,3,0.43504406749423796,0.0020053614344874965,3,0.00459820958275695,0.0017398082221378294,3,0.7561077335035596,0.002520806915389978,3,0.20305225643440206,0.0011290006600771889,3,0.006828706374171407,0.002529340602216199,3,9480.666666666666,40.066611203511165,3,BDL-Hard
sleep,gru,density_hard,objective_e20_bs32_eval5,none,1.0,0.5,0.8500000000000001,0.49203946917003655,0.30161219247074383,3,0.0025983065981700156,0.00016144989774830506,3,0.0051516870112793675,0.00030810271637521174,3,0.43430007560170963,0.0006134347049333678,3,0.002582511553479002,0.00015484017420853177,3,0.7598599008551479,0.0019428831164119095,3,0.13923720256264496,0.0035053759895335426,3,0.002066942002568776,0.0019707381956111506,3,9528.666666666666,13.012814197295201,3,BDL-Hard
sleep,gru,density_hard,objective_e20_bs32_eval5,none,0.5,0.5,0.75,0.1831725665335495,0.08709797335426128,3,0.0023675443888070955,0.0003771840832314257,3,0.0046607296863697785,0.000725792464666994,3,0.4334905588743671,0.0005506069799280114,3,0.0023358965410741656,0.00036459477968621315,3,0.758102706401517,0.001869222347849993,3,0.18443725835435074,0.0020783056604069495,3,0.0037136859119796754,0.001961990659039804,3,9517.333333333334,5.131601439446944,3,BDL-Hard
sleep,gru,density_hard,objective_e20_bs32_eval5,none,1.0,0.2393167939518393,0.8500000000000001,0.45836733957167825,0.29331101012248123,3,0.0021387907479976246,0.00011066941352728448,3,0.004241995718772371,0.00018427004048981777,3,0.43382013875429787,0.0005377800507746084,3,0.002125511748852509,9.253154056757951e-05,3,0.7597558327287395,0.0019356643400267872,3,0.13617939929543785,0.003515443701272389,3,0.0019510704089105602,0.001987952700157028,3,9537.333333333334,13.613718571108347,3,BDL-Hard
sleep,gru,density_hard,objective_e20_bs32_eval5,none,1.0,0.0,0.8500000000000001,0.45563164838710035,0.29614487722631955,3,0.002087014314175383,4.699117250464126e-05,3,0.0041401986513279225,6.146547454870825e-05,3,0.43376641505786645,0.0006045659599669692,3,0.002074394159901315,3.086053357910824e-05,3,0.7597441093755207,0.001951599241972528,3,0.13524043152974993,0.003496512289085062,3,0.0019380118218400675,0.0019730884380323873,3,9538.0,12.489995996796797,3,BDL-Hard
sleep,gru,density_hard,objective_e20_bs32_eval5,none,0.5,0.2393167939518393,0.75,0.14709243272099015,0.06836042022528639,3,0.001780038086923259,0.0003568114503107387,3,0.003505661225580476,0.0006838646653380086,3,0.43289799098231657,0.00042388057465730683,3,0.0017559867658790962,0.00034307546938983834,3,0.7580222719142853,0.001870368055149902,3,0.17949396410847543,0.002077711087660439,3,0.0035129201500247397,0.002002595785728592,3,9524.0,4.358898943540674,3,BDL-Hard
sleep,gru,density_hard,objective_e20_bs32_eval5,none,0.5,0.0,0.75,0.14368690713472362,0.07219425940505035,3,0.001689429327734337,0.0002798872459959451,3,0.003327890501235147,0.0005274690097735683,3,0.4328118041512569,0.00038082527850119796,3,0.0016667651757905349,0.00026457957199149787,3,0.7580253696568214,0.0018802706545371583,3,0.17816906355154435,0.0020562902073090164,3,0.0034664540119824956,0.002006317440900922,3,9525.333333333334,2.8867513459483916,3,BDL-Hard
sleep,gru,density_hard,objective_e20_bs32_eval5,none,2.0,0.5,0.9500000000000001,0.8246703749220602,0.11906701440315433,3,0.000984756526899308,0.0002140490662936909,3,0.001967055982227818,0.00042707990039254017,3,0.43306242016596164,0.00022361801947881643,3,0.000984526762511743,0.0002139770732626824,3,0.7608643171678174,5.8660614710285174e-05,3,0.0985961484812213,0.004947701117744338,3,0.00029022643002477337,7.26323426237068e-05,3,9542.666666666666,11.372481406154401,3,BDL-Hard
sleep,gru,density_hard,objective_e20_bs32_eval5,none,2.0,0.2393167939518393,0.9500000000000001,0.8089421205939273,0.15981758130503787,3,0.0007541059046782464,0.0003037777488173095,3,0.0015066067171448077,0.0006064255580279885,3,0.4328198885272618,0.00031622915634253577,3,0.0007539326868158345,0.0003036888122290786,3,0.7608129640738776,7.134622648761079e-05,3,0.09631681113932704,0.004973524515794999,3,0.00023118238909868084,9.859255732598305e-05,3,9548.0,14.0,3,BDL-Hard
sleep,gru,density_hard,objective_e20_bs32_eval5,none,2.0,0.0,0.9500000000000001,0.8073313064002439,0.16231071255531046,3,0.0007488613090109072,0.0003042834045151245,3,0.0014961368757206498,0.0006074392792636325,3,0.4328143455674352,0.0003171219724627244,3,0.000748690103035151,0.00030419702128563756,3,0.7608117089540568,7.254488087593208e-05,3,0.09547378321788107,0.0049651656249995995,3,0.00022992726927799955,9.78940027465931e-05,3,9548.666666666666,13.012814197295201,3,BDL-Hard
sleep,gru,density_hard,objective_e20_bs32_eval5,none,0.25,0.5,0.7000000000000001,0.018498714941155407,0.016095487302912912,3,0.0002921351373849732,0.0003272385542449669,3,0.0005736451404592425,0.0006398172050095779,3,0.43118599855783185,0.0003831302933969577,3,0.000286973153208021,0.0003201192531102654,3,0.7571757603569284,0.001484821544606905,3,0.21577366492422045,0.001140921957920438,3,0.00364727138019171,0.0015852389014909003,3,9554.333333333334,1.527525231652145,3,BDL-Hard
sleep,gru,density_hard,objective_e20_bs32_eval5,none,0.5,0.0,0.8,0.006271668419617467,0.010862848351002657,3,8.982764919591421e-05,0.00015558605233179703,3,0.00017711847168541206,0.00030677819191808327,3,0.4317099642976266,0.00041305974146912207,3,8.858277031004851e-05,0.00015342985885220787,3,0.7593970553927639,0.0017432543499945447,3,0.17816906355154435,0.0020562902073090164,3,0.001329145185424459,0.0018177091467433434,3,9565.333333333334,5.033222956847408,3,BDL-Hard
sleep,gru,density_hard,objective_e20_bs32_eval5,none,0.5,0.2393167939518393,0.8,0.006271375261956514,0.010862340587039259,3,8.982764919591421e-05,0.00015558605233179703,3,0.00017711835477510532,0.0003067779894234921,3,0.43170990386020547,0.0004130507570927058,3,8.85827118238223e-05,0.00015342975755109256,3,0.7593968684600245,0.0017432272857218908,3,0.17949396410847543,0.002077711087660439,3,0.0013293321181637094,0.0018176822435728118,3,9564.666666666666,4.16333199893201,3,BDL-Hard
sleep,gru,density_hard,objective_e20_bs32_eval5,none,0.5,0.5,0.8,0.006270642487692404,0.01086107138478334,3,8.982764919591421e-05,0.00015558605233179703,3,0.00017711806250001374,0.00030677748318818374,3,0.4317097312231986,0.0004130102005212171,3,8.85825656085947e-05,0.0001534295042988895,3,0.7593963343664839,0.0017431030816772765,3,0.18443725835435074,0.0020783056604069495,3,0.001329866211704425,0.0018175583896926104,3,9565.333333333334,5.033222956847408,3,BDL-Hard
sleep,gru,density_hard,objective_e20_bs32_eval5,none,0.25,0.2393167939518393,0.7000000000000001,0.004382173362257853,0.007590146911005535,3,8.993923633777248e-05,0.00015577932693096696,3,0.0001762609133879895,0.0003052928573764952,3,0.4310368982204899,0.0003533497742884027,3,8.815376378838067e-05,0.00015268679775990078,3,0.7573170815078015,0.001453162394346705,3,0.2059304253721632,0.001142093694464543,3,0.0034091724797407634,0.001516629535417663,3,9555.666666666666,0.5773502691893632,3,BDL-Hard
sleep,gru,density_hard,objective_e20_bs32_eval5,none,0.25,0.0,0.7000000000000001,0.0045902686305033325,0.007950578488421381,3,8.982764919591421e-05,0.00015558605233179703,3,0.00017620707592894233,0.00030519960816207504,3,0.4311034405861109,0.00037047966859046105,3,8.812683082122601e-05,0.00015264014849239034,3,0.7575227075209771,0.0014875058443992915,3,0.20305225643440206,0.0011290006600771889,3,0.0032034930572112457,0.0015485442534302674,3,9559.0,7.0,3,BDL-Hard
sleep,gru,density_hard,objective_e20_bs32_eval5,none,1.0,0.0,0.9,0.009970965770171149,0.017270219314466574,3,8.73727320750321e-05,0.00015133401115005848,3,0.00017322752074250226,0.0003000388671952055,3,0.43191140054690264,0.00022041297458451323,3,8.663627205117182e-05,0.00015005842497098912,3,0.7600260039463104,0.0011383074312459227,3,0.13524043152974993,0.003496512289085062,3,0.0006990216260883758,0.001210740971974481,3,9568.333333333334,16.74315780649941,3,BDL-Hard
sleep,gru,density_hard,objective_e20_bs32_eval5,none,1.0,0.2393167939518393,0.9,0.009970965770171149,0.017270219314466574,3,8.73727320750321e-05,0.00015133401115005848,3,0.00017322752074250226,0.0003000388671952055,3,0.43191140054690264,0.00022041297458451323,3,8.663627205117182e-05,0.00015005842497098912,3,0.7600260039463104,0.0011383074312459227,3,0.13617939929543785,0.003515443701272389,3,0.0006990216260883758,0.001210740971974481,3,9568.333333333334,16.74315780649941,3,BDL-Hard
sleep,gru,density_hard,objective_e20_bs32_eval5,none,1.0,0.5,0.9,0.009970965770171149,0.017270219314466574,3,8.73727320750321e-05,0.00015133401115005848,3,0.00017322752074250226,0.0003000388671952055,3,0.43191140054690264,0.00022041297458451323,3,8.663627205117182e-05,0.00015005842497098912,3,0.7600260039463104,0.0011383074312459227,3,0.13923720256264496,0.0035053759895335426,3,0.0006990216260883758,0.001210740971974481,3,9568.333333333334,16.74315780649941,3,BDL-Hard
sleep,gru,density_hard,objective_e20_bs32_eval5,none,0.25,0.0,0.75,0.0,0.0,3,0.0,0.0,3,0.0,0.0,3,0.43157514401963604,0.0004987139944391083,3,0.0,0.0,3,0.7592483904557058,0.001542903864662129,3,0.20305225643440206,0.0011290006600771889,3,0.00143481559245501,0.001542903864662123,3,9569.666666666666,2.5166114784236133,3,BDL-Hard
sleep,gru,density_hard,objective_e20_bs32_eval5,none,0.25,0.0,0.8,0.0,0.0,3,0.0,0.0,3,0.0,0.0,3,0.43179203234251906,0.00042716476938518583,3,0.0,0.0,3,0.759919665922354,0.0013224902915149384,3,0.20305225643440206,0.0011290006600771889,3,0.0007635401258068017,0.0013224902915149129,3,9577.666666666666,0.5773502691893632,3,BDL-Hard
sleep,gru,density_hard,objective_e20_bs32_eval5,none,0.25,0.0,0.8500000000000001,0.0,0.0,3,0.0,0.0,3,0.0,0.0,3,0.43184887171308667,0.0003287160916917427,3,0.0,0.0,3,0.7600954628112805,0.0010180011480817248,3,0.20305225643440206,0.0011290006600771889,3,0.0005877432368803126,0.0010180011480816914,3,9577.0,1.7320508075688772,3,BDL-Hard
sleep,gru,density_hard,objective_e20_bs32_eval5,none,0.25,0.0,0.9,0.0,0.0,3,0.0,0.0,3,0.0,0.0,3,0.4320232436261369,2.6695078875818035e-05,3,0.0,0.0,3,0.7606354313809437,8.274815093456269e-05,3,0.20305225643440206,0.0011290006600771889,3,4.777466721699665e-05,8.274815093453343e-05,3,9576.333333333334,2.8867513459483916,3,BDL-Hard
sleep,gru,density_hard,objective_e20_bs32_eval5,none,0.25,0.0,0.9500000000000001,0.0,0.0,3,0.0,0.0,3,0.0,0.0,3,0.4320386560371119,0.0,3,0.0,0.0,3,0.7606832060481606,0.0,3,0.20305225643440206,0.0011290006600771889,3,0.0,0.0,3,9578.0,0.0,3,BDL-Hard
sleep,gru,density_hard,objective_e20_bs32_eval5,none,0.25,0.0,1.0,0.0,0.0,3,0.0,0.0,3,0.0,0.0,3,0.4320386560371119,0.0,3,0.0,0.0,3,0.7606832060481606,0.0,3,0.20305225643440206,0.0011290006600771889,3,0.0,0.0,3,9578.0,0.0,3,BDL-Hard
sleep,gru,density_hard,objective_e20_bs32_eval5,none,0.25,0.2393167939518393,0.75,0.0,0.0,3,0.0,0.0,3,0.0,0.0,3,0.4315582374381642,0.0005157037135656215,3,0.0,0.0,3,0.7591961294027466,0.0015953628292228856,3,0.2059304253721632,0.001142093694464543,3,0.0014870766454140167,0.001595362829222961,3,9568.333333333334,3.511884584284268,3,BDL-Hard
sleep,gru,density_hard,objective_e20_bs32_eval5,none,0.25,0.2393167939518393,0.8,0.0,0.0,3,0.0,0.0,3,0.0,0.0,3,0.43179203234251906,0.00042716476938518583,3,0.0,0.0,3,0.759919665922354,0.0013224902915149384,3,0.2059304253721632,0.001142093694464543,3,0.0007635401258068017,0.0013224902915149129,3,9577.666666666666,0.5773502691893632,3,BDL-Hard
sleep,gru,density_hard,objective_e20_bs32_eval5,none,0.25,0.2393167939518393,0.8500000000000001,0.0,0.0,3,0.0,0.0,3,0.0,0.0,3,0.4318485178136795,0.00032932906344582287,3,0.0,0.0,3,0.760094367919522,0.0010198975562361679,3,0.2059304253721632,0.001142093694464543,3,0.0005888381286387793,0.001019897556236144,3,9577.0,1.7320508075688772,3,BDL-Hard
sleep,gru,density_hard,objective_e20_bs32_eval5,none,0.25,0.2393167939518393,0.9,0.0,0.0,3,0.0,0.0,3,0.0,0.0,3,0.4320231230048641,2.6904001048787015e-05,3,0.0,0.0,3,0.7606350575154653,8.33957049385396e-05,3,0.2059304253721632,0.001142093694464543,3,4.814853269549746e-05,8.339570493849286e-05,3,9576.333333333334,2.8867513459483916,3,BDL-Hard
sleep,gru,density_hard,objective_e20_bs32_eval5,none,0.25,0.2393167939518393,0.9500000000000001,0.0,0.0,3,0.0,0.0,3,0.0,0.0,3,0.4320386560371119,0.0,3,0.0,0.0,3,0.7606832060481606,0.0,3,0.2059304253721632,0.001142093694464543,3,0.0,0.0,3,9578.0,0.0,3,BDL-Hard
sleep,gru,density_hard,objective_e20_bs32_eval5,none,0.25,0.2393167939518393,1.0,0.0,0.0,3,0.0,0.0,3,0.0,0.0,3,0.4320386560371119,0.0,3,0.0,0.0,3,0.7606832060481606,0.0,3,0.2059304253721632,0.001142093694464543,3,0.0,0.0,3,9578.0,0.0,3,BDL-Hard
sleep,gru,density_hard,objective_e20_bs32_eval5,none,0.25,0.5,0.75,0.0,0.0,3,0.0,0.0,3,0.0,0.0,3,0.4315428343575743,0.000515675538964645,3,0.0,0.0,3,0.7591484615542378,0.001595187325164966,3,0.21577366492422045,0.001140921957920438,3,0.00153474449392287,0.0015951873251649979,3,9564.666666666666,3.511884584284268,3,BDL-Hard
sleep,gru,density_hard,objective_e20_bs32_eval5,none,0.25,0.5,0.8,0.0,0.0,3,0.0,0.0,3,0.0,0.0,3,0.43179203234251906,0.00042716476938518583,3,0.0,0.0,3,0.759919665922354,0.0013224902915149384,3,0.21577366492422045,0.001140921957920438,3,0.0007635401258068017,0.0013224902915149129,3,9577.666666666666,0.5773502691893632,3,BDL-Hard
sleep,gru,density_hard,objective_e20_bs32_eval5,none,0.25,0.5,0.8500000000000001,0.0,0.0,3,0.0,0.0,3,0.0,0.0,3,0.4318484660234114,0.0003294187668213687,3,0.0,0.0,3,0.7600942076914597,0.0010201750793807248,3,0.21577366492422045,0.001140921957920438,3,0.0005889983567009939,0.001020175079380698,3,9577.0,1.7320508075688772,3,BDL-Hard
sleep,gru,density_hard,objective_e20_bs32_eval5,none,0.25,0.5,0.9,0.0,0.0,3,0.0,0.0,3,0.0,0.0,3,0.43202298515179266,2.7142769572491584e-05,3,0.0,0.0,3,0.7606346302406326,8.413576665733143e-05,3,0.21577366492422045,0.001140921957920438,3,4.8575807528069825e-05,8.413576665730369e-05,3,9576.333333333334,2.8867513459483916,3,BDL-Hard
sleep,gru,density_hard,objective_e20_bs32_eval5,none,0.25,0.5,0.9500000000000001,0.0,0.0,3,0.0,0.0,3,0.0,0.0,3,0.4320386560371119,0.0,3,0.0,0.0,3,0.7606832060481606,0.0,3,0.21577366492422045,0.001140921957920438,3,0.0,0.0,3,9578.0,0.0,3,BDL-Hard
sleep,gru,density_hard,objective_e20_bs32_eval5,none,0.25,0.5,1.0,0.0,0.0,3,0.0,0.0,3,0.0,0.0,3,0.4320386560371119,0.0,3,0.0,0.0,3,0.7606832060481606,0.0,3,0.21577366492422045,0.001140921957920438,3,0.0,0.0,3,9578.0,0.0,3,BDL-Hard
sleep,gru,density_hard,objective_e20_bs32_eval5,none,0.25,1.0,1.0,0.0,0.0,3,0.0,0.0,3,0.0,0.0,3,0.4320386560371119,0.0,3,0.0,0.0,3,0.7606832060481606,0.0,3,0.2542278595089533,0.001137917319413407,3,0.0,0.0,3,9578.0,0.0,3,BDL-Hard
sleep,gru,density_hard,objective_e20_bs32_eval5,none,0.5,0.0,0.8500000000000001,0.0,0.0,3,0.0,0.0,3,0.0,0.0,3,0.4317472569482643,0.0005047180271632216,3,0.0,0.0,3,0.7597812555812776,0.00156222403455224,3,0.17816906355154435,0.0020562902073090164,3,0.0009019504668832095,0.0015622240345521889,3,9577.666666666666,0.5773502691893632,3,BDL-Hard
sleep,gru,density_hard,objective_e20_bs32_eval5,none,0.5,0.0,0.9,0.0,0.0,3,0.0,0.0,3,0.0,0.0,3,0.43185393837186936,0.00031994038125561535,3,0.0,0.0,3,0.7601111384567004,0.0009908501337728551,3,0.17816906355154435,0.0020562902073090164,3,0.0005720675914603143,0.00099085013377282,3,9574.333333333334,6.350852961086146,3,BDL-Hard
sleep,gru,density_hard,objective_e20_bs32_eval5,none,0.5,0.0,0.9500000000000001,0.0,0.0,3,0.0,0.0,3,0.0,0.0,3,0.4320386560371119,0.0,3,0.0,0.0,3,0.7606832060481606,0.0,3,0.17816906355154435,0.0020562902073090164,3,0.0,0.0,3,9578.0,0.0,3,BDL-Hard
sleep,gru,density_hard,objective_e20_bs32_eval5,none,0.5,0.0,1.0,0.0,0.0,3,0.0,0.0,3,0.0,0.0,3,0.4320386560371119,0.0,3,0.0,0.0,3,0.7606832060481606,0.0,3,0.17816906355154435,0.0020562902073090164,3,0.0,0.0,3,9578.0,0.0,3,BDL-Hard
sleep,gru,density_hard,objective_e20_bs32_eval5,none,0.5,0.2393167939518393,0.8500000000000001,0.0,0.0,3,0.0,0.0,3,0.0,0.0,3,0.4317472569482643,0.0005047180271632216,3,0.0,0.0,3,0.7597812555812776,0.00156222403455224,3,0.17949396410847543,0.002077711087660439,3,0.0009019504668832095,0.0015622240345521889,3,9577.666666666666,0.5773502691893632,3,BDL-Hard
sleep,gru,density_hard,objective_e20_bs32_eval5,none,0.5,0.2393167939518393,0.9,0.0,0.0,3,0.0,0.0,3,0.0,0.0,3,0.43185393837186936,0.00031994038125561535,3,0.0,0.0,3,0.7601111384567004,0.0009908501337728551,3,0.17949396410847543,0.002077711087660439,3,0.0005720675914603143,0.00099085013377282,3,9574.333333333334,6.350852961086146,3,BDL-Hard
sleep,gru,density_hard,objective_e20_bs32_eval5,none,0.5,0.2393167939518393,0.9500000000000001,0.0,0.0,3,0.0,0.0,3,0.0,0.0,3,0.4320386560371119,0.0,3,0.0,0.0,3,0.7606832060481606,0.0,3,0.17949396410847543,0.002077711087660439,3,0.0,0.0,3,9578.0,0.0,3,BDL-Hard
sleep,gru,density_hard,objective_e20_bs32_eval5,none,0.5,0.2393167939518393,1.0,0.0,0.0,3,0.0,0.0,3,0.0,0.0,3,0.4320386560371119,0.0,3,0.0,0.0,3,0.7606832060481606,0.0,3,0.17949396410847543,0.002077711087660439,3,0.0,0.0,3,9578.0,0.0,3,BDL-Hard
sleep,gru,density_hard,objective_e20_bs32_eval5,none,0.5,0.5,0.8500000000000001,0.0,0.0,3,0.0,0.0,3,0.0,0.0,3,0.4317472569482643,0.0005047180271632216,3,0.0,0.0,3,0.7597812555812776,0.00156222403455224,3,0.18443725835435074,0.0020783056604069495,3,0.0009019504668832095,0.0015622240345521889,3,9577.666666666666,0.5773502691893632,3,BDL-Hard
sleep,gru,density_hard,objective_e20_bs32_eval5,none,0.5,0.5,0.9,0.0,0.0,3,0.0,0.0,3,0.0,0.0,3,0.4318539297406538,0.00031995533095956343,3,0.0,0.0,3,0.7601111117520234,0.0009908963876302625,3,0.18443725835435074,0.0020783056604069495,3,0.0005720942961373501,0.0009908963876302456,3,9574.333333333334,6.350852961086146,3,BDL-Hard
sleep,gru,density_hard,objective_e20_bs32_eval5,none,0.5,0.5,0.9500000000000001,0.0,0.0,3,0.0,0.0,3,0.0,0.0,3,0.4320386560371119,0.0,3,0.0,0.0,3,0.7606832060481606,0.0,3,0.18443725835435074,0.0020783056604069495,3,0.0,0.0,3,9578.0,0.0,3,BDL-Hard
sleep,gru,density_hard,objective_e20_bs32_eval5,none,0.5,0.5,1.0,0.0,0.0,3,0.0,0.0,3,0.0,0.0,3,0.4320386560371119,0.0,3,0.0,0.0,3,0.7606832060481606,0.0,3,0.18443725835435074,0.0020783056604069495,3,0.0,0.0,3,9578.0,0.0,3,BDL-Hard
sleep,gru,density_hard,objective_e20_bs32_eval5,none,0.5,1.0,1.0,0.0,0.0,3,0.0,0.0,3,0.0,0.0,3,0.4320386560371119,0.0,3,0.0,0.0,3,0.7606832060481606,0.0,3,0.20413211560073496,0.0020187280310372925,3,0.0,0.0,3,9578.0,0.0,3,BDL-Hard
sleep,gru,density_hard,objective_e20_bs32_eval5,none,1.0,0.0,0.9500000000000001,0.0,0.0,3,0.0,0.0,3,0.0,0.0,3,0.4320386560371119,0.0,3,0.0,0.0,3,0.7606832060481606,0.0,3,0.13524043152974993,0.003496512289085062,3,0.0,0.0,3,9578.0,0.0,3,BDL-Hard
sleep,gru,density_hard,objective_e20_bs32_eval5,none,1.0,0.0,1.0,0.0,0.0,3,0.0,0.0,3,0.0,0.0,3,0.4320386560371119,0.0,3,0.0,0.0,3,0.7606832060481606,0.0,3,0.13524043152974993,0.003496512289085062,3,0.0,0.0,3,9578.0,0.0,3,BDL-Hard
sleep,gru,density_hard,objective_e20_bs32_eval5,none,1.0,0.2393167939518393,0.9500000000000001,0.0,0.0,3,0.0,0.0,3,0.0,0.0,3,0.4320386560371119,0.0,3,0.0,0.0,3,0.7606832060481606,0.0,3,0.13617939929543785,0.003515443701272389,3,0.0,0.0,3,9578.0,0.0,3,BDL-Hard
sleep,gru,density_hard,objective_e20_bs32_eval5,none,1.0,0.2393167939518393,1.0,0.0,0.0,3,0.0,0.0,3,0.0,0.0,3,0.4320386560371119,0.0,3,0.0,0.0,3,0.7606832060481606,0.0,3,0.13617939929543785,0.003515443701272389,3,0.0,0.0,3,9578.0,0.0,3,BDL-Hard
sleep,gru,density_hard,objective_e20_bs32_eval5,none,1.0,0.5,0.9500000000000001,0.0,0.0,3,0.0,0.0,3,0.0,0.0,3,0.4320386560371119,0.0,3,0.0,0.0,3,0.7606832060481606,0.0,3,0.13923720256264496,0.0035053759895335426,3,0.0,0.0,3,9578.0,0.0,3,BDL-Hard
sleep,gru,density_hard,objective_e20_bs32_eval5,none,1.0,0.5,1.0,0.0,0.0,3,0.0,0.0,3,0.0,0.0,3,0.4320386560371119,0.0,3,0.0,0.0,3,0.7606832060481606,0.0,3,0.13923720256264496,0.0035053759895335426,3,0.0,0.0,3,9578.0,0.0,3,BDL-Hard
sleep,gru,density_hard,objective_e20_bs32_eval5,none,1.0,1.0,1.0,0.0,0.0,3,0.0,0.0,3,0.0,0.0,3,0.4320386560371119,0.0,3,0.0,0.0,3,0.7606832060481606,0.0,3,0.15104039760426788,0.00339655802004506,3,0.0,0.0,3,9578.0,0.0,3,BDL-Hard
sleep,gru,density_hard,objective_e20_bs32_eval5,none,2.0,0.0,1.0,0.0,0.0,3,0.0,0.0,3,0.0,0.0,3,0.4320386560371119,0.0,3,0.0,0.0,3,0.7606832060481606,0.0,3,0.09547378321788107,0.0049651656249995995,3,0.0,0.0,3,9578.0,0.0,3,BDL-Hard
sleep,gru,density_hard,objective_e20_bs32_eval5,none,2.0,0.2393167939518393,1.0,0.0,0.0,3,0.0,0.0,3,0.0,0.0,3,0.4320386560371119,0.0,3,0.0,0.0,3,0.7606832060481606,0.0,3,0.09631681113932704,0.004973524515794999,3,0.0,0.0,3,9578.0,0.0,3,BDL-Hard
sleep,gru,density_hard,objective_e20_bs32_eval5,none,2.0,0.5,1.0,0.0,0.0,3,0.0,0.0,3,0.0,0.0,3,0.4320386560371119,0.0,3,0.0,0.0,3,0.7606832060481606,0.0,3,0.0985961484812213,0.004947701117744338,3,0.0,0.0,3,9578.0,0.0,3,BDL-Hard
sleep,gru,density_hard,objective_e20_bs32_eval5,none,2.0,1.0,1.0,0.0,0.0,3,0.0,0.0,3,0.0,0.0,3,0.4320386560371119,0.0,3,0.0,0.0,3,0.7606832060481606,0.0,3,0.10693957562731538,0.004796874647067614,3,0.0,0.0,3,9578.0,0.0,3,BDL-Hard
sleep,gru,density_hard,objective_e20_bs32_eval5,none,4.0,0.0,1.0,0.0,0.0,3,0.0,0.0,3,0.0,0.0,3,0.4320386560371119,0.0,3,0.0,0.0,3,0.7606832060481606,0.0,3,0.0858422322550693,0.006271019750934822,3,0.0,0.0,3,9578.0,0.0,3,BDL-Hard
sleep,gru,density_hard,objective_e20_bs32_eval5,none,4.0,0.2393167939518393,1.0,0.0,0.0,3,0.0,0.0,3,0.0,0.0,3,0.4320386560371119,0.0,3,0.0,0.0,3,0.7606832060481606,0.0,3,0.0865427374260465,0.00627097057404514,3,0.0,0.0,3,9578.0,0.0,3,BDL-Hard
sleep,gru,density_hard,objective_e20_bs32_eval5,none,4.0,0.5,1.0,0.0,0.0,3,0.0,0.0,3,0.0,0.0,3,0.4320386560371119,0.0,3,0.0,0.0,3,0.7606832060481606,0.0,3,0.08832037761744556,0.006234775130841889,3,0.0,0.0,3,9578.0,0.0,3,BDL-Hard
sleep,gru,density_hard,objective_e20_bs32_eval5,none,4.0,1.0,1.0,0.0,0.0,3,0.0,0.0,3,0.0,0.0,3,0.4320386560371119,0.0,3,0.0,0.0,3,0.7606832060481606,0.0,3,0.0946905777239424,0.0060622133627976195,3,0.0,0.0,3,9578.0,0.0,3,BDL-Hard
sleep,gru,density_hard,objective_e20_bs32_eval5,none,8.0,0.0,1.0,0.0,0.0,3,0.0,0.0,3,0.0,0.0,3,0.4320386560371119,0.0,3,0.0,0.0,3,0.7606832060481606,0.0,3,0.0956904937596405,0.008452168489532697,3,0.0,0.0,3,9578.0,0.0,3,BDL-Hard
sleep,gru,density_hard,objective_e20_bs32_eval5,none,8.0,0.2393167939518393,1.0,0.0,0.0,3,0.0,0.0,3,0.0,0.0,3,0.4320386560371119,0.0,3,0.0,0.0,3,0.7606832060481606,0.0,3,0.09625111848272644,0.008453742987741342,3,0.0,0.0,3,9578.0,0.0,3,BDL-Hard
sleep,gru,density_hard,objective_e20_bs32_eval5,none,8.0,0.5,1.0,0.0,0.0,3,0.0,0.0,3,0.0,0.0,3,0.4320386560371119,0.0,3,0.0,0.0,3,0.7606832060481606,0.0,3,0.09765380077214403,0.008415609097655865,3,0.0,0.0,3,9578.0,0.0,3,BDL-Hard
sleep,gru,density_hard,objective_e20_bs32_eval5,none,8.0,1.0,1.0,0.0,0.0,3,0.0,0.0,3,0.0,0.0,3,0.4320386560371119,0.0,3,0.0,0.0,3,0.7606832060481606,0.0,3,0.10265529545511316,0.008229005786828923,3,0.0,0.0,3,9578.0,0.0,3,BDL-Hard
sleep,gru,density_hard,objective_e20_bs32_eval5,none,16.0,0.0,1.0,0.0,0.0,3,0.0,0.0,3,0.0,0.0,3,0.4320386560371119,0.0,3,0.0,0.0,3,0.7606832060481606,0.0,3,0.11167789477071859,0.01206403081934905,3,0.0,0.0,3,9578.0,0.0,3,BDL-Hard
sleep,gru,density_hard,objective_e20_bs32_eval5,none,16.0,0.2393167939518393,1.0,0.0,0.0,3,0.0,0.0,3,0.0,0.0,3,0.4320386560371119,0.0,3,0.0,0.0,3,0.7606832060481606,0.0,3,0.11214595169157231,0.012071778339348091,3,0.0,0.0,3,9578.0,0.0,3,BDL-Hard
sleep,gru,density_hard,objective_e20_bs32_eval5,none,16.0,0.5,1.0,0.0,0.0,3,0.0,0.0,3,0.0,0.0,3,0.4320386560371119,0.0,3,0.0,0.0,3,0.7606832060481606,0.0,3,0.11326123023823569,0.012034494206184722,3,0.0,0.0,3,9578.0,0.0,3,BDL-Hard
sleep,gru,density_hard,objective_e20_bs32_eval5,none,16.0,1.0,1.0,0.0,0.0,3,0.0,0.0,3,0.0,0.0,3,0.4320386560371119,0.0,3,0.0,0.0,3,0.7606832060481606,0.0,3,0.11716705169883405,0.011831758270757947,3,0.0,0.0,3,9578.0,0.0,3,BDL-Hard
