dataset,model,objective,seed,run_tag,run_dir,threshold,smooth,scale,initial_prob,precision,recall,f1,macro_f1,iou,accuracy,brier,pred_positive_rate,true_positive_rate,transition_count_error,abs_transition_count_error,series,bins,params
sleep,gru,density_hard,0,objective_e20_bs32_eval5,experiments/sleep/gru/density_hard/seed_0_objective_e20_bs32_eval5,0.0,none,0.25,0.0,0.2393167939518393,1.0,0.3862076187779625,0.19310380938898125,0.2393167939518393,0.2393167939518393,0.202739062955205,1.0,0.2393167939518393,-9578,9578,269,12482208,"{""initial_prob"": 0.0, ""scale"": 0.25, ""smooth"": ""none"", ""threshold"": 0.0}"
sleep,gru,density_hard,0,objective_e20_bs32_eval5,experiments/sleep/gru/density_hard/seed_0_objective_e20_bs32_eval5,0.05,none,0.25,0.0,0.2433544847069227,0.9993760047027285,0.3914004439827127,0.21762638953727503,0.24331751337279767,0.2562235783925408,0.202739062955205,0.9827945504513304,0.2393167939518393,-9307,9307,269,12482208,"{""initial_prob"": 0.0, ""scale"": 0.25, ""smooth"": ""none"", ""threshold"": 0.05}"
sleep,gru,density_hard,0,objective_e20_bs32_eval5,experiments/sleep/gru/density_hard/seed_0_objective_e20_bs32_eval5,0.1,none,0.25,0.0,0.2438235093726303,0.9979254834457127,0.39189513319252217,0.2215788340064103,0.24369998579168517,0.2588435475518434,0.202739062955205,0.9794803130984518,0.2393167939518393,-9301,9301,269,12482208,"{""initial_prob"": 0.0, ""scale"": 0.25, ""smooth"": ""none"", ""threshold"": 0.1}"
sleep,gru,density_hard,0,objective_e20_bs32_eval5,experiments/sleep/gru/density_hard/seed_0_objective_e20_bs32_eval5,0.15000000000000002,none,0.25,0.0,0.24505668098957106,0.9928180283757175,0.3930877479274324,0.23284391487544004,0.24462303241538838,0.2663157031191917,0.202739062955205,0.9695635579858948,0.2393167939518393,-9177,9177,269,12482208,"{""initial_prob"": 0.0, ""scale"": 0.25, ""smooth"": ""none"", ""threshold"": 0.15000000000000002}"
sleep,gru,density_hard,0,objective_e20_bs32_eval5,experiments/sleep/gru/density_hard/seed_0_objective_e20_bs32_eval5,0.2,none,0.25,0.0,0.24525853837905853,0.9703923604764593,0.391554865313265,0.25234071402807284,0.24343688004597386,0.27826238755194593,0.202739062955205,0.9468831956653823,0.2393167939518393,-9069,9069,269,12482208,"{""initial_prob"": 0.0, ""scale"": 0.25, ""smooth"": ""none"", ""threshold"": 0.2}"
sleep,gru,density_hard,0,objective_e20_bs32_eval5,experiments/sleep/gru/density_hard/seed_0_objective_e20_bs32_eval5,0.25,none,0.25,0.0,0.2448746680826169,0.9479127959876834,0.38920568547334883,0.2678829072362062,0.2416234536981967,0.2879879104722498,0.202739062955205,0.9263981981393036,0.2393167939518393,-9093,9093,269,12482208,"{""initial_prob"": 0.0, ""scale"": 0.25, ""smooth"": ""none"", ""threshold"": 0.25}"
sleep,gru,density_hard,0,objective_e20_bs32_eval5,experiments/sleep/gru/density_hard/seed_0_objective_e20_bs32_eval5,0.30000000000000004,none,0.25,0.0,0.24799302700281223,0.9317886771634459,0.39172856090357727,0.29393412773467154,0.24357117298785252,0.30747925367050444,0.202739062955205,0.8991893100964189,0.2393167939518393,-8846,8846,269,12482208,"{""initial_prob"": 0.0, ""scale"": 0.25, ""smooth"": ""none"", ""threshold"": 0.30000000000000004}"
sleep,gru,density_hard,0,objective_e20_bs32_eval5,experiments/sleep/gru/density_hard/seed_0_objective_e20_bs32_eval5,0.35000000000000003,none,0.25,0.0,0.2525279741368007,0.9026584074327749,0.394648868101845,0.3312869814003879,0.24583336334351674,0.33729064601391034,0.202739062955205,0.8554351922352199,0.2393167939518393,-8560,8560,269,12482208,"{""initial_prob"": 0.0, ""scale"": 0.25, ""smooth"": ""none"", ""threshold"": 0.35000000000000003}"
sleep,gru,density_hard,0,objective_e20_bs32_eval5,experiments/sleep/gru/density_hard/seed_0_objective_e20_bs32_eval5,0.4,none,0.25,0.0,0.27777501349061307,0.8690122060710993,0.4209845961784667,0.42784280486865645,0.26661208950818316,0.4279250113441468,0.202739062955205,0.7486966248279151,0.2393167939518393,-7372,7372,269,12482208,"{""initial_prob"": 0.0, ""scale"": 0.25, ""smooth"": ""none"", ""threshold"": 0.4}"
sleep,gru,density_hard,0,objective_e20_bs32_eval5,experiments/sleep/gru/density_hard/seed_0_objective_e20_bs32_eval5,0.45,none,0.25,0.0,0.3824497314493629,0.8087454413862872,0.5193178816075624,0.6168682533462531,0.35072881286050844,0.6417058584506844,0.202739062955205,0.5060700799089392,0.2393167939518393,-4396,4396,269,12482208,"{""initial_prob"": 0.0, ""scale"": 0.25, ""smooth"": ""none"", ""threshold"": 0.45}"
sleep,gru,density_hard,0,objective_e20_bs32_eval5,experiments/sleep/gru/density_hard/seed_0_objective_e20_bs32_eval5,0.5,none,0.25,0.0,0.603400011306252,0.675326609984862,0.6373404249437445,0.7570672420626763,0.4677180101401575,0.8160733261294797,0.202739062955205,0.2678438782625638,0.2393167939518393,-3134,3134,269,12482208,"{""initial_prob"": 0.0, ""scale"": 0.25, ""smooth"": ""none"", ""threshold"": 0.5}"
sleep,gru,density_hard,0,objective_e20_bs32_eval5,experiments/sleep/gru/density_hard/seed_0_objective_e20_bs32_eval5,0.55,none,0.25,0.0,0.7141626626997949,0.3802488080819442,0.49626581686730564,0.6915777255174116,0.33002230210225497,0.8152612101961448,0.202739062955205,0.1274218471603742,0.2393167939518393,-5602,5602,269,12482208,"{""initial_prob"": 0.0, ""scale"": 0.25, ""smooth"": ""none"", ""threshold"": 0.55}"
sleep,gru,density_hard,0,objective_e20_bs32_eval5,experiments/sleep/gru/density_hard/seed_0_objective_e20_bs32_eval5,0.6000000000000001,none,0.25,0.0,0.5718911864489384,0.07070696926421448,0.12585374602528623,0.4950326991960016,0.06715257454340821,0.7649375014420525,0.202739062955205,0.029588434994834246,0.2393167939518393,-8749,8749,269,12482208,"{""initial_prob"": 0.0, ""scale"": 0.25, ""smooth"": ""none"", ""threshold"": 0.6000000000000001}"
sleep,gru,density_hard,0,objective_e20_bs32_eval5,experiments/sleep/gru/density_hard/seed_0_objective_e20_bs32_eval5,0.65,none,0.25,0.0,0.22044400807287406,0.006764524126590702,0.013126257158883447,0.437146249889307,0.006606487808386679,0.7565772818398796,0.202739062955205,0.007343652661452205,0.2393167939518393,-9450,9450,269,12482208,"{""initial_prob"": 0.0, ""scale"": 0.25, ""smooth"": ""none"", ""threshold"": 0.65}"
sleep,gru,density_hard,0,objective_e20_bs32_eval5,experiments/sleep/gru/density_hard/seed_0_objective_e20_bs32_eval5,0.7000000000000001,none,0.25,0.0,0.0,0.0,0.0,0.4309614885602462,0.0,0.7573503021260342,0.202739062955205,0.003332903922126598,0.2393167939518393,-9552,9552,269,12482208,"{""initial_prob"": 0.0, ""scale"": 0.25, ""smooth"": ""none"", ""threshold"": 0.7000000000000001}"
sleep,gru,density_hard,0,objective_e20_bs32_eval5,experiments/sleep/gru/density_hard/seed_0_objective_e20_bs32_eval5,0.75,none,0.25,0.0,0.0,0.0,0.0,0.4317381992947698,0.0,0.7597522810066937,0.202739062955205,0.0009309250414670225,0.2393167939518393,-9567,9567,269,12482208,"{""initial_prob"": 0.0, ""scale"": 0.25, ""smooth"": ""none"", ""threshold"": 0.75}"
sleep,gru,density_hard,0,objective_e20_bs32_eval5,experiments/sleep/gru/density_hard/seed_0_objective_e20_bs32_eval5,0.8,none,0.25,0.0,0.0,0.0,0.0,0.4320386560371119,0.0,0.7606832060481608,0.202739062955205,0.0,0.2393167939518393,-9578,9578,269,12482208,"{""initial_prob"": 0.0, ""scale"": 0.25, ""smooth"": ""none"", ""threshold"": 0.8}"
sleep,gru,density_hard,0,objective_e20_bs32_eval5,experiments/sleep/gru/density_hard/seed_0_objective_e20_bs32_eval5,0.8500000000000001,none,0.25,0.0,0.0,0.0,0.0,0.4320386560371119,0.0,0.7606832060481608,0.202739062955205,0.0,0.2393167939518393,-9578,9578,269,12482208,"{""initial_prob"": 0.0, ""scale"": 0.25, ""smooth"": ""none"", ""threshold"": 0.8500000000000001}"
sleep,gru,density_hard,0,objective_e20_bs32_eval5,experiments/sleep/gru/density_hard/seed_0_objective_e20_bs32_eval5,0.9,none,0.25,0.0,0.0,0.0,0.0,0.4320386560371119,0.0,0.7606832060481608,0.202739062955205,0.0,0.2393167939518393,-9578,9578,269,12482208,"{""initial_prob"": 0.0, ""scale"": 0.25, ""smooth"": ""none"", ""threshold"": 0.9}"
sleep,gru,density_hard,0,objective_e20_bs32_eval5,experiments/sleep/gru/density_hard/seed_0_objective_e20_bs32_eval5,0.9500000000000001,none,0.25,0.0,0.0,0.0,0.0,0.4320386560371119,0.0,0.7606832060481608,0.202739062955205,0.0,0.2393167939518393,-9578,9578,269,12482208,"{""initial_prob"": 0.0, ""scale"": 0.25, ""smooth"": ""none"", ""threshold"": 0.9500000000000001}"
sleep,gru,density_hard,0,objective_e20_bs32_eval5,experiments/sleep/gru/density_hard/seed_0_objective_e20_bs32_eval5,1.0,none,0.25,0.0,0.0,0.0,0.0,0.4320386560371119,0.0,0.7606832060481608,0.202739062955205,0.0,0.2393167939518393,-9578,9578,269,12482208,"{""initial_prob"": 0.0, ""scale"": 0.25, ""smooth"": ""none"", ""threshold"": 1.0}"
sleep,gru,density_hard,0,objective_e20_bs32_eval5,experiments/sleep/gru/density_hard/seed_0_objective_e20_bs32_eval5,0.0,none,0.25,0.2393167939518393,0.2393167939518393,1.0,0.3862076187779625,0.19310380938898125,0.2393167939518393,0.2393167939518393,0.20568945200043665,1.0,0.2393167939518393,-9578,9578,269,12482208,"{""initial_prob"": 0.2393167939518393, ""scale"": 0.25, ""smooth"": ""none"", ""threshold"": 0.0}"
sleep,gru,density_hard,0,objective_e20_bs32_eval5,experiments/sleep/gru/density_hard/seed_0_objective_e20_bs32_eval5,0.05,none,0.25,0.2393167939518393,0.2393167939518393,1.0,0.3862076187779625,0.19310380938898125,0.2393167939518393,0.2393167939518393,0.20568945200043665,1.0,0.2393167939518393,-9578,9578,269,12482208,"{""initial_prob"": 0.2393167939518393, ""scale"": 0.25, ""smooth"": ""none"", ""threshold"": 0.05}"
sleep,gru,density_hard,0,objective_e20_bs32_eval5,experiments/sleep/gru/density_hard/seed_0_objective_e20_bs32_eval5,0.1,none,0.25,0.2393167939518393,0.2393167939518393,1.0,0.3862076187779625,0.19310380938898125,0.2393167939518393,0.2393167939518393,0.20568945200043665,1.0,0.2393167939518393,-9578,9578,269,12482208,"{""initial_prob"": 0.2393167939518393, ""scale"": 0.25, ""smooth"": ""none"", ""threshold"": 0.1}"
sleep,gru,density_hard,0,objective_e20_bs32_eval5,experiments/sleep/gru/density_hard/seed_0_objective_e20_bs32_eval5,0.15000000000000002,none,0.25,0.2393167939518393,0.2393167939518393,1.0,0.3862076187779625,0.19310380938898125,0.2393167939518393,0.2393167939518393,0.20568945200043665,1.0,0.2393167939518393,-9578,9578,269,12482208,"{""initial_prob"": 0.2393167939518393, ""scale"": 0.25, ""smooth"": ""none"", ""threshold"": 0.15000000000000002}"
sleep,gru,density_hard,0,objective_e20_bs32_eval5,experiments/sleep/gru/density_hard/seed_0_objective_e20_bs32_eval5,0.2,none,0.25,0.2393167939518393,0.23935382203455902,1.0,0.38625583393389445,0.1933312456823004,0.23935382203455902,0.23947149414590752,0.20568945200043665,0.9998452998059317,0.2393167939518393,-9570,9570,269,12482208,"{""initial_prob"": 0.2393167939518393, ""scale"": 0.25, ""smooth"": ""none"", ""threshold"": 0.2}"
sleep,gru,density_hard,0,objective_e20_bs32_eval5,experiments/sleep/gru/density_hard/seed_0_objective_e20_bs32_eval5,0.25,none,0.25,0.2393167939518393,0.2432054947783627,0.9997050751840686,0.3912329226549755,0.2164784532969345,0.24318804640174124,0.2554552047201905,0.20568945200043665,0.9837204283088377,0.2393167939518393,-9279,9279,269,12482208,"{""initial_prob"": 0.2393167939518393, ""scale"": 0.25, ""smooth"": ""none"", ""threshold"": 0.25}"
sleep,gru,density_hard,0,objective_e20_bs32_eval5,experiments/sleep/gru/density_hard/seed_0_objective_e20_bs32_eval5,0.30000000000000004,none,0.25,0.2393167939518393,0.2465069161353119,0.9980419804218128,0.39536293262233896,0.23633037353041825,0.24638775998640688,0.26944856230564335,0.20568945200043665,0.9689310577103025,0.2393167939518393,-9070,9070,269,12482208,"{""initial_prob"": 0.2393167939518393, ""scale"": 0.25, ""smooth"": ""none"", ""threshold"": 0.30000000000000004}"
sleep,gru,density_hard,0,objective_e20_bs32_eval5,experiments/sleep/gru/density_hard/seed_0_objective_e20_bs32_eval5,0.35000000000000003,none,0.25,0.2393167939518393,0.25542049925776195,0.9889816624386298,0.40598802823114494,0.287802123813499,0.25469572087380565,0.30741452153336973,0.20568945200043665,0.9266285259787371,0.2393167939518393,-8487,8487,269,12482208,"{""initial_prob"": 0.2393167939518393, ""scale"": 0.25, ""smooth"": ""none"", ""threshold"": 0.35000000000000003}"
sleep,gru,density_hard,0,objective_e20_bs32_eval5,experiments/sleep/gru/density_hard/seed_0_objective_e20_bs32_eval5,0.4,none,0.25,0.2393167939518393,0.2759680456257163,0.9479355597646225,0.42748452191041697,0.3900602969552064,0.2718475766163899,0.392356544611338,0.20568945200043665,0.822040459508446,0.2393167939518393,-7313,7313,269,12482208,"{""initial_prob"": 0.2393167939518393, ""scale"": 0.25, ""smooth"": ""none"", ""threshold"": 0.4}"
sleep,gru,density_hard,0,objective_e20_bs32_eval5,experiments/sleep/gru/density_hard/seed_0_objective_e20_bs32_eval5,0.45,none,0.25,0.2393167939518393,0.3816565666649598,0.8907419049665874,0.5343569719920196,0.612656753767423,0.3645887585043731,0.6284847200110749,0.20568945200043665,0.558537479907401,0.2393167939518393,-3942,3942,269,12482208,"{""initial_prob"": 0.2393167939518393, ""scale"": 0.25, ""smooth"": ""none"", ""threshold"": 0.45}"
sleep,gru,density_hard,0,objective_e20_bs32_eval5,experiments/sleep/gru/density_hard/seed_0_objective_e20_bs32_eval5,0.5,none,0.25,0.2393167939518393,0.6048195685448703,0.7533240135752454,0.6709527782825747,0.7750267116036541,0.5048374258783328,0.8231719099697746,0.20568945200043665,0.29807747154990527,0.2393167939518393,-2399,2399,269,12482208,"{""initial_prob"": 0.2393167939518393, ""scale"": 0.25, ""smooth"": ""none"", ""threshold"": 0.5}"
sleep,gru,density_hard,0,objective_e20_bs32_eval5,experiments/sleep/gru/density_hard/seed_0_objective_e20_bs32_eval5,0.55,none,0.25,0.2393167939518393,0.7199363859223468,0.4203806773027067,0.530812622715562,0.7105466285414477,0.3612967487487441,0.8221511770994363,0.20568945200043665,0.13974034081149744,0.2393167939518393,-5138,5138,269,12482208,"{""initial_prob"": 0.2393167939518393, ""scale"": 0.25, ""smooth"": ""none"", ""threshold"": 0.55}"
sleep,gru,density_hard,0,objective_e20_bs32_eval5,experiments/sleep/gru/density_hard/seed_0_objective_e20_bs32_eval5,0.6000000000000001,none,0.25,0.2393167939518393,0.5864776476700795,0.0808646352004317,0.14213186321134258,0.5034582345670955,0.07650266474617454,0.7663902892821527,0.20568945200043665,0.032997447246512795,0.2393167939518393,-8625,8625,269,12482208,"{""initial_prob"": 0.2393167939518393, ""scale"": 0.25, ""smooth"": ""none"", ""threshold"": 0.6000000000000001}"
sleep,gru,density_hard,0,objective_e20_bs32_eval5,experiments/sleep/gru/density_hard/seed_0_objective_e20_bs32_eval5,0.65,none,0.25,0.2393167939518393,0.23257520934560116,0.007531127791157076,0.014589815858456022,0.4378508773492828,0.0073485146671413894,0.7565384265347925,0.20568945200043665,0.007749430229010765,0.2393167939518393,-9445,9445,269,12482208,"{""initial_prob"": 0.2393167939518393, ""scale"": 0.25, ""smooth"": ""none"", ""threshold"": 0.65}"
sleep,gru,density_hard,0,objective_e20_bs32_eval5,experiments/sleep/gru/density_hard/seed_0_objective_e20_bs32_eval5,0.7000000000000001,none,0.25,0.2393167939518393,0.0,0.0,0.0,0.4309277888028679,0.0,0.7572462339996258,0.20568945200043665,0.003436972048535003,0.2393167939518393,-9556,9556,269,12482208,"{""initial_prob"": 0.2393167939518393, ""scale"": 0.25, ""smooth"": ""none"", ""threshold"": 0.7000000000000001}"
sleep,gru,density_hard,0,objective_e20_bs32_eval5,experiments/sleep/gru/density_hard/seed_0_objective_e20_bs32_eval5,0.75,none,0.25,0.2393167939518393,0.0,0.0,0.0,0.43172254718634273,0.0,0.7597038120178737,0.20568945200043665,0.0009793940302869491,0.2393167939518393,-9565,9565,269,12482208,"{""initial_prob"": 0.2393167939518393, ""scale"": 0.25, ""smooth"": ""none"", ""threshold"": 0.75}"
sleep,gru,density_hard,0,objective_e20_bs32_eval5,experiments/sleep/gru/density_hard/seed_0_objective_e20_bs32_eval5,0.8,none,0.25,0.2393167939518393,0.0,0.0,0.0,0.4320386560371119,0.0,0.7606832060481608,0.20568945200043665,0.0,0.2393167939518393,-9578,9578,269,12482208,"{""initial_prob"": 0.2393167939518393, ""scale"": 0.25, ""smooth"": ""none"", ""threshold"": 0.8}"
sleep,gru,density_hard,0,objective_e20_bs32_eval5,experiments/sleep/gru/density_hard/seed_0_objective_e20_bs32_eval5,0.8500000000000001,none,0.25,0.2393167939518393,0.0,0.0,0.0,0.4320386560371119,0.0,0.7606832060481608,0.20568945200043665,0.0,0.2393167939518393,-9578,9578,269,12482208,"{""initial_prob"": 0.2393167939518393, ""scale"": 0.25, ""smooth"": ""none"", ""threshold"": 0.8500000000000001}"
sleep,gru,density_hard,0,objective_e20_bs32_eval5,experiments/sleep/gru/density_hard/seed_0_objective_e20_bs32_eval5,0.9,none,0.25,0.2393167939518393,0.0,0.0,0.0,0.4320386560371119,0.0,0.7606832060481608,0.20568945200043665,0.0,0.2393167939518393,-9578,9578,269,12482208,"{""initial_prob"": 0.2393167939518393, ""scale"": 0.25, ""smooth"": ""none"", ""threshold"": 0.9}"
sleep,gru,density_hard,0,objective_e20_bs32_eval5,experiments/sleep/gru/density_hard/seed_0_objective_e20_bs32_eval5,0.9500000000000001,none,0.25,0.2393167939518393,0.0,0.0,0.0,0.4320386560371119,0.0,0.7606832060481608,0.20568945200043665,0.0,0.2393167939518393,-9578,9578,269,12482208,"{""initial_prob"": 0.2393167939518393, ""scale"": 0.25, ""smooth"": ""none"", ""threshold"": 0.9500000000000001}"
sleep,gru,density_hard,0,objective_e20_bs32_eval5,experiments/sleep/gru/density_hard/seed_0_objective_e20_bs32_eval5,1.0,none,0.25,0.2393167939518393,0.0,0.0,0.0,0.4320386560371119,0.0,0.7606832060481608,0.20568945200043665,0.0,0.2393167939518393,-9578,9578,269,12482208,"{""initial_prob"": 0.2393167939518393, ""scale"": 0.25, ""smooth"": ""none"", ""threshold"": 1.0}"
sleep,gru,density_hard,0,objective_e20_bs32_eval5,experiments/sleep/gru/density_hard/seed_0_objective_e20_bs32_eval5,0.0,none,0.25,0.5,0.2393167939518393,1.0,0.3862076187779625,0.19310380938898125,0.2393167939518393,0.2393167939518393,0.21565686582057275,1.0,0.2393167939518393,-9578,9578,269,12482208,"{""initial_prob"": 0.5, ""scale"": 0.25, ""smooth"": ""none"", ""threshold"": 0.0}"
sleep,gru,density_hard,0,objective_e20_bs32_eval5,experiments/sleep/gru/density_hard/seed_0_objective_e20_bs32_eval5,0.05,none,0.25,0.5,0.2393167939518393,1.0,0.3862076187779625,0.19310380938898125,0.2393167939518393,0.2393167939518393,0.21565686582057275,1.0,0.2393167939518393,-9578,9578,269,12482208,"{""initial_prob"": 0.5, ""scale"": 0.25, ""smooth"": ""none"", ""threshold"": 0.05}"
sleep,gru,density_hard,0,objective_e20_bs32_eval5,experiments/sleep/gru/density_hard/seed_0_objective_e20_bs32_eval5,0.1,none,0.25,0.5,0.2393167939518393,1.0,0.3862076187779625,0.19310380938898125,0.2393167939518393,0.2393167939518393,0.21565686582057275,1.0,0.2393167939518393,-9578,9578,269,12482208,"{""initial_prob"": 0.5, ""scale"": 0.25, ""smooth"": ""none"", ""threshold"": 0.1}"
sleep,gru,density_hard,0,objective_e20_bs32_eval5,experiments/sleep/gru/density_hard/seed_0_objective_e20_bs32_eval5,0.15000000000000002,none,0.25,0.5,0.2393167939518393,1.0,0.3862076187779625,0.19310380938898125,0.2393167939518393,0.2393167939518393,0.21565686582057275,1.0,0.2393167939518393,-9578,9578,269,12482208,"{""initial_prob"": 0.5, ""scale"": 0.25, ""smooth"": ""none"", ""threshold"": 0.15000000000000002}"
sleep,gru,density_hard,0,objective_e20_bs32_eval5,experiments/sleep/gru/density_hard/seed_0_objective_e20_bs32_eval5,0.2,none,0.25,0.5,0.2393167939518393,1.0,0.3862076187779625,0.19310380938898125,0.2393167939518393,0.2393167939518393,0.21565686582057275,1.0,0.2393167939518393,-9578,9578,269,12482208,"{""initial_prob"": 0.5, ""scale"": 0.25, ""smooth"": ""none"", ""threshold"": 0.2}"
sleep,gru,density_hard,0,objective_e20_bs32_eval5,experiments/sleep/gru/density_hard/seed_0_objective_e20_bs32_eval5,0.25,none,0.25,0.5,0.2393167939518393,1.0,0.3862076187779625,0.19310380938898125,0.2393167939518393,0.2393167939518393,0.21565686582057275,1.0,0.2393167939518393,-9578,9578,269,12482208,"{""initial_prob"": 0.5, ""scale"": 0.25, ""smooth"": ""none"", ""threshold"": 0.25}"
sleep,gru,density_hard,0,objective_e20_bs32_eval5,experiments/sleep/gru/density_hard/seed_0_objective_e20_bs32_eval5,0.30000000000000004,none,0.25,0.5,0.23956445363750856,1.0,0.38653004760584314,0.19462220955667817,0.23956445363750856,0.2403505854092481,0.21565686582057275,0.9989662085425912,0.2393167939518393,-9561,9561,269,12482208,"{""initial_prob"": 0.5, ""scale"": 0.25, ""smooth"": ""none"", ""threshold"": 0.30000000000000004}"
sleep,gru,density_hard,0,objective_e20_bs32_eval5,experiments/sleep/gru/density_hard/seed_0_objective_e20_bs32_eval5,0.35000000000000003,none,0.25,0.5,0.24102546268859273,0.9999986609542977,0.38842941946523946,0.2034494254855416,0.24102538489896524,0.2464066453627435,0.21565686582057275,0.9929095076768469,0.2393167939518393,-9478,9478,269,12482208,"{""initial_prob"": 0.5, ""scale"": 0.25, ""smooth"": ""none"", ""threshold"": 0.35000000000000003}"
sleep,gru,density_hard,0,objective_e20_bs32_eval5,experiments/sleep/gru/density_hard/seed_0_objective_e20_bs32_eval5,0.4,none,0.25,0.5,0.2511649157940351,0.9992568296352239,0.4014297710182364,0.2597119946965438,0.2511180076673478,0.2868418792572596,0.21565686582057275,0.9521192083964631,0.2393167939518393,-8767,8767,269,12482208,"{""initial_prob"": 0.5, ""scale"": 0.25, ""smooth"": ""none"", ""threshold"": 0.4}"
sleep,gru,density_hard,0,objective_e20_bs32_eval5,experiments/sleep/gru/density_hard/seed_0_objective_e20_bs32_eval5,0.45,none,0.25,0.5,0.3366066140975295,0.9901911554692318,0.5024200368691492,0.5291137352606496,0.3354879533903395,0.5306269531800784,0.21565686582057275,0.7039949983208099,0.2393167939518393,-4727,4727,269,12482208,"{""initial_prob"": 0.5, ""scale"": 0.25, ""smooth"": ""none"", ""threshold"": 0.45}"
sleep,gru,density_hard,0,objective_e20_bs32_eval5,experiments/sleep/gru/density_hard/seed_0_objective_e20_bs32_eval5,0.5,none,0.25,0.5,0.5675614859643945,0.9262647788800356,0.7038465270958172,0.783847935621365,0.5430271505725067,0.813457763241888,0.21565686582057275,0.39056687727043166,0.2393167939518393,-958,958,269,12482208,"{""initial_prob"": 0.5, ""scale"": 0.25, ""smooth"": ""none"", ""threshold"": 0.5}"
sleep,gru,density_hard,0,objective_e20_bs32_eval5,experiments/sleep/gru/density_hard/seed_0_objective_e20_bs32_eval5,0.55,none,0.25,0.5,0.7486569557226317,0.6121176271306727,0.6735371530983584,0.7913992449225423,0.5077693315509061,0.857992832678321,0.21565686582057275,0.19567042946247973,0.2393167939518393,-3208,3208,269,12482208,"{""initial_prob"": 0.5, ""scale"": 0.25, ""smooth"": ""none"", ""threshold"": 0.55}"
sleep,gru,density_hard,0,objective_e20_bs32_eval5,experiments/sleep/gru/density_hard/seed_0_objective_e20_bs32_eval5,0.6000000000000001,none,0.25,0.5,0.6568914213572372,0.1302881425494493,0.2174476245814925,0.5432263552500194,0.1219866678702443,0.7755772856853531,0.21565686582057275,0.04746620149255645,0.2393167939518393,-8089,8089,269,12482208,"{""initial_prob"": 0.5, ""scale"": 0.25, ""smooth"": ""none"", ""threshold"": 0.6000000000000001}"
sleep,gru,density_hard,0,objective_e20_bs32_eval5,experiments/sleep/gru/density_hard/seed_0_objective_e20_bs32_eval5,0.65,none,0.25,0.5,0.28522874606408594,0.010310317146279361,0.019901252979630926,0.4405932818292755,0.010050636620814042,0.7569673570573411,0.21565686582057275,0.00865071307896808,0.2393167939518393,-9409,9409,269,12482208,"{""initial_prob"": 0.5, ""scale"": 0.25, ""smooth"": ""none"", ""threshold"": 0.65}"
sleep,gru,density_hard,0,objective_e20_bs32_eval5,experiments/sleep/gru/density_hard/seed_0_objective_e20_bs32_eval5,0.7000000000000001,none,0.25,0.5,0.0,0.0,0.0,0.4308878057000729,0.0,0.7571227782776894,0.21565686582057275,0.0035604277704713782,0.2393167939518393,-9554,9554,269,12482208,"{""initial_prob"": 0.5, ""scale"": 0.25, ""smooth"": ""none"", ""threshold"": 0.7000000000000001}"
sleep,gru,density_hard,0,objective_e20_bs32_eval5,experiments/sleep/gru/density_hard/seed_0_objective_e20_bs32_eval5,0.75,none,0.25,0.5,0.0,0.0,0.0,0.4317077997829125,0.0,0.7596581470201426,0.21565686582057275,0.0010250590280181198,0.2393167939518393,-9561,9561,269,12482208,"{""initial_prob"": 0.5, ""scale"": 0.25, ""smooth"": ""none"", ""threshold"": 0.75}"
sleep,gru,density_hard,0,objective_e20_bs32_eval5,experiments/sleep/gru/density_hard/seed_0_objective_e20_bs32_eval5,0.8,none,0.25,0.5,0.0,0.0,0.0,0.4320386560371119,0.0,0.7606832060481608,0.21565686582057275,0.0,0.2393167939518393,-9578,9578,269,12482208,"{""initial_prob"": 0.5, ""scale"": 0.25, ""smooth"": ""none"", ""threshold"": 0.8}"
sleep,gru,density_hard,0,objective_e20_bs32_eval5,experiments/sleep/gru/density_hard/seed_0_objective_e20_bs32_eval5,0.8500000000000001,none,0.25,0.5,0.0,0.0,0.0,0.4320386560371119,0.0,0.7606832060481608,0.21565686582057275,0.0,0.2393167939518393,-9578,9578,269,12482208,"{""initial_prob"": 0.5, ""scale"": 0.25, ""smooth"": ""none"", ""threshold"": 0.8500000000000001}"
sleep,gru,density_hard,0,objective_e20_bs32_eval5,experiments/sleep/gru/density_hard/seed_0_objective_e20_bs32_eval5,0.9,none,0.25,0.5,0.0,0.0,0.0,0.4320386560371119,0.0,0.7606832060481608,0.21565686582057275,0.0,0.2393167939518393,-9578,9578,269,12482208,"{""initial_prob"": 0.5, ""scale"": 0.25, ""smooth"": ""none"", ""threshold"": 0.9}"
sleep,gru,density_hard,0,objective_e20_bs32_eval5,experiments/sleep/gru/density_hard/seed_0_objective_e20_bs32_eval5,0.9500000000000001,none,0.25,0.5,0.0,0.0,0.0,0.4320386560371119,0.0,0.7606832060481608,0.21565686582057275,0.0,0.2393167939518393,-9578,9578,269,12482208,"{""initial_prob"": 0.5, ""scale"": 0.25, ""smooth"": ""none"", ""threshold"": 0.9500000000000001}"
sleep,gru,density_hard,0,objective_e20_bs32_eval5,experiments/sleep/gru/density_hard/seed_0_objective_e20_bs32_eval5,1.0,none,0.25,0.5,0.0,0.0,0.0,0.4320386560371119,0.0,0.7606832060481608,0.21565686582057275,0.0,0.2393167939518393,-9578,9578,269,12482208,"{""initial_prob"": 0.5, ""scale"": 0.25, ""smooth"": ""none"", ""threshold"": 1.0}"
sleep,gru,density_hard,0,objective_e20_bs32_eval5,experiments/sleep/gru/density_hard/seed_0_objective_e20_bs32_eval5,0.0,none,0.25,1.0,0.2393167939518393,1.0,0.3862076187779625,0.19310380938898125,0.2393167939518393,0.2393167939518393,0.2544820202564399,1.0,0.2393167939518393,-9578,9578,269,12482208,"{""initial_prob"": 1.0, ""scale"": 0.25, ""smooth"": ""none"", ""threshold"": 0.0}"
sleep,gru,density_hard,0,objective_e20_bs32_eval5,experiments/sleep/gru/density_hard/seed_0_objective_e20_bs32_eval5,0.05,none,0.25,1.0,0.2393167939518393,1.0,0.3862076187779625,0.19310380938898125,0.2393167939518393,0.2393167939518393,0.2544820202564399,1.0,0.2393167939518393,-9578,9578,269,12482208,"{""initial_prob"": 1.0, ""scale"": 0.25, ""smooth"": ""none"", ""threshold"": 0.05}"
sleep,gru,density_hard,0,objective_e20_bs32_eval5,experiments/sleep/gru/density_hard/seed_0_objective_e20_bs32_eval5,0.1,none,0.25,1.0,0.2393167939518393,1.0,0.3862076187779625,0.19310380938898125,0.2393167939518393,0.2393167939518393,0.2544820202564399,1.0,0.2393167939518393,-9578,9578,269,12482208,"{""initial_prob"": 1.0, ""scale"": 0.25, ""smooth"": ""none"", ""threshold"": 0.1}"
sleep,gru,density_hard,0,objective_e20_bs32_eval5,experiments/sleep/gru/density_hard/seed_0_objective_e20_bs32_eval5,0.15000000000000002,none,0.25,1.0,0.2393167939518393,1.0,0.3862076187779625,0.19310380938898125,0.2393167939518393,0.2393167939518393,0.2544820202564399,1.0,0.2393167939518393,-9578,9578,269,12482208,"{""initial_prob"": 1.0, ""scale"": 0.25, ""smooth"": ""none"", ""threshold"": 0.15000000000000002}"
sleep,gru,density_hard,0,objective_e20_bs32_eval5,experiments/sleep/gru/density_hard/seed_0_objective_e20_bs32_eval5,0.2,none,0.25,1.0,0.2393167939518393,1.0,0.3862076187779625,0.19310380938898125,0.2393167939518393,0.2393167939518393,0.2544820202564399,1.0,0.2393167939518393,-9578,9578,269,12482208,"{""initial_prob"": 1.0, ""scale"": 0.25, ""smooth"": ""none"", ""threshold"": 0.2}"
sleep,gru,density_hard,0,objective_e20_bs32_eval5,experiments/sleep/gru/density_hard/seed_0_objective_e20_bs32_eval5,0.25,none,0.25,1.0,0.2393167939518393,1.0,0.3862076187779625,0.19310380938898125,0.2393167939518393,0.2393167939518393,0.2544820202564399,1.0,0.2393167939518393,-9578,9578,269,12482208,"{""initial_prob"": 1.0, ""scale"": 0.25, ""smooth"": ""none"", ""threshold"": 0.25}"
sleep,gru,density_hard,0,objective_e20_bs32_eval5,experiments/sleep/gru/density_hard/seed_0_objective_e20_bs32_eval5,0.30000000000000004,none,0.25,1.0,0.2395518317980305,1.0,0.3865136183140464,0.19454498356449926,0.2395518317980305,0.2402979504908106,0.2544820202564399,0.9990188434610286,0.2393167939518393,-9563,9563,269,12482208,"{""initial_prob"": 1.0, ""scale"": 0.25, ""smooth"": ""none"", ""threshold"": 0.30000000000000004}"
sleep,gru,density_hard,0,objective_e20_bs32_eval5,experiments/sleep/gru/density_hard/seed_0_objective_e20_bs32_eval5,0.35000000000000003,none,0.25,1.0,0.24083958107536224,0.9999996652385744,0.38818807700836944,0.20233788144730955,0.24083956165795473,0.24563979385698428,0.2544820202564399,0.9936768398667928,0.2393167939518393,-9490,9490,269,12482208,"{""initial_prob"": 1.0, ""scale"": 0.25, ""smooth"": ""none"", ""threshold"": 0.35000000000000003}"
sleep,gru,density_hard,0,objective_e20_bs32_eval5,experiments/sleep/gru/density_hard/seed_0_objective_e20_bs32_eval5,0.4,none,0.25,1.0,0.24759361002947777,0.9994161760737975,0.39686787018602343,0.24103444452319633,0.2475578043789035,0.2730307009785448,0.2544820202564399,0.9660066552327922,0.2393167939518393,-8979,8979,269,12482208,"{""initial_prob"": 1.0, ""scale"": 0.25, ""smooth"": ""none"", ""threshold"": 0.4}"
sleep,gru,density_hard,0,objective_e20_bs32_eval5,experiments/sleep/gru/density_hard/seed_0_objective_e20_bs32_eval5,0.45,none,0.25,1.0,0.3011361893815515,0.9926767590541249,0.46209291207143843,0.44647819898762525,0.30046867960914386,0.4469186861811628,0.2544820202564399,0.7888929586816691,0.2393167939518393,-6243,6243,269,12482208,"{""initial_prob"": 1.0, ""scale"": 0.25, ""smooth"": ""none"", ""threshold"": 0.45}"
sleep,gru,density_hard,0,objective_e20_bs32_eval5,experiments/sleep/gru/density_hard/seed_0_objective_e20_bs32_eval5,0.5,none,0.25,1.0,0.4082944149788718,0.9457227867415728,0.5703521808352349,0.643847557889985,0.3989459314311746,0.6590140141872335,0.2544820202564399,0.5543238824413117,0.2393167939518393,-3416,3416,269,12482208,"{""initial_prob"": 1.0, ""scale"": 0.25, ""smooth"": ""none"", ""threshold"": 0.5}"
sleep,gru,density_hard,0,objective_e20_bs32_eval5,experiments/sleep/gru/density_hard/seed_0_objective_e20_bs32_eval5,0.55,none,0.25,1.0,0.4693882367733379,0.7323411674202146,0.5720960610472624,0.6915563727930101,0.40065444561127317,0.7378233882979678,0.2544820202564399,0.3733828982820988,0.2393167939518393,-4142,4142,269,12482208,"{""initial_prob"": 1.0, ""scale"": 0.25, ""smooth"": ""none"", ""threshold"": 0.55}"
sleep,gru,density_hard,0,objective_e20_bs32_eval5,experiments/sleep/gru/density_hard/seed_0_objective_e20_bs32_eval5,0.6000000000000001,none,0.25,1.0,0.42092831693060223,0.37685867912514787,0.3976762978316411,0.6105049565813147,0.24818724037688644,0.7267992169334143,0.2544820202564399,0.21426121083705704,0.2393167939518393,-7102,7102,269,12482208,"{""initial_prob"": 1.0, ""scale"": 0.25, ""smooth"": ""none"", ""threshold"": 0.6000000000000001}"
sleep,gru,density_hard,0,objective_e20_bs32_eval5,experiments/sleep/gru/density_hard/seed_0_objective_e20_bs32_eval5,0.65,none,0.25,1.0,0.37716691848915807,0.21718484387731396,0.27564463839260017,0.5536596999608691,0.15985373115646606,0.726828859124924,0.2544820202564399,0.1378063079865357,0.2393167939518393,-8402,8402,269,12482208,"{""initial_prob"": 1.0, ""scale"": 0.25, ""smooth"": ""none"", ""threshold"": 0.65}"
sleep,gru,density_hard,0,objective_e20_bs32_eval5,experiments/sleep/gru/density_hard/seed_0_objective_e20_bs32_eval5,0.7000000000000001,none,0.25,1.0,0.3666472223451461,0.15254843830447354,0.21545427058247538,0.527698555662333,0.12073339843905241,0.7341270871307384,0.2544820202564399,0.09957092527219544,0.2393167939518393,-8856,8856,269,12482208,"{""initial_prob"": 1.0, ""scale"": 0.25, ""smooth"": ""none"", ""threshold"": 0.7000000000000001}"
sleep,gru,density_hard,0,objective_e20_bs32_eval5,experiments/sleep/gru/density_hard/seed_0_objective_e20_bs32_eval5,0.75,none,0.25,1.0,0.3711990144937016,0.11398593064680594,0.1744137593139398,0.5106752700149765,0.09553849356817821,0.7417525008395951,0.2544820202564399,0.07348820016458626,0.2393167939518393,-9043,9043,269,12482208,"{""initial_prob"": 1.0, ""scale"": 0.25, ""smooth"": ""none"", ""threshold"": 0.75}"
sleep,gru,density_hard,0,objective_e20_bs32_eval5,experiments/sleep/gru/density_hard/seed_0_objective_e20_bs32_eval5,0.8,none,0.25,1.0,0.3949208647824171,0.08910210959955168,0.14539922292706575,0.4992637666547547,0.07839920306544107,0.7493357745680892,0.2544820202564399,0.0539946938874917,0.2393167939518393,-9103,9103,269,12482208,"{""initial_prob"": 1.0, ""scale"": 0.25, ""smooth"": ""none"", ""threshold"": 0.8}"
sleep,gru,density_hard,0,objective_e20_bs32_eval5,experiments/sleep/gru/density_hard/seed_0_objective_e20_bs32_eval5,0.8500000000000001,none,0.25,1.0,0.394520903771962,0.06203028787474031,0.10720482470020638,0.4818535213333816,0.056638365365246954,0.7527453476179855,0.2544820202564399,0.03762763767436018,0.2393167939518393,-9217,9217,269,12482208,"{""initial_prob"": 1.0, ""scale"": 0.25, ""smooth"": ""none"", ""threshold"": 0.8500000000000001}"
sleep,gru,density_hard,0,objective_e20_bs32_eval5,experiments/sleep/gru/density_hard/seed_0_objective_e20_bs32_eval5,0.9,none,0.25,1.0,0.39136293309828213,0.04919821290960571,0.08740832949963467,0.4726728571573985,0.045701511121172676,0.7541466221360836,0.2544820202564399,0.030084501075450753,0.2393167939518393,-9255,9255,269,12482208,"{""initial_prob"": 1.0, ""scale"": 0.25, ""smooth"": ""none"", ""threshold"": 0.9}"
sleep,gru,density_hard,0,objective_e20_bs32_eval5,experiments/sleep/gru/density_hard/seed_0_objective_e20_bs32_eval5,0.9500000000000001,none,0.25,1.0,0.40106150559990905,0.033062042674047484,0.06108819789104907,0.46069145552802254,0.03150643460141073,0.7567794095403634,0.2544820202564399,0.01972840061630122,0.2393167939518393,-9287,9287,269,12482208,"{""initial_prob"": 1.0, ""scale"": 0.25, ""smooth"": ""none"", ""threshold"": 0.9500000000000001}"
sleep,gru,density_hard,0,objective_e20_bs32_eval5,experiments/sleep/gru/density_hard/seed_0_objective_e20_bs32_eval5,1.0,none,0.25,1.0,0.0,0.0,0.0,0.4320386560371119,0.0,0.7606832060481608,0.2544820202564399,0.0,0.2393167939518393,-9578,9578,269,12482208,"{""initial_prob"": 1.0, ""scale"": 0.25, ""smooth"": ""none"", ""threshold"": 1.0}"
sleep,gru,density_hard,0,objective_e20_bs32_eval5,experiments/sleep/gru/density_hard/seed_0_objective_e20_bs32_eval5,0.0,none,0.5,0.0,0.2393167939518393,1.0,0.3862076187779625,0.19310380938898125,0.2393167939518393,0.2393167939518393,0.1775668989696354,1.0,0.2393167939518393,-9578,9578,269,12482208,"{""initial_prob"": 0.0, ""scale"": 0.5, ""smooth"": ""none"", ""threshold"": 0.0}"
sleep,gru,density_hard,0,objective_e20_bs32_eval5,experiments/sleep/gru/density_hard/seed_0_objective_e20_bs32_eval5,0.05,none,0.5,0.0,0.24295841797333914,0.9996873328285131,0.3909118148841304,0.21507217192103895,0.24293995723794412,0.25446379358523746,0.1775668989696354,0.9847033473564933,0.2393167939518393,-9307,9307,269,12482208,"{""initial_prob"": 0.0, ""scale"": 0.5, ""smooth"": ""none"", ""threshold"": 0.05}"
sleep,gru,density_hard,0,objective_e20_bs32_eval5,experiments/sleep/gru/density_hard/seed_0_objective_e20_bs32_eval5,0.1,none,0.5,0.0,0.24347030315970475,0.999371652804196,0.3915498959620255,0.21829262228754703,0.24343303841322098,0.256693286956923,0.1775668989696354,0.9823227589221394,0.2393167939518393,-9305,9305,269,12482208,"{""initial_prob"": 0.0, ""scale"": 0.5, ""smooth"": ""none"", ""threshold"": 0.1}"
sleep,gru,density_hard,0,objective_e20_bs32_eval5,experiments/sleep/gru/density_hard/seed_0_objective_e20_bs32_eval5,0.15000000000000002,none,0.5,0.0,0.24384382519091954,0.9987794598423542,0.39198718862500415,0.22094223260888052,0.24377118506277307,0.25849577254280653,0.1775668989696354,0.9802368298941982,0.2393167939518393,-9295,9295,269,12482208,"{""initial_prob"": 0.0, ""scale"": 0.5, ""smooth"": ""none"", ""threshold"": 0.15000000000000002}"
sleep,gru,density_hard,0,objective_e20_bs32_eval5,experiments/sleep/gru/density_hard/seed_0_objective_e20_bs32_eval5,0.2,none,0.5,0.0,0.24492739402002267,0.9976821118893199,0.3933008375734599,0.22797588359489795,0.24478810145109664,0.26337936365104636,0.1775668989696354,0.9748280111980188,0.2393167939518393,-9199,9199,269,12482208,"{""initial_prob"": 0.0, ""scale"": 0.5, ""smooth"": ""none"", ""threshold"": 0.2}"
sleep,gru,density_hard,0,objective_e20_bs32_eval5,experiments/sleep/gru/density_hard/seed_0_objective_e20_bs32_eval5,0.25,none,0.5,0.0,0.24778064356587431,0.9955453297098756,0.3968015915321098,0.24519467804436307,0.24750622844699338,0.2756457831819499,0.1775668989696354,0.9615388559459993,0.2393167939518393,-8946,8946,269,12482208,"{""initial_prob"": 0.0, ""scale"": 0.5, ""smooth"": ""none"", ""threshold"": 0.25}"
sleep,gru,density_hard,0,objective_e20_bs32_eval5,experiments/sleep/gru/density_hard/seed_0_objective_e20_bs32_eval5,0.30000000000000004,none,0.5,0.0,0.25379070768587514,0.9883476242985911,0.40387360497869207,0.28065041797576673,0.25303359824038274,0.30175831070913095,0.1775668989696354,0.9319812648531414,0.2393167939518393,-8504,8504,269,12482208,"{""initial_prob"": 0.0, ""scale"": 0.5, ""smooth"": ""none"", ""threshold"": 0.30000000000000004}"
sleep,gru,density_hard,0,objective_e20_bs32_eval5,experiments/sleep/gru/density_hard/seed_0_objective_e20_bs32_eval5,0.35000000000000003,none,0.5,0.0,0.2751299812736034,0.972357075283158,0.4289015785900276,0.3757778699305767,0.27299472314733314,0.38029890224550017,0.1775668989696354,0.8457870594689657,0.2393167939518393,-7039,7039,269,12482208,"{""initial_prob"": 0.0, ""scale"": 0.5, ""smooth"": ""none"", ""threshold"": 0.35000000000000003}"
sleep,gru,density_hard,0,objective_e20_bs32_eval5,experiments/sleep/gru/density_hard/seed_0_objective_e20_bs32_eval5,0.4,none,0.5,0.0,0.3637915759555104,0.9488963250560223,0.5259444979183819,0.5828668514984949,0.3568010140565661,0.5906345255582987,0.1775668989696354,0.6242223331000413,0.2393167939518393,-3461,3461,269,12482208,"{""initial_prob"": 0.0, ""scale"": 0.5, ""smooth"": ""none"", ""threshold"": 0.4}"
sleep,gru,density_hard,0,objective_e20_bs32_eval5,experiments/sleep/gru/density_hard/seed_0_objective_e20_bs32_eval5,0.45,none,0.5,0.0,0.5151657057495573,0.9247288934594983,0.6616992845000647,0.7458500132969607,0.4944324372216152,0.7737128719534236,0.1775668989696354,0.42957664220945524,0.2393167939518393,-1028,1028,269,12482208,"{""initial_prob"": 0.0, ""scale"": 0.5, ""smooth"": ""none"", ""threshold"": 0.45}"
sleep,gru,density_hard,0,objective_e20_bs32_eval5,experiments/sleep/gru/density_hard/seed_0_objective_e20_bs32_eval5,0.5,none,0.5,0.0,0.6838648888023188,0.8744360106882628,0.7674975807426676,0.840168989654553,0.622714867533597,0.8732109735713425,0.1775668989696354,0.30600667766472084,0.2393167939518393,-570,570,269,12482208,"{""initial_prob"": 0.0, ""scale"": 0.5, ""smooth"": ""none"", ""threshold"": 0.5}"
sleep,gru,density_hard,0,objective_e20_bs32_eval5,experiments/sleep/gru/density_hard/seed_0_objective_e20_bs32_eval5,0.55,none,0.5,0.0,0.7851065593064765,0.7547835733907516,0.7696465114532611,0.8495021164416143,0.6255490951322836,0.891874258144072,0.1775668989696354,0.23007371772686372,0.2393167939518393,-1561,1561,269,12482208,"{""initial_prob"": 0.0, ""scale"": 0.5, ""smooth"": ""none"", ""threshold"": 0.55}"
sleep,gru,density_hard,0,objective_e20_bs32_eval5,experiments/sleep/gru/density_hard/seed_0_objective_e20_bs32_eval5,0.6000000000000001,none,0.5,0.0,0.8121366501864475,0.4877574399053027,0.6094737969310259,0.7584801804834186,0.4383044315064908,0.8504101197480446,0.1775668989696354,0.14373017978870406,0.2393167939518393,-4245,4245,269,12482208,"{""initial_prob"": 0.0, ""scale"": 0.5, ""smooth"": ""none"", ""threshold"": 0.6000000000000001}"
sleep,gru,density_hard,0,objective_e20_bs32_eval5,experiments/sleep/gru/density_hard/seed_0_objective_e20_bs32_eval5,0.65,none,0.5,0.0,0.7233308167072374,0.14304322238670167,0.23885196509723475,0.5557562596826342,0.13562287801117295,0.7818220942961374,0.1775668989696354,0.047326402508274176,0.2393167939518393,-7875,7875,269,12482208,"{""initial_prob"": 0.0, ""scale"": 0.5, ""smooth"": ""none"", ""threshold"": 0.65}"
sleep,gru,density_hard,0,objective_e20_bs32_eval5,experiments/sleep/gru/density_hard/seed_0_objective_e20_bs32_eval5,0.7000000000000001,none,0.5,0.0,0.44847972311619566,0.019173125888373135,0.036774108007649665,0.4497273583868939,0.018731470564668444,0.7596289855128195,0.1775668989696354,0.010231122570622121,0.2393167939518393,-9311,9311,269,12482208,"{""initial_prob"": 0.0, ""scale"": 0.5, ""smooth"": ""none"", ""threshold"": 0.7000000000000001}"
sleep,gru,density_hard,0,objective_e20_bs32_eval5,experiments/sleep/gru/density_hard/seed_0_objective_e20_bs32_eval5,0.75,none,0.5,0.0,0.12443659681241578,0.0017929821953788193,0.0035350288623622384,0.43293583024451565,0.001770644070127555,0.7580931194224612,0.1775668989696354,0.0034482681269211346,0.2393167939518393,-9527,9527,269,12482208,"{""initial_prob"": 0.0, ""scale"": 0.5, ""smooth"": ""none"", ""threshold"": 0.75}"
sleep,gru,density_hard,0,objective_e20_bs32_eval5,experiments/sleep/gru/density_hard/seed_0_objective_e20_bs32_eval5,0.8,none,0.5,0.0,0.0,0.0,0.0,0.43193725509756364,0.0,0.7603689187041267,0.1775668989696354,0.00031428734403400426,0.2393167939518393,-9566,9566,269,12482208,"{""initial_prob"": 0.0, ""scale"": 0.5, ""smooth"": ""none"", ""threshold"": 0.8}"
sleep,gru,density_hard,0,objective_e20_bs32_eval5,experiments/sleep/gru/density_hard/seed_0_objective_e20_bs32_eval5,0.8500000000000001,none,0.5,0.0,0.0,0.0,0.0,0.4320386560371119,0.0,0.7606832060481608,0.1775668989696354,0.0,0.2393167939518393,-9578,9578,269,12482208,"{""initial_prob"": 0.0, ""scale"": 0.5, ""smooth"": ""none"", ""threshold"": 0.8500000000000001}"
sleep,gru,density_hard,0,objective_e20_bs32_eval5,experiments/sleep/gru/density_hard/seed_0_objective_e20_bs32_eval5,0.9,none,0.5,0.0,0.0,0.0,0.0,0.4320386560371119,0.0,0.7606832060481608,0.1775668989696354,0.0,0.2393167939518393,-9578,9578,269,12482208,"{""initial_prob"": 0.0, ""scale"": 0.5, ""smooth"": ""none"", ""threshold"": 0.9}"
sleep,gru,density_hard,0,objective_e20_bs32_eval5,experiments/sleep/gru/density_hard/seed_0_objective_e20_bs32_eval5,0.9500000000000001,none,0.5,0.0,0.0,0.0,0.0,0.4320386560371119,0.0,0.7606832060481608,0.1775668989696354,0.0,0.2393167939518393,-9578,9578,269,12482208,"{""initial_prob"": 0.0, ""scale"": 0.5, ""smooth"": ""none"", ""threshold"": 0.9500000000000001}"
sleep,gru,density_hard,0,objective_e20_bs32_eval5,experiments/sleep/gru/density_hard/seed_0_objective_e20_bs32_eval5,1.0,none,0.5,0.0,0.0,0.0,0.0,0.4320386560371119,0.0,0.7606832060481608,0.1775668989696354,0.0,0.2393167939518393,-9578,9578,269,12482208,"{""initial_prob"": 0.0, ""scale"": 0.5, ""smooth"": ""none"", ""threshold"": 1.0}"
sleep,gru,density_hard,0,objective_e20_bs32_eval5,experiments/sleep/gru/density_hard/seed_0_objective_e20_bs32_eval5,0.0,none,0.5,0.2393167939518393,0.2393167939518393,1.0,0.3862076187779625,0.19310380938898125,0.2393167939518393,0.2393167939518393,0.17892718941564303,1.0,0.2393167939518393,-9578,9578,269,12482208,"{""initial_prob"": 0.2393167939518393, ""scale"": 0.5, ""smooth"": ""none"", ""threshold"": 0.0}"
sleep,gru,density_hard,0,objective_e20_bs32_eval5,experiments/sleep/gru/density_hard/seed_0_objective_e20_bs32_eval5,0.05,none,0.5,0.2393167939518393,0.2393167939518393,1.0,0.3862076187779625,0.19310380938898125,0.2393167939518393,0.2393167939518393,0.17892718941564303,1.0,0.2393167939518393,-9578,9578,269,12482208,"{""initial_prob"": 0.2393167939518393, ""scale"": 0.5, ""smooth"": ""none"", ""threshold"": 0.05}"
sleep,gru,density_hard,0,objective_e20_bs32_eval5,experiments/sleep/gru/density_hard/seed_0_objective_e20_bs32_eval5,0.1,none,0.5,0.2393167939518393,0.2393167939518393,1.0,0.3862076187779625,0.19310380938898125,0.2393167939518393,0.2393167939518393,0.17892718941564303,1.0,0.2393167939518393,-9578,9578,269,12482208,"{""initial_prob"": 0.2393167939518393, ""scale"": 0.5, ""smooth"": ""none"", ""threshold"": 0.1}"
sleep,gru,density_hard,0,objective_e20_bs32_eval5,experiments/sleep/gru/density_hard/seed_0_objective_e20_bs32_eval5,0.15000000000000002,none,0.5,0.2393167939518393,0.2393167939518393,1.0,0.3862076187779625,0.19310380938898125,0.2393167939518393,0.2393167939518393,0.17892718941564303,1.0,0.2393167939518393,-9578,9578,269,12482208,"{""initial_prob"": 0.2393167939518393, ""scale"": 0.5, ""smooth"": ""none"", ""threshold"": 0.15000000000000002}"
sleep,gru,density_hard,0,objective_e20_bs32_eval5,experiments/sleep/gru/density_hard/seed_0_objective_e20_bs32_eval5,0.2,none,0.5,0.2393167939518393,0.2399296018490117,1.0,0.38700520011978606,0.1968490237132858,0.2399296018490117,0.24187090937757166,0.17892718941564303,0.9974458845742676,0.2393167939518393,-9472,9472,269,12482208,"{""initial_prob"": 0.2393167939518393, ""scale"": 0.5, ""smooth"": ""none"", ""threshold"": 0.2}"
sleep,gru,density_hard,0,objective_e20_bs32_eval5,experiments/sleep/gru/density_hard/seed_0_objective_e20_bs32_eval5,0.25,none,0.5,0.2393167939518393,0.24338100984469527,0.9997144485039847,0.3914607046452343,0.21747683069672247,0.24336409174194099,0.2561598877378105,0.17892718941564303,0.9830202316769597,0.2393167939518393,-9264,9264,269,12482208,"{""initial_prob"": 0.2393167939518393, ""scale"": 0.5, ""smooth"": ""none"", ""threshold"": 0.25}"
sleep,gru,density_hard,0,objective_e20_bs32_eval5,experiments/sleep/gru/density_hard/seed_0_objective_e20_bs32_eval5,0.30000000000000004,none,0.5,0.2393167939518393,0.24844364502604815,0.9992206754012618,0.39794361787480875,0.2457040734814278,0.2483955136128984,0.2764305802306771,0.17892718941564303,0.9625132027923264,0.2393167939518393,-8896,8896,269,12482208,"{""initial_prob"": 0.2393167939518393, ""scale"": 0.5, ""smooth"": ""none"", ""threshold"": 0.30000000000000004}"
sleep,gru,density_hard,0,objective_e20_bs32_eval5,experiments/sleep/gru/density_hard/seed_0_objective_e20_bs32_eval5,0.35000000000000003,none,0.5,0.2393167939518393,0.2714412902191069,0.9971535235983372,0.4267219699212984,0.34968623710145363,0.2712311249270748,0.35881183841833114,0.17892718941564303,0.8791425363204971,0.2393167939518393,-7247,7247,269,12482208,"{""initial_prob"": 0.2393167939518393, ""scale"": 0.5, ""smooth"": ""none"", ""threshold"": 0.35000000000000003}"
sleep,gru,density_hard,0,objective_e20_bs32_eval5,experiments/sleep/gru/density_hard/seed_0_objective_e20_bs32_eval5,0.4,none,0.5,0.2393167939518393,0.3645280616653021,0.9922084278197457,0.5331732694804842,0.5791651165975225,0.3634875601780495,0.5841914347205238,0.17892718941564303,0.6513960510832699,0.2393167939518393,-3218,3218,269,12482208,"{""initial_prob"": 0.2393167939518393, ""scale"": 0.5, ""smooth"": ""none"", ""threshold"": 0.4}"
sleep,gru,density_hard,0,objective_e20_bs32_eval5,experiments/sleep/gru/density_hard/seed_0_objective_e20_bs32_eval5,0.45,none,0.5,0.2393167939518393,0.5185025028453588,0.9729934567531757,0.6765013868552149,0.7533546839125902,0.511146275588283,0.7773017402049381,0.17892718941564303,0.44908881505579784,0.2393167939518393,-606,606,269,12482208,"{""initial_prob"": 0.2393167939518393, ""scale"": 0.5, ""smooth"": ""none"", ""threshold"": 0.45}"
sleep,gru,density_hard,0,objective_e20_bs32_eval5,experiments/sleep/gru/density_hard/seed_0_objective_e20_bs32_eval5,0.5,none,0.5,0.2393167939518393,0.6880746104577478,0.9210860196263928,0.787709930635537,0.852609456397017,0.6497701750938948,0.8811862452540448,0.17892718941564303,0.32035966713581443,0.2393167939518393,-83,83,269,12482208,"{""initial_prob"": 0.2393167939518393, ""scale"": 0.5, ""smooth"": ""none"", ""threshold"": 0.5}"
sleep,gru,density_hard,0,objective_e20_bs32_eval5,experiments/sleep/gru/density_hard/seed_0_objective_e20_bs32_eval5,0.55,none,0.5,0.2393167939518393,0.7866344388703919,0.7922648016438125,0.7894395813058673,0.8614418224115776,0.6521273693695183,0.8988580385777901,0.17892718941564303,0.24102971205094484,0.2393167939518393,-1203,1203,269,12482208,"{""initial_prob"": 0.2393167939518393, ""scale"": 0.5, ""smooth"": ""none"", ""threshold"": 0.55}"
sleep,gru,density_hard,0,objective_e20_bs32_eval5,experiments/sleep/gru/density_hard/seed_0_objective_e20_bs32_eval5,0.6000000000000001,none,0.5,0.2393167939518393,0.8161676783727275,0.5134292893483601,0.6303329524197805,0.7704124466512938,0.46020889057189857,0.8558799052218966,0.17892718941564303,0.1505478037219056,0.2393167939518393,-3965,3965,269,12482208,"{""initial_prob"": 0.2393167939518393, ""scale"": 0.5, ""smooth"": ""none"", ""threshold"": 0.6000000000000001}"
sleep,gru,density_hard,0,objective_e20_bs32_eval5,experiments/sleep/gru/density_hard/seed_0_objective_e20_bs32_eval5,0.65,none,0.5,0.2393167939518393,0.7319522225406814,0.15217450979210645,0.25196494254275204,0.5627900483610486,0.14414181309914284,0.7837645390943654,0.17892718941564303,0.04975449856307474,0.2393167939518393,-7765,7765,269,12482208,"{""initial_prob"": 0.2393167939518393, ""scale"": 0.5, ""smooth"": ""none"", ""threshold"": 0.65}"
sleep,gru,density_hard,0,objective_e20_bs32_eval5,experiments/sleep/gru/density_hard/seed_0_objective_e20_bs32_eval5,0.7000000000000001,none,0.5,0.2393167939518393,0.45493154598735164,0.01972246938774144,0.03780595211930549,0.4502716443837623,0.01926718316169521,0.759748034963045,0.17892718941564303,0.010375007370490862,0.2393167939518393,-9303,9303,269,12482208,"{""initial_prob"": 0.2393167939518393, ""scale"": 0.5, ""smooth"": ""none"", ""threshold"": 0.7000000000000001}"
sleep,gru,density_hard,0,objective_e20_bs32_eval5,experiments/sleep/gru/density_hard/seed_0_objective_e20_bs32_eval5,0.75,none,0.5,0.2393167939518393,0.13749378418697167,0.002036353751771725,0.0040132689239847415,0.43317697471501415,0.0020106691399803195,0.7581134683863624,0.17892718941564303,0.003544404964249915,0.2393167939518393,-9521,9521,269,12482208,"{""initial_prob"": 0.2393167939518393, ""scale"": 0.5, ""smooth"": ""none"", ""threshold"": 0.75}"
sleep,gru,density_hard,0,objective_e20_bs32_eval5,experiments/sleep/gru/density_hard/seed_0_objective_e20_bs32_eval5,0.8,none,0.5,0.2393167939518393,0.0,0.0,0.0,0.43193725509756364,0.0,0.7603689187041267,0.17892718941564303,0.00031428734403400426,0.2393167939518393,-9566,9566,269,12482208,"{""initial_prob"": 0.2393167939518393, ""scale"": 0.5, ""smooth"": ""none"", ""threshold"": 0.8}"
sleep,gru,density_hard,0,objective_e20_bs32_eval5,experiments/sleep/gru/density_hard/seed_0_objective_e20_bs32_eval5,0.8500000000000001,none,0.5,0.2393167939518393,0.0,0.0,0.0,0.4320386560371119,0.0,0.7606832060481608,0.17892718941564303,0.0,0.2393167939518393,-9578,9578,269,12482208,"{""initial_prob"": 0.2393167939518393, ""scale"": 0.5, ""smooth"": ""none"", ""threshold"": 0.8500000000000001}"
sleep,gru,density_hard,0,objective_e20_bs32_eval5,experiments/sleep/gru/density_hard/seed_0_objective_e20_bs32_eval5,0.9,none,0.5,0.2393167939518393,0.0,0.0,0.0,0.4320386560371119,0.0,0.7606832060481608,0.17892718941564303,0.0,0.2393167939518393,-9578,9578,269,12482208,"{""initial_prob"": 0.2393167939518393, ""scale"": 0.5, ""smooth"": ""none"", ""threshold"": 0.9}"
sleep,gru,density_hard,0,objective_e20_bs32_eval5,experiments/sleep/gru/density_hard/seed_0_objective_e20_bs32_eval5,0.9500000000000001,none,0.5,0.2393167939518393,0.0,0.0,0.0,0.4320386560371119,0.0,0.7606832060481608,0.17892718941564303,0.0,0.2393167939518393,-9578,9578,269,12482208,"{""initial_prob"": 0.2393167939518393, ""scale"": 0.5, ""smooth"": ""none"", ""threshold"": 0.9500000000000001}"
sleep,gru,density_hard,0,objective_e20_bs32_eval5,experiments/sleep/gru/density_hard/seed_0_objective_e20_bs32_eval5,1.0,none,0.5,0.2393167939518393,0.0,0.0,0.0,0.4320386560371119,0.0,0.7606832060481608,0.17892718941564303,0.0,0.2393167939518393,-9578,9578,269,12482208,"{""initial_prob"": 0.2393167939518393, ""scale"": 0.5, ""smooth"": ""none"", ""threshold"": 1.0}"
sleep,gru,density_hard,0,objective_e20_bs32_eval5,experiments/sleep/gru/density_hard/seed_0_objective_e20_bs32_eval5,0.0,none,0.5,0.5,0.2393167939518393,1.0,0.3862076187779625,0.19310380938898125,0.2393167939518393,0.2393167939518393,0.1839337575122672,1.0,0.2393167939518393,-9578,9578,269,12482208,"{""initial_prob"": 0.5, ""scale"": 0.5, ""smooth"": ""none"", ""threshold"": 0.0}"
sleep,gru,density_hard,0,objective_e20_bs32_eval5,experiments/sleep/gru/density_hard/seed_0_objective_e20_bs32_eval5,0.05,none,0.5,0.5,0.2393167939518393,1.0,0.3862076187779625,0.19310380938898125,0.2393167939518393,0.2393167939518393,0.1839337575122672,1.0,0.2393167939518393,-9578,9578,269,12482208,"{""initial_prob"": 0.5, ""scale"": 0.5, ""smooth"": ""none"", ""threshold"": 0.05}"
sleep,gru,density_hard,0,objective_e20_bs32_eval5,experiments/sleep/gru/density_hard/seed_0_objective_e20_bs32_eval5,0.1,none,0.5,0.5,0.2393167939518393,1.0,0.3862076187779625,0.19310380938898125,0.2393167939518393,0.2393167939518393,0.1839337575122672,1.0,0.2393167939518393,-9578,9578,269,12482208,"{""initial_prob"": 0.5, ""scale"": 0.5, ""smooth"": ""none"", ""threshold"": 0.1}"
sleep,gru,density_hard,0,objective_e20_bs32_eval5,experiments/sleep/gru/density_hard/seed_0_objective_e20_bs32_eval5,0.15000000000000002,none,0.5,0.5,0.2393167939518393,1.0,0.3862076187779625,0.19310380938898125,0.2393167939518393,0.2393167939518393,0.1839337575122672,1.0,0.2393167939518393,-9578,9578,269,12482208,"{""initial_prob"": 0.5, ""scale"": 0.5, ""smooth"": ""none"", ""threshold"": 0.15000000000000002}"
sleep,gru,density_hard,0,objective_e20_bs32_eval5,experiments/sleep/gru/density_hard/seed_0_objective_e20_bs32_eval5,0.2,none,0.5,0.5,0.2393167939518393,1.0,0.3862076187779625,0.19310380938898125,0.2393167939518393,0.2393167939518393,0.1839337575122672,1.0,0.2393167939518393,-9578,9578,269,12482208,"{""initial_prob"": 0.5, ""scale"": 0.5, ""smooth"": ""none"", ""threshold"": 0.2}"
sleep,gru,density_hard,0,objective_e20_bs32_eval5,experiments/sleep/gru/density_hard/seed_0_objective_e20_bs32_eval5,0.25,none,0.5,0.5,0.23946537818902505,1.0,0.38640107646880206,0.19401556537759357,0.23946537818902505,0.23993727712276547,0.1839337575122672,0.9993795168290738,0.2393167939518393,-9563,9563,269,12482208,"{""initial_prob"": 0.5, ""scale"": 0.5, ""smooth"": ""none"", ""threshold"": 0.25}"
sleep,gru,density_hard,0,objective_e20_bs32_eval5,experiments/sleep/gru/density_hard/seed_0_objective_e20_bs32_eval5,0.30000000000000004,none,0.5,0.5,0.24198835814717048,0.9999879485886793,0.3896780325575058,0.20915621621700656,0.24198765242977502,0.25036299667494727,0.1839337575122672,0.9889480290666524,0.2393167939518393,-9365,9365,269,12482208,"{""initial_prob"": 0.5, ""scale"": 0.5, ""smooth"": ""none"", ""threshold"": 0.30000000000000004}"
sleep,gru,density_hard,0,objective_e20_bs32_eval5,experiments/sleep/gru/density_hard/seed_0_objective_e20_bs32_eval5,0.35000000000000003,none,0.5,0.5,0.257928634319435,0.9991965725786204,0.41001708655224395,0.2922364016170967,0.2578751526726494,0.3118365757084003,0.1839337575122672,0.9270956708941238,0.2393167939518393,-8090,8090,269,12482208,"{""initial_prob"": 0.5, ""scale"": 0.5, ""smooth"": ""none"", ""threshold"": 0.35000000000000003}"
sleep,gru,density_hard,0,objective_e20_bs32_eval5,experiments/sleep/gru/density_hard/seed_0_objective_e20_bs32_eval5,0.4,none,0.5,0.5,0.3366107462795971,0.9961636340629124,0.5031900210932007,0.5279493855639179,0.33617495085161536,0.5292480304766592,0.1839337575122672,0.7082325498822003,0.2393167939518393,-4091,4091,269,12482208,"{""initial_prob"": 0.5, ""scale"": 0.5, ""smooth"": ""none"", ""threshold"": 0.4}"
sleep,gru,density_hard,0,objective_e20_bs32_eval5,experiments/sleep/gru/density_hard/seed_0_objective_e20_bs32_eval5,0.45,none,0.5,0.5,0.4840681329139298,0.9862369535103418,0.6493970334517539,0.7246070819551151,0.48082008520344555,0.7451470124516432,0.1839337575122672,0.48758232517836586,0.2393167939518393,-865,865,269,12482208,"{""initial_prob"": 0.5, ""scale"": 0.5, ""smooth"": ""none"", ""threshold"": 0.45}"
sleep,gru,density_hard,0,objective_e20_bs32_eval5,experiments/sleep/gru/density_hard/seed_0_objective_e20_bs32_eval5,0.5,none,0.5,0.5,0.66975872633192,0.959373353392238,0.7888233044352839,0.8510618598619142,0.6512867258129431,0.8770702266778442,0.1839337575122672,0.34280128964362716,0.2393167939518393,313,313,269,12482208,"{""initial_prob"": 0.5, ""scale"": 0.5, ""smooth"": ""none"", ""threshold"": 0.5}"
sleep,gru,density_hard,0,objective_e20_bs32_eval5,experiments/sleep/gru/density_hard/seed_0_objective_e20_bs32_eval5,0.55,none,0.5,0.5,0.7887810808079702,0.86753925579857,0.826287689293395,0.8839962198073701,0.7039950776318845,0.9127045471442232,0.1839337575122672,0.26321208555409426,0.2393167939518393,-424,424,269,12482208,"{""initial_prob"": 0.5, ""scale"": 0.5, ""smooth"": ""none"", ""threshold"": 0.55}"
sleep,gru,density_hard,0,objective_e20_bs32_eval5,experiments/sleep/gru/density_hard/seed_0_objective_e20_bs32_eval5,0.6000000000000001,none,0.5,0.5,0.8264310878350203,0.5991021029043232,0.6946405819855784,0.8076107727184716,0.532145072383355,0.8739464203769077,0.1839337575122672,0.1734871747049881,0.2393167939518393,-3081,3081,269,12482208,"{""initial_prob"": 0.5, ""scale"": 0.5, ""smooth"": ""none"", ""threshold"": 0.6000000000000001}"
sleep,gru,density_hard,0,objective_e20_bs32_eval5,experiments/sleep/gru/density_hard/seed_0_objective_e20_bs32_eval5,0.65,none,0.5,0.5,0.7684102600770438,0.20146344304804295,0.3192303826152871,0.5990611143398117,0.1899310764029703,0.7943657884887033,0.1839337575122672,0.06274458813697063,0.2393167939518393,-7221,7221,269,12482208,"{""initial_prob"": 0.5, ""scale"": 0.5, ""smooth"": ""none"", ""threshold"": 0.65}"
sleep,gru,density_hard,0,objective_e20_bs32_eval5,experiments/sleep/gru/density_hard/seed_0_objective_e20_bs32_eval5,0.7000000000000001,none,0.5,0.5,0.5343880311952889,0.028099539301326124,0.05339160640108998,0.4584927775461255,0.02742801612109512,0.7615486779262131,0.1839337575122672,0.012583911436181804,0.2393167939518393,-9203,9203,269,12482208,"{""initial_prob"": 0.5, ""scale"": 0.5, ""smooth"": ""none"", ""threshold"": 0.7000000000000001}"
sleep,gru,density_hard,0,objective_e20_bs32_eval5,experiments/sleep/gru/density_hard/seed_0_objective_e20_bs32_eval5,0.75,none,0.5,0.5,0.1742141715503463,0.002736674654074281,0.0053886999456515825,0.4338904915284615,0.002701629107137192,0.7582337195470545,0.1839337575122672,0.003759350909710846,0.2393167939518393,-9513,9513,269,12482208,"{""initial_prob"": 0.5, ""scale"": 0.5, ""smooth"": ""none"", ""threshold"": 0.75}"
sleep,gru,density_hard,0,objective_e20_bs32_eval5,experiments/sleep/gru/density_hard/seed_0_objective_e20_bs32_eval5,0.8,none,0.5,0.5,0.0,0.0,0.0,0.43193720339271924,0.0,0.7603687584760644,0.1839337575122672,0.00031444757209621885,0.2393167939518393,-9566,9566,269,12482208,"{""initial_prob"": 0.5, ""scale"": 0.5, ""smooth"": ""none"", ""threshold"": 0.8}"
sleep,gru,density_hard,0,objective_e20_bs32_eval5,experiments/sleep/gru/density_hard/seed_0_objective_e20_bs32_eval5,0.8500000000000001,none,0.5,0.5,0.0,0.0,0.0,0.4320386560371119,0.0,0.7606832060481608,0.1839337575122672,0.0,0.2393167939518393,-9578,9578,269,12482208,"{""initial_prob"": 0.5, ""scale"": 0.5, ""smooth"": ""none"", ""threshold"": 0.8500000000000001}"
sleep,gru,density_hard,0,objective_e20_bs32_eval5,experiments/sleep/gru/density_hard/seed_0_objective_e20_bs32_eval5,0.9,none,0.5,0.5,0.0,0.0,0.0,0.4320386560371119,0.0,0.7606832060481608,0.1839337575122672,0.0,0.2393167939518393,-9578,9578,269,12482208,"{""initial_prob"": 0.5, ""scale"": 0.5, ""smooth"": ""none"", ""threshold"": 0.9}"
sleep,gru,density_hard,0,objective_e20_bs32_eval5,experiments/sleep/gru/density_hard/seed_0_objective_e20_bs32_eval5,0.9500000000000001,none,0.5,0.5,0.0,0.0,0.0,0.4320386560371119,0.0,0.7606832060481608,0.1839337575122672,0.0,0.2393167939518393,-9578,9578,269,12482208,"{""initial_prob"": 0.5, ""scale"": 0.5, ""smooth"": ""none"", ""threshold"": 0.9500000000000001}"
sleep,gru,density_hard,0,objective_e20_bs32_eval5,experiments/sleep/gru/density_hard/seed_0_objective_e20_bs32_eval5,1.0,none,0.5,0.5,0.0,0.0,0.0,0.4320386560371119,0.0,0.7606832060481608,0.1839337575122672,0.0,0.2393167939518393,-9578,9578,269,12482208,"{""initial_prob"": 0.5, ""scale"": 0.5, ""smooth"": ""none"", ""threshold"": 1.0}"
sleep,gru,density_hard,0,objective_e20_bs32_eval5,experiments/sleep/gru/density_hard/seed_0_objective_e20_bs32_eval5,0.0,none,0.5,1.0,0.2393167939518393,1.0,0.3862076187779625,0.19310380938898125,0.2393167939518393,0.2393167939518393,0.2038221228162482,1.0,0.2393167939518393,-9578,9578,269,12482208,"{""initial_prob"": 1.0, ""scale"": 0.5, ""smooth"": ""none"", ""threshold"": 0.0}"
sleep,gru,density_hard,0,objective_e20_bs32_eval5,experiments/sleep/gru/density_hard/seed_0_objective_e20_bs32_eval5,0.05,none,0.5,1.0,0.2393167939518393,1.0,0.3862076187779625,0.19310380938898125,0.2393167939518393,0.2393167939518393,0.2038221228162482,1.0,0.2393167939518393,-9578,9578,269,12482208,"{""initial_prob"": 1.0, ""scale"": 0.5, ""smooth"": ""none"", ""threshold"": 0.05}"
sleep,gru,density_hard,0,objective_e20_bs32_eval5,experiments/sleep/gru/density_hard/seed_0_objective_e20_bs32_eval5,0.1,none,0.5,1.0,0.2393167939518393,1.0,0.3862076187779625,0.19310380938898125,0.2393167939518393,0.2393167939518393,0.2038221228162482,1.0,0.2393167939518393,-9578,9578,269,12482208,"{""initial_prob"": 1.0, ""scale"": 0.5, ""smooth"": ""none"", ""threshold"": 0.1}"
sleep,gru,density_hard,0,objective_e20_bs32_eval5,experiments/sleep/gru/density_hard/seed_0_objective_e20_bs32_eval5,0.15000000000000002,none,0.5,1.0,0.2393167939518393,1.0,0.3862076187779625,0.19310380938898125,0.2393167939518393,0.2393167939518393,0.2038221228162482,1.0,0.2393167939518393,-9578,9578,269,12482208,"{""initial_prob"": 1.0, ""scale"": 0.5, ""smooth"": ""none"", ""threshold"": 0.15000000000000002}"
sleep,gru,density_hard,0,objective_e20_bs32_eval5,experiments/sleep/gru/density_hard/seed_0_objective_e20_bs32_eval5,0.2,none,0.5,1.0,0.2393167939518393,1.0,0.3862076187779625,0.19310380938898125,0.2393167939518393,0.2393167939518393,0.2038221228162482,1.0,0.2393167939518393,-9578,9578,269,12482208,"{""initial_prob"": 1.0, ""scale"": 0.5, ""smooth"": ""none"", ""threshold"": 0.2}"
sleep,gru,density_hard,0,objective_e20_bs32_eval5,experiments/sleep/gru/density_hard/seed_0_objective_e20_bs32_eval5,0.25,none,0.5,1.0,0.23946537818902505,1.0,0.38640107646880206,0.19401556537759357,0.23946537818902505,0.23993727712276547,0.2038221228162482,0.9993795168290738,0.2393167939518393,-9563,9563,269,12482208,"{""initial_prob"": 1.0, ""scale"": 0.5, ""smooth"": ""none"", ""threshold"": 0.25}"
sleep,gru,density_hard,0,objective_e20_bs32_eval5,experiments/sleep/gru/density_hard/seed_0_objective_e20_bs32_eval5,0.30000000000000004,none,0.5,1.0,0.24176299284495767,0.9999879485886793,0.3893857796968044,0.20783123944470014,0.24176228844142644,0.24944112451899536,0.2038221228162482,0.9898699012226042,0.2393167939518393,-9383,9383,269,12482208,"{""initial_prob"": 1.0, ""scale"": 0.5, ""smooth"": ""none"", ""threshold"": 0.30000000000000004}"
sleep,gru,density_hard,0,objective_e20_bs32_eval5,experiments/sleep/gru/density_hard/seed_0_objective_e20_bs32_eval5,0.35000000000000003,none,0.5,1.0,0.25547696587140256,0.9992390872796684,0.40691687901371365,0.28080703663606427,0.2554272741034311,0.3029202846163115,0.2038221228162482,0.936032310950114,0.2393167939518393,-8274,8274,269,12482208,"{""initial_prob"": 1.0, ""scale"": 0.5, ""smooth"": ""none"", ""threshold"": 0.35000000000000003}"
sleep,gru,density_hard,0,objective_e20_bs32_eval5,experiments/sleep/gru/density_hard/seed_0_objective_e20_bs32_eval5,0.4,none,0.5,1.0,0.3221631491385114,0.9965506182708769,0.48691671140854526,0.4971753792966447,0.32180430190450465,0.49738467745450166,0.2038221228162482,0.740281126544278,0.2393167939518393,-4813,4813,269,12482208,"{""initial_prob"": 1.0, ""scale"": 0.5, ""smooth"": ""none"", ""threshold"": 0.4}"
sleep,gru,density_hard,0,objective_e20_bs32_eval5,experiments/sleep/gru/density_hard/seed_0_objective_e20_bs32_eval5,0.45,none,0.5,1.0,0.4384401820603188,0.9873734685501684,0.6072381241788627,0.6785221194219823,0.4359956534715243,0.6943285194414321,0.2038221228162482,0.5389447924597955,0.2393167939518393,-1909,1909,269,12482208,"{""initial_prob"": 1.0, ""scale"": 0.5, ""smooth"": ""none"", ""threshold"": 0.45}"
sleep,gru,density_hard,0,objective_e20_bs32_eval5,experiments/sleep/gru/density_hard/seed_0_objective_e20_bs32_eval5,0.5,none,0.5,1.0,0.5719819569599642,0.9624049528622437,0.7175221123202793,0.791991878394331,0.5594810789435377,0.8186530780451664,0.2038221228162482,0.4026694636077207,0.2393167939518393,-759,759,269,12482208,"{""initial_prob"": 1.0, ""scale"": 0.5, ""smooth"": ""none"", ""threshold"": 0.5}"
sleep,gru,density_hard,0,objective_e20_bs32_eval5,experiments/sleep/gru/density_hard/seed_0_objective_e20_bs32_eval5,0.55,none,0.5,1.0,0.6619242867826957,0.8844068797490092,0.7571604398514455,0.8314700809056901,0.6092181679193921,0.8642353179822031,0.2038221228162482,0.31975472608692307,0.2393167939518393,-1095,1095,269,12482208,"{""initial_prob"": 1.0, ""scale"": 0.5, ""smooth"": ""none"", ""threshold"": 0.55}"
sleep,gru,density_hard,0,objective_e20_bs32_eval5,experiments/sleep/gru/density_hard/seed_0_objective_e20_bs32_eval5,0.6000000000000001,none,0.5,1.0,0.6835202339980943,0.6546152553459725,0.6687555573795159,0.7837105378544849,0.5023536895020618,0.8448075853246477,0.2038221228162482,0.22919646908623859,0.2393167939518393,-3133,3133,269,12482208,"{""initial_prob"": 1.0, ""scale"": 0.5, ""smooth"": ""none"", ""threshold"": 0.6000000000000001}"
sleep,gru,density_hard,0,objective_e20_bs32_eval5,experiments/sleep/gru/density_hard/seed_0_objective_e20_bs32_eval5,0.65,none,0.5,1.0,0.598824535746806,0.29786469077082833,0.3978383589126336,0.6331958075312204,0.24831349641015366,0.7842113350458508,0.2038221228162482,0.11903991665577116,0.2393167939518393,-6699,6699,269,12482208,"{""initial_prob"": 1.0, ""scale"": 0.5, ""smooth"": ""none"", ""threshold"": 0.65}"
sleep,gru,density_hard,0,objective_e20_bs32_eval5,experiments/sleep/gru/density_hard/seed_0_objective_e20_bs32_eval5,0.7000000000000001,none,0.5,1.0,0.4808620033408826,0.1272997273033427,0.20130698401883954,0.5294410564876784,0.11191847760026441,0.7582582344405734,0.2038221228162482,0.06335489682594618,0.2393167939518393,-8494,8494,269,12482208,"{""initial_prob"": 1.0, ""scale"": 0.5, ""smooth"": ""none"", ""threshold"": 0.7000000000000001}"
sleep,gru,density_hard,0,objective_e20_bs32_eval5,experiments/sleep/gru/density_hard/seed_0_objective_e20_bs32_eval5,0.75,none,0.5,1.0,0.43420366380473135,0.0808221204993837,0.13627768514431438,0.49670552283907055,0.07312123917712862,0.7548212623920383,0.2038221228162482,0.04454612517272585,0.2393167939518393,-8944,8944,269,12482208,"{""initial_prob"": 1.0, ""scale"": 0.5, ""smooth"": ""none"", ""threshold"": 0.75}"
sleep,gru,density_hard,0,objective_e20_bs32_eval5,experiments/sleep/gru/density_hard/seed_0_objective_e20_bs32_eval5,0.8,none,0.5,1.0,0.4204601930612635,0.058908302819829395,0.10333844042467355,0.4808444290631141,0.0544843859480189,0.7553493740850977,0.2038221228162482,0.033529324299034276,0.2393167939518393,-9155,9155,269,12482208,"{""initial_prob"": 1.0, ""scale"": 0.5, ""smooth"": ""none"", ""threshold"": 0.8}"
sleep,gru,density_hard,0,objective_e20_bs32_eval5,experiments/sleep/gru/density_hard/seed_0_objective_e20_bs32_eval5,0.8500000000000001,none,0.5,1.0,0.4220478887879149,0.04866192510583482,0.0872625220425468,0.4733467794673213,0.045621797579734495,0.7563813229197911,0.2038221228162482,0.027593114936075414,0.2393167939518393,-9193,9193,269,12482208,"{""initial_prob"": 1.0, ""scale"": 0.5, ""smooth"": ""none"", ""threshold"": 0.8500000000000001}"
sleep,gru,density_hard,0,objective_e20_bs32_eval5,experiments/sleep/gru/density_hard/seed_0_objective_e20_bs32_eval5,0.9,none,0.5,1.0,0.4324981655054505,0.03827762568450342,0.07033073152129118,0.4655546064844276,0.036447039225917584,0.7578237760498784,0.2038221228162482,0.02118038731609023,0.2393167939518393,-9225,9225,269,12482208,"{""initial_prob"": 1.0, ""scale"": 0.5, ""smooth"": ""none"", ""threshold"": 0.9}"
sleep,gru,density_hard,0,objective_e20_bs32_eval5,experiments/sleep/gru/density_hard/seed_0_objective_e20_bs32_eval5,0.9500000000000001,none,0.5,1.0,0.40929199383852427,0.029175462523123644,0.0544682760555951,0.4577204146688146,0.027996601332804367,0.7575884010264851,0.2038221228162482,0.017059161327867632,0.2393167939518393,-9277,9277,269,12482208,"{""initial_prob"": 1.0, ""scale"": 0.5, ""smooth"": ""none"", ""threshold"": 0.9500000000000001}"
sleep,gru,density_hard,0,objective_e20_bs32_eval5,experiments/sleep/gru/density_hard/seed_0_objective_e20_bs32_eval5,1.0,none,0.5,1.0,0.0,0.0,0.0,0.4320386560371119,0.0,0.7606832060481608,0.2038221228162482,0.0,0.2393167939518393,-9578,9578,269,12482208,"{""initial_prob"": 1.0, ""scale"": 0.5, ""smooth"": ""none"", ""threshold"": 1.0}"
sleep,gru,density_hard,0,objective_e20_bs32_eval5,experiments/sleep/gru/density_hard/seed_0_objective_e20_bs32_eval5,0.0,none,1.0,0.0,0.2393167939518393,1.0,0.3862076187779625,0.19310380938898125,0.2393167939518393,0.2393167939518393,0.1341076270534792,1.0,0.2393167939518393,-9578,9578,269,12482208,"{""initial_prob"": 0.0, ""scale"": 1.0, ""smooth"": ""none"", ""threshold"": 0.0}"
sleep,gru,density_hard,0,objective_e20_bs32_eval5,experiments/sleep/gru/density_hard/seed_0_objective_e20_bs32_eval5,0.05,none,1.0,0.0,0.24258153603099597,0.9997609803421396,0.39042945255269523,0.21282491396737277,0.2425674681808114,0.25289652279468505,0.1341076270534792,0.986305868320733,0.2393167939518393,-9309,9309,269,12482208,"{""initial_prob"": 0.0, ""scale"": 1.0, ""smooth"": ""none"", ""threshold"": 0.05}"
sleep,gru,density_hard,0,objective_e20_bs32_eval5,experiments/sleep/gru/density_hard/seed_0_objective_e20_bs32_eval5,0.1,none,1.0,0.0,0.24299031350307665,0.9996391271832303,0.39094941251357995,0.21529934147086804,0.24296900020048584,0.2546174522969013,0.1341076270534792,0.9845266158038706,0.2393167939518393,-9305,9305,269,12482208,"{""initial_prob"": 0.0, ""scale"": 1.0, ""smooth"": ""none"", ""threshold"": 0.1}"
sleep,gru,density_hard,0,objective_e20_bs32_eval5,experiments/sleep/gru/density_hard/seed_0_objective_e20_bs32_eval5,0.15000000000000002,none,1.0,0.0,0.24338299407734268,0.9995360206641533,0.3914495900571445,0.21764710594865344,0.24335550047887589,0.25625794731188584,0.1341076270534792,0.9828367705457239,0.2393167939518393,-9279,9279,269,12482208,"{""initial_prob"": 0.0, ""scale"": 1.0, ""smooth"": ""none"", ""threshold"": 0.15000000000000002}"
sleep,gru,density_hard,0,objective_e20_bs32_eval5,experiments/sleep/gru/density_hard/seed_0_objective_e20_bs32_eval5,0.2,none,1.0,0.0,0.24645052122487537,0.9992300487211779,0.3953834911971963,0.2350274621511973,0.24640372888360093,0.2686418140123927,0.1341076270534792,0.970306455396353,0.2393167939518393,-8976,8976,269,12482208,"{""initial_prob"": 0.0, ""scale"": 1.0, ""smooth"": ""none"", ""threshold"": 0.2}"
sleep,gru,density_hard,0,objective_e20_bs32_eval5,experiments/sleep/gru/density_hard/seed_0_objective_e20_bs32_eval5,0.25,none,1.0,0.0,0.2663057906733561,0.9986626281048285,0.42048423793894424,0.328666590813072,0.26621085274278544,0.3412244051693418,0.1341076270534792,0.89745227767395,0.2393167939518393,-7331,7331,269,12482208,"{""initial_prob"": 0.0, ""scale"": 1.0, ""smooth"": ""none"", ""threshold"": 0.25}"
sleep,gru,density_hard,0,objective_e20_bs32_eval5,experiments/sleep/gru/density_hard/seed_0_objective_e20_bs32_eval5,0.30000000000000004,none,1.0,0.0,0.33104399942530344,0.9965636739664743,0.4969938498005054,0.516457412374609,0.330666544334858,0.517240859950419,0.1341076270534792,0.720431192942787,0.2393167939518393,-3676,3676,269,12482208,"{""initial_prob"": 0.0, ""scale"": 1.0, ""smooth"": ""none"", ""threshold"": 0.30000000000000004}"
sleep,gru,density_hard,0,objective_e20_bs32_eval5,experiments/sleep/gru/density_hard/seed_0_objective_e20_bs32_eval5,0.35000000000000003,none,1.0,0.0,0.43028656105701124,0.9931444207656529,0.6004319182332497,0.6693182530206734,0.4290122974762987,0.6836683862342303,0.1341076270534792,0.5523670972315154,0.2393167939518393,-1010,1010,269,12482208,"{""initial_prob"": 0.0, ""scale"": 1.0, ""smooth"": ""none"", ""threshold"": 0.35000000000000003}"
sleep,gru,density_hard,0,objective_e20_bs32_eval5,experiments/sleep/gru/density_hard/seed_0_objective_e20_bs32_eval5,0.4,none,1.0,0.0,0.53106670569868,0.9880747937367477,0.6908291635620367,0.7649646952048906,0.5276845040649302,0.7883487440683571,0.1341076270534792,0.44526024562321026,0.2393167939518393,331,331,269,12482208,"{""initial_prob"": 0.0, ""scale"": 1.0, ""smooth"": ""none"", ""threshold"": 0.4}"
sleep,gru,density_hard,0,objective_e20_bs32_eval5,experiments/sleep/gru/density_hard/seed_0_objective_e20_bs32_eval5,0.45,none,1.0,0.0,0.6193960622219925,0.9790121324235856,0.7587501887466033,0.8254874674208128,0.6112791976825582,0.8510092124726651,0.1341076270534792,0.37826208311862775,0.2393167939518393,796,796,269,12482208,"{""initial_prob"": 0.0, ""scale"": 1.0, ""smooth"": ""none"", ""threshold"": 0.45}"
sleep,gru,density_hard,0,objective_e20_bs32_eval5,experiments/sleep/gru/density_hard/seed_0_objective_e20_bs32_eval5,0.5,none,1.0,0.0,0.7207933088830044,0.963254242598927,0.8245696057780496,0.8782464629785152,0.7015044104962546,0.9019107036191033,0.1341076270534792,0.31981833662762227,0.2393167939518393,763,763,269,12482208,"{""initial_prob"": 0.0, ""scale"": 1.0, ""smooth"": ""none"", ""threshold"": 0.5}"
sleep,gru,density_hard,0,objective_e20_bs32_eval5,experiments/sleep/gru/density_hard/seed_0_objective_e20_bs32_eval5,0.55,none,1.0,0.0,0.7981643219766864,0.9316772016087295,0.8597683565623451,0.9053342622385798,0.7540295531268119,0.927266714350538,0.1341076270534792,0.27934849347166785,0.2393167939518393,523,523,269,12482208,"{""initial_prob"": 0.0, ""scale"": 1.0, ""smooth"": ""none"", ""threshold"": 0.55}"
sleep,gru,density_hard,0,objective_e20_bs32_eval5,experiments/sleep/gru/density_hard/seed_0_objective_e20_bs32_eval5,0.6000000000000001,none,1.0,0.0,0.8330191058093298,0.8626058766698737,0.8475543631101512,0.8992339115528928,0.7354397777907163,0.925738619321197,0.1341076270534792,0.2478167324242634,0.2393167939518393,-262,262,269,12482208,"{""initial_prob"": 0.0, ""scale"": 1.0, ""smooth"": ""none"", ""threshold"": 0.6000000000000001}"
sleep,gru,density_hard,0,objective_e20_bs32_eval5,experiments/sleep/gru/density_hard/seed_0_objective_e20_bs32_eval5,0.65,none,1.0,0.0,0.855502170945576,0.7427043768717349,0.79512276764515,0.868069704295562,0.6599201531023512,0.9084035452701957,0.1341076270534792,0.20776292143184924,0.2393167939518393,-1458,1458,269,12482208,"{""initial_prob"": 0.0, ""scale"": 1.0, ""smooth"": ""none"", ""threshold"": 0.65}"
sleep,gru,density_hard,0,objective_e20_bs32_eval5,experiments/sleep/gru/density_hard/seed_0_objective_e20_bs32_eval5,0.7000000000000001,none,1.0,0.0,0.8556357184277028,0.4954368670079894,0.6275213992314826,0.7703743200054963,0.45721761991779186,0.8592448547564662,0.1341076270534792,0.13857107652748615,0.2393167939518393,-3937,3937,269,12482208,"{""initial_prob"": 0.0, ""scale"": 1.0, ""smooth"": ""none"", ""threshold"": 0.7000000000000001}"
sleep,gru,density_hard,0,objective_e20_bs32_eval5,experiments/sleep/gru/density_hard/seed_0_objective_e20_bs32_eval5,0.75,none,1.0,0.0,0.8277642204835342,0.1652188235010555,0.2754573332808697,0.5770122466860446,0.15972775773934067,0.7919956949924244,0.1341076270534792,0.0477667893372711,0.2393167939518393,-7558,7558,269,12482208,"{""initial_prob"": 0.0, ""scale"": 1.0, ""smooth"": ""none"", ""threshold"": 0.75}"
sleep,gru,density_hard,0,objective_e20_bs32_eval5,experiments/sleep/gru/density_hard/seed_0_objective_e20_bs32_eval5,0.8,none,1.0,0.0,0.7198354108677236,0.023893931511829464,0.046252573421489016,0.45585326823716704,0.023673773176755283,0.7641758573483153,0.1341076270534792,0.007943786868477116,0.2393167939518393,-9223,9223,269,12482208,"{""initial_prob"": 0.0, ""scale"": 1.0, ""smooth"": ""none"", ""threshold"": 0.8}"
sleep,gru,density_hard,0,objective_e20_bs32_eval5,experiments/sleep/gru/density_hard/seed_0_objective_e20_bs32_eval5,0.8500000000000001,none,1.0,0.0,0.55977316381597,0.002048739924517994,0.004082537977776184,0.43407584962636603,0.002045444290887579,0.760787915086818,0.1341076270534792,0.0008758867020962958,0.2393167939518393,-9542,9542,269,12482208,"{""initial_prob"": 0.0, ""scale"": 1.0, ""smooth"": ""none"", ""threshold"": 0.8500000000000001}"
sleep,gru,density_hard,0,objective_e20_bs32_eval5,experiments/sleep/gru/density_hard/seed_0_objective_e20_bs32_eval5,0.9,none,1.0,0.0,0.0,0.0,0.0,0.4320386560371119,0.0,0.7606832060481608,0.1341076270534792,0.0,0.2393167939518393,-9578,9578,269,12482208,"{""initial_prob"": 0.0, ""scale"": 1.0, ""smooth"": ""none"", ""threshold"": 0.9}"
sleep,gru,density_hard,0,objective_e20_bs32_eval5,experiments/sleep/gru/density_hard/seed_0_objective_e20_bs32_eval5,0.9500000000000001,none,1.0,0.0,0.0,0.0,0.0,0.4320386560371119,0.0,0.7606832060481608,0.1341076270534792,0.0,0.2393167939518393,-9578,9578,269,12482208,"{""initial_prob"": 0.0, ""scale"": 1.0, ""smooth"": ""none"", ""threshold"": 0.9500000000000001}"
sleep,gru,density_hard,0,objective_e20_bs32_eval5,experiments/sleep/gru/density_hard/seed_0_objective_e20_bs32_eval5,1.0,none,1.0,0.0,0.0,0.0,0.0,0.4320386560371119,0.0,0.7606832060481608,0.1341076270534792,0.0,0.2393167939518393,-9578,9578,269,12482208,"{""initial_prob"": 0.0, ""scale"": 1.0, ""smooth"": ""none"", ""threshold"": 1.0}"
sleep,gru,density_hard,0,objective_e20_bs32_eval5,experiments/sleep/gru/density_hard/seed_0_objective_e20_bs32_eval5,0.0,none,1.0,0.2393167939518393,0.2393167939518393,1.0,0.3862076187779625,0.19310380938898125,0.2393167939518393,0.2393167939518393,0.1350563458692433,1.0,0.2393167939518393,-9578,9578,269,12482208,"{""initial_prob"": 0.2393167939518393, ""scale"": 1.0, ""smooth"": ""none"", ""threshold"": 0.0}"
sleep,gru,density_hard,0,objective_e20_bs32_eval5,experiments/sleep/gru/density_hard/seed_0_objective_e20_bs32_eval5,0.05,none,1.0,0.2393167939518393,0.2393167939518393,1.0,0.3862076187779625,0.19310380938898125,0.2393167939518393,0.2393167939518393,0.1350563458692433,1.0,0.2393167939518393,-9578,9578,269,12482208,"{""initial_prob"": 0.2393167939518393, ""scale"": 1.0, ""smooth"": ""none"", ""threshold"": 0.05}"
sleep,gru,density_hard,0,objective_e20_bs32_eval5,experiments/sleep/gru/density_hard/seed_0_objective_e20_bs32_eval5,0.1,none,1.0,0.2393167939518393,0.2393167939518393,1.0,0.3862076187779625,0.19310380938898125,0.2393167939518393,0.2393167939518393,0.1350563458692433,1.0,0.2393167939518393,-9578,9578,269,12482208,"{""initial_prob"": 0.2393167939518393, ""scale"": 1.0, ""smooth"": ""none"", ""threshold"": 0.1}"
sleep,gru,density_hard,0,objective_e20_bs32_eval5,experiments/sleep/gru/density_hard/seed_0_objective_e20_bs32_eval5,0.15000000000000002,none,1.0,0.2393167939518393,0.23963056231000113,1.0,0.3866160928840917,0.19502641449705382,0.23963056231000113,0.24062617767625727,0.1350563458692433,0.998690616275582,0.2393167939518393,-9512,9512,269,12482208,"{""initial_prob"": 0.2393167939518393, ""scale"": 1.0, ""smooth"": ""none"", ""threshold"": 0.15000000000000002}"
sleep,gru,density_hard,0,objective_e20_bs32_eval5,experiments/sleep/gru/density_hard/seed_0_objective_e20_bs32_eval5,0.2,none,1.0,0.2393167939518393,0.24265470812092227,0.9999474424561847,0.39053844333486304,0.21308102046743432,0.24265161334084484,0.25309929140741766,0.1350563458692433,0.986192346738654,0.2393167939518393,-9121,9121,269,12482208,"{""initial_prob"": 0.2393167939518393, ""scale"": 1.0, ""smooth"": ""none"", ""threshold"": 0.2}"
sleep,gru,density_hard,0,objective_e20_bs32_eval5,experiments/sleep/gru/density_hard/seed_0_objective_e20_bs32_eval5,0.25,none,1.0,0.2393167939518393,0.26290059305236224,0.9992959967220161,0.41628302960322644,0.3141054585539572,0.2628519093906872,0.3293268306376564,0.1350563458692433,0.9096530036993455,0.2393167939518393,-7513,7513,269,12482208,"{""initial_prob"": 0.2393167939518393, ""scale"": 1.0, ""smooth"": ""none"", ""threshold"": 0.25}"
sleep,gru,density_hard,0,objective_e20_bs32_eval5,experiments/sleep/gru/density_hard/seed_0_objective_e20_bs32_eval5,0.30000000000000004,none,1.0,0.2393167939518393,0.3272808735080335,0.997692154732087,0.4928788027127363,0.5081951824397137,0.3270332894261532,0.5086721836393049,0.1350563458692433,0.7295399980516267,0.2393167939518393,-3776,3776,269,12482208,"{""initial_prob"": 0.2393167939518393, ""scale"": 1.0, ""smooth"": ""none"", ""threshold"": 0.30000000000000004}"
sleep,gru,density_hard,0,objective_e20_bs32_eval5,experiments/sleep/gru/density_hard/seed_0_objective_e20_bs32_eval5,0.35000000000000003,none,1.0,0.2393167939518393,0.42598025914724824,0.9948607425945751,0.5965354834585027,0.6642741799548375,0.425044934465833,0.6779416750626172,0.1350563458692433,0.5589152976781031,0.2393167939518393,-1068,1068,269,12482208,"{""initial_prob"": 0.2393167939518393, ""scale"": 1.0, ""smooth"": ""none"", ""threshold"": 0.35000000000000003}"
sleep,gru,density_hard,0,objective_e20_bs32_eval5,experiments/sleep/gru/density_hard/seed_0_objective_e20_bs32_eval5,0.4,none,1.0,0.2393167939518393,0.5278556608009556,0.9905466721031922,0.6887050379554771,0.7626589932745156,0.5252098558219681,0.7857025776208825,0.1350563458692433,0.4490895360820778,0.2393167939518393,331,331,269,12482208,"{""initial_prob"": 0.2393167939518393, ""scale"": 1.0, ""smooth"": ""none"", ""threshold"": 0.4}"
sleep,gru,density_hard,0,objective_e20_bs32_eval5,experiments/sleep/gru/density_hard/seed_0_objective_e20_bs32_eval5,0.45,none,1.0,0.2393167939518393,0.6176574088116248,0.9830152095506096,0.7586393622134708,0.825076310157267,0.6111353454594798,0.8503094164109427,0.1350563458692433,0.3808778863483127,0.2393167939518393,828,828,269,12482208,"{""initial_prob"": 0.2393167939518393, ""scale"": 1.0, ""smooth"": ""none"", ""threshold"": 0.45}"
sleep,gru,density_hard,0,objective_e20_bs32_eval5,experiments/sleep/gru/density_hard/seed_0_objective_e20_bs32_eval5,0.5,none,1.0,0.2393167939518393,0.7190734152752221,0.9710558576219486,0.8262805255911418,0.8791519595832763,0.7039846774352081,0.9022833940918146,0.1350563458692433,0.3231797611448231,0.2393167939518393,845,845,269,12482208,"{""initial_prob"": 0.2393167939518393, ""scale"": 1.0, ""smooth"": ""none"", ""threshold"": 0.5}"
sleep,gru,density_hard,0,objective_e20_bs32_eval5,experiments/sleep/gru/density_hard/seed_0_objective_e20_bs32_eval5,0.55,none,1.0,0.2393167939518393,0.7988092294606917,0.9463350653889493,0.866336596493427,0.9095137957156001,0.7641920818946186,0.9301166107791186,0.1350563458692433,0.2835143429752172,0.2393167939518393,661,661,269,12482208,"{""initial_prob"": 0.2393167939518393, ""scale"": 1.0, ""smooth"": ""none"", ""threshold"": 0.55}"
sleep,gru,density_hard,0,objective_e20_bs32_eval5,experiments/sleep/gru/density_hard/seed_0_objective_e20_bs32_eval5,0.6000000000000001,none,1.0,0.2393167939518393,0.835038656722144,0.8889449056341018,0.8611489994558349,0.907796392467953,0.7561559844477995,0.9313961119699335,0.1350563458692433,0.2547659837105743,0.2393167939518393,8,8,269,12482208,"{""initial_prob"": 0.2393167939518393, ""scale"": 1.0, ""smooth"": ""none"", ""threshold"": 0.6000000000000001}"
sleep,gru,density_hard,0,objective_e20_bs32_eval5,experiments/sleep/gru/density_hard/seed_0_objective_e20_bs32_eval5,0.65,none,1.0,0.2393167939518393,0.857841949328101,0.7714429757344833,0.8123516469338472,0.8785816601545635,0.6840001460336287,0.914708118948186,0.1350563458692433,0.2152136064388608,0.2393167939518393,-1166,1166,269,12482208,"{""initial_prob"": 0.2393167939518393, ""scale"": 1.0, ""smooth"": ""none"", ""threshold"": 0.65}"
sleep,gru,density_hard,0,objective_e20_bs32_eval5,experiments/sleep/gru/density_hard/seed_0_objective_e20_bs32_eval5,0.7000000000000001,none,1.0,0.2393167939518393,0.8568159862556506,0.5092002482590732,0.6387785179854937,0.7768114401012038,0.4692686138336203,0.8621791112598027,0.1350563458692433,0.14222443657404202,0.2393167939518393,-3811,3811,269,12482208,"{""initial_prob"": 0.2393167939518393, ""scale"": 1.0, ""smooth"": ""none"", ""threshold"": 0.7000000000000001}"
sleep,gru,density_hard,0,objective_e20_bs32_eval5,experiments/sleep/gru/density_hard/seed_0_objective_e20_bs32_eval5,0.75,none,1.0,0.2393167939518393,0.8303694883381971,0.1708833215832073,0.2834374993059304,0.5813086529188419,0.16511924220139151,0.7932242436594551,0.1350563458692433,0.04924945971097421,0.2393167939518393,-7490,7490,269,12482208,"{""initial_prob"": 0.2393167939518393, ""scale"": 1.0, ""smooth"": ""none"", ""threshold"": 0.75}"
sleep,gru,density_hard,0,objective_e20_bs32_eval5,experiments/sleep/gru/density_hard/seed_0_objective_e20_bs32_eval5,0.8,none,1.0,0.2393167939518393,0.7272629751711494,0.024964833312243362,0.04827260769824296,0.456921718871573,0.024733273657297484,0.7644171608100105,0.1350563458692433,0.00821505297780649,0.2393167939518393,-9211,9211,269,12482208,"{""initial_prob"": 0.2393167939518393, ""scale"": 1.0, ""smooth"": ""none"", ""threshold"": 0.8}"
sleep,gru,density_hard,0,objective_e20_bs32_eval5,experiments/sleep/gru/density_hard/seed_0_objective_e20_bs32_eval5,0.8500000000000001,none,1.0,0.2393167939518393,0.5601018366975814,0.0020621303815409873,0.004109132145954239,0.43408928702810196,0.0020587960054009972,0.7607891167972846,0.1350563458692433,0.0008810941141182714,0.2393167939518393,-9542,9542,269,12482208,"{""initial_prob"": 0.2393167939518393, ""scale"": 1.0, ""smooth"": ""none"", ""threshold"": 0.8500000000000001}"
sleep,gru,density_hard,0,objective_e20_bs32_eval5,experiments/sleep/gru/density_hard/seed_0_objective_e20_bs32_eval5,0.9,none,1.0,0.2393167939518393,0.0,0.0,0.0,0.4320386560371119,0.0,0.7606832060481608,0.1350563458692433,0.0,0.2393167939518393,-9578,9578,269,12482208,"{""initial_prob"": 0.2393167939518393, ""scale"": 1.0, ""smooth"": ""none"", ""threshold"": 0.9}"
sleep,gru,density_hard,0,objective_e20_bs32_eval5,experiments/sleep/gru/density_hard/seed_0_objective_e20_bs32_eval5,0.9500000000000001,none,1.0,0.2393167939518393,0.0,0.0,0.0,0.4320386560371119,0.0,0.7606832060481608,0.1350563458692433,0.0,0.2393167939518393,-9578,9578,269,12482208,"{""initial_prob"": 0.2393167939518393, ""scale"": 1.0, ""smooth"": ""none"", ""threshold"": 0.9500000000000001}"
sleep,gru,density_hard,0,objective_e20_bs32_eval5,experiments/sleep/gru/density_hard/seed_0_objective_e20_bs32_eval5,1.0,none,1.0,0.2393167939518393,0.0,0.0,0.0,0.4320386560371119,0.0,0.7606832060481608,0.1350563458692433,0.0,0.2393167939518393,-9578,9578,269,12482208,"{""initial_prob"": 0.2393167939518393, ""scale"": 1.0, ""smooth"": ""none"", ""threshold"": 1.0}"
sleep,gru,density_hard,0,objective_e20_bs32_eval5,experiments/sleep/gru/density_hard/seed_0_objective_e20_bs32_eval5,0.0,none,1.0,0.5,0.2393167939518393,1.0,0.3862076187779625,0.19310380938898125,0.2393167939518393,0.2393167939518393,0.13813532174307028,1.0,0.2393167939518393,-9578,9578,269,12482208,"{""initial_prob"": 0.5, ""scale"": 1.0, ""smooth"": ""none"", ""threshold"": 0.0}"
sleep,gru,density_hard,0,objective_e20_bs32_eval5,experiments/sleep/gru/density_hard/seed_0_objective_e20_bs32_eval5,0.05,none,1.0,0.5,0.2393167939518393,1.0,0.3862076187779625,0.19310380938898125,0.2393167939518393,0.2393167939518393,0.13813532174307028,1.0,0.2393167939518393,-9578,9578,269,12482208,"{""initial_prob"": 0.5, ""scale"": 1.0, ""smooth"": ""none"", ""threshold"": 0.05}"
sleep,gru,density_hard,0,objective_e20_bs32_eval5,experiments/sleep/gru/density_hard/seed_0_objective_e20_bs32_eval5,0.1,none,1.0,0.5,0.2393167939518393,1.0,0.3862076187779625,0.19310380938898125,0.2393167939518393,0.2393167939518393,0.13813532174307028,1.0,0.2393167939518393,-9578,9578,269,12482208,"{""initial_prob"": 0.5, ""scale"": 1.0, ""smooth"": ""none"", ""threshold"": 0.1}"
sleep,gru,density_hard,0,objective_e20_bs32_eval5,experiments/sleep/gru/density_hard/seed_0_objective_e20_bs32_eval5,0.15000000000000002,none,1.0,0.5,0.2393479343594819,1.0,0.38624816764338477,0.19329509185296243,0.2393479343594819,0.23944689913835757,0.13813532174307028,0.9998698948134818,0.2393167939518393,-9572,9572,269,12482208,"{""initial_prob"": 0.5, ""scale"": 1.0, ""smooth"": ""none"", ""threshold"": 0.15000000000000002}"
sleep,gru,density_hard,0,objective_e20_bs32_eval5,experiments/sleep/gru/density_hard/seed_0_objective_e20_bs32_eval5,0.2,none,1.0,0.5,0.24131852116945704,0.9999916309643606,0.38880935784071174,0.2051997397669396,0.2413180337986798,0.24761604677633958,0.13813532174307028,0.9916967414739444,0.2393167939518393,-9339,9339,269,12482208,"{""initial_prob"": 0.5, ""scale"": 1.0, ""smooth"": ""none"", ""threshold"": 0.2}"
sleep,gru,density_hard,0,objective_e20_bs32_eval5,experiments/sleep/gru/density_hard/seed_0_objective_e20_bs32_eval5,0.25,none,1.0,0.5,0.2576047375806052,0.9995684925224341,0.4096389790116328,0.2904965690781315,0.25757609348162536,0.31050339811674343,0.13813532174307028,0.9286068618629012,0.2393167939518393,-7882,7882,269,12482208,"{""initial_prob"": 0.5, ""scale"": 1.0, ""smooth"": ""none"", ""threshold"": 0.25}"
sleep,gru,density_hard,0,objective_e20_bs32_eval5,experiments/sleep/gru/density_hard/seed_0_objective_e20_bs32_eval5,0.30000000000000004,none,1.0,0.5,0.3175324045314106,0.9980982203413094,0.48178952643970074,0.4861265020285388,0.3173404049241432,0.48616310511729977,0.13813532174307028,0.7522434332130982,0.2393167939518393,-4189,4189,269,12482208,"{""initial_prob"": 0.5, ""scale"": 1.0, ""smooth"": ""none"", ""threshold"": 0.30000000000000004}"
sleep,gru,density_hard,0,objective_e20_bs32_eval5,experiments/sleep/gru/density_hard/seed_0_objective_e20_bs32_eval5,0.35000000000000003,none,1.0,0.5,0.4111177847647629,0.9956009001065211,0.5819347407033967,0.6460468110864297,0.4103723272877098,0.6576595262633022,0.13813532174307028,0.5795517107229746,0.2393167939518393,-1341,1341,269,12482208,"{""initial_prob"": 0.5, ""scale"": 1.0, ""smooth"": ""none"", ""threshold"": 0.35000000000000003}"
sleep,gru,density_hard,0,objective_e20_bs32_eval5,experiments/sleep/gru/density_hard/seed_0_objective_e20_bs32_eval5,0.4,none,1.0,0.5,0.5080533505313785,0.99156735968977,0.671862046095175,0.7463391125775054,0.5058676654182273,0.7682062340252622,0.13813532174307028,0.46707441503939046,0.2393167939518393,190,190,269,12482208,"{""initial_prob"": 0.5, ""scale"": 1.0, ""smooth"": ""none"", ""threshold"": 0.4}"
sleep,gru,density_hard,0,objective_e20_bs32_eval5,experiments/sleep/gru/density_hard/seed_0_objective_e20_bs32_eval5,0.45,none,1.0,0.5,0.5958112725386674,0.9848433416956738,0.7424528538780951,0.8113353782817869,0.5903976293594345,0.8364847789750018,0.13813532174307028,0.3955775292320077,0.2393167939518393,797,797,269,12482208,"{""initial_prob"": 0.5, ""scale"": 1.0, ""smooth"": ""none"", ""threshold"": 0.45}"
sleep,gru,density_hard,0,objective_e20_bs32_eval5,experiments/sleep/gru/density_hard/seed_0_objective_e20_bs32_eval5,0.5,none,1.0,0.5,0.708334936352431,0.9738256736571548,0.8201294721368766,0.8743629770683499,0.6951012443901131,0.8977738553948148,0.13813532174307028,0.32901502682858674,0.2393167939518393,946,946,269,12482208,"{""initial_prob"": 0.5, ""scale"": 1.0, ""smooth"": ""none"", ""threshold"": 0.5}"
sleep,gru,density_hard,0,objective_e20_bs32_eval5,experiments/sleep/gru/density_hard/seed_0_objective_e20_bs32_eval5,0.55,none,1.0,0.5,0.7942086837574321,0.950442922842178,0.8653303844522667,0.9086545194756156,0.7626276165283147,0.9292026699122463,0.13813532174307028,0.28639444239352524,0.2393167939518393,709,709,269,12482208,"{""initial_prob"": 0.5, ""scale"": 1.0, ""smooth"": ""none"", ""threshold"": 0.55}"
sleep,gru,density_hard,0,objective_e20_bs32_eval5,experiments/sleep/gru/density_hard/seed_0_objective_e20_bs32_eval5,0.6000000000000001,none,1.0,0.5,0.8331745989930468,0.8999364622814259,0.8652696504390976,0.9103107179313157,0.7625332756578901,0.9329298950954831,0.13813532174307028,0.25849312877978,0.2393167939518393,115,115,269,12482208,"{""initial_prob"": 0.5, ""scale"": 1.0, ""smooth"": ""none"", ""threshold"": 0.6000000000000001}"
sleep,gru,density_hard,0,objective_e20_bs32_eval5,experiments/sleep/gru/density_hard/seed_0_objective_e20_bs32_eval5,0.65,none,1.0,0.5,0.8587979546585819,0.794161894642545,0.8252161854689485,0.8864581728730588,0.7024408876439594,0.9194907663772307,0.13813532174307028,0.22130499668007456,0.2393167939518393,-928,928,269,12482208,"{""initial_prob"": 0.5, ""scale"": 1.0, ""smooth"": ""none"", ""threshold"": 0.65}"
sleep,gru,density_hard,0,objective_e20_bs32_eval5,experiments/sleep/gru/density_hard/seed_0_objective_e20_bs32_eval5,0.7000000000000001,none,1.0,0.5,0.8606831468920835,0.5464481477985085,0.6684787883478733,0.7939250376280939,0.5020414113556909,0.8702892949708898,0.13813532174307028,0.15194234866139067,0.2393167939518393,-3419,3419,269,12482208,"{""initial_prob"": 0.5, ""scale"": 1.0, ""smooth"": ""none"", ""threshold"": 0.7000000000000001}"
sleep,gru,density_hard,0,objective_e20_bs32_eval5,experiments/sleep/gru/density_hard/seed_0_objective_e20_bs32_eval5,0.75,none,1.0,0.5,0.8440800252181497,0.1998944162463737,0.32323949170539185,0.6028420298370161,0.19277618366271682,0.799684559013918,0.13813532174307028,0.05667482868415588,0.2393167939518393,-7174,7174,269,12482208,"{""initial_prob"": 0.5, ""scale"": 1.0, ""smooth"": ""none"", ""threshold"": 0.75}"
sleep,gru,density_hard,0,objective_e20_bs32_eval5,experiments/sleep/gru/density_hard/seed_0_objective_e20_bs32_eval5,0.8,none,1.0,0.5,0.7646142947225834,0.03287926293568363,0.06304741699578419,0.46471852444191747,0.03254979886910684,0.7661294379968672,0.13813532174307028,0.01029088763782818,0.2393167939518393,-9111,9111,269,12482208,"{""initial_prob"": 0.5, ""scale"": 1.0, ""smooth"": ""none"", ""threshold"": 0.8}"
sleep,gru,density_hard,0,objective_e20_bs32_eval5,experiments/sleep/gru/density_hard/seed_0_objective_e20_bs32_eval5,0.8500000000000001,none,1.0,0.5,0.6259724254794732,0.002720606105646689,0.005417665910602179,0.4347817791922989,0.0027161906620794115,0.7609452590439127,0.13813532174307028,0.0010401204658662955,0.2393167939518393,-9528,9528,269,12482208,"{""initial_prob"": 0.5, ""scale"": 1.0, ""smooth"": ""none"", ""threshold"": 0.8500000000000001}"
sleep,gru,density_hard,0,objective_e20_bs32_eval5,experiments/sleep/gru/density_hard/seed_0_objective_e20_bs32_eval5,0.9,none,1.0,0.5,0.0,0.0,0.0,0.4320386560371119,0.0,0.7606832060481608,0.13813532174307028,0.0,0.2393167939518393,-9578,9578,269,12482208,"{""initial_prob"": 0.5, ""scale"": 1.0, ""smooth"": ""none"", ""threshold"": 0.9}"
sleep,gru,density_hard,0,objective_e20_bs32_eval5,experiments/sleep/gru/density_hard/seed_0_objective_e20_bs32_eval5,0.9500000000000001,none,1.0,0.5,0.0,0.0,0.0,0.4320386560371119,0.0,0.7606832060481608,0.13813532174307028,0.0,0.2393167939518393,-9578,9578,269,12482208,"{""initial_prob"": 0.5, ""scale"": 1.0, ""smooth"": ""none"", ""threshold"": 0.9500000000000001}"
sleep,gru,density_hard,0,objective_e20_bs32_eval5,experiments/sleep/gru/density_hard/seed_0_objective_e20_bs32_eval5,1.0,none,1.0,0.5,0.0,0.0,0.0,0.4320386560371119,0.0,0.7606832060481608,0.13813532174307028,0.0,0.2393167939518393,-9578,9578,269,12482208,"{""initial_prob"": 0.5, ""scale"": 1.0, ""smooth"": ""none"", ""threshold"": 1.0}"
sleep,gru,density_hard,0,objective_e20_bs32_eval5,experiments/sleep/gru/density_hard/seed_0_objective_e20_bs32_eval5,0.0,none,1.0,1.0,0.2393167939518393,1.0,0.3862076187779625,0.19310380938898125,0.2393167939518393,0.2393167939518393,0.15000991476465533,1.0,0.2393167939518393,-9578,9578,269,12482208,"{""initial_prob"": 1.0, ""scale"": 1.0, ""smooth"": ""none"", ""threshold"": 0.0}"
sleep,gru,density_hard,0,objective_e20_bs32_eval5,experiments/sleep/gru/density_hard/seed_0_objective_e20_bs32_eval5,0.05,none,1.0,1.0,0.2393167939518393,1.0,0.3862076187779625,0.19310380938898125,0.2393167939518393,0.2393167939518393,0.15000991476465533,1.0,0.2393167939518393,-9578,9578,269,12482208,"{""initial_prob"": 1.0, ""scale"": 1.0, ""smooth"": ""none"", ""threshold"": 0.05}"
sleep,gru,density_hard,0,objective_e20_bs32_eval5,experiments/sleep/gru/density_hard/seed_0_objective_e20_bs32_eval5,0.1,none,1.0,1.0,0.2393167939518393,1.0,0.3862076187779625,0.19310380938898125,0.2393167939518393,0.2393167939518393,0.15000991476465533,1.0,0.2393167939518393,-9578,9578,269,12482208,"{""initial_prob"": 1.0, ""scale"": 1.0, ""smooth"": ""none"", ""threshold"": 0.1}"
sleep,gru,density_hard,0,objective_e20_bs32_eval5,experiments/sleep/gru/density_hard/seed_0_objective_e20_bs32_eval5,0.15000000000000002,none,1.0,1.0,0.23934267980614796,1.0,0.3862413256736785,0.19326282262950079,0.23934267980614796,0.23942494789383417,0.15000991476465533,0.9998918460580051,0.2393167939518393,-9572,9572,269,12482208,"{""initial_prob"": 1.0, ""scale"": 1.0, ""smooth"": ""none"", ""threshold"": 0.15000000000000002}"
sleep,gru,density_hard,0,objective_e20_bs32_eval5,experiments/sleep/gru/density_hard/seed_0_objective_e20_bs32_eval5,0.2,none,1.0,1.0,0.24117607830080004,0.9999916309643606,0.3886244511346394,0.2043532646799023,0.24117559150521226,0.24703033309491398,0.15000991476465533,0.99228245515537,0.2393167939518393,-9349,9349,269,12482208,"{""initial_prob"": 1.0, ""scale"": 1.0, ""smooth"": ""none"", ""threshold"": 0.2}"
sleep,gru,density_hard,0,objective_e20_bs32_eval5,experiments/sleep/gru/density_hard/seed_0_objective_e20_bs32_eval5,0.25,none,1.0,1.0,0.25664037262324146,0.9995755225123711,0.40841934185994805,0.2860310812583923,0.2566124058941718,0.30701082693062,0.15000991476465533,0.9321027978383312,0.2393167939518393,-7968,7968,269,12482208,"{""initial_prob"": 1.0, ""scale"": 1.0, ""smooth"": ""none"", ""threshold"": 0.25}"
sleep,gru,density_hard,0,objective_e20_bs32_eval5,experiments/sleep/gru/density_hard/seed_0_objective_e20_bs32_eval5,0.30000000000000004,none,1.0,1.0,0.312925365690652,0.9981373874281017,0.476472245477878,0.47507327725375637,0.31274274069744856,0.47507700560670035,0.15000991476465533,0.7633482794069767,0.2393167939518393,-4447,4447,269,12482208,"{""initial_prob"": 1.0, ""scale"": 1.0, ""smooth"": ""none"", ""threshold"": 0.30000000000000004}"
sleep,gru,density_hard,0,objective_e20_bs32_eval5,experiments/sleep/gru/density_hard/seed_0_objective_e20_bs32_eval5,0.35000000000000003,none,1.0,1.0,0.40059470021910715,0.9957987441090358,0.5713457063196883,0.6323055039210237,0.39991879690352694,0.6424119835208643,0.15000991476465533,0.5948939482501814,0.2393167939518393,-1723,1723,269,12482208,"{""initial_prob"": 1.0, ""scale"": 1.0, ""smooth"": ""none"", ""threshold"": 0.35000000000000003}"
sleep,gru,density_hard,0,objective_e20_bs32_eval5,experiments/sleep/gru/density_hard/seed_0_objective_e20_bs32_eval5,0.4,none,1.0,1.0,0.49137138843719447,0.991849228810104,0.6571730827006466,0.7316663693529084,0.48939522602237523,0.7523467803132267,0.15000991476465533,0.48306878077981075,0.2393167939518393,-194,194,269,12482208,"{""initial_prob"": 1.0, ""scale"": 1.0, ""smooth"": ""none"", ""threshold"": 0.4}"
sleep,gru,density_hard,0,objective_e20_bs32_eval5,experiments/sleep/gru/density_hard/seed_0_objective_e20_bs32_eval5,0.45,none,1.0,1.0,0.5732293597491983,0.9853608828596124,0.7248060106652273,0.796047776361783,0.5683888229769143,0.8209329631424184,0.15000991476465533,0.41137705764877497,0.2393167939518393,419,419,269,12482208,"{""initial_prob"": 1.0, ""scale"": 1.0, ""smooth"": ""none"", ""threshold"": 0.45}"
sleep,gru,density_hard,0,objective_e20_bs32_eval5,experiments/sleep/gru/density_hard/seed_0_objective_e20_bs32_eval5,0.5,none,1.0,1.0,0.6662488727800459,0.9749668753569394,0.791572445538376,0.8522288009137128,0.6550433599563488,0.8771267070697748,0.15000991476465533,0.35020839261771636,0.2393167939518393,532,532,269,12482208,"{""initial_prob"": 1.0, ""scale"": 1.0, ""smooth"": ""none"", ""threshold"": 0.5}"
sleep,gru,density_hard,0,objective_e20_bs32_eval5,experiments/sleep/gru/density_hard/seed_0_objective_e20_bs32_eval5,0.55,none,1.0,1.0,0.7420120727597639,0.9529928006207816,0.8343718350537159,0.8860346237165999,0.7158130355336484,0.9094544010162304,0.15000991476465533,0.30736316843942996,0.2393167939518393,466,466,269,12482208,"{""initial_prob"": 1.0, ""scale"": 1.0, ""smooth"": ""none"", ""threshold"": 0.55}"
sleep,gru,density_hard,0,objective_e20_bs32_eval5,experiments/sleep/gru/density_hard/seed_0_objective_e20_bs32_eval5,0.6000000000000001,none,1.0,1.0,0.7747833164414512,0.9043841025816132,0.8345823131117854,0.8883320226690593,0.7161229167031146,0.9142036408943033,0.15000991476465533,0.2793481730155434,0.2393167939518393,-90,90,269,12482208,"{""initial_prob"": 1.0, ""scale"": 1.0, ""smooth"": ""none"", ""threshold"": 0.6000000000000001}"
sleep,gru,density_hard,0,objective_e20_bs32_eval5,experiments/sleep/gru/density_hard/seed_0_objective_e20_bs32_eval5,0.65,none,1.0,1.0,0.7952064054786204,0.8051116061116724,0.8001283515755256,0.8683656718778134,0.6668449518131017,0.9037389058089722,0.15000991476465533,0.24229775693531144,0.2393167939518393,-1009,1009,269,12482208,"{""initial_prob"": 1.0, ""scale"": 1.0, ""smooth"": ""none"", ""threshold"": 0.65}"
sleep,gru,density_hard,0,objective_e20_bs32_eval5,experiments/sleep/gru/density_hard/seed_0_objective_e20_bs32_eval5,0.7000000000000001,none,1.0,1.0,0.7824020155663541,0.5674032087552164,0.6577799613896542,0.7843779386976917,0.4900686493033439,0.858707289607736,0.15000991476465533,0.1735541500349938,0.2393167939518393,-3356,3356,269,12482208,"{""initial_prob"": 1.0, ""scale"": 1.0, ""smooth"": ""none"", ""threshold"": 0.7000000000000001}"
sleep,gru,density_hard,0,objective_e20_bs32_eval5,experiments/sleep/gru/density_hard/seed_0_objective_e20_bs32_eval5,0.75,none,1.0,1.0,0.7017353869323333,0.23709511442480288,0.3544367841056408,0.6156962216944603,0.2153893455335931,0.793307001453589,0.15000991476465533,0.08085788988614835,0.2393167939518393,-6873,6873,269,12482208,"{""initial_prob"": 1.0, ""scale"": 1.0, ""smooth"": ""none"", ""threshold"": 0.75}"
sleep,gru,density_hard,0,objective_e20_bs32_eval5,experiments/sleep/gru/density_hard/seed_0_objective_e20_bs32_eval5,0.8,none,1.0,1.0,0.5568617530841643,0.07958818988471486,0.13927134233764804,0.5014544298621586,0.07484774406205777,0.7645729826005143,0.15000991476465533,0.034203804326926775,0.2393167939518393,-8696,8696,269,12482208,"{""initial_prob"": 1.0, ""scale"": 1.0, ""smooth"": ""none"", ""threshold"": 0.8}"
sleep,gru,density_hard,0,objective_e20_bs32_eval5,experiments/sleep/gru/density_hard/seed_0_objective_e20_bs32_eval5,0.8500000000000001,none,1.0,1.0,0.48694155117500215,0.04734196080479325,0.08629413902192043,0.4741007252135172,0.04509268680288004,0.7600755411222118,0.15000991476465533,0.023267117484342514,0.2393167939518393,-9111,9111,269,12482208,"{""initial_prob"": 1.0, ""scale"": 1.0, ""smooth"": ""none"", ""threshold"": 0.8500000000000001}"
sleep,gru,density_hard,0,objective_e20_bs32_eval5,experiments/sleep/gru/density_hard/seed_0_objective_e20_bs32_eval5,0.9,none,1.0,1.0,0.4390529059366992,0.03343998832352148,0.06214664485449584,0.46176350629509677,0.03206983887066601,0.7584614036234615,0.15000991476465533,0.01822730401544342,0.2393167939518393,-9235,9235,269,12482208,"{""initial_prob"": 1.0, ""scale"": 1.0, ""smooth"": ""none"", ""threshold"": 0.9}"
sleep,gru,density_hard,0,objective_e20_bs32_eval5,experiments/sleep/gru/density_hard/seed_0_objective_e20_bs32_eval5,0.9500000000000001,none,1.0,1.0,0.42869454950677127,0.02614285876884121,0.049280471917280695,0.4555148745863982,0.025262715222683196,0.7586019236340237,0.15000991476465533,0.0145941327047266,0.2393167939518393,-9259,9259,269,12482208,"{""initial_prob"": 1.0, ""scale"": 1.0, ""smooth"": ""none"", ""threshold"": 0.9500000000000001}"
sleep,gru,density_hard,0,objective_e20_bs32_eval5,experiments/sleep/gru/density_hard/seed_0_objective_e20_bs32_eval5,1.0,none,1.0,1.0,0.0,0.0,0.0,0.4320386560371119,0.0,0.7606832060481608,0.15000991476465533,0.0,0.2393167939518393,-9578,9578,269,12482208,"{""initial_prob"": 1.0, ""scale"": 1.0, ""smooth"": ""none"", ""threshold"": 1.0}"
sleep,gru,density_hard,0,objective_e20_bs32_eval5,experiments/sleep/gru/density_hard/seed_0_objective_e20_bs32_eval5,0.0,none,2.0,0.0,0.2393167939518393,1.0,0.3862076187779625,0.19310380938898125,0.2393167939518393,0.2393167939518393,0.09349546621304715,1.0,0.2393167939518393,-9578,9578,269,12482208,"{""initial_prob"": 0.0, ""scale"": 2.0, ""smooth"": ""none"", ""threshold"": 0.0}"
sleep,gru,density_hard,0,objective_e20_bs32_eval5,experiments/sleep/gru/density_hard/seed_0_objective_e20_bs32_eval5,0.05,none,2.0,0.0,0.2423701612913043,0.999769349377779,0.3901562688916821,0.21158795997947877,0.24235660974563905,0.25203209239903707,0.09349546621304715,0.9871743044179363,0.2393167939518393,-9299,9299,269,12482208,"{""initial_prob"": 0.0, ""scale"": 2.0, ""smooth"": ""none"", ""threshold"": 0.05}"
sleep,gru,density_hard,0,objective_e20_bs32_eval5,experiments/sleep/gru/density_hard/seed_0_objective_e20_bs32_eval5,0.1,none,2.0,0.0,0.2490370847171127,0.9996166981677168,0.3987360335722388,0.24849805369582914,0.24901330569610816,0.2785331729770887,0.09349546621304715,0.9606001598435149,0.2393167939518393,-8314,8314,269,12482208,"{""initial_prob"": 0.0, ""scale"": 2.0, ""smooth"": ""none"", ""threshold"": 0.1}"
sleep,gru,density_hard,0,objective_e20_bs32_eval5,experiments/sleep/gru/density_hard/seed_0_objective_e20_bs32_eval5,0.15000000000000002,none,2.0,0.0,0.29898174134428024,0.9985866372612231,0.46018256396221846,0.4384944238593779,0.2988552754320982,0.4393321277773932,0.09349546621304715,0.7993081832957759,0.2393167939518393,-4279,4279,269,12482208,"{""initial_prob"": 0.0, ""scale"": 2.0, ""smooth"": ""none"", ""threshold"": 0.15000000000000002}"
sleep,gru,density_hard,0,objective_e20_bs32_eval5,experiments/sleep/gru/density_hard/seed_0_objective_e20_bs32_eval5,0.2,none,2.0,0.0,0.3708318221258702,0.9970514213635369,0.5405993488073493,0.5888056329681121,0.3704255910572336,0.5944570864385532,0.09349546621304715,0.6434484187412997,0.2393167939518393,-1407,1407,269,12482208,"{""initial_prob"": 0.0, ""scale"": 2.0, ""smooth"": ""none"", ""threshold"": 0.2}"
sleep,gru,density_hard,0,objective_e20_bs32_eval5,experiments/sleep/gru/density_hard/seed_0_objective_e20_bs32_eval5,0.25,none,2.0,0.0,0.4376895945043052,0.9949517977023314,0.607940062679484,0.6777599868502582,0.43671974631327126,0.6928879089340604,0.09349546621304715,0.5440126458395822,0.2393167939518393,6,6,269,12482208,"{""initial_prob"": 0.0, ""scale"": 2.0, ""smooth"": ""none"", ""threshold"": 0.25}"
sleep,gru,density_hard,0,objective_e20_bs32_eval5,experiments/sleep/gru/density_hard/seed_0_objective_e20_bs32_eval5,0.30000000000000004,none,2.0,0.0,0.4957815451250791,0.9927530846591559,0.6613062919622477,0.7357001462887076,0.4939937253694766,0.7566401713542988,0.09349546621304715,0.47920800550671805,0.2393167939518393,666,666,269,12482208,"{""initial_prob"": 0.0, ""scale"": 2.0, ""smooth"": ""none"", ""threshold"": 0.30000000000000004}"
sleep,gru,density_hard,0,objective_e20_bs32_eval5,experiments/sleep/gru/density_hard/seed_0_objective_e20_bs32_eval5,0.35000000000000003,none,2.0,0.0,0.5492090561304763,0.9903367766893568,0.7065745166945097,0.7792375587419043,0.5462815800480296,0.803154297701176,0.09349546621304715,0.4315373530067757,0.2393167939518393,1067,1067,269,12482208,"{""initial_prob"": 0.0, ""scale"": 2.0, ""smooth"": ""none"", ""threshold"": 0.35000000000000003}"
sleep,gru,density_hard,0,objective_e20_bs32_eval5,experiments/sleep/gru/density_hard/seed_0_objective_e20_bs32_eval5,0.4,none,2.0,0.0,0.5983360586949787,0.9874022580327678,0.7451398117654013,0.8133919621108145,0.593803053720034,0.8383552813732955,0.09349546621304715,0.3949318101412827,0.2393167939518393,1279,1279,269,12482208,"{""initial_prob"": 0.0, ""scale"": 2.0, ""smooth"": ""none"", ""threshold"": 0.4}"
sleep,gru,density_hard,0,objective_e20_bs32_eval5,experiments/sleep/gru/density_hard/seed_0_objective_e20_bs32_eval5,0.45,none,2.0,0.0,0.655614889606261,0.9820751994675955,0.7863064297447274,0.8476011927069065,0.6478624003745409,0.8722539313557345,0.09349546621304715,0.3584834510048222,0.2393167939518393,1358,1358,269,12482208,"{""initial_prob"": 0.0, ""scale"": 2.0, ""smooth"": ""none"", ""threshold"": 0.45}"
sleep,gru,density_hard,0,objective_e20_bs32_eval5,experiments/sleep/gru/density_hard/seed_0_objective_e20_bs32_eval5,0.5,none,2.0,0.0,0.7170982275734448,0.9766959181200334,0.8270035807395472,0.879422402526685,0.7050350428699124,0.9022104903235069,0.09349546621304715,0.3259521873053229,0.2393167939518393,1281,1281,269,12482208,"{""initial_prob"": 0.0, ""scale"": 2.0, ""smooth"": ""none"", ""threshold"": 0.5}"
sleep,gru,density_hard,0,objective_e20_bs32_eval5,experiments/sleep/gru/density_hard/seed_0_objective_e20_bs32_eval5,0.55,none,2.0,0.0,0.7794046072010491,0.9681564889150449,0.8635871210786541,0.9067842375064761,0.7599237364313831,0.9268022131981778,0.09349546621304715,0.2972732067916189,0.2393167939518393,1196,1196,269,12482208,"{""initial_prob"": 0.0, ""scale"": 2.0, ""smooth"": ""none"", ""threshold"": 0.55}"
sleep,gru,density_hard,0,objective_e20_bs32_eval5,experiments/sleep/gru/density_hard/seed_0_objective_e20_bs32_eval5,0.6000000000000001,none,2.0,0.0,0.8145532787106985,0.9575823797654126,0.8802958885712471,0.919082992992446,0.7861861714948792,0.9376753696140939,0.09349546621304715,0.28133892657452914,0.2393167939518393,1020,1020,269,12482208,"{""initial_prob"": 0.0, ""scale"": 2.0, ""smooth"": ""none"", ""threshold"": 0.6000000000000001}"
sleep,gru,density_hard,0,objective_e20_bs32_eval5,experiments/sleep/gru/density_hard/seed_0_objective_e20_bs32_eval5,0.65,none,2.0,0.0,0.8373188714639365,0.9404733928271339,0.8859034159853281,0.9235217863945543,0.7951764942972495,0.9420256416172523,0.09349546621304715,0.2687997187677052,0.2393167939518393,864,864,269,12482208,"{""initial_prob"": 0.0, ""scale"": 2.0, ""smooth"": ""none"", ""threshold"": 0.65}"
sleep,gru,density_hard,0,objective_e20_bs32_eval5,experiments/sleep/gru/density_hard/seed_0_objective_e20_bs32_eval5,0.7000000000000001,none,2.0,0.0,0.8607733791002864,0.909158135271736,0.8843044082550607,0.9232744211555037,0.7926036589174074,0.9430678450479274,0.09349546621304715,0.2527689812571622,0.2393167939518393,525,525,269,12482208,"{""initial_prob"": 0.0, ""scale"": 2.0, ""smooth"": ""none"", ""threshold"": 0.7000000000000001}"
sleep,gru,density_hard,0,objective_e20_bs32_eval5,experiments/sleep/gru/density_hard/seed_0_objective_e20_bs32_eval5,0.75,none,2.0,0.0,0.8804863291981597,0.8486530204519145,0.8642766505682186,0.9112930142643025,0.7609922354776175,0.9362125675201054,0.09349546621304715,0.23066447859224906,0.2393167939518393,-154,154,269,12482208,"{""initial_prob"": 0.0, ""scale"": 2.0, ""smooth"": ""none"", ""threshold"": 0.75}"
sleep,gru,density_hard,0,objective_e20_bs32_eval5,experiments/sleep/gru/density_hard/seed_0_objective_e20_bs32_eval5,0.8,none,2.0,0.0,0.8974119778751821,0.714928217107514,0.795843392541755,0.8699664421083829,0.6609135286992571,0.9122188157736195,0.09349546621304715,0.19065304792229068,0.2393167939518393,-1400,1400,269,12482208,"{""initial_prob"": 0.0, ""scale"": 2.0, ""smooth"": ""none"", ""threshold"": 0.8}"
sleep,gru,density_hard,0,objective_e20_bs32_eval5,experiments/sleep/gru/density_hard/seed_0_objective_e20_bs32_eval5,0.8500000000000001,none,2.0,0.0,0.912542974496442,0.4134481029404774,0.569067421458819,0.7391852430977248,0.397689891188987,0.8501455031032971,0.09349546621304715,0.10842785186723375,0.2393167939518393,-4263,4263,269,12482208,"{""initial_prob"": 0.0, ""scale"": 2.0, ""smooth"": ""none"", ""threshold"": 0.8500000000000001}"
sleep,gru,density_hard,0,objective_e20_bs32_eval5,experiments/sleep/gru/density_hard/seed_0_objective_e20_bs32_eval5,0.9,none,2.0,0.0,0.9105419801614639,0.06769712928687112,0.12602456302708226,0.49854826405300856,0.0672498478585467,0.7752925604187977,0.09349546621304715,0.017792765510717335,0.2393167939518393,-8431,8431,269,12482208,"{""initial_prob"": 0.0, ""scale"": 2.0, ""smooth"": ""none"", ""threshold"": 0.9}"
sleep,gru,density_hard,0,objective_e20_bs32_eval5,experiments/sleep/gru/density_hard/seed_0_objective_e20_bs32_eval5,0.9500000000000001,none,2.0,0.0,0.948959032907992,0.00047301789433724266,0.0009455644628367402,0.4325372533694582,0.0004730058601844221,0.7607903185077511,0.09349546621304715,0.00011928979231879489,0.2393167939518393,-9562,9562,269,12482208,"{""initial_prob"": 0.0, ""scale"": 2.0, ""smooth"": ""none"", ""threshold"": 0.9500000000000001}"
sleep,gru,density_hard,0,objective_e20_bs32_eval5,experiments/sleep/gru/density_hard/seed_0_objective_e20_bs32_eval5,1.0,none,2.0,0.0,0.0,0.0,0.0,0.4320386560371119,0.0,0.7606832060481608,0.09349546621304715,0.0,0.2393167939518393,-9578,9578,269,12482208,"{""initial_prob"": 0.0, ""scale"": 2.0, ""smooth"": ""none"", ""threshold"": 1.0}"
sleep,gru,density_hard,0,objective_e20_bs32_eval5,experiments/sleep/gru/density_hard/seed_0_objective_e20_bs32_eval5,0.0,none,2.0,0.2393167939518393,0.2393167939518393,1.0,0.3862076187779625,0.19310380938898125,0.2393167939518393,0.2393167939518393,0.09433947737914299,1.0,0.2393167939518393,-9578,9578,269,12482208,"{""initial_prob"": 0.2393167939518393, ""scale"": 2.0, ""smooth"": ""none"", ""threshold"": 0.0}"
sleep,gru,density_hard,0,objective_e20_bs32_eval5,experiments/sleep/gru/density_hard/seed_0_objective_e20_bs32_eval5,0.05,none,2.0,0.2393167939518393,0.23936066556858235,0.9999996652385744,0.3862647197752031,0.19337358639223476,0.23936064638891427,0.23950025508307504,0.09433947737914299,0.999816378640702,0.2393167939518393,-9566,9566,269,12482208,"{""initial_prob"": 0.2393167939518393, ""scale"": 2.0, ""smooth"": ""none"", ""threshold"": 0.05}"
sleep,gru,density_hard,0,objective_e20_bs32_eval5,experiments/sleep/gru/density_hard/seed_0_objective_e20_bs32_eval5,0.1,none,2.0,0.2393167939518393,0.24571726900335392,0.999856722109854,0.3944881073374132,0.23048125475208303,0.2457086173825799,0.2654358908295712,0.09433947737914299,0.9738123255116402,0.2393167939518393,-8539,8539,269,12482208,"{""initial_prob"": 0.2393167939518393, ""scale"": 2.0, ""smooth"": ""none"", ""threshold"": 0.1}"
sleep,gru,density_hard,0,objective_e20_bs32_eval5,experiments/sleep/gru/density_hard/seed_0_objective_e20_bs32_eval5,0.15000000000000002,none,2.0,0.2393167939518393,0.29460799772826146,0.998850429264576,0.4550116476179264,0.4259015417626495,0.2945081410590483,0.4273775921695905,0.09433947737914299,0.8113889786166038,0.2393167939518393,-4408,4408,269,12482208,"{""initial_prob"": 0.2393167939518393, ""scale"": 2.0, ""smooth"": ""none"", ""threshold"": 0.15000000000000002}"
sleep,gru,density_hard,0,objective_e20_bs32_eval5,experiments/sleep/gru/density_hard/seed_0_objective_e20_bs32_eval5,0.2,none,2.0,0.2393167939518393,0.3648213059736261,0.9974139679874344,0.5342364470411061,0.579026358520135,0.3644765528264491,0.5837918259333605,0.09433947737914299,0.6542872062378707,0.2393167939518393,-1466,1466,269,12482208,"{""initial_prob"": 0.2393167939518393, ""scale"": 2.0, ""smooth"": ""none"", ""threshold"": 0.2}"
sleep,gru,density_hard,0,objective_e20_bs32_eval5,experiments/sleep/gru/density_hard/seed_0_objective_e20_bs32_eval5,0.25,none,2.0,0.2393167939518393,0.4349544637280444,0.9951995211572569,0.605342471652907,0.6746738195762627,0.4340438131577299,0.6894492544908721,0.09433947737914299,0.5475698690488093,0.2393167939518393,-8,8,269,12482208,"{""initial_prob"": 0.2393167939518393, ""scale"": 2.0, ""smooth"": ""none"", ""threshold"": 0.25}"
sleep,gru,density_hard,0,objective_e20_bs32_eval5,experiments/sleep/gru/density_hard/seed_0_objective_e20_bs32_eval5,0.30000000000000004,none,2.0,0.2393167939518393,0.49380000249674383,0.993124669841544,0.6596231451000647,0.7339500777865196,0.49211767771781495,0.7547149510727589,0.09433947737914299,0.48131107893731623,0.2393167939518393,666,666,269,12482208,"{""initial_prob"": 0.2393167939518393, ""scale"": 2.0, ""smooth"": ""none"", ""threshold"": 0.30000000000000004}"
sleep,gru,density_hard,0,objective_e20_bs32_eval5,experiments/sleep/gru/density_hard/seed_0_objective_e20_bs32_eval5,0.35000000000000003,none,2.0,0.2393167939518393,0.5464533381981018,0.990722421851619,0.704387342968528,0.7771989080575181,0.543671242439412,0.8009937825102739,0.09433947737914299,0.4338824509253491,0.2393167939518393,1069,1069,269,12482208,"{""initial_prob"": 0.2393167939518393, ""scale"": 2.0, ""smooth"": ""none"", ""threshold"": 0.35000000000000003}"
sleep,gru,density_hard,0,objective_e20_bs32_eval5,experiments/sleep/gru/density_hard/seed_0_objective_e20_bs32_eval5,0.4,none,2.0,0.2393167939518393,0.5956633353467684,0.9877316632755334,0.7431569980784812,0.8116775555260859,0.5912886469847937,0.8366085551530626,0.09433947737914299,0.39683620077473475,0.2393167939518393,1279,1279,269,12482208,"{""initial_prob"": 0.2393167939518393, ""scale"": 2.0, ""smooth"": ""none"", ""threshold"": 0.4}"
sleep,gru,density_hard,0,objective_e20_bs32_eval5,experiments/sleep/gru/density_hard/seed_0_objective_e20_bs32_eval5,0.45,none,2.0,0.2393167939518393,0.6547174785984857,0.9825783458902344,0.7858216059979416,0.8471818380667535,0.6472044057774673,0.8718194729650395,0.09433947737914299,0.3591587321730258,0.2393167939518393,1368,1368,269,12482208,"{""initial_prob"": 0.2393167939518393, ""scale"": 2.0, ""smooth"": ""none"", ""threshold"": 0.45}"
sleep,gru,density_hard,0,objective_e20_bs32_eval5,experiments/sleep/gru/density_hard/seed_0_objective_e20_bs32_eval5,0.5,none,2.0,0.2393167939518393,0.7164633959274513,0.9772338797309321,0.8267738445941765,0.8792228382392252,0.7047011701748093,0.9019994699655702,0.09433947737914299,0.32642069415923847,0.2393167939518393,1301,1301,269,12482208,"{""initial_prob"": 0.2393167939518393, ""scale"": 2.0, ""smooth"": ""none"", ""threshold"": 0.5}"
sleep,gru,density_hard,0,objective_e20_bs32_eval5,experiments/sleep/gru/density_hard/seed_0_objective_e20_bs32_eval5,0.55,none,2.0,0.2393167939518393,0.7785307884988306,0.9694064880781413,0.8635467732770481,0.9067109017931496,0.7598612533902076,0.9266826029497345,0.09433947737914299,0.29799110862437156,0.2393167939518393,1212,1212,269,12482208,"{""initial_prob"": 0.2393167939518393, ""scale"": 2.0, ""smooth"": ""none"", ""threshold"": 0.55}"
sleep,gru,density_hard,0,objective_e20_bs32_eval5,experiments/sleep/gru/density_hard/seed_0_objective_e20_bs32_eval5,0.6000000000000001,none,2.0,0.2393167939518393,0.8141296047697594,0.9586549553729543,0.8805011025880379,0.9191964941360555,0.7865135951661631,0.9377270431641581,0.09433947737914299,0.2818006237358006,0.2393167939518393,1034,1034,269,12482208,"{""initial_prob"": 0.2393167939518393, ""scale"": 2.0, ""smooth"": ""none"", ""threshold"": 0.6000000000000001}"
sleep,gru,density_hard,0,objective_e20_bs32_eval5,experiments/sleep/gru/density_hard/seed_0_objective_e20_bs32_eval5,0.65,none,2.0,0.2393167939518393,0.8370006993111042,0.9415831269529145,0.8862171398179989,0.9237106229833146,0.7956821490978805,0.9421373205766159,0.09433947737914299,0.2692191958345831,0.2393167939518393,874,874,269,12482208,"{""initial_prob"": 0.2393167939518393, ""scale"": 2.0, ""smooth"": ""none"", ""threshold"": 0.65}"
sleep,gru,density_hard,0,objective_e20_bs32_eval5,experiments/sleep/gru/density_hard/seed_0_objective_e20_bs32_eval5,0.7000000000000001,none,2.0,0.2393167939518393,0.8609181353481509,0.9122985322050534,0.8858639393578378,0.9242669429107844,0.7951128867036639,0.9437404824531045,0.09433947737914299,0.25359944330362066,0.2393167939518393,559,559,269,12482208,"{""initial_prob"": 0.2393167939518393, ""scale"": 2.0, ""smooth"": ""none"", ""threshold"": 0.7000000000000001}"
sleep,gru,density_hard,0,objective_e20_bs32_eval5,experiments/sleep/gru/density_hard/seed_0_objective_e20_bs32_eval5,0.75,none,2.0,0.2393167939518393,0.8805611162980705,0.8543530032451773,0.8672591061144209,0.9131554905840726,0.7656288483940131,0.9374112336535331,0.09433947737914299,0.23219401567414996,0.2393167939518393,-88,88,269,12482208,"{""initial_prob"": 0.2393167939518393, ""scale"": 2.0, ""smooth"": ""none"", ""threshold"": 0.75}"
sleep,gru,density_hard,0,objective_e20_bs32_eval5,experiments/sleep/gru/density_hard/seed_0_objective_e20_bs32_eval5,0.8,none,2.0,0.2393167939518393,0.8976381743337847,0.7240775816298998,0.8015704059853012,0.8734213649737219,0.6688506442001884,0.9142067653415165,0.09433947737914299,0.19304429152278188,0.2393167939518393,-1294,1294,269,12482208,"{""initial_prob"": 0.2393167939518393, ""scale"": 2.0, ""smooth"": ""none"", ""threshold"": 0.8}"
sleep,gru,density_hard,0,objective_e20_bs32_eval5,experiments/sleep/gru/density_hard/seed_0_objective_e20_bs32_eval5,0.8500000000000001,none,2.0,0.2393167939518393,0.9136589414102677,0.42494012791903596,0.5800845919185951,0.7454097877475467,0.4085346131305157,0.8527682762536885,0.09433947737914299,0.11130554786460857,0.2393167939518393,-4101,4101,269,12482208,"{""initial_prob"": 0.2393167939518393, ""scale"": 2.0, ""smooth"": ""none"", ""threshold"": 0.8500000000000001}"
sleep,gru,density_hard,0,objective_e20_bs32_eval5,experiments/sleep/gru/density_hard/seed_0_objective_e20_bs32_eval5,0.9,none,2.0,0.2393167939518393,0.9086069326357096,0.06976059871411441,0.1295729091275378,0.5004175124000695,0.06927450407441352,0.7756988186705429,0.09433947737914299,0.018374153034463134,0.2393167939518393,-8397,8397,269,12482208,"{""initial_prob"": 0.2393167939518393, ""scale"": 2.0, ""smooth"": ""none"", ""threshold"": 0.9}"
sleep,gru,density_hard,0,objective_e20_bs32_eval5,experiments/sleep/gru/density_hard/seed_0_objective_e20_bs32_eval5,0.9500000000000001,none,2.0,0.2393167939518393,0.9489932885906041,0.0004733526557628175,0.0009462333355193509,0.43253760746678865,0.00047334061309325747,0.7607903986217823,0.09433947737914299,0.0001193699063499022,0.2393167939518393,-9562,9562,269,12482208,"{""initial_prob"": 0.2393167939518393, ""scale"": 2.0, ""smooth"": ""none"", ""threshold"": 0.9500000000000001}"
sleep,gru,density_hard,0,objective_e20_bs32_eval5,experiments/sleep/gru/density_hard/seed_0_objective_e20_bs32_eval5,1.0,none,2.0,0.2393167939518393,0.0,0.0,0.0,0.4320386560371119,0.0,0.7606832060481608,0.09433947737914299,0.0,0.2393167939518393,-9578,9578,269,12482208,"{""initial_prob"": 0.2393167939518393, ""scale"": 2.0, ""smooth"": ""none"", ""threshold"": 1.0}"
sleep,gru,density_hard,0,objective_e20_bs32_eval5,experiments/sleep/gru/density_hard/seed_0_objective_e20_bs32_eval5,0.0,none,2.0,0.5,0.2393167939518393,1.0,0.3862076187779625,0.19310380938898125,0.2393167939518393,0.2393167939518393,0.09661602373241078,1.0,0.2393167939518393,-9578,9578,269,12482208,"{""initial_prob"": 0.5, ""scale"": 2.0, ""smooth"": ""none"", ""threshold"": 0.0}"
sleep,gru,density_hard,0,objective_e20_bs32_eval5,experiments/sleep/gru/density_hard/seed_0_objective_e20_bs32_eval5,0.05,none,2.0,0.5,0.23935679133803062,0.9999996652385744,0.3862596752378563,0.19334979959467316,0.23935677215898343,0.23948407204879138,0.09661602373241078,0.9998325616749857,0.2393167939518393,-9570,9570,269,12482208,"{""initial_prob"": 0.5, ""scale"": 2.0, ""smooth"": ""none"", ""threshold"": 0.05}"
sleep,gru,density_hard,0,objective_e20_bs32_eval5,experiments/sleep/gru/density_hard/seed_0_objective_e20_bs32_eval5,0.1,none,2.0,0.5,0.24533987512762823,0.9998570568712796,0.3940016220317715,0.22839377477133502,0.24533127021599402,0.2639377584478644,0.09661602373241078,0.9753106181214093,0.2393167939518393,-8621,8621,269,12482208,"{""initial_prob"": 0.5, ""scale"": 2.0, ""smooth"": ""none"", ""threshold"": 0.1}"
sleep,gru,density_hard,0,objective_e20_bs32_eval5,experiments/sleep/gru/density_hard/seed_0_objective_e20_bs32_eval5,0.15000000000000002,none,2.0,0.5,0.2930736477522155,0.9989036563312425,0.45318495516715634,0.4213614794301799,0.2929794073835955,0.4231116802411881,0.09661602373241078,0.8156803668068983,0.2393167939518393,-4570,4570,269,12482208,"{""initial_prob"": 0.5, ""scale"": 2.0, ""smooth"": ""none"", ""threshold"": 0.15000000000000002}"
sleep,gru,density_hard,0,objective_e20_bs32_eval5,experiments/sleep/gru/density_hard/seed_0_objective_e20_bs32_eval5,0.2,none,2.0,0.5,0.36188702752078084,0.9974745598054634,0.5310921050602934,0.5741269172197154,0.3615557564159548,0.5784756190571412,0.09661602373241078,0.659632414393351,0.2393167939518393,-1650,1650,269,12482208,"{""initial_prob"": 0.5, ""scale"": 2.0, ""smooth"": ""none"", ""threshold"": 0.2}"
sleep,gru,density_hard,0,objective_e20_bs32_eval5,experiments/sleep/gru/density_hard/seed_0_objective_e20_bs32_eval5,0.25,none,2.0,0.5,0.4260760043244359,0.9954335193937337,0.5967323179158405,0.6643831973241476,0.4252448235888697,0.6780197061289156,0.09661602373241078,0.5591114168262539,0.2393167939518393,-195,195,269,12482208,"{""initial_prob"": 0.5, ""scale"": 2.0, ""smooth"": ""none"", ""threshold"": 0.25}"
sleep,gru,density_hard,0,objective_e20_bs32_eval5,experiments/sleep/gru/density_hard/seed_0_objective_e20_bs32_eval5,0.30000000000000004,none,2.0,0.5,0.48251127871874144,0.9933985046876642,0.6495329025705681,0.7236010856752331,0.4809690690035557,0.7434495563605413,0.09661602373241078,0.49270754020442536,0.2393167939518393,551,551,269,12482208,"{""initial_prob"": 0.5, ""scale"": 2.0, ""smooth"": ""none"", ""threshold"": 0.30000000000000004}"
sleep,gru,density_hard,0,objective_e20_bs32_eval5,experiments/sleep/gru/density_hard/seed_0_objective_e20_bs32_eval5,0.35000000000000003,none,2.0,0.5,0.5332217814381369,0.9910391061602128,0.6933768910048358,0.7669846128823872,0.5306632694856172,0.7902367113254322,0.09661602373241078,0.4447910978570458,0.2393167939518393,984,984,269,12482208,"{""initial_prob"": 0.5, ""scale"": 2.0, ""smooth"": ""none"", ""threshold"": 0.35000000000000003}"
sleep,gru,density_hard,0,objective_e20_bs32_eval5,experiments/sleep/gru/density_hard/seed_0_objective_e20_bs32_eval5,0.4,none,2.0,0.5,0.5807450007121324,0.9882542258608558,0.7315793295257335,0.8016748871716785,0.5767639605338454,0.8264492948683438,0.09661602373241078,0.40724557706457065,0.2393167939518393,1212,1212,269,12482208,"{""initial_prob"": 0.5, ""scale"": 2.0, ""smooth"": ""none"", ""threshold"": 0.4}"
sleep,gru,density_hard,0,objective_e20_bs32_eval5,experiments/sleep/gru/density_hard/seed_0_objective_e20_bs32_eval5,0.45,none,2.0,0.5,0.6371034740663005,0.9832318001929565,0.7731984925178722,0.8369916891705729,0.6302555774526029,0.8619571152796044,0.09661602373241078,0.3693338550359039,0.2393167939518393,1373,1373,269,12482208,"{""initial_prob"": 0.5, ""scale"": 2.0, ""smooth"": ""none"", ""threshold"": 0.45}"
sleep,gru,density_hard,0,objective_e20_bs32_eval5,experiments/sleep/gru/density_hard/seed_0_objective_e20_bs32_eval5,0.5,none,2.0,0.5,0.7091207184040041,0.9777721761032565,0.8220539788998482,0.8756231835122277,0.697870669941297,0.8986954872086733,0.09661602373241078,0.3299823236401765,0.2393167939518393,1380,1380,269,12482208,"{""initial_prob"": 0.5, ""scale"": 2.0, ""smooth"": ""none"", ""threshold"": 0.5}"
sleep,gru,density_hard,0,objective_e20_bs32_eval5,experiments/sleep/gru/density_hard/seed_0_objective_e20_bs32_eval5,0.55,none,2.0,0.5,0.7758011272227947,0.9698774974039251,0.8620510615633866,0.9056112917036082,0.7575481047047041,0.9257142646557404,0.09661602373241078,0.2991848878019017,0.2393167939518393,1236,1236,269,12482208,"{""initial_prob"": 0.5, ""scale"": 2.0, ""smooth"": ""none"", ""threshold"": 0.55}"
sleep,gru,density_hard,0,objective_e20_bs32_eval5,experiments/sleep/gru/density_hard/seed_0_objective_e20_bs32_eval5,0.6000000000000001,none,2.0,0.5,0.8121076540602281,0.9596870248480016,0.8797511220223254,0.9186340326376445,0.7853175658702671,0.9372152747334446,0.09661602373241078,0.28280637528232183,0.2393167939518393,1056,1056,269,12482208,"{""initial_prob"": 0.5, ""scale"": 2.0, ""smooth"": ""none"", ""threshold"": 0.6000000000000001}"
sleep,gru,density_hard,0,objective_e20_bs32_eval5,experiments/sleep/gru/density_hard/seed_0_objective_e20_bs32_eval5,0.65,none,2.0,0.5,0.8363814357778429,0.9429536402292178,0.886475998952012,0.9238539855746302,0.7960995884396828,0.9422018123716573,0.09661602373241078,0.26981067772624845,0.2393167939518393,900,900,269,12482208,"{""initial_prob"": 0.5, ""scale"": 2.0, ""smooth"": ""none"", ""threshold"": 0.65}"
sleep,gru,density_hard,0,objective_e20_bs32_eval5,experiments/sleep/gru/density_hard/seed_0_objective_e20_bs32_eval5,0.7000000000000001,none,2.0,0.5,0.8602295352404642,0.9136646935828243,0.8861422986281893,0.9244224035780444,0.7955614954556849,0.9438113032566033,0.09661602373241078,0.2541825132220197,0.2393167939518393,575,575,269,12482208,"{""initial_prob"": 0.5, ""scale"": 2.0, ""smooth"": ""none"", ""threshold"": 0.7000000000000001}"
sleep,gru,density_hard,0,objective_e20_bs32_eval5,experiments/sleep/gru/density_hard/seed_0_objective_e20_bs32_eval5,0.75,none,2.0,0.5,0.8804782615119818,0.8577839730958937,0.8689829720136419,0.9142297585107331,0.7683199726539601,0.9380990126105894,0.09661602373241078,0.23314841412673143,0.2393167939518393,-60,60,269,12482208,"{""initial_prob"": 0.5, ""scale"": 2.0, ""smooth"": ""none"", ""threshold"": 0.75}"
sleep,gru,density_hard,0,objective_e20_bs32_eval5,experiments/sleep/gru/density_hard/seed_0_objective_e20_bs32_eval5,0.8,none,2.0,0.5,0.897713533829646,0.7317730772810142,0.8062939464345454,0.8762738847865492,0.6754543499433917,0.9158547910754251,0.09661602373241078,0.19507958848306325,0.2393167939518393,-1222,1222,269,12482208,"{""initial_prob"": 0.5, ""scale"": 2.0, ""smooth"": ""none"", ""threshold"": 0.8}"
sleep,gru,density_hard,0,objective_e20_bs32_eval5,experiments/sleep/gru/density_hard/seed_0_objective_e20_bs32_eval5,0.8500000000000001,none,2.0,0.5,0.9141605426006216,0.4387453543483166,0.5929217872419354,0.7526600387920548,0.42138509562999216,0.8558229441457793,0.09661602373241078,0.11485852503018697,0.2393167939518393,-3979,3979,269,12482208,"{""initial_prob"": 0.5, ""scale"": 2.0, ""smooth"": ""none"", ""threshold"": 0.8500000000000001}"
sleep,gru,density_hard,0,objective_e20_bs32_eval5,experiments/sleep/gru/density_hard/seed_0_objective_e20_bs32_eval5,0.9,none,2.0,0.5,0.9143032358980131,0.07885707093125942,0.1451916163586343,0.5087428263550429,0.07827849908333585,0.7777861897510441,0.09661602373241078,0.020640659088520235,0.2393167939518393,-8269,8269,269,12482208,"{""initial_prob"": 0.5, ""scale"": 2.0, ""smooth"": ""none"", ""threshold"": 0.9}"
sleep,gru,density_hard,0,objective_e20_bs32_eval5,experiments/sleep/gru/density_hard/seed_0_objective_e20_bs32_eval5,0.9500000000000001,none,2.0,0.5,0.9273570324574961,0.0008034274213796054,0.0016054639289047054,0.43288371482168053,0.0008033768607379686,0.7608604182849701,0.09661602373241078,0.00020733511250573615,0.2393167939518393,-9552,9552,269,12482208,"{""initial_prob"": 0.5, ""scale"": 2.0, ""smooth"": ""none"", ""threshold"": 0.9500000000000001}"
sleep,gru,density_hard,0,objective_e20_bs32_eval5,experiments/sleep/gru/density_hard/seed_0_objective_e20_bs32_eval5,1.0,none,2.0,0.5,0.0,0.0,0.0,0.4320386560371119,0.0,0.7606832060481608,0.09661602373241078,0.0,0.2393167939518393,-9578,9578,269,12482208,"{""initial_prob"": 0.5, ""scale"": 2.0, ""smooth"": ""none"", ""threshold"": 1.0}"
sleep,gru,density_hard,0,objective_e20_bs32_eval5,experiments/sleep/gru/density_hard/seed_0_objective_e20_bs32_eval5,0.0,none,2.0,1.0,0.2393167939518393,1.0,0.3862076187779625,0.19310380938898125,0.2393167939518393,0.2393167939518393,0.10494282815463447,1.0,0.2393167939518393,-9578,9578,269,12482208,"{""initial_prob"": 1.0, ""scale"": 2.0, ""smooth"": ""none"", ""threshold"": 0.0}"
sleep,gru,density_hard,0,objective_e20_bs32_eval5,experiments/sleep/gru/density_hard/seed_0_objective_e20_bs32_eval5,0.05,none,2.0,1.0,0.23935646529464624,0.9999996652385744,0.3862592507035956,0.19334779769721055,0.2393564461156513,0.23948271011026254,0.10494282815463447,0.9998339236135145,0.2393167939518393,-9570,9570,269,12482208,"{""initial_prob"": 1.0, ""scale"": 2.0, ""smooth"": ""none"", ""threshold"": 0.05}"
sleep,gru,density_hard,0,objective_e20_bs32_eval5,experiments/sleep/gru/density_hard/seed_0_objective_e20_bs32_eval5,0.1,none,2.0,1.0,0.24523915912625668,0.9998583959169819,0.39387183962704553,0.22783343045020504,0.24523064182847382,0.2635365473800789,0.10494282815463447,0.9757124701014436,0.2393167939518393,-8637,8637,269,12482208,"{""initial_prob"": 1.0, ""scale"": 2.0, ""smooth"": ""none"", ""threshold"": 0.1}"
sleep,gru,density_hard,0,objective_e20_bs32_eval5,experiments/sleep/gru/density_hard/seed_0_objective_e20_bs32_eval5,0.15000000000000002,none,2.0,1.0,0.2921856068194694,0.9989237420167769,0.4521245857148008,0.4187043201236707,0.29209365401258064,0.42062574185592805,0.10494282815463447,0.8181759188758911,0.2393167939518393,-4646,4646,269,12482208,"{""initial_prob"": 1.0, ""scale"": 2.0, ""smooth"": ""none"", ""threshold"": 0.15000000000000002}"
sleep,gru,density_hard,0,objective_e20_bs32_eval5,experiments/sleep/gru/density_hard/seed_0_objective_e20_bs32_eval5,0.2,none,2.0,1.0,0.36039796929658097,0.9974969888209769,0.5294899830085554,0.5716056427099521,0.3600723401339714,0.5757460539032838,0.10494282815463447,0.6623727148273767,0.2393167939518393,-1754,1754,269,12482208,"{""initial_prob"": 1.0, ""scale"": 2.0, ""smooth"": ""none"", ""threshold"": 0.2}"
sleep,gru,density_hard,0,objective_e20_bs32_eval5,experiments/sleep/gru/density_hard/seed_0_objective_e20_bs32_eval5,0.25,none,2.0,1.0,0.4231657164666534,0.9954582917392262,0.5938766280562863,0.6609174908856579,0.4223503000560741,0.6741723098990179,0.10494282815463447,0.5629706699327555,0.2393167939518393,-323,323,269,12482208,"{""initial_prob"": 1.0, ""scale"": 2.0, ""smooth"": ""none"", ""threshold"": 0.25}"
sleep,gru,density_hard,0,objective_e20_bs32_eval5,experiments/sleep/gru/density_hard/seed_0_objective_e20_bs32_eval5,0.30000000000000004,none,2.0,1.0,0.4778529435775589,0.9934604355513956,0.6453118692322721,0.7192015864115707,0.4763545605633685,0.7386450378010044,0.10494282815463447,0.49754170095547195,0.2393167939518393,403,403,269,12482208,"{""initial_prob"": 1.0, ""scale"": 2.0, ""smooth"": ""none"", ""threshold"": 0.30000000000000004}"
sleep,gru,density_hard,0,objective_e20_bs32_eval5,experiments/sleep/gru/density_hard/seed_0_objective_e20_bs32_eval5,0.35000000000000003,none,2.0,1.0,0.5273256677575252,0.99112480508516,0.6883932785692198,0.7622919435001305,0.5248473245229168,0.785265555581192,0.10494282815463447,0.44980327198521286,0.2393167939518393,812,812,269,12482208,"{""initial_prob"": 1.0, ""scale"": 2.0, ""smooth"": ""none"", ""threshold"": 0.35000000000000003}"
sleep,gru,density_hard,0,objective_e20_bs32_eval5,experiments/sleep/gru/density_hard/seed_0_objective_e20_bs32_eval5,0.4,none,2.0,1.0,0.5724932840500697,0.9883563280956561,0.7250248270943901,0.7959405858611568,0.5686579962510891,0.820585588703537,0.10494282815463447,0.41315815278835283,0.2393167939518393,1040,1040,269,12482208,"{""initial_prob"": 1.0, ""scale"": 2.0, ""smooth"": ""none"", ""threshold"": 0.4}"
sleep,gru,density_hard,0,objective_e20_bs32_eval5,experiments/sleep/gru/density_hard/seed_0_objective_e20_bs32_eval5,0.45,none,2.0,1.0,0.6270807763649675,0.9834678069979867,0.7658430950955877,0.8309771102998713,0.6205394889841043,0.8560769056243895,0.10494282815463447,0.3753270254749801,0.2393167939518393,1185,1185,269,12482208,"{""initial_prob"": 1.0, ""scale"": 2.0, ""smooth"": ""none"", ""threshold"": 0.45}"
sleep,gru,density_hard,0,objective_e20_bs32_eval5,experiments/sleep/gru/density_hard/seed_0_objective_e20_bs32_eval5,0.5,none,2.0,1.0,0.683532310556493,0.978347296232394,0.8047899320607967,0.8623484425496665,0.6733460114241057,0.8864163295468238,0.10494282815463447,0.3425367531129108,0.2393167939518393,1142,1142,269,12482208,"{""initial_prob"": 1.0, ""scale"": 2.0, ""smooth"": ""none"", ""threshold"": 0.5}"
sleep,gru,density_hard,0,objective_e20_bs32_eval5,experiments/sleep/gru/density_hard/seed_0_objective_e20_bs32_eval5,0.55,none,2.0,1.0,0.742385523596875,0.9705754749762486,0.841281480174657,0.8903731257059578,0.7260447345758019,0.9123566920211552,0.10494282815463447,0.3128765359462044,0.2393167939518393,1099,1099,269,12482208,"{""initial_prob"": 1.0, ""scale"": 2.0, ""smooth"": ""none"", ""threshold"": 0.55}"
sleep,gru,density_hard,0,objective_e20_bs32_eval5,experiments/sleep/gru/density_hard/seed_0_objective_e20_bs32_eval5,0.6000000000000001,none,2.0,1.0,0.7762502329912341,0.9605651040672843,0.8586277077657516,0.903469990924064,0.7522766354218909,0.9243011332610385,0.10494282815463447,0.296140794961917,0.2393167939518393,957,957,269,12482208,"{""initial_prob"": 1.0, ""scale"": 2.0, ""smooth"": ""none"", ""threshold"": 0.6000000000000001}"
sleep,gru,density_hard,0,objective_e20_bs32_eval5,experiments/sleep/gru/density_hard/seed_0_objective_e20_bs32_eval5,0.65,none,2.0,1.0,0.8006162842685705,0.9441447213814131,0.8664769973611071,0.9096879956024135,0.7644105989414501,0.9303628813107424,0.10494282815463447,0.28221970023252296,0.2393167939518393,835,835,269,12482208,"{""initial_prob"": 1.0, ""scale"": 2.0, ""smooth"": ""none"", ""threshold"": 0.65}"
sleep,gru,density_hard,0,objective_e20_bs32_eval5,experiments/sleep/gru/density_hard/seed_0_objective_e20_bs32_eval5,0.7000000000000001,none,2.0,1.0,0.8245968514220479,0.9152116261304056,0.8675444855328703,0.9114050198442964,0.7660737878441861,0.9331189642088964,0.10494282815463447,0.26561526614522046,0.2393167939518393,538,538,269,12482208,"{""initial_prob"": 1.0, ""scale"": 2.0, ""smooth"": ""none"", ""threshold"": 0.7000000000000001}"
sleep,gru,density_hard,0,objective_e20_bs32_eval5,experiments/sleep/gru/density_hard/seed_0_objective_e20_bs32_eval5,0.75,none,2.0,1.0,0.8420421191748361,0.8604031464895913,0.8511236201559025,0.901806171005038,0.7408313331947864,0.9279658695000116,0.10494282815463447,0.2445351815960766,0.2393167939518393,-85,85,269,12482208,"{""initial_prob"": 1.0, ""scale"": 2.0, ""smooth"": ""none"", ""threshold"": 0.75}"
sleep,gru,density_hard,0,objective_e20_bs32_eval5,experiments/sleep/gru/density_hard/seed_0_objective_e20_bs32_eval5,0.8,none,2.0,1.0,0.8548583461826101,0.7373746402151579,0.7917821962443055,0.866033766794605,0.655330681093329,0.9071881353042667,0.10494282815463447,0.20642734041925917,0.2393167939518393,-1211,1211,269,12482208,"{""initial_prob"": 1.0, ""scale"": 2.0, ""smooth"": ""none"", ""threshold"": 0.8}"
sleep,gru,density_hard,0,objective_e20_bs32_eval5,experiments/sleep/gru/density_hard/seed_0_objective_e20_bs32_eval5,0.8500000000000001,none,2.0,1.0,0.8488191187479656,0.45130794636586347,0.589294421441318,0.7485641876166258,0.4177302694467262,0.8494521962780944,0.10494282815463447,0.12724215138860048,0.2393167939518393,-3872,3872,269,12482208,"{""initial_prob"": 1.0, ""scale"": 2.0, ""smooth"": ""none"", ""threshold"": 0.8500000000000001}"
sleep,gru,density_hard,0,objective_e20_bs32_eval5,experiments/sleep/gru/density_hard/seed_0_objective_e20_bs32_eval5,0.9,none,2.0,1.0,0.7119058191350526,0.10573171817640722,0.18411832138831705,0.5270635122743457,0.10139334713101084,0.7757468069751762,0.10494282815463447,0.0355431506989789,0.2393167939518393,-7978,7978,269,12482208,"{""initial_prob"": 1.0, ""scale"": 2.0, ""smooth"": ""none"", ""threshold"": 0.9}"
sleep,gru,density_hard,0,objective_e20_bs32_eval5,experiments/sleep/gru/density_hard/seed_0_objective_e20_bs32_eval5,0.9500000000000001,none,2.0,1.0,0.46550110627010344,0.0251439306749259,0.04771077526039723,0.4551362341665788,0.024438374527606645,0.7597912965398429,0.10494282815463447,0.012926639261258905,0.2393167939518393,-9197,9197,269,12482208,"{""initial_prob"": 1.0, ""scale"": 2.0, ""smooth"": ""none"", ""threshold"": 0.9500000000000001}"
sleep,gru,density_hard,0,objective_e20_bs32_eval5,experiments/sleep/gru/density_hard/seed_0_objective_e20_bs32_eval5,1.0,none,2.0,1.0,0.0,0.0,0.0,0.4320386560371119,0.0,0.7606832060481608,0.10494282815463447,0.0,0.2393167939518393,-9578,9578,269,12482208,"{""initial_prob"": 1.0, ""scale"": 2.0, ""smooth"": ""none"", ""threshold"": 1.0}"
sleep,gru,density_hard,0,objective_e20_bs32_eval5,experiments/sleep/gru/density_hard/seed_0_objective_e20_bs32_eval5,0.0,none,4.0,0.0,0.2393167939518393,1.0,0.3862076187779625,0.19310380938898125,0.2393167939518393,0.2393167939518393,0.0826658078243938,1.0,0.2393167939518393,-9578,9578,269,12482208,"{""initial_prob"": 0.0, ""scale"": 4.0, ""smooth"": ""none"", ""threshold"": 0.0}"
sleep,gru,density_hard,0,objective_e20_bs32_eval5,experiments/sleep/gru/density_hard/seed_0_objective_e20_bs32_eval5,0.05,none,4.0,0.0,0.2949596804907151,0.9981742111849149,0.4553606525982644,0.42718400890945296,0.2948006299102987,0.4285700094085918,0.0826658078243938,0.8098729006919289,0.2393167939518393,-2154,2154,269,12482208,"{""initial_prob"": 0.0, ""scale"": 4.0, ""smooth"": ""none"", ""threshold"": 0.05}"
sleep,gru,density_hard,0,objective_e20_bs32_eval5,experiments/sleep/gru/density_hard/seed_0_objective_e20_bs32_eval5,0.1,none,4.0,0.0,0.37570256133826835,0.9958292073987631,0.5455733398282039,0.5965511975610854,0.375112306978587,0.6029925154267578,0.0826658078243938,0.6343279970979493,0.2393167939518393,125,125,269,12482208,"{""initial_prob"": 0.0, ""scale"": 4.0, ""smooth"": ""none"", ""threshold"": 0.1}"
sleep,gru,density_hard,0,objective_e20_bs32_eval5,experiments/sleep/gru/density_hard/seed_0_objective_e20_bs32_eval5,0.15000000000000002,none,4.0,0.0,0.4240335587148966,0.993857797363553,0.594444781493257,0.6619719719697175,0.4229252423997921,0.6754617452296902,0.0826658078243938,0.5609151842366351,0.2393167939518393,797,797,269,12482208,"{""initial_prob"": 0.0, ""scale"": 4.0, ""smooth"": ""none"", ""threshold"": 0.15000000000000002}"
sleep,gru,density_hard,0,objective_e20_bs32_eval5,experiments/sleep/gru/density_hard/seed_0_objective_e20_bs32_eval5,0.2,none,4.0,0.0,0.46451876262517794,0.9919717514918643,0.6327394323490976,0.7061036939626071,0.46277896643813154,0.7244173466745627,0.0826658078243938,0.5110568578892453,0.2393167939518393,1214,1214,269,12482208,"{""initial_prob"": 0.0, ""scale"": 4.0, ""smooth"": ""none"", ""threshold"": 0.2}"
sleep,gru,density_hard,0,objective_e20_bs32_eval5,experiments/sleep/gru/density_hard/seed_0_objective_e20_bs32_eval5,0.25,none,4.0,0.0,0.4994495963368592,0.989684661432337,0.6638724508207158,0.7387199923261518,0.49686308109468974,0.7601611830214654,0.0826658078243938,0.47421834342129215,0.2393167939518393,1441,1441,269,12482208,"{""initial_prob"": 0.0, ""scale"": 4.0, ""smooth"": ""none"", ""threshold"": 0.25}"
sleep,gru,density_hard,0,objective_e20_bs32_eval5,experiments/sleep/gru/density_hard/seed_0_objective_e20_bs32_eval5,0.30000000000000004,none,4.0,0.0,0.5327819454335175,0.9872807396352842,0.6920837651219897,0.7662365847236872,0.5291499154657565,0.789758831129877,0.0826658078243938,0.44347009759811723,0.2393167939518393,1649,1649,269,12482208,"{""initial_prob"": 0.0, ""scale"": 4.0, ""smooth"": ""none"", ""threshold"": 0.30000000000000004}"
sleep,gru,density_hard,0,objective_e20_bs32_eval5,experiments/sleep/gru/density_hard/seed_0_objective_e20_bs32_eval5,0.35000000000000003,none,4.0,0.0,0.5657796532626507,0.9848784916453591,0.7186938182845065,0.7907093698070045,0.5609071653133478,0.8154894550707695,0.0826658078243938,0.41658967708277256,0.2393167939518393,1664,1664,269,12482208,"{""initial_prob"": 0.0, ""scale"": 4.0, ""smooth"": ""none"", ""threshold"": 0.35000000000000003}"
sleep,gru,density_hard,0,objective_e20_bs32_eval5,experiments/sleep/gru/density_hard/seed_0_objective_e20_bs32_eval5,0.4,none,4.0,0.0,0.5968380942074782,0.982238563043276,0.7425065646205009,0.8116127792115283,0.5904655592865339,0.8369630597407125,0.0826658078243938,0.39385251391420495,0.2393167939518393,1719,1719,269,12482208,"{""initial_prob"": 0.0, ""scale"": 4.0, ""smooth"": ""none"", ""threshold"": 0.4}"
sleep,gru,density_hard,0,objective_e20_bs32_eval5,experiments/sleep/gru/density_hard/seed_0_objective_e20_bs32_eval5,0.45,none,4.0,0.0,0.6387554861446392,0.9792357530558696,0.7731713180381443,0.8372590028813696,0.6302194669933414,0.8624968435071744,0.0826658078243938,0.36688148442967783,0.2393167939518393,1761,1761,269,12482208,"{""initial_prob"": 0.0, ""scale"": 4.0, ""smooth"": ""none"", ""threshold"": 0.45}"
sleep,gru,density_hard,0,objective_e20_bs32_eval5,experiments/sleep/gru/density_hard/seed_0_objective_e20_bs32_eval5,0.5,none,4.0,0.0,0.712309167180602,0.9762828225208741,0.8236628012969703,0.8769178020325044,0.7001927697305665,0.8999600871897023,0.0826658078243938,0.3280048690103546,0.2393167939518393,1810,1810,269,12482208,"{""initial_prob"": 0.0, ""scale"": 4.0, ""smooth"": ""none"", ""threshold"": 0.5}"
sleep,gru,density_hard,0,objective_e20_bs32_eval5,experiments/sleep/gru/density_hard/seed_0_objective_e20_bs32_eval5,0.55,none,4.0,0.0,0.7678802398438683,0.9724354094567425,0.8581362073557165,0.9026740274824794,0.7515223907472172,0.9230551998492574,0.0826658078243938,0.30306825523176667,0.2393167939518393,1733,1733,269,12482208,"{""initial_prob"": 0.0, ""scale"": 4.0, ""smooth"": ""none"", ""threshold"": 0.55}"
sleep,gru,density_hard,0,objective_e20_bs32_eval5,experiments/sleep/gru/density_hard/seed_0_objective_e20_bs32_eval5,0.6000000000000001,none,4.0,0.0,0.7991742696148316,0.9669962058140026,0.8751119976842324,0.9151063526377989,0.7779547793937441,0.933948144430857,0.0826658078243938,0.28957192509530366,0.2393167939518393,1571,1571,269,12482208,"{""initial_prob"": 0.0, ""scale"": 4.0, ""smooth"": ""none"", ""threshold"": 0.6000000000000001}"
sleep,gru,density_hard,0,objective_e20_bs32_eval5,experiments/sleep/gru/density_hard/seed_0_objective_e20_bs32_eval5,0.65,none,4.0,0.0,0.819648392379598,0.960878775523048,0.8846624278773214,0.9220760884329788,0.7931790786834672,0.9400395346720708,0.0826658078243938,0.2805525272451797,0.2393167939518393,1476,1476,269,12482208,"{""initial_prob"": 0.0, ""scale"": 4.0, ""smooth"": ""none"", ""threshold"": 0.65}"
sleep,gru,density_hard,0,objective_e20_bs32_eval5,experiments/sleep/gru/density_hard/seed_0_objective_e20_bs32_eval5,0.7000000000000001,none,4.0,0.0,0.8386924962292609,0.9530631005201523,0.8922275697526796,0.9276078707049841,0.8054249640004866,0.9448993319130717,0.0826658078243938,0.2719518854356537,0.2393167939518393,1407,1407,269,12482208,"{""initial_prob"": 0.0, ""scale"": 4.0, ""smooth"": ""none"", ""threshold"": 0.7000000000000001}"
sleep,gru,density_hard,0,objective_e20_bs32_eval5,experiments/sleep/gru/density_hard/seed_0_objective_e20_bs32_eval5,0.75,none,4.0,0.0,0.8563037773054321,0.9401255757059617,0.896259104505239,0.9307443005296846,0.812019476820675,0.9479158655263555,0.0826658078243938,0.2627430179019609,0.2393167939518393,1239,1239,269,12482208,"{""initial_prob"": 0.0, ""scale"": 4.0, ""smooth"": ""none"", ""threshold"": 0.75}"
sleep,gru,density_hard,0,objective_e20_bs32_eval5,experiments/sleep/gru/density_hard/seed_0_objective_e20_bs32_eval5,0.8,none,4.0,0.0,0.8699987574946528,0.9188441223593182,0.8937545647934475,0.9295422046076036,0.8079170646490127,0.947719826492236,0.0826658078243938,0.25275303856497183,0.2393167939518393,1064,1064,269,12482208,"{""initial_prob"": 0.0, ""scale"": 4.0, ""smooth"": ""none"", ""threshold"": 0.8}"
sleep,gru,density_hard,0,objective_e20_bs32_eval5,experiments/sleep/gru/density_hard/seed_0_objective_e20_bs32_eval5,0.8500000000000001,none,4.0,0.0,0.8848468130618434,0.8751778420073366,0.8799857685312875,0.9212495480308576,0.7856915955231502,0.9428710048734967,0.0826658078243938,0.23670171174843424,0.2393167939518393,725,725,269,12482208,"{""initial_prob"": 0.0, ""scale"": 4.0, ""smooth"": ""none"", ""threshold"": 0.8500000000000001}"
sleep,gru,density_hard,0,objective_e20_bs32_eval5,experiments/sleep/gru/density_hard/seed_0_objective_e20_bs32_eval5,0.9,none,4.0,0.0,0.9036922203943485,0.7559877102385443,0.8232674262630741,0.8867448588567424,0.699621515234035,0.9223227973768744,0.0826658078243938,0.20020151883384735,0.2393167939518393,17,17,269,12482208,"{""initial_prob"": 0.0, ""scale"": 4.0, ""smooth"": ""none"", ""threshold"": 0.9}"
sleep,gru,density_hard,0,objective_e20_bs32_eval5,experiments/sleep/gru/density_hard/seed_0_objective_e20_bs32_eval5,0.9500000000000001,none,4.0,0.0,0.919139566510549,0.36290850099859334,0.5203604618958042,0.7121343883231043,0.35168056036304735,0.839892749744276,0.0826658078243938,0.09449065421758715,0.2393167939518393,-2004,2004,269,12482208,"{""initial_prob"": 0.0, ""scale"": 4.0, ""smooth"": ""none"", ""threshold"": 0.9500000000000001}"
sleep,gru,density_hard,0,objective_e20_bs32_eval5,experiments/sleep/gru/density_hard/seed_0_objective_e20_bs32_eval5,1.0,none,4.0,0.0,0.0,0.0,0.0,0.4320386560371119,0.0,0.7606832060481608,0.0826658078243938,0.0,0.2393167939518393,-9578,9578,269,12482208,"{""initial_prob"": 0.0, ""scale"": 4.0, ""smooth"": ""none"", ""threshold"": 1.0}"
sleep,gru,density_hard,0,objective_e20_bs32_eval5,experiments/sleep/gru/density_hard/seed_0_objective_e20_bs32_eval5,0.0,none,4.0,0.2393167939518393,0.2393167939518393,1.0,0.3862076187779625,0.19310380938898125,0.2393167939518393,0.2393167939518393,0.08335898881983718,1.0,0.2393167939518393,-9578,9578,269,12482208,"{""initial_prob"": 0.2393167939518393, ""scale"": 4.0, ""smooth"": ""none"", ""threshold"": 0.0}"
sleep,gru,density_hard,0,objective_e20_bs32_eval5,experiments/sleep/gru/density_hard/seed_0_objective_e20_bs32_eval5,0.05,none,4.0,0.2393167939518393,0.2913169756060205,0.9983887932587083,0.4510293909704563,0.41630363678359883,0.2911800833025707,0.4183695705118838,0.08335898881983718,0.8201760457765165,0.2393167939518393,-2339,2339,269,12482208,"{""initial_prob"": 0.2393167939518393, ""scale"": 4.0, ""smooth"": ""none"", ""threshold"": 0.05}"
sleep,gru,density_hard,0,objective_e20_bs32_eval5,experiments/sleep/gru/density_hard/seed_0_objective_e20_bs32_eval5,0.1,none,4.0,0.2393167939518393,0.3703330256089961,0.9960314032998103,0.5399193880949774,0.5881205273909227,0.36978738275999984,0.5937613761924172,0.08335898881983718,0.6436559140818676,0.2393167939518393,34,34,269,12482208,"{""initial_prob"": 0.2393167939518393, ""scale"": 4.0, ""smooth"": ""none"", ""threshold"": 0.1}"
sleep,gru,density_hard,0,objective_e20_bs32_eval5,experiments/sleep/gru/density_hard/seed_0_objective_e20_bs32_eval5,0.15000000000000002,none,4.0,0.2393167939518393,0.4173911723413598,0.9940526285132375,0.5879210943190689,0.6539274662168568,0.4163514460514955,0.666516853428496,0.08335898881983718,0.5699533287700381,0.2393167939518393,738,738,269,12482208,"{""initial_prob"": 0.2393167939518393, ""scale"": 4.0, ""smooth"": ""none"", ""threshold"": 0.15000000000000002}"
sleep,gru,density_hard,0,objective_e20_bs32_eval5,experiments/sleep/gru/density_hard/seed_0_objective_e20_bs32_eval5,0.2,none,4.0,0.2393167939518393,0.4572393307752783,0.9921756212000393,0.6259928758576481,0.6987174796497279,0.45559652847388954,0.7162719929038196,0.08335898881983718,0.5192997905498771,0.2393167939518393,1197,1197,269,12482208,"{""initial_prob"": 0.2393167939518393, ""scale"": 4.0, ""smooth"": ""none"", ""threshold"": 0.2}"
sleep,gru,density_hard,0,objective_e20_bs32_eval5,experiments/sleep/gru/density_hard/seed_0_objective_e20_bs32_eval5,0.25,none,4.0,0.2393167939518393,0.49703089393230604,0.9898510378608477,0.6617694864507108,0.7365964060488799,0.49451083333584195,0.7578530176712325,0.08335898881983718,0.4766061421184457,0.2393167939518393,1463,1463,269,12482208,"{""initial_prob"": 0.2393167939518393, ""scale"": 4.0, ""smooth"": ""none"", ""threshold"": 0.25}"
sleep,gru,density_hard,0,objective_e20_bs32_eval5,experiments/sleep/gru/density_hard/seed_0_objective_e20_bs32_eval5,0.30000000000000004,none,4.0,0.2393167939518393,0.5314349066447517,0.987354052387485,0.6909642126845659,0.7651803705411447,0.5278421104908008,0.788636834124219,0.08335898881983718,0.44462718454940026,0.2393167939518393,1641,1641,269,12482208,"{""initial_prob"": 0.2393167939518393, ""scale"": 4.0, ""smooth"": ""none"", ""threshold"": 0.30000000000000004}"
sleep,gru,density_hard,0,objective_e20_bs32_eval5,experiments/sleep/gru/density_hard/seed_0_objective_e20_bs32_eval5,0.35000000000000003,none,4.0,0.2393167939518393,0.5649151517676451,0.9850177523983983,0.718032956903215,0.7901089257999518,0.5601025086953079,0.8148595985582038,0.08335898881983718,0.41728618846921955,0.2393167939518393,1664,1664,269,12482208,"{""initial_prob"": 0.2393167939518393, ""scale"": 4.0, ""smooth"": ""none"", ""threshold"": 0.35000000000000003}"
sleep,gru,density_hard,0,objective_e20_bs32_eval5,experiments/sleep/gru/density_hard/seed_0_objective_e20_bs32_eval5,0.4,none,4.0,0.2393167939518393,0.5959011313637689,0.982397574720424,0.7418264032888273,0.8110207093948729,0.5896057628517549,0.8363560357270124,0.08335898881983718,0.394535646257457,0.2393167939518393,1709,1709,269,12482208,"{""initial_prob"": 0.2393167939518393, ""scale"": 4.0, ""smooth"": ""none"", ""threshold"": 0.4}"
sleep,gru,density_hard,0,objective_e20_bs32_eval5,experiments/sleep/gru/density_hard/seed_0_objective_e20_bs32_eval5,0.45,none,4.0,0.2393167939518393,0.636972713953423,0.97933785529067,0.7718955792679909,0.836218540576779,0.6285260163854017,0.861480516908547,0.08335898881983718,0.3679466805872807,0.2393167939518393,1763,1763,269,12482208,"{""initial_prob"": 0.2393167939518393, ""scale"": 4.0, ""smooth"": ""none"", ""threshold"": 0.45}"
sleep,gru,density_hard,0,objective_e20_bs32_eval5,experiments/sleep/gru/density_hard/seed_0_objective_e20_bs32_eval5,0.5,none,4.0,0.2393167939518393,0.7114228794175194,0.9764391561066175,0.8231255178361391,0.8765030248384312,0.6994165735692552,0.8995736972176718,0.08335898881983718,0.3284660854874394,0.2393167939518393,1828,1828,269,12482208,"{""initial_prob"": 0.2393167939518393, ""scale"": 4.0, ""smooth"": ""none"", ""threshold"": 0.5}"
sleep,gru,density_hard,0,objective_e20_bs32_eval5,experiments/sleep/gru/density_hard/seed_0_objective_e20_bs32_eval5,0.55,none,4.0,0.2393167939518393,0.7670097556893227,0.9725860520982511,0.8576509403704154,0.9023149082213622,0.7507783484747781,0.9227363460054503,0.08335898881983718,0.3034592117035704,0.2393167939518393,1743,1743,269,12482208,"{""initial_prob"": 0.2393167939518393, ""scale"": 4.0, ""smooth"": ""none"", ""threshold"": 0.55}"
sleep,gru,density_hard,0,objective_e20_bs32_eval5,experiments/sleep/gru/density_hard/seed_0_objective_e20_bs32_eval5,0.6000000000000001,none,4.0,0.2393167939518393,0.7989264677414895,0.9671250889628489,0.8750161661544482,0.9150337931185647,0.7778033246605555,0.9338814094429447,0.08335898881983718,0.2897003478871687,0.2393167939518393,1575,1575,269,12482208,"{""initial_prob"": 0.2393167939518393, ""scale"": 4.0, ""smooth"": ""none"", ""threshold"": 0.6000000000000001}"
sleep,gru,density_hard,0,objective_e20_bs32_eval5,experiments/sleep/gru/density_hard/seed_0_objective_e20_bs32_eval5,0.65,none,4.0,0.2393167939518393,0.8194554379562982,0.9610404652916006,0.8846185312110827,0.9220404645385216,0.7931085067888054,0.9400036435861348,0.08335898881983718,0.2806658084851654,0.2393167939518393,1484,1484,269,12482208,"{""initial_prob"": 0.2393167939518393, ""scale"": 4.0, ""smooth"": ""none"", ""threshold"": 0.65}"
sleep,gru,density_hard,0,objective_e20_bs32_eval5,experiments/sleep/gru/density_hard/seed_0_objective_e20_bs32_eval5,0.7000000000000001,none,4.0,0.2393167939518393,0.8385679590495462,0.9533550124832536,0.8922849695753267,0.9276404146745215,0.8055185179109147,0.9449153547192932,0.08335898881983718,0.2720755814996834,0.2393167939518393,1411,1411,269,12482208,"{""initial_prob"": 0.2393167939518393, ""scale"": 4.0, ""smooth"": ""none"", ""threshold"": 0.7000000000000001}"
sleep,gru,density_hard,0,objective_e20_bs32_eval5,experiments/sleep/gru/density_hard/seed_0_objective_e20_bs32_eval5,0.75,none,4.0,0.2393167939518393,0.8560657195418916,0.9404282000346813,0.896266149266931,0.9307417137739535,0.8120310423311348,0.9479030472813784,0.08335898881983718,0.26290068231518016,0.2393167939518393,1253,1253,269,12482208,"{""initial_prob"": 0.2393167939518393, ""scale"": 4.0, ""smooth"": ""none"", ""threshold"": 0.75}"
sleep,gru,density_hard,0,objective_e20_bs32_eval5,experiments/sleep/gru/density_hard/seed_0_objective_e20_bs32_eval5,0.8,none,4.0,0.2393167939518393,0.8699241827116814,0.919237132272943,0.8939010745575414,0.9296333077932017,0.8081565346426546,0.9477781495068821,0.08335898881983718,0.2528828232953657,0.2393167939518393,1068,1068,269,12482208,"{""initial_prob"": 0.2393167939518393, ""scale"": 4.0, ""smooth"": ""none"", ""threshold"": 0.8}"
sleep,gru,density_hard,0,objective_e20_bs32_eval5,experiments/sleep/gru/density_hard/seed_0_objective_e20_bs32_eval5,0.8500000000000001,none,4.0,0.2393167939518393,0.8846496607700931,0.875964866118863,0.8802858431798539,0.9214327540751586,0.7861701469237116,0.9429820429206115,0.08335898881983718,0.23696736987558611,0.2393167939518393,727,727,269,12482208,"{""initial_prob"": 0.2393167939518393, ""scale"": 4.0, ""smooth"": ""none"", ""threshold"": 0.8500000000000001}"
sleep,gru,density_hard,0,objective_e20_bs32_eval5,experiments/sleep/gru/density_hard/seed_0_objective_e20_bs32_eval5,0.9,none,4.0,0.2393167939518393,0.9036559278849474,0.7578516618561449,0.8243563266544935,0.8874064591438797,0.7011957324693788,0.9227132731644914,0.08335898881983718,0.20070319289664137,0.2393167939518393,27,27,269,12482208,"{""initial_prob"": 0.2393167939518393, ""scale"": 4.0, ""smooth"": ""none"", ""threshold"": 0.9}"
sleep,gru,density_hard,0,objective_e20_bs32_eval5,experiments/sleep/gru/density_hard/seed_0_objective_e20_bs32_eval5,0.9500000000000001,none,4.0,0.2393167939518393,0.9191260758249323,0.36558190574323396,0.5231007625689761,0.7136591735259443,0.3541885250607062,0.8404748582943018,0.08335898881983718,0.09518812697240744,0.2393167939518393,-1972,1972,269,12482208,"{""initial_prob"": 0.2393167939518393, ""scale"": 4.0, ""smooth"": ""none"", ""threshold"": 0.9500000000000001}"
sleep,gru,density_hard,0,objective_e20_bs32_eval5,experiments/sleep/gru/density_hard/seed_0_objective_e20_bs32_eval5,1.0,none,4.0,0.2393167939518393,0.0,0.0,0.0,0.4320386560371119,0.0,0.7606832060481608,0.08335898881983718,0.0,0.2393167939518393,-9578,9578,269,12482208,"{""initial_prob"": 0.2393167939518393, ""scale"": 4.0, ""smooth"": ""none"", ""threshold"": 1.0}"
sleep,gru,density_hard,0,objective_e20_bs32_eval5,experiments/sleep/gru/density_hard/seed_0_objective_e20_bs32_eval5,0.0,none,4.0,0.5,0.2393167939518393,1.0,0.3862076187779625,0.19310380938898125,0.2393167939518393,0.2393167939518393,0.08511742666440206,1.0,0.2393167939518393,-9578,9578,269,12482208,"{""initial_prob"": 0.5, ""scale"": 4.0, ""smooth"": ""none"", ""threshold"": 0.0}"
sleep,gru,density_hard,0,objective_e20_bs32_eval5,experiments/sleep/gru/density_hard/seed_0_objective_e20_bs32_eval5,0.05,none,4.0,0.5,0.29099678629145526,0.998392140872964,0.4506458809004973,0.4153331439689662,0.2908604787925541,0.41746596435502437,0.08511742666440206,0.821081254213998,0.2393167939518393,-2387,2387,269,12482208,"{""initial_prob"": 0.5, ""scale"": 4.0, ""smooth"": ""none"", ""threshold"": 0.05}"
sleep,gru,density_hard,0,objective_e20_bs32_eval5,experiments/sleep/gru/density_hard/seed_0_objective_e20_bs32_eval5,0.1,none,4.0,0.5,0.369202018235492,0.9960635403966656,0.5387210818878068,0.5863098073485371,0.3686641032115713,0.5917841619046886,0.08511742666440206,0.6456485102635687,0.2393167939518393,-58,58,269,12482208,"{""initial_prob"": 0.5, ""scale"": 4.0, ""smooth"": ""none"", ""threshold"": 0.1}"
sleep,gru,density_hard,0,objective_e20_bs32_eval5,experiments/sleep/gru/density_hard/seed_0_objective_e20_bs32_eval5,0.15000000000000002,none,4.0,0.5,0.4159859322832135,0.9940951432142855,0.5865330754578199,0.6521922450058768,0.4149605946016721,0.6645873871033073,0.08511742666440206,0.571903144059128,0.2393167939518393,654,654,269,12482208,"{""initial_prob"": 0.5, ""scale"": 4.0, ""smooth"": ""none"", ""threshold"": 0.15000000000000002}"
sleep,gru,density_hard,0,objective_e20_bs32_eval5,experiments/sleep/gru/density_hard/seed_0_objective_e20_bs32_eval5,0.2,none,4.0,0.5,0.45548548768223385,0.9921843249971043,0.6243489464017393,0.6969038785927879,0.4538570626385545,0.7142720262312565,0.08511742666440206,0.5213039231520578,0.2393167939518393,1113,1113,269,12482208,"{""initial_prob"": 0.5, ""scale"": 4.0, ""smooth"": ""none"", ""threshold"": 0.2}"
sleep,gru,density_hard,0,objective_e20_bs32_eval5,experiments/sleep/gru/density_hard/seed_0_objective_e20_bs32_eval5,0.25,none,4.0,0.5,0.4891635622547625,0.9899136382474302,0.6547726940084997,0.7295264602627161,0.48673758783531323,0.7501869861486045,0.08511742666440206,0.4843021362887079,0.2393167939518393,1376,1376,269,12482208,"{""initial_prob"": 0.5, ""scale"": 4.0, ""smooth"": ""none"", ""threshold"": 0.25}"
sleep,gru,density_hard,0,objective_e20_bs32_eval5,experiments/sleep/gru/density_hard/seed_0_objective_e20_bs32_eval5,0.30000000000000004,none,4.0,0.5,0.5212787161947252,0.9875488835371695,0.6823685015852881,0.7570331414497193,0.5178750678063399,0.7799778693000469,0.08511742666440206,0.45337940210578126,0.2393167939518393,1584,1584,269,12482208,"{""initial_prob"": 0.5, ""scale"": 4.0, ""smooth"": ""none"", ""threshold"": 0.30000000000000004}"
sleep,gru,density_hard,0,objective_e20_bs32_eval5,experiments/sleep/gru/density_hard/seed_0_objective_e20_bs32_eval5,0.35000000000000003,none,4.0,0.5,0.5534851174054838,0.9852654758533236,0.7087955383638003,0.781815795720257,0.5489413639925179,0.8062536692226248,0.08511742666440206,0.42601068657083746,0.2393167939518393,1633,1633,269,12482208,"{""initial_prob"": 0.5, ""scale"": 4.0, ""smooth"": ""none"", ""threshold"": 0.35000000000000003}"
sleep,gru,density_hard,0,objective_e20_bs32_eval5,experiments/sleep/gru/density_hard/seed_0_objective_e20_bs32_eval5,0.4,none,4.0,0.5,0.5839868361735457,0.9826623710080536,0.732597809951553,0.8030897017281489,0.578031043108383,0.8283250847926905,0.08511742666440206,0.4026933375889907,0.2393167939518393,1690,1690,269,12482208,"{""initial_prob"": 0.5, ""scale"": 4.0, ""smooth"": ""none"", ""threshold"": 0.4}"
sleep,gru,density_hard,0,objective_e20_bs32_eval5,experiments/sleep/gru/density_hard/seed_0_objective_e20_bs32_eval5,0.45,none,4.0,0.5,0.6235753728275655,0.9796003082483207,0.7620557555214436,0.8281656738027814,0.6155816458781103,0.8536001803527068,0.08511742666440206,0.3759526359438971,0.2393167939518393,1768,1768,269,12482208,"{""initial_prob"": 0.5, ""scale"": 4.0, ""smooth"": ""none"", ""threshold"": 0.45}"
sleep,gru,density_hard,0,objective_e20_bs32_eval5,experiments/sleep/gru/density_hard/seed_0_objective_e20_bs32_eval5,0.5,none,4.0,0.5,0.7076870903583463,0.9766115582407885,0.8206803379395755,0.8746388829166507,0.6958930342141,0.8978639836798105,0.08511742666440206,0.33025831647734116,0.2393167939518393,1907,1907,269,12482208,"{""initial_prob"": 0.5, ""scale"": 4.0, ""smooth"": ""none"", ""threshold"": 0.5}"
sleep,gru,density_hard,0,objective_e20_bs32_eval5,experiments/sleep/gru/density_hard/seed_0_objective_e20_bs32_eval5,0.55,none,4.0,0.5,0.7655105698411975,0.9727366947397598,0.8567713427987914,0.9016680159007745,0.7494313035296837,0.9221670557004017,0.08511742666440206,0.3041006046366156,0.2393167939518393,1767,1767,269,12482208,"{""initial_prob"": 0.5, ""scale"": 4.0, ""smooth"": ""none"", ""threshold"": 0.55}"
sleep,gru,density_hard,0,objective_e20_bs32_eval5,experiments/sleep/gru/density_hard/seed_0_objective_e20_bs32_eval5,0.6000000000000001,none,4.0,0.5,0.7975801766570394,0.9674457904085495,0.8743390735525496,0.9145394930616431,0.7767339640294131,0.9334496749293074,0.08511742666440206,0.29028558088440765,0.2393167939518393,1585,1585,269,12482208,"{""initial_prob"": 0.5, ""scale"": 4.0, ""smooth"": ""none"", ""threshold"": 0.6000000000000001}"
sleep,gru,density_hard,0,objective_e20_bs32_eval5,experiments/sleep/gru/density_hard/seed_0_objective_e20_bs32_eval5,0.65,none,4.0,0.5,0.8184663211135537,0.9612128674257717,0.8841148050449288,0.9216794962099375,0.7922990725587373,0.9396965665049004,0.08511742666440206,0.28105540301844034,0.2393167939518393,1490,1490,269,12482208,"{""initial_prob"": 0.5, ""scale"": 4.0, ""smooth"": ""none"", ""threshold"": 0.65}"
sleep,gru,density_hard,0,objective_e20_bs32_eval5,experiments/sleep/gru/density_hard/seed_0_objective_e20_bs32_eval5,0.7000000000000001,none,4.0,0.5,0.8382570714543848,0.9535414745972988,0.8921905710522565,0.9275695008119863,0.8053646662853436,0.9448504623540963,0.08511742666440206,0.2722297208955339,0.2393167939518393,1415,1415,269,12482208,"{""initial_prob"": 0.5, ""scale"": 4.0, ""smooth"": ""none"", ""threshold"": 0.7000000000000001}"
sleep,gru,density_hard,0,objective_e20_bs32_eval5,experiments/sleep/gru/density_hard/seed_0_objective_e20_bs32_eval5,0.75,none,4.0,0.5,0.8558012900553664,0.9407104039164409,0.8962493035158933,0.9307230593227893,0.812003386607873,0.9478779715896418,0.08511742666440206,0.2630608302633637,0.2393167939518393,1257,1257,269,12482208,"{""initial_prob"": 0.5, ""scale"": 4.0, ""smooth"": ""none"", ""threshold"": 0.75}"
sleep,gru,density_hard,0,objective_e20_bs32_eval5,experiments/sleep/gru/density_hard/seed_0_objective_e20_bs32_eval5,0.8,none,4.0,0.5,0.8697770736732664,0.9196890601974691,0.8940369916222788,0.9297156604024117,0.8083787476162467,0.9478273395219821,0.08511742666440206,0.25304994116425555,0.2393167939518393,1078,1078,269,12482208,"{""initial_prob"": 0.5, ""scale"": 4.0, ""smooth"": ""none"", ""threshold"": 0.8}"
sleep,gru,density_hard,0,objective_e20_bs32_eval5,experiments/sleep/gru/density_hard/seed_0_objective_e20_bs32_eval5,0.8500000000000001,none,4.0,0.5,0.8844884031425726,0.8766588265540797,0.8805562107754238,0.9215983093899827,0.7866015419902175,0.9430832269419,0.08511742666440206,0.2371983386272685,0.2393167939518393,735,735,269,12482208,"{""initial_prob"": 0.5, ""scale"": 4.0, ""smooth"": ""none"", ""threshold"": 0.8500000000000001}"
sleep,gru,density_hard,0,objective_e20_bs32_eval5,experiments/sleep/gru/density_hard/seed_0_objective_e20_bs32_eval5,0.9,none,4.0,0.5,0.9037360017391568,0.7598378013940805,0.8255633447807545,0.88814376146913,0.7029441231350506,0.9231557429582972,0.08511742666440206,0.20121135619595507,0.2393167939518393,45,45,269,12482208,"{""initial_prob"": 0.5, ""scale"": 4.0, ""smooth"": ""none"", ""threshold"": 0.9}"
sleep,gru,density_hard,0,objective_e20_bs32_eval5,experiments/sleep/gru/density_hard/seed_0_objective_e20_bs32_eval5,0.9500000000000001,none,4.0,0.5,0.9192562170886983,0.3691042654631324,0.5267180969551225,0.7156768564741622,0.35751345066177614,0.8412572519220959,0.08511742666440206,0.09609165301523577,0.2393167939518393,-1924,1924,269,12482208,"{""initial_prob"": 0.5, ""scale"": 4.0, ""smooth"": ""none"", ""threshold"": 0.9500000000000001}"
sleep,gru,density_hard,0,objective_e20_bs32_eval5,experiments/sleep/gru/density_hard/seed_0_objective_e20_bs32_eval5,1.0,none,4.0,0.5,0.0,0.0,0.0,0.4320386560371119,0.0,0.7606832060481608,0.08511742666440206,0.0,0.2393167939518393,-9578,9578,269,12482208,"{""initial_prob"": 0.5, ""scale"": 4.0, ""smooth"": ""none"", ""threshold"": 1.0}"
sleep,gru,density_hard,0,objective_e20_bs32_eval5,experiments/sleep/gru/density_hard/seed_0_objective_e20_bs32_eval5,0.0,none,4.0,1.0,0.2393167939518393,1.0,0.3862076187779625,0.19310380938898125,0.2393167939518393,0.2393167939518393,0.0914180431458998,1.0,0.2393167939518393,-9578,9578,269,12482208,"{""initial_prob"": 1.0, ""scale"": 4.0, ""smooth"": ""none"", ""threshold"": 0.0}"
sleep,gru,density_hard,0,objective_e20_bs32_eval5,experiments/sleep/gru/density_hard/seed_0_objective_e20_bs32_eval5,0.05,none,4.0,1.0,0.29080360694868057,0.9983964927714966,0.4504146428872937,0.4147450699175137,0.29066784918937094,0.41691902586465474,0.0914180431458998,0.8216302756691765,0.2393167939518393,-2421,2421,269,12482208,"{""initial_prob"": 1.0, ""scale"": 4.0, ""smooth"": ""none"", ""threshold"": 0.05}"
sleep,gru,density_hard,0,objective_e20_bs32_eval5,experiments/sleep/gru/density_hard/seed_0_objective_e20_bs32_eval5,0.1,none,4.0,1.0,0.36863702426779527,0.9960645446809422,0.5381195099126198,0.5854021129834117,0.3681008902994902,0.5907944331643888,0.0914180431458998,0.6466387196880552,0.2393167939518393,-108,108,269,12482208,"{""initial_prob"": 1.0, ""scale"": 4.0, ""smooth"": ""none"", ""threshold"": 0.1}"
sleep,gru,density_hard,0,objective_e20_bs32_eval5,experiments/sleep/gru/density_hard/seed_0_objective_e20_bs32_eval5,0.15000000000000002,none,4.0,1.0,0.4147892388820624,0.9940964822599878,0.5853427528780838,0.6507059148499402,0.41377001677893965,0.6629372784045899,0.0914180431458998,0.5735538936700942,0.2393167939518393,572,572,269,12482208,"{""initial_prob"": 1.0, ""scale"": 4.0, ""smooth"": ""none"", ""threshold"": 0.15000000000000002}"
sleep,gru,density_hard,0,objective_e20_bs32_eval5,experiments/sleep/gru/density_hard/seed_0_objective_e20_bs32_eval5,0.2,none,4.0,1.0,0.45339152611026606,0.9922261701753011,0.6223871479966411,0.6947225200471907,0.45178668817697964,0.7118623564036106,0.0914180431458998,0.5237336214874804,0.2393167939518393,1025,1025,269,12482208,"{""initial_prob"": 1.0, ""scale"": 4.0, ""smooth"": ""none"", ""threshold"": 0.2}"
sleep,gru,density_hard,0,objective_e20_bs32_eval5,experiments/sleep/gru/density_hard/seed_0_objective_e20_bs32_eval5,0.25,none,4.0,1.0,0.48679926036021637,0.9899672000755222,0.6526628464130251,0.7273654203509625,0.48440944768387073,0.7478341171690137,0.0914180431458998,0.48668064175825304,0.2393167939518393,1272,1272,269,12482208,"{""initial_prob"": 1.0, ""scale"": 4.0, ""smooth"": ""none"", ""threshold"": 0.25}"
sleep,gru,density_hard,0,objective_e20_bs32_eval5,experiments/sleep/gru/density_hard/seed_0_objective_e20_bs32_eval5,0.30000000000000004,none,4.0,1.0,0.5188488652410298,0.9875756644512156,0.6802896563890265,0.7550428040014752,0.5154840679111653,0.7778550878177963,0.0914180431458998,0.455515001833009,0.2393167939518393,1510,1510,269,12482208,"{""initial_prob"": 1.0, ""scale"": 4.0, ""smooth"": ""none"", ""threshold"": 0.30000000000000004}"
sleep,gru,density_hard,0,objective_e20_bs32_eval5,experiments/sleep/gru/density_hard/seed_0_objective_e20_bs32_eval5,0.35000000000000003,none,4.0,1.0,0.5507040775105524,0.9852845572545814,0.7065159349583933,0.7797514243755291,0.5462115491431796,0.804103168285611,0.0914180431458998,0.4281703205073974,0.2393167939518393,1551,1551,269,12482208,"{""initial_prob"": 1.0, ""scale"": 4.0, ""smooth"": ""none"", ""threshold"": 0.35000000000000003}"
sleep,gru,density_hard,0,objective_e20_bs32_eval5,experiments/sleep/gru/density_hard/seed_0_objective_e20_bs32_eval5,0.4,none,4.0,1.0,0.5804908087315617,0.9826904909678019,0.7298485440485044,0.8007075724927133,0.5746153662452487,0.8259017154657253,0.0914180431458998,0.4051301660731819,0.2393167939518393,1616,1616,269,12482208,"{""initial_prob"": 1.0, ""scale"": 4.0, ""smooth"": ""none"", ""threshold"": 0.4}"
sleep,gru,density_hard,0,objective_e20_bs32_eval5,experiments/sleep/gru/density_hard/seed_0_objective_e20_bs32_eval5,0.45,none,4.0,1.0,0.6188311534521858,0.9796642476806054,0.7585217398291337,0.8252466852542456,0.6109827003533169,0.8507238462938608,0.0914180431458998,0.3788595735626261,0.2393167939518393,1668,1668,269,12482208,"{""initial_prob"": 1.0, ""scale"": 4.0, ""smooth"": ""none"", ""threshold"": 0.45}"
sleep,gru,density_hard,0,objective_e20_bs32_eval5,experiments/sleep/gru/density_hard/seed_0_objective_e20_bs32_eval5,0.5,none,4.0,1.0,0.6880672139713608,0.9768428783858607,0.8074112360831455,0.8644626187931383,0.6770240174252027,0.8884771027689973,0.0914180431458998,0.3397559149791447,0.2393167939518393,1743,1743,269,12482208,"{""initial_prob"": 1.0, ""scale"": 4.0, ""smooth"": ""none"", ""threshold"": 0.5}"
sleep,gru,density_hard,0,objective_e20_bs32_eval5,experiments/sleep/gru/density_hard/seed_0_objective_e20_bs32_eval5,0.55,none,4.0,1.0,0.7410354858365138,0.973032623839968,0.8413337825626099,0.8903059413645957,0.7261226485254563,0.9121692251883641,0.0914180431458998,0.3142400767556509,0.2393167939518393,1694,1694,269,12482208,"{""initial_prob"": 1.0, ""scale"": 4.0, ""smooth"": ""none"", ""threshold"": 0.55}"
sleep,gru,density_hard,0,objective_e20_bs32_eval5,experiments/sleep/gru/density_hard/seed_0_objective_e20_bs32_eval5,0.6000000000000001,none,4.0,1.0,0.7717481404082226,0.9677457366458646,0.8587049169834003,0.9032615157674444,0.7523951778655921,0.9237837568481474,0.0914180431458998,0.30009506330931196,0.2393167939518393,1532,1532,269,12482208,"{""initial_prob"": 1.0, ""scale"": 4.0, ""smooth"": ""none"", ""threshold"": 0.6000000000000001}"
sleep,gru,density_hard,0,objective_e20_bs32_eval5,experiments/sleep/gru/density_hard/seed_0_objective_e20_bs32_eval5,0.65,none,4.0,1.0,0.7920816756409514,0.9617374385796474,0.8687037285659167,0.9106893222615813,0.7678834894989159,0.9304270526496594,0.0914180431458998,0.2905759942471717,0.2393167939518393,1457,1457,269,12482208,"{""initial_prob"": 1.0, ""scale"": 4.0, ""smooth"": ""none"", ""threshold"": 0.65}"
sleep,gru,density_hard,0,objective_e20_bs32_eval5,experiments/sleep/gru/density_hard/seed_0_objective_e20_bs32_eval5,0.7000000000000001,none,4.0,1.0,0.8114123014940884,0.9540104753545291,0.8769523602031395,0.9168208508060292,0.780868352442969,0.9359301655604522,0.0914180431458998,0.28137449720434077,0.2393167939518393,1394,1394,269,12482208,"{""initial_prob"": 1.0, ""scale"": 4.0, ""smooth"": ""none"", ""threshold"": 0.7000000000000001}"
sleep,gru,density_hard,0,objective_e20_bs32_eval5,experiments/sleep/gru/density_hard/seed_0_objective_e20_bs32_eval5,0.75,none,4.0,1.0,0.8284480541423257,0.9413531458535446,0.8812991899259032,0.9202681970315952,0.7877881038340632,0.9393143424624875,0.0914180431458998,0.2719320972699702,0.2393167939518393,1252,1252,269,12482208,"{""initial_prob"": 1.0, ""scale"": 4.0, ""smooth"": ""none"", ""threshold"": 0.75}"
sleep,gru,density_hard,0,objective_e20_bs32_eval5,experiments/sleep/gru/density_hard/seed_0_objective_e20_bs32_eval5,0.8,none,4.0,1.0,0.8425173401700331,0.9205728303609866,0.8798172497722421,0.9198351326177239,0.7854229585247191,0.9398118505956639,0.0914180431458998,0.2614884321748204,0.2393167939518393,1089,1089,269,12482208,"{""initial_prob"": 1.0, ""scale"": 4.0, ""smooth"": ""none"", ""threshold"": 0.8}"
sleep,gru,density_hard,0,objective_e20_bs32_eval5,experiments/sleep/gru/density_hard/seed_0_objective_e20_bs32_eval5,0.8500000000000001,none,4.0,1.0,0.8579467027770135,0.8778659762547025,0.8677920479622037,0.912780663135017,0.766459947927688,0.9359862453822273,0.0914180431458998,0.24487310257928727,0.2393167939518393,783,783,269,12482208,"{""initial_prob"": 1.0, ""scale"": 4.0, ""smooth"": ""none"", ""threshold"": 0.8500000000000001}"
sleep,gru,density_hard,0,objective_e20_bs32_eval5,experiments/sleep/gru/density_hard/seed_0_objective_e20_bs32_eval5,0.9,none,4.0,1.0,0.8755682670018798,0.7624666828691197,0.8151128060105947,0.8808931550213601,0.6879243949512065,0.917222337586427,0.0914180431458998,0.2084030325403967,0.2393167939518393,100,100,269,12482208,"{""initial_prob"": 1.0, ""scale"": 4.0, ""smooth"": ""none"", ""threshold"": 0.9}"
sleep,gru,density_hard,0,objective_e20_bs32_eval5,experiments/sleep/gru/density_hard/seed_0_objective_e20_bs32_eval5,0.9500000000000001,none,4.0,1.0,0.8737247387653753,0.37611584352179733,0.5258618127525236,0.7139719984757871,0.3567249103928427,0.8376852076171138,0.0914180431458998,0.10301967408330322,0.2393167939518393,-1755,1755,269,12482208,"{""initial_prob"": 1.0, ""scale"": 4.0, ""smooth"": ""none"", ""threshold"": 0.9500000000000001}"
sleep,gru,density_hard,0,objective_e20_bs32_eval5,experiments/sleep/gru/density_hard/seed_0_objective_e20_bs32_eval5,1.0,none,4.0,1.0,0.0,0.0,0.0,0.4320386560371119,0.0,0.7606832060481608,0.0914180431458998,0.0,0.2393167939518393,-9578,9578,269,12482208,"{""initial_prob"": 1.0, ""scale"": 4.0, ""smooth"": ""none"", ""threshold"": 1.0}"
sleep,gru,density_hard,0,objective_e20_bs32_eval5,experiments/sleep/gru/density_hard/seed_0_objective_e20_bs32_eval5,0.0,none,8.0,0.0,0.2393167939518393,1.0,0.3862076187779625,0.19310380938898125,0.2393167939518393,0.2393167939518393,0.09104570589879327,1.0,0.2393167939518393,-9578,9578,269,12482208,"{""initial_prob"": 0.0, ""scale"": 8.0, ""smooth"": ""none"", ""threshold"": 0.0}"
sleep,gru,density_hard,0,objective_e20_bs32_eval5,experiments/sleep/gru/density_hard/seed_0_objective_e20_bs32_eval5,0.05,none,8.0,0.0,0.31948371719912066,0.9931283522172254,0.48344571105959616,0.4919589804943705,0.3187790338830358,0.4921016377871607,0.09104570589879327,0.7439261547315987,0.2393167939518393,1128,1128,269,12482208,"{""initial_prob"": 0.0, ""scale"": 8.0, ""smooth"": ""none"", ""threshold"": 0.05}"
sleep,gru,density_hard,0,objective_e20_bs32_eval5,experiments/sleep/gru/density_hard/seed_0_objective_e20_bs32_eval5,0.1,none,8.0,0.0,0.3960769618507813,0.9893180976713326,0.5656813971385484,0.6265273688830004,0.3943903369934822,0.636440363756156,0.09104570589879327,0.5977637129584765,0.2393167939518393,1557,1557,269,12482208,"{""initial_prob"": 0.0, ""scale"": 8.0, ""smooth"": ""none"", ""threshold"": 0.1}"
sleep,gru,density_hard,0,objective_e20_bs32_eval5,experiments/sleep/gru/density_hard/seed_0_objective_e20_bs32_eval5,0.15000000000000002,none,8.0,0.0,0.42758549935273,0.9864076818373849,0.5965709408143157,0.6662005978670356,0.4250809379424321,0.6807251569594097,0.09104570589879327,0.5520858969823288,0.2393167939518393,1755,1755,269,12482208,"{""initial_prob"": 0.0, ""scale"": 8.0, ""smooth"": ""none"", ""threshold"": 0.15000000000000002}"
sleep,gru,density_hard,0,objective_e20_bs32_eval5,experiments/sleep/gru/density_hard/seed_0_objective_e20_bs32_eval5,0.2,none,8.0,0.0,0.4548127891194364,0.9837771265552179,0.6220458157329019,0.6959417105515102,0.45142706690480683,0.7139007778111052,0.09104570589879327,0.5176512040177507,0.2393167939518393,1885,1885,269,12482208,"{""initial_prob"": 0.0, ""scale"": 8.0, ""smooth"": ""none"", ""threshold"": 0.2}"
sleep,gru,density_hard,0,objective_e20_bs32_eval5,experiments/sleep/gru/density_hard/seed_0_objective_e20_bs32_eval5,0.25,none,8.0,0.0,0.48027052917922264,0.9816443615128806,0.644982631986728,0.720795993337122,0.4759958412432767,0.7413818933316926,0.09104570589879327,0.4891492755127939,0.2393167939518393,2016,2016,269,12482208,"{""initial_prob"": 0.0, ""scale"": 8.0, ""smooth"": ""none"", ""threshold"": 0.25}"
sleep,gru,density_hard,0,objective_e20_bs32_eval5,experiments/sleep/gru/density_hard/seed_0_objective_e20_bs32_eval5,0.30000000000000004,none,8.0,0.0,0.5077859971112963,0.9794242237384683,0.6688199140560314,0.7450668239932452,0.5024263216661303,0.7678711971471714,0.09104570589879327,0.46159733918870766,0.2393167939518393,2069,2069,269,12482208,"{""initial_prob"": 0.0, ""scale"": 8.0, ""smooth"": ""none"", ""threshold"": 0.30000000000000004}"
sleep,gru,density_hard,0,objective_e20_bs32_eval5,experiments/sleep/gru/density_hard/seed_0_objective_e20_bs32_eval5,0.35000000000000003,none,8.0,0.0,0.5355650723768574,0.9770276666927781,0.6918741304395754,0.7672939741922618,0.5289048604107713,0.7917374874701655,0.09104570589879327,0.43658397616831895,0.2393167939518393,2155,2155,269,12482208,"{""initial_prob"": 0.0, ""scale"": 8.0, ""smooth"": ""none"", ""threshold"": 0.35000000000000003}"
sleep,gru,density_hard,0,objective_e20_bs32_eval5,experiments/sleep/gru/density_hard/seed_0_objective_e20_bs32_eval5,0.4,none,8.0,0.0,0.5697057629464969,0.9742896529930015,0.7189897383879352,0.7920618166108624,0.5612677430726709,0.8177402587747296,0.09104570589879327,0.4092706995429014,0.2393167939518393,2318,2318,269,12482208,"{""initial_prob"": 0.0, ""scale"": 8.0, ""smooth"": ""none"", ""threshold"": 0.4}"
sleep,gru,density_hard,0,objective_e20_bs32_eval5,experiments/sleep/gru/density_hard/seed_0_objective_e20_bs32_eval5,0.45,none,8.0,0.0,0.6188034552583287,0.9713511171993056,0.7559962257794687,0.8238267505635972,0.6077121640994708,0.8499429748326578,0.09104570589879327,0.3756615015548531,0.2393167939518393,2569,2569,269,12482208,"{""initial_prob"": 0.0, ""scale"": 8.0, ""smooth"": ""none"", ""threshold"": 0.45}"
sleep,gru,density_hard,0,objective_e20_bs32_eval5,experiments/sleep/gru/density_hard/seed_0_objective_e20_bs32_eval5,0.5,none,8.0,0.0,0.7011996986807826,0.9678582164848577,0.8132274903085676,0.8694224404772173,0.6852429456088525,0.8936063234966122,0.09104570589879327,0.3303263332897513,0.2393167939518393,2612,2612,269,12482208,"{""initial_prob"": 0.0, ""scale"": 8.0, ""smooth"": ""none"", ""threshold"": 0.5}"
sleep,gru,density_hard,0,objective_e20_bs32_eval5,experiments/sleep/gru/density_hard/seed_0_objective_e20_bs32_eval5,0.55,none,8.0,0.0,0.7570672019149465,0.9639076969016491,0.8480575788751008,0.8956426504368863,0.7361978891678912,0.9173405858963414,0.09104570589879327,0.30470121952782714,0.2393167939518393,2469,2469,269,12482208,"{""initial_prob"": 0.0, ""scale"": 8.0, ""smooth"": ""none"", ""threshold"": 0.55}"
sleep,gru,density_hard,0,objective_e20_bs32_eval5,experiments/sleep/gru/density_hard/seed_0_objective_e20_bs32_eval5,0.6000000000000001,none,8.0,0.0,0.7905460407456838,0.9587309462165599,0.8665533924253512,0.9092479553573682,0.7645295214033979,0.9293337364671379,0.09104570589879327,0.2902303022029436,0.2393167939518393,2134,2134,269,12482208,"{""initial_prob"": 0.0, ""scale"": 8.0, ""smooth"": ""none"", ""threshold"": 0.6000000000000001}"
sleep,gru,density_hard,0,objective_e20_bs32_eval5,experiments/sleep/gru/density_hard/seed_0_objective_e20_bs32_eval5,0.65,none,8.0,0.0,0.8111808520495806,0.9524484785427969,0.8761568601245308,0.9163046296144097,0.7796077842514709,0.9355630830699184,0.09104570589879327,0.280993955556581,0.2393167939518393,2027,2027,269,12482208,"{""initial_prob"": 0.0, ""scale"": 8.0, ""smooth"": ""none"", ""threshold"": 0.65}"
sleep,gru,density_hard,0,objective_e20_bs32_eval5,experiments/sleep/gru/density_hard/seed_0_objective_e20_bs32_eval5,0.7000000000000001,none,8.0,0.0,0.82475557815443,0.9437155572338262,0.8802345194611685,0.9194500933283334,0.7860882789828451,0.938542123316644,0.09104570589879327,0.27383504585086227,0.2393167939518393,1908,1908,269,12482208,"{""initial_prob"": 0.0, ""scale"": 8.0, ""smooth"": ""none"", ""threshold"": 0.7000000000000001}"
sleep,gru,density_hard,0,objective_e20_bs32_eval5,experiments/sleep/gru/density_hard/seed_0_objective_e20_bs32_eval5,0.75,none,8.0,0.0,0.8351733848403343,0.929286335507274,0.8797199566092465,0.9195127428363755,0.7852678995749997,0.9391862401267468,0.09104570589879327,0.2662846188751221,0.2393167939518393,1842,1842,269,12482208,"{""initial_prob"": 0.0, ""scale"": 8.0, ""smooth"": ""none"", ""threshold"": 0.75}"
sleep,gru,density_hard,0,objective_e20_bs32_eval5,experiments/sleep/gru/density_hard/seed_0_objective_e20_bs32_eval5,0.8,none,8.0,0.0,0.8448510682409011,0.9058108557774132,0.8742696218253346,0.9164081561231212,0.7766243487565239,0.9376501336942951,0.09104570589879327,0.2565845722167104,0.2393167939518393,1723,1723,269,12482208,"{""initial_prob"": 0.0, ""scale"": 8.0, ""smooth"": ""none"", ""threshold"": 0.8}"
sleep,gru,density_hard,0,objective_e20_bs32_eval5,experiments/sleep/gru/density_hard/seed_0_objective_e20_bs32_eval5,0.8500000000000001,none,8.0,0.0,0.857695284101331,0.8578084106799607,0.857751843660656,0.9064977992161711,0.7509330077708888,0.9319107645057669,0.09104570589879327,0.23934835888009556,0.2393167939518393,1569,1569,269,12482208,"{""initial_prob"": 0.0, ""scale"": 8.0, ""smooth"": ""none"", ""threshold"": 0.8500000000000001}"
sleep,gru,density_hard,0,objective_e20_bs32_eval5,experiments/sleep/gru/density_hard/seed_0_objective_e20_bs32_eval5,0.9,none,8.0,0.0,0.8671626818914512,0.7390919663283567,0.7980216242748804,0.8702531292574931,0.6639234452062889,0.9104651997467115,0.09104570589879327,0.20397224593597543,0.2393167939518393,1407,1407,269,12482208,"{""initial_prob"": 0.0, ""scale"": 8.0, ""smooth"": ""none"", ""threshold"": 0.9}"
sleep,gru,density_hard,0,objective_e20_bs32_eval5,experiments/sleep/gru/density_hard/seed_0_objective_e20_bs32_eval5,0.9500000000000001,none,8.0,0.0,0.8708040163394258,0.4790663637745288,0.6180932922356098,0.7655611527082269,0.4472757015815805,0.858322101346172,0.09104570589879327,0.1316583572393602,0.2393167939518393,1253,1253,269,12482208,"{""initial_prob"": 0.0, ""scale"": 8.0, ""smooth"": ""none"", ""threshold"": 0.9500000000000001}"
sleep,gru,density_hard,0,objective_e20_bs32_eval5,experiments/sleep/gru/density_hard/seed_0_objective_e20_bs32_eval5,1.0,none,8.0,0.0,0.0,0.0,0.0,0.4320386560371119,0.0,0.7606832060481608,0.09104570589879327,0.0,0.2393167939518393,-9578,9578,269,12482208,"{""initial_prob"": 0.0, ""scale"": 8.0, ""smooth"": ""none"", ""threshold"": 1.0}"
sleep,gru,density_hard,0,objective_e20_bs32_eval5,experiments/sleep/gru/density_hard/seed_0_objective_e20_bs32_eval5,0.0,none,8.0,0.2393167939518393,0.2393167939518393,1.0,0.3862076187779625,0.19310380938898125,0.2393167939518393,0.2393167939518393,0.09158603940753238,1.0,0.2393167939518393,-9578,9578,269,12482208,"{""initial_prob"": 0.2393167939518393, ""scale"": 8.0, ""smooth"": ""none"", ""threshold"": 0.0}"
sleep,gru,density_hard,0,objective_e20_bs32_eval5,experiments/sleep/gru/density_hard/seed_0_objective_e20_bs32_eval5,0.05,none,8.0,0.2393167939518393,0.3165007553964279,0.9931842573752964,0.48002926603224566,0.4850262680382377,0.31581480834119097,0.48507475600470684,0.09158603940753238,0.7509797946004425,0.2393167939518393,1039,1039,269,12482208,"{""initial_prob"": 0.2393167939518393, ""scale"": 8.0, ""smooth"": ""none"", ""threshold"": 0.05}"
sleep,gru,density_hard,0,objective_e20_bs32_eval5,experiments/sleep/gru/density_hard/seed_0_objective_e20_bs32_eval5,0.1,none,8.0,0.2393167939518393,0.39118986352701646,0.9894981993182919,0.5607083539983059,0.6197733368160143,0.38957243693863963,0.6289485802511863,0.09158603940753238,0.6053416991609177,0.2393167939518393,1504,1504,269,12482208,"{""initial_prob"": 0.2393167939518393, ""scale"": 8.0, ""smooth"": ""none"", ""threshold"": 0.1}"
sleep,gru,density_hard,0,objective_e20_bs32_eval5,experiments/sleep/gru/density_hard/seed_0_objective_e20_bs32_eval5,0.15000000000000002,none,8.0,0.2393167939518393,0.421938266680678,0.9865961525199836,0.5910862593536715,0.6595509907285316,0.4195333201041217,0.6733193358098183,0.09158603940753238,0.5595819265309471,0.2393167939518393,1730,1730,269,12482208,"{""initial_prob"": 0.2393167939518393, ""scale"": 8.0, ""smooth"": ""none"", ""threshold"": 0.15000000000000002}"
sleep,gru,density_hard,0,objective_e20_bs32_eval5,experiments/sleep/gru/density_hard/seed_0_objective_e20_bs32_eval5,0.2,none,8.0,0.2393167939518393,0.4488010762760738,0.98396760580637,0.6164368694391656,0.68967295577923,0.4455430011273065,0.7069564134806918,0.09158603940753238,0.5246867381155642,0.2393167939518393,1894,1894,269,12482208,"{""initial_prob"": 0.2393167939518393, ""scale"": 8.0, ""smooth"": ""none"", ""threshold"": 0.2}"
sleep,gru,density_hard,0,objective_e20_bs32_eval5,experiments/sleep/gru/density_hard/seed_0_objective_e20_bs32_eval5,0.25,none,8.0,0.2393167939518393,0.47799431365822137,0.98180705556571,0.642961706385331,0.718673245635811,0.47379776194281803,0.7390489727458476,0.09158603940753238,0.49156006693687526,0.2393167939518393,2048,2048,269,12482208,"{""initial_prob"": 0.2393167939518393, ""scale"": 8.0, ""smooth"": ""none"", ""threshold"": 0.25}"
sleep,gru,density_hard,0,objective_e20_bs32_eval5,experiments/sleep/gru/density_hard/seed_0_objective_e20_bs32_eval5,0.30000000000000004,none,8.0,0.2393167939518393,0.5069591726688513,0.9794379489569168,0.6681055083591427,0.7443674762371424,0.5016204455775286,0.767118445710887,0.09158603940753238,0.46235665997554276,0.2393167939518393,2079,2079,269,12482208,"{""initial_prob"": 0.2393167939518393, ""scale"": 8.0, ""smooth"": ""none"", ""threshold"": 0.30000000000000004}"
sleep,gru,density_hard,0,objective_e20_bs32_eval5,experiments/sleep/gru/density_hard/seed_0_objective_e20_bs32_eval5,0.35000000000000003,none,8.0,0.2393167939518393,0.5350015232797846,0.977038713819822,0.6914064683881715,0.7668589380244004,0.5283584640194181,0.791277953387734,0.09158603940753238,0.4370487977768036,0.2393167939518393,2143,2143,269,12482208,"{""initial_prob"": 0.2393167939518393, ""scale"": 8.0, ""smooth"": ""none"", ""threshold"": 0.35000000000000003}"
sleep,gru,density_hard,0,objective_e20_bs32_eval5,experiments/sleep/gru/density_hard/seed_0_objective_e20_bs32_eval5,0.4,none,8.0,0.2393167939518393,0.5688799080388056,0.9742996958357687,0.7183344310379276,0.7914845856996212,0.5604694769320004,0.8171466939182555,0.09158603940753238,0.40986907124124194,0.2393167939518393,2312,2312,269,12482208,"{""initial_prob"": 0.2393167939518393, ""scale"": 8.0, ""smooth"": ""none"", ""threshold"": 0.4}"
sleep,gru,density_hard,0,objective_e20_bs32_eval5,experiments/sleep/gru/density_hard/seed_0_objective_e20_bs32_eval5,0.45,none,8.0,0.2393167939518393,0.6181152203851614,0.9713695290777122,0.755487953872092,0.8234055324959346,0.6070555574151869,0.8495263818708998,0.09158603940753238,0.37608690706003295,0.2393167939518393,2581,2581,269,12482208,"{""initial_prob"": 0.2393167939518393, ""scale"": 8.0, ""smooth"": ""none"", ""threshold"": 0.45}"
sleep,gru,density_hard,0,objective_e20_bs32_eval5,experiments/sleep/gru/density_hard/seed_0_objective_e20_bs32_eval5,0.5,none,8.0,0.2393167939518393,0.7008425662358289,0.9678746197947109,0.8129930440100808,0.8692426331764316,0.6849100924872635,0.8934402471101267,0.09158603940753238,0.3305002608512853,0.2393167939518393,2624,2624,269,12482208,"{""initial_prob"": 0.2393167939518393, ""scale"": 8.0, ""smooth"": ""none"", ""threshold"": 0.5}"
sleep,gru,density_hard,0,objective_e20_bs32_eval5,experiments/sleep/gru/density_hard/seed_0_objective_e20_bs32_eval5,0.55,none,8.0,0.2393167939518393,0.7566425036675434,0.9639589153997621,0.8478108632225817,0.8954597578203124,0.7358261210428015,0.9171778742991624,0.09158603940753238,0.30488844601852494,0.2393167939518393,2475,2475,269,12482208,"{""initial_prob"": 0.2393167939518393, ""scale"": 8.0, ""smooth"": ""none"", ""threshold"": 0.55}"
sleep,gru,density_hard,0,objective_e20_bs32_eval5,experiments/sleep/gru/density_hard/seed_0_objective_e20_bs32_eval5,0.6000000000000001,none,8.0,0.2393167939518393,0.7903550178621,0.9588059327758887,0.8664692404080667,0.9091849921799244,0.7643985247652144,0.9292767753910206,0.09158603940753238,0.29032315436499695,0.2393167939518393,2136,2136,269,12482208,"{""initial_prob"": 0.2393167939518393, ""scale"": 8.0, ""smooth"": ""none"", ""threshold"": 0.6000000000000001}"
sleep,gru,density_hard,0,objective_e20_bs32_eval5,experiments/sleep/gru/density_hard/seed_0_objective_e20_bs32_eval5,0.65,none,8.0,0.2393167939518393,0.8107503399445375,0.9524779375482475,0.8759181343835651,0.9161343448558792,0.7792298418614027,0.9354192783840808,0.09158603940753238,0.28115186031189354,0.2393167939518393,2031,2031,269,12482208,"{""initial_prob"": 0.2393167939518393, ""scale"": 8.0, ""smooth"": ""none"", ""threshold"": 0.65}"
sleep,gru,density_hard,0,objective_e20_bs32_eval5,experiments/sleep/gru/density_hard/seed_0_objective_e20_bs32_eval5,0.7000000000000001,none,8.0,0.2393167939518393,0.8245933013514355,0.9437349733965095,0.8801505336160053,0.919390380364367,0.785954326931119,0.9384918918191397,0.09158603940753238,0.273894570575975,0.2393167939518393,1910,1910,269,12482208,"{""initial_prob"": 0.2393167939518393, ""scale"": 8.0, ""smooth"": ""none"", ""threshold"": 0.7000000000000001}"
sleep,gru,density_hard,0,objective_e20_bs32_eval5,experiments/sleep/gru/density_hard/seed_0_objective_e20_bs32_eval5,0.75,none,8.0,0.2393167939518393,0.8351327904279231,0.9293854248892441,0.8797418315472393,0.9195251546530033,0.785302759954244,0.939192328793111,0.09158603940753238,0.2663259577151735,0.2393167939518393,1850,1850,269,12482208,"{""initial_prob"": 0.2393167939518393, ""scale"": 8.0, ""smooth"": ""none"", ""threshold"": 0.75}"
sleep,gru,density_hard,0,objective_e20_bs32_eval5,experiments/sleep/gru/density_hard/seed_0_objective_e20_bs32_eval5,0.8,none,8.0,0.2393167939518393,0.844795828020745,0.9058483490570775,0.8742575060344546,0.9163985780370818,0.7766052278570309,0.9376406802386245,0.09158603940753238,0.25661197121534907,0.2393167939518393,1723,1723,269,12482208,"{""initial_prob"": 0.2393167939518393, ""scale"": 8.0, ""smooth"": ""none"", ""threshold"": 0.8}"
sleep,gru,density_hard,0,objective_e20_bs32_eval5,experiments/sleep/gru/density_hard/seed_0_objective_e20_bs32_eval5,0.8500000000000001,none,8.0,0.2393167939518393,0.8576342580336611,0.8578515949038599,0.8577429127014319,0.9064901412332982,0.7509193177605833,0.9319023525325006,0.09158603940753238,0.23937744027338753,0.2393167939518393,1573,1573,269,12482208,"{""initial_prob"": 0.2393167939518393, ""scale"": 8.0, ""smooth"": ""none"", ""threshold"": 0.8500000000000001}"
sleep,gru,density_hard,0,objective_e20_bs32_eval5,experiments/sleep/gru/density_hard/seed_0_objective_e20_bs32_eval5,0.9,none,8.0,0.2393167939518393,0.8670776656066449,0.7392456218226956,0.7980751734051559,0.8702823277427958,0.6639975776739476,0.9104763355970354,0.09158603940753238,0.20403465476620802,0.2393167939518393,1409,1409,269,12482208,"{""initial_prob"": 0.2393167939518393, ""scale"": 8.0, ""smooth"": ""none"", ""threshold"": 0.9}"
sleep,gru,density_hard,0,objective_e20_bs32_eval5,experiments/sleep/gru/density_hard/seed_0_objective_e20_bs32_eval5,0.9500000000000001,none,8.0,0.2393167939518393,0.8707727551158826,0.4792129892789306,0.6182074391441782,0.7656247455853733,0.44739525791142454,0.8583472571519398,0.09158603940753238,0.13170338132484252,0.2393167939518393,1253,1253,269,12482208,"{""initial_prob"": 0.2393167939518393, ""scale"": 8.0, ""smooth"": ""none"", ""threshold"": 0.9500000000000001}"
sleep,gru,density_hard,0,objective_e20_bs32_eval5,experiments/sleep/gru/density_hard/seed_0_objective_e20_bs32_eval5,1.0,none,8.0,0.2393167939518393,0.0,0.0,0.0,0.4320386560371119,0.0,0.7606832060481608,0.09158603940753238,0.0,0.2393167939518393,-9578,9578,269,12482208,"{""initial_prob"": 0.2393167939518393, ""scale"": 8.0, ""smooth"": ""none"", ""threshold"": 1.0}"
sleep,gru,density_hard,0,objective_e20_bs32_eval5,experiments/sleep/gru/density_hard/seed_0_objective_e20_bs32_eval5,0.0,none,8.0,0.5,0.2393167939518393,1.0,0.3862076187779625,0.19310380938898125,0.2393167939518393,0.2393167939518393,0.09295531033381757,1.0,0.2393167939518393,-9578,9578,269,12482208,"{""initial_prob"": 0.5, ""scale"": 8.0, ""smooth"": ""none"", ""threshold"": 0.0}"
sleep,gru,density_hard,0,objective_e20_bs32_eval5,experiments/sleep/gru/density_hard/seed_0_objective_e20_bs32_eval5,0.05,none,8.0,0.5,0.3161457923744626,0.9931845921367219,0.47962093230181085,0.4841909851776509,0.3154614151771659,0.48423147571327124,0.09295531033381757,0.7518232351199403,0.2393167939518393,989,989,269,12482208,"{""initial_prob"": 0.5, ""scale"": 8.0, ""smooth"": ""none"", ""threshold"": 0.05}"
sleep,gru,density_hard,0,objective_e20_bs32_eval5,experiments/sleep/gru/density_hard/seed_0_objective_e20_bs32_eval5,0.1,none,8.0,0.5,0.3908315451416963,0.9895129288210172,0.560342543768897,0.6192708511665898,0.38921935307849187,0.6283916275069282,0.09295531033381757,0.6059057019399132,0.2393167939518393,1480,1480,269,12482208,"{""initial_prob"": 0.5, ""scale"": 8.0, ""smooth"": ""none"", ""threshold"": 0.1}"
sleep,gru,density_hard,0,objective_e20_bs32_eval5,experiments/sleep/gru/density_hard/seed_0_objective_e20_bs32_eval5,0.15000000000000002,none,8.0,0.5,0.4213739137397093,0.9865971568042603,0.5905324533215941,0.65887689456691,0.41897555904232126,0.6725697889347783,0.09295531033381757,0.5603319540901738,0.2393167939518393,1690,1690,269,12482208,"{""initial_prob"": 0.5, ""scale"": 8.0, ""smooth"": ""none"", ""threshold"": 0.15000000000000002}"
sleep,gru,density_hard,0,objective_e20_bs32_eval5,experiments/sleep/gru/density_hard/seed_0_objective_e20_bs32_eval5,0.2,none,8.0,0.5,0.44758594288199427,0.9839686100906467,0.6152898849704184,0.6883857100480498,0.4443456275014456,0.7055319058935727,0.09295531033381757,0.52611172638687,0.2393167939518393,1828,1828,269,12482208,"{""initial_prob"": 0.5, ""scale"": 8.0, ""smooth"": ""none"", ""threshold"": 0.2}"
sleep,gru,density_hard,0,objective_e20_bs32_eval5,experiments/sleep/gru/density_hard/seed_0_objective_e20_bs32_eval5,0.25,none,8.0,0.5,0.47240720147719967,0.9818358450483095,0.6378938169619602,0.7133636997086709,0.46831430978398675,0.7332345367101718,0.09295531033381757,0.49738828258590145,0.2393167939518393,1983,1983,269,12482208,"{""initial_prob"": 0.5, ""scale"": 8.0, ""smooth"": ""none"", ""threshold"": 0.25}"
sleep,gru,density_hard,0,objective_e20_bs32_eval5,experiments/sleep/gru/density_hard/seed_0_objective_e20_bs32_eval5,0.30000000000000004,none,8.0,0.5,0.49924030203666614,0.9796180506038762,0.6614085934475206,0.7377479611711796,0.4941079034348261,0.7599697104871189,0.09295531033381757,0.46959159789678234,0.2393167939518393,2042,2042,269,12482208,"{""initial_prob"": 0.5, ""scale"": 8.0, ""smooth"": ""none"", ""threshold"": 0.30000000000000004}"
sleep,gru,density_hard,0,objective_e20_bs32_eval5,experiments/sleep/gru/density_hard/seed_0_objective_e20_bs32_eval5,0.35000000000000003,none,8.0,0.5,0.5262504164329114,0.9772255106952927,0.6841018504826516,0.7600071862554084,0.5198744680456993,0.7840146550994824,0.09295531033381757,0.44440150332377093,0.2393167939518393,2140,2140,269,12482208,"{""initial_prob"": 0.5, ""scale"": 8.0, ""smooth"": ""none"", ""threshold"": 0.35000000000000003}"
sleep,gru,density_hard,0,objective_e20_bs32_eval5,experiments/sleep/gru/density_hard/seed_0_objective_e20_bs32_eval5,0.4,none,8.0,0.5,0.5593063542501826,0.9745253250366062,0.7107144989000921,0.7847100653048387,0.551246793897683,0.810142484406605,0.09295531033381757,0.4169812744668251,0.2393167939518393,2325,2325,269,12482208,"{""initial_prob"": 0.5, ""scale"": 8.0, ""smooth"": ""none"", ""threshold"": 0.4}"
sleep,gru,density_hard,0,objective_e20_bs32_eval5,experiments/sleep/gru/density_hard/seed_0_objective_e20_bs32_eval5,0.45,none,8.0,0.5,0.6077335803594163,0.9716048663598913,0.7477522064432756,0.8169569561952499,0.5971279887980124,0.8431218258820875,0.09295531033381757,0.38260410337658207,0.2393167939518393,2606,2606,269,12482208,"{""initial_prob"": 0.5, ""scale"": 8.0, ""smooth"": ""none"", ""threshold"": 0.45}"
sleep,gru,density_hard,0,objective_e20_bs32_eval5,experiments/sleep/gru/density_hard/seed_0_objective_e20_bs32_eval5,0.5,none,8.0,0.5,0.6989843133538595,0.9679147911657798,0.8117554972027232,0.8682951467508291,0.6831552725821569,0.892567084285088,0.09295531033381757,0.3313926510437897,0.2393167939518393,2695,2695,269,12482208,"{""initial_prob"": 0.5, ""scale"": 8.0, ""smooth"": ""none"", ""threshold"": 0.5}"
sleep,gru,density_hard,0,objective_e20_bs32_eval5,experiments/sleep/gru/density_hard/seed_0_objective_e20_bs32_eval5,0.55,none,8.0,0.5,0.7558144875893817,0.9639773272781686,0.847297938466631,0.895082932612886,0.7350537200736178,0.916846843122627,0.09295531033381757,0.30522828973848215,0.2393167939518393,2505,2505,269,12482208,"{""initial_prob"": 0.5, ""scale"": 8.0, ""smooth"": ""none"", ""threshold"": 0.55}"
sleep,gru,density_hard,0,objective_e20_bs32_eval5,experiments/sleep/gru/density_hard/seed_0_objective_e20_bs32_eval5,0.6000000000000001,none,8.0,0.5,0.7897483958862558,0.9588353917813391,0.8661165886575554,0.9089307867942192,0.7638497750241617,0.9290589453404398,0.09295531033381757,0.29055508448505263,0.2393167939518393,2158,2158,269,12482208,"{""initial_prob"": 0.5, ""scale"": 8.0, ""smooth"": ""none"", ""threshold"": 0.6000000000000001}"
sleep,gru,density_hard,0,objective_e20_bs32_eval5,experiments/sleep/gru/density_hard/seed_0_objective_e20_bs32_eval5,0.65,none,8.0,0.5,0.8103948832130633,0.9525676536103016,0.875748561045465,0.9160112275129438,0.7789614766780657,0.9353124062665836,0.09295531033381757,0.28130167355006425,0.2393167939518393,2037,2037,269,12482208,"{""initial_prob"": 0.5, ""scale"": 8.0, ""smooth"": ""none"", ""threshold"": 0.65}"
sleep,gru,density_hard,0,objective_e20_bs32_eval5,experiments/sleep/gru/density_hard/seed_0_objective_e20_bs32_eval5,0.7000000000000001,none,8.0,0.5,0.8241952688858545,0.943829041357096,0.8799646317269202,0.9192566777781254,0.7856578967534648,0.9383773287546562,0.09295531033381757,0.2740541577259408,0.2393167939518393,1914,1914,269,12482208,"{""initial_prob"": 0.5, ""scale"": 8.0, ""smooth"": ""none"", ""threshold"": 0.7000000000000001}"
sleep,gru,density_hard,0,objective_e20_bs32_eval5,experiments/sleep/gru/density_hard/seed_0_objective_e20_bs32_eval5,0.75,none,8.0,0.5,0.8348975851352225,0.929433630534527,0.8796329020140046,0.9194474715284338,0.785129180957972,0.9391265551735719,0.09295531033381757,0.2664148041756715,0.2393167939518393,1854,1854,269,12482208,"{""initial_prob"": 0.5, ""scale"": 8.0, ""smooth"": ""none"", ""threshold"": 0.75}"
sleep,gru,density_hard,0,objective_e20_bs32_eval5,experiments/sleep/gru/density_hard/seed_0_objective_e20_bs32_eval5,0.8,none,8.0,0.5,0.8446525761605815,0.9059407432105362,0.8742238121604431,0.9163723009184116,0.7765520550209358,0.9376152039767324,0.09295531033381757,0.25668167042241247,0.2393167939518393,1733,1733,269,12482208,"{""initial_prob"": 0.5, ""scale"": 8.0, ""smooth"": ""none"", ""threshold"": 0.8}"
sleep,gru,density_hard,0,objective_e20_bs32_eval5,experiments/sleep/gru/density_hard/seed_0_objective_e20_bs32_eval5,0.8500000000000001,none,8.0,0.5,0.8575401982843199,0.8578944443663334,0.8577172847485073,0.9064709458094721,0.7508800345977976,0.9318846473316259,0.09295531033381757,0.23941565466622572,0.2393167939518393,1573,1573,269,12482208,"{""initial_prob"": 0.5, ""scale"": 8.0, ""smooth"": ""none"", ""threshold"": 0.8500000000000001}"
sleep,gru,density_hard,0,objective_e20_bs32_eval5,experiments/sleep/gru/density_hard/seed_0_objective_e20_bs32_eval5,0.9,none,8.0,0.5,0.8670079246108054,0.7394270625153572,0.7981513450717139,0.8703257216233797,0.6641030397619736,0.9104966845609367,0.09295531033381757,0.20410114941202712,0.2393167939518393,1411,1411,269,12482208,"{""initial_prob"": 0.5, ""scale"": 8.0, ""smooth"": ""none"", ""threshold"": 0.9}"
sleep,gru,density_hard,0,objective_e20_bs32_eval5,experiments/sleep/gru/density_hard/seed_0_objective_e20_bs32_eval5,0.9500000000000001,none,8.0,0.5,0.8707171322008422,0.47938204379884586,0.6183340688228167,0.7656945877273181,0.44752791168267014,0.8583732942120497,0.09295531033381757,0.13175825943615105,0.2393167939518393,1257,1257,269,12482208,"{""initial_prob"": 0.5, ""scale"": 8.0, ""smooth"": ""none"", ""threshold"": 0.9500000000000001}"
sleep,gru,density_hard,0,objective_e20_bs32_eval5,experiments/sleep/gru/density_hard/seed_0_objective_e20_bs32_eval5,1.0,none,8.0,0.5,0.0,0.0,0.0,0.4320386560371119,0.0,0.7606832060481608,0.09295531033381757,0.0,0.2393167939518393,-9578,9578,269,12482208,"{""initial_prob"": 0.5, ""scale"": 8.0, ""smooth"": ""none"", ""threshold"": 1.0}"
sleep,gru,density_hard,0,objective_e20_bs32_eval5,experiments/sleep/gru/density_hard/seed_0_objective_e20_bs32_eval5,0.0,none,8.0,1.0,0.2393167939518393,1.0,0.3862076187779625,0.19310380938898125,0.2393167939518393,0.2393167939518393,0.09785972207707413,1.0,0.2393167939518393,-9578,9578,269,12482208,"{""initial_prob"": 1.0, ""scale"": 8.0, ""smooth"": ""none"", ""threshold"": 0.0}"
sleep,gru,density_hard,0,objective_e20_bs32_eval5,experiments/sleep/gru/density_hard/seed_0_objective_e20_bs32_eval5,0.05,none,8.0,1.0,0.31587291633417697,0.9931845921367219,0.47930684717259026,0.4835471760997653,0.31518971876832597,0.4835819912630842,0.09785972207707413,0.7524727195701273,0.2393167939518393,945,945,269,12482208,"{""initial_prob"": 1.0, ""scale"": 8.0, ""smooth"": ""none"", ""threshold"": 0.05}"
sleep,gru,density_hard,0,objective_e20_bs32_eval5,experiments/sleep/gru/density_hard/seed_0_objective_e20_bs32_eval5,0.1,none,8.0,1.0,0.390186253415526,0.989532679745126,0.5596821782498786,0.6183638305533752,0.38858241549063965,0.6273869174428114,0.09785972207707413,0.6069198654597007,0.2393167939518393,1432,1432,269,12482208,"{""initial_prob"": 1.0, ""scale"": 8.0, ""smooth"": ""none"", ""threshold"": 0.1}"
sleep,gru,density_hard,0,objective_e20_bs32_eval5,experiments/sleep/gru/density_hard/seed_0_objective_e20_bs32_eval5,0.15000000000000002,none,8.0,1.0,0.42080944795724706,0.9866008391799417,0.5899785702632124,0.6582008412369877,0.41841815863277004,0.671817838638805,0.09785972207707413,0.5610856668948314,0.2393167939518393,1656,1656,269,12482208,"{""initial_prob"": 1.0, ""scale"": 8.0, ""smooth"": ""none"", ""threshold"": 0.15000000000000002}"
sleep,gru,density_hard,0,objective_e20_bs32_eval5,experiments/sleep/gru/density_hard/seed_0_objective_e20_bs32_eval5,0.2,none,8.0,1.0,0.44708390999868125,0.9839726272277536,0.6148161418769313,0.6878520649013725,0.44385165064658666,0.704940904686094,0.09785972207707413,0.5267046503310953,0.2393167939518393,1802,1802,269,12482208,"{""initial_prob"": 1.0, ""scale"": 8.0, ""smooth"": ""none"", ""threshold"": 0.2}"
sleep,gru,density_hard,0,objective_e20_bs32_eval5,experiments/sleep/gru/density_hard/seed_0_objective_e20_bs32_eval5,0.25,none,8.0,1.0,0.4716902419152771,0.9818391926625651,0.6372405749642266,0.7126742692320086,0.4676104697991713,0.7324784204845809,0.09785972207707413,0.4981460010921145,0.2393167939518393,1945,1945,269,12482208,"{""initial_prob"": 1.0, ""scale"": 8.0, ""smooth"": ""none"", ""threshold"": 0.25}"
sleep,gru,density_hard,0,objective_e20_bs32_eval5,experiments/sleep/gru/density_hard/seed_0_objective_e20_bs32_eval5,0.30000000000000004,none,8.0,1.0,0.49815018744960105,0.9796200591724296,0.6604516733526444,0.736797101922473,0.49304057212003255,0.7589420878101054,0.09785972207707413,0.4706201819421692,0.2393167939518393,2008,2008,269,12482208,"{""initial_prob"": 1.0, ""scale"": 8.0, ""smooth"": ""none"", ""threshold"": 0.30000000000000004}"
sleep,gru,density_hard,0,objective_e20_bs32_eval5,experiments/sleep/gru/density_hard/seed_0_objective_e20_bs32_eval5,0.35000000000000003,none,8.0,1.0,0.5248203463682108,0.9772261802181439,0.6828925380197727,0.7588665611905119,0.518478983478741,0.7828037315192953,0.09785972207707413,0.44561274736008244,0.2393167939518393,2084,2084,269,12482208,"{""initial_prob"": 1.0, ""scale"": 8.0, ""smooth"": ""none"", ""threshold"": 0.35000000000000003}"
sleep,gru,density_hard,0,objective_e20_bs32_eval5,experiments/sleep/gru/density_hard/seed_0_objective_e20_bs32_eval5,0.4,none,8.0,1.0,0.5571567192030545,0.974529342173713,0.7089776224307587,0.7831575571233951,0.549159824607869,0.8085338747760011,0.09785972207707413,0.4185918068341755,0.2393167939518393,2259,2259,269,12482208,"{""initial_prob"": 1.0, ""scale"": 8.0, ""smooth"": ""none"", ""threshold"": 0.4}"
sleep,gru,density_hard,0,objective_e20_bs32_eval5,experiments/sleep/gru/density_hard/seed_0_objective_e20_bs32_eval5,0.45,none,8.0,1.0,0.6040048528536528,0.9716440334466836,0.7449346317580913,0.814592524229437,0.593542496357455,0.8407631085782259,0.09785972207707413,0.38498156736372285,0.2393167939518393,2534,2534,269,12482208,"{""initial_prob"": 1.0, ""scale"": 8.0, ""smooth"": ""none"", ""threshold"": 0.45}"
sleep,gru,density_hard,0,objective_e20_bs32_eval5,experiments/sleep/gru/density_hard/seed_0_objective_e20_bs32_eval5,0.5,none,8.0,1.0,0.682696320791062,0.9681263603867432,0.8007356717746524,0.859802337247615,0.6676890598084981,0.8846877090976212,0.09785972207707413,0.33937329036657615,0.2393167939518393,2585,2585,269,12482208,"{""initial_prob"": 1.0, ""scale"": 8.0, ""smooth"": ""none"", ""threshold"": 0.5}"
sleep,gru,density_hard,0,objective_e20_bs32_eval5,experiments/sleep/gru/density_hard/seed_0_objective_e20_bs32_eval5,0.55,none,8.0,1.0,0.7356573853750438,0.9641745017578323,0.8345555797342283,0.8856660136493126,0.7160835516668514,0.9085137821769994,0.09785972207707413,0.3136557250127541,0.2393167939518393,2452,2452,269,12482208,"{""initial_prob"": 1.0, ""scale"": 8.0, ""smooth"": ""none"", ""threshold"": 0.55}"
sleep,gru,density_hard,0,objective_e20_bs32_eval5,experiments/sleep/gru/density_hard/seed_0_objective_e20_bs32_eval5,0.6000000000000001,none,8.0,1.0,0.7683268806407422,0.9590385919666631,0.8531548667203306,0.8995562550060419,0.7439146245322038,0.9209920232061507,0.09785972207707413,0.298719265053106,0.2393167939518393,2143,2143,269,12482208,"{""initial_prob"": 1.0, ""scale"": 8.0, ""smooth"": ""none"", ""threshold"": 0.6000000000000001}"
sleep,gru,density_hard,0,objective_e20_bs32_eval5,experiments/sleep/gru/density_hard/seed_0_objective_e20_bs32_eval5,0.65,none,8.0,1.0,0.7884293619539178,0.9527805618769671,0.8628484827722734,0.906793481467895,0.7587805755875179,0.9275126644260374,0.09785972207707413,0.28920332043817887,0.2393167939518393,2024,2024,269,12482208,"{""initial_prob"": 1.0, ""scale"": 8.0, ""smooth"": ""none"", ""threshold"": 0.65}"
sleep,gru,density_hard,0,objective_e20_bs32_eval5,experiments/sleep/gru/density_hard/seed_0_objective_e20_bs32_eval5,0.7000000000000001,none,8.0,1.0,0.8023062764743869,0.9441139233302602,0.8674527773779249,0.9103845817451517,0.765930779795298,0.9309517995534123,0.09785972207707413,0.2816160410081293,0.2393167939518393,1925,1925,269,12482208,"{""initial_prob"": 1.0, ""scale"": 8.0, ""smooth"": ""none"", ""threshold"": 0.7000000000000001}"
sleep,gru,density_hard,0,objective_e20_bs32_eval5,experiments/sleep/gru/density_hard/seed_0_objective_e20_bs32_eval5,0.75,none,8.0,1.0,0.8137639070057439,0.9297660486301228,0.8679059971282282,0.9111824876459409,0.7666377482140349,0.9322690344528789,0.09785972207707413,0.2734314313621436,0.2393167939518393,1886,1886,269,12482208,"{""initial_prob"": 1.0, ""scale"": 8.0, ""smooth"": ""none"", ""threshold"": 0.75}"
sleep,gru,density_hard,0,objective_e20_bs32_eval5,experiments/sleep/gru/density_hard/seed_0_objective_e20_bs32_eval5,0.8,none,8.0,1.0,0.8239325624192949,0.9063150064843288,0.8631625428317965,0.9086189419809318,0.7592664521996703,0.9312306764956969,0.09785972207707413,0.2632453328770038,0.2393167939518393,1782,1782,269,12482208,"{""initial_prob"": 1.0, ""scale"": 8.0, ""smooth"": ""none"", ""threshold"": 0.8}"
sleep,gru,density_hard,0,objective_e20_bs32_eval5,experiments/sleep/gru/density_hard/seed_0_objective_e20_bs32_eval5,0.8500000000000001,none,8.0,1.0,0.8363207227142492,0.8583189218539623,0.8471770424409274,0.8991315232914855,0.7348717657693911,0.9258917973486742,0.09785972207707413,0.2456116738320656,0.2393167939518393,1634,1634,269,12482208,"{""initial_prob"": 1.0, ""scale"": 8.0, ""smooth"": ""none"", ""threshold"": 0.8500000000000001}"
sleep,gru,density_hard,0,objective_e20_bs32_eval5,experiments/sleep/gru/density_hard/seed_0_objective_e20_bs32_eval5,0.9,none,8.0,1.0,0.845643723807188,0.7398672737899881,0.7892270914285989,0.864131528959515,0.6518374220644012,0.9054264277602168,0.09785972207707413,0.2093821061145592,0.2393167939518393,1520,1520,269,12482208,"{""initial_prob"": 1.0, ""scale"": 8.0, ""smooth"": ""none"", ""threshold"": 0.9}"
sleep,gru,density_hard,0,objective_e20_bs32_eval5,experiments/sleep/gru/density_hard/seed_0_objective_e20_bs32_eval5,0.9500000000000001,none,8.0,1.0,0.8518355630308037,0.4798102036621561,0.6138560347013314,0.7625021634890716,0.44285157246928936,0.8555374177389129,0.09785972207707413,0.13479906760086036,0.2393167939518393,1488,1488,269,12482208,"{""initial_prob"": 1.0, ""scale"": 8.0, ""smooth"": ""none"", ""threshold"": 0.9500000000000001}"
sleep,gru,density_hard,0,objective_e20_bs32_eval5,experiments/sleep/gru/density_hard/seed_0_objective_e20_bs32_eval5,1.0,none,8.0,1.0,0.0,0.0,0.0,0.4320386560371119,0.0,0.7606832060481608,0.09785972207707413,0.0,0.2393167939518393,-9578,9578,269,12482208,"{""initial_prob"": 1.0, ""scale"": 8.0, ""smooth"": ""none"", ""threshold"": 1.0}"
sleep,gru,density_hard,0,objective_e20_bs32_eval5,experiments/sleep/gru/density_hard/seed_0_objective_e20_bs32_eval5,0.0,none,16.0,0.0,0.2393167939518393,1.0,0.3862076187779625,0.19310380938898125,0.2393167939518393,0.2393167939518393,0.10517886566684609,1.0,0.2393167939518393,-9578,9578,269,12482208,"{""initial_prob"": 0.0, ""scale"": 16.0, ""smooth"": ""none"", ""threshold"": 0.0}"
sleep,gru,density_hard,0,objective_e20_bs32_eval5,experiments/sleep/gru/density_hard/seed_0_objective_e20_bs32_eval5,0.05,none,16.0,0.0,0.2821233204771883,0.9855192250139093,0.4386693348909565,0.3929569645076817,0.28095863656166625,0.3963992588490754,0.10517886566684609,0.8359865498155454,0.2393167939518393,2105,2105,269,12482208,"{""initial_prob"": 0.0, ""scale"": 16.0, ""smooth"": ""none"", ""threshold"": 0.05}"
sleep,gru,density_hard,0,objective_e20_bs32_eval5,experiments/sleep/gru/density_hard/seed_0_objective_e20_bs32_eval5,0.1,none,16.0,0.0,0.3413052667370777,0.9811914293040779,0.5064448228887541,0.5398903517416718,0.3390867847736918,0.5423215187569379,0.10517886566684609,0.6879928615193722,0.2393167939518393,2174,2174,269,12482208,"{""initial_prob"": 0.0, ""scale"": 16.0, ""smooth"": ""none"", ""threshold"": 0.1}"
sleep,gru,density_hard,0,objective_e20_bs32_eval5,experiments/sleep/gru/density_hard/seed_0_objective_e20_bs32_eval5,0.15000000000000002,none,16.0,0.0,0.39508612557080897,0.9777393694835501,0.5627681896918817,0.6257967356550773,0.39156396738201454,0.6364128846434861,0.10517886566684609,0.5922492238552667,0.2393167939518393,2320,2320,269,12482208,"{""initial_prob"": 0.0, ""scale"": 16.0, ""smooth"": ""none"", ""threshold"": 0.15000000000000002}"
sleep,gru,density_hard,0,objective_e20_bs32_eval5,experiments/sleep/gru/density_hard/seed_0_objective_e20_bs32_eval5,0.2,none,16.0,0.0,0.4233669178597246,0.97439945474059,0.5902681621253749,0.6613461861421126,0.41870953486819845,0.6762643275933232,0.10517886566684609,0.5507991855287141,0.2393167939518393,2467,2467,269,12482208,"{""initial_prob"": 0.0, ""scale"": 16.0, ""smooth"": ""none"", ""threshold"": 0.2}"
sleep,gru,density_hard,0,objective_e20_bs32_eval5,experiments/sleep/gru/density_hard/seed_0_objective_e20_bs32_eval5,0.25,none,16.0,0.0,0.4456992890772504,0.9713725419305423,0.6110347293541304,0.6860924829206426,0.4399208117493096,0.7040393814940433,0.10517886566684609,0.5215753494894493,0.2393167939518393,2715,2715,269,12482208,"{""initial_prob"": 0.0, ""scale"": 16.0, ""smooth"": ""none"", ""threshold"": 0.25}"
sleep,gru,density_hard,0,objective_e20_bs32_eval5,experiments/sleep/gru/density_hard/seed_0_objective_e20_bs32_eval5,0.30000000000000004,none,16.0,0.0,0.4696172664188839,0.9678990573787779,0.6323992318846398,0.7099664410513227,0.46241508971666156,0.7307111850723846,0.10517886566684609,0.493241019537569,0.2393167939518393,2783,2783,269,12482208,"{""initial_prob"": 0.0, ""scale"": 16.0, ""smooth"": ""none"", ""threshold"": 0.30000000000000004}"
sleep,gru,density_hard,0,objective_e20_bs32_eval5,experiments/sleep/gru/density_hard/seed_0_objective_e20_bs32_eval5,0.35000000000000003,none,16.0,0.0,0.49592028516603326,0.9643987919129674,0.6550142792846408,0.7336618614041197,0.487004634470214,0.756885881087705,0.10517886566684609,0.46539097890373243,0.2393167939518393,2878,2878,269,12482208,"{""initial_prob"": 0.0, ""scale"": 16.0, ""smooth"": ""none"", ""threshold"": 0.35000000000000003}"
sleep,gru,density_hard,0,objective_e20_bs32_eval5,experiments/sleep/gru/density_hard/seed_0_objective_e20_bs32_eval5,0.4,none,16.0,0.0,0.5288139767998514,0.9601948579305986,0.6820167207630665,0.7602195254513382,0.5174699341845449,0.7857248493215303,0.10517886566684609,0.43453986666461575,0.2393167939518393,3165,3165,269,12482208,"{""initial_prob"": 0.0, ""scale"": 16.0, ""smooth"": ""none"", ""threshold"": 0.4}"
sleep,gru,density_hard,0,objective_e20_bs32_eval5,experiments/sleep/gru/density_hard/seed_0_objective_e20_bs32_eval5,0.45,none,16.0,0.0,0.5928351947330436,0.9555620945620684,0.7317125189067033,0.8048733392846026,0.5769295446139294,0.8323042686037598,0.10517886566684609,0.3857430512293979,0.2393167939518393,3869,3869,269,12482208,"{""initial_prob"": 0.0, ""scale"": 16.0, ""smooth"": ""none"", ""threshold"": 0.45}"
sleep,gru,density_hard,0,objective_e20_bs32_eval5,experiments/sleep/gru/density_hard/seed_0_objective_e20_bs32_eval5,0.5,none,16.0,0.0,0.6890020977653394,0.9494265871541329,0.7985174041988111,0.8591927850354051,0.664610046778358,0.8853384753723059,0.10517886566684609,0.32977218453658197,0.2393167939518393,3741,3741,269,12482208,"{""initial_prob"": 0.0, ""scale"": 16.0, ""smooth"": ""none"", ""threshold"": 0.5}"
sleep,gru,density_hard,0,objective_e20_bs32_eval5,experiments/sleep/gru/density_hard/seed_0_objective_e20_bs32_eval5,0.55,none,16.0,0.0,0.7502159679457961,0.9416366887810065,0.8350974029781488,0.8870765083051959,0.7168817419697829,0.9110026847814104,0.10517886566684609,0.3003794681197429,0.2393167939518393,3432,3432,269,12482208,"{""initial_prob"": 0.0, ""scale"": 16.0, ""smooth"": ""none"", ""threshold"": 0.55}"
sleep,gru,density_hard,0,objective_e20_bs32_eval5,experiments/sleep/gru/density_hard/seed_0_objective_e20_bs32_eval5,0.6000000000000001,none,16.0,0.0,0.7780297214653972,0.9316654849588344,0.8479446336841208,0.8968493107947137,0.7360276758188589,0.9200354616747294,0.10517886566684609,0.286574138165299,0.2393167939518393,3169,3169,269,12482208,"{""initial_prob"": 0.0, ""scale"": 16.0, ""smooth"": ""none"", ""threshold"": 0.6000000000000001}"
sleep,gru,density_hard,0,objective_e20_bs32_eval5,experiments/sleep/gru/density_hard/seed_0_objective_e20_bs32_eval5,0.65,none,16.0,0.0,0.7958204658815852,0.9177126287408752,0.8524311483005127,0.9006077168947013,0.742814818507934,0.9239594469183657,0.10517886566684609,0.2759718472885566,0.2393167939518393,2790,2790,269,12482208,"{""initial_prob"": 0.0, ""scale"": 16.0, ""smooth"": ""none"", ""threshold"": 0.65}"
sleep,gru,density_hard,0,objective_e20_bs32_eval5,experiments/sleep/gru/density_hard/seed_0_objective_e20_bs32_eval5,0.7000000000000001,none,16.0,0.0,0.8088047091090461,0.8959772389011523,0.850162228575449,0.8998124641505088,0.7393758056166223,0.9244177792903306,0.10517886566684609,0.26511022729311995,0.2393167939518393,2515,2515,269,12482208,"{""initial_prob"": 0.0, ""scale"": 16.0, ""smooth"": ""none"", ""threshold"": 0.7000000000000001}"
sleep,gru,density_hard,0,objective_e20_bs32_eval5,experiments/sleep/gru/density_hard/seed_0_objective_e20_bs32_eval5,0.75,none,16.0,0.0,0.8179056128861862,0.860451352134874,0.8386392229948422,0.8930619065387237,0.7221177429097192,0.920758570919504,0.10517886566684609,0.25176555301754305,0.2393167939518393,2385,2385,269,12482208,"{""initial_prob"": 0.0, ""scale"": 16.0, ""smooth"": ""none"", ""threshold"": 0.75}"
sleep,gru,density_hard,0,objective_e20_bs32_eval5,experiments/sleep/gru/density_hard/seed_0_objective_e20_bs32_eval5,0.8,none,16.0,0.0,0.8236255774323665,0.8000938671037312,0.811689205928895,0.8767763951262622,0.6830613758443448,0.9111557025808255,0.10517886566684609,0.23247930173892312,0.2393167939518393,2342,2342,269,12482208,"{""initial_prob"": 0.0, ""scale"": 16.0, ""smooth"": ""none"", ""threshold"": 0.8}"
sleep,gru,density_hard,0,objective_e20_bs32_eval5,experiments/sleep/gru/density_hard/seed_0_objective_e20_bs32_eval5,0.8500000000000001,none,16.0,0.0,0.8253908224840544,0.7006660413323237,0.7579315474466088,0.8445817928922864,0.6102172113690558,0.8928918665671971,0.10517886566684609,0.20315364076612086,0.2393167939518393,2286,2286,269,12482208,"{""initial_prob"": 0.0, ""scale"": 16.0, ""smooth"": ""none"", ""threshold"": 0.8500000000000001}"
sleep,gru,density_hard,0,objective_e20_bs32_eval5,experiments/sleep/gru/density_hard/seed_0_objective_e20_bs32_eval5,0.9,none,16.0,0.0,0.824257698424462,0.551040405034544,0.6605103211446333,0.7879108015469584,0.4931059429357147,0.8644393684194335,0.10517886566684609,0.1599902837703073,0.2393167939518393,2361,2361,269,12482208,"{""initial_prob"": 0.0, ""scale"": 16.0, ""smooth"": ""none"", ""threshold"": 0.9}"
sleep,gru,density_hard,0,objective_e20_bs32_eval5,experiments/sleep/gru/density_hard/seed_0_objective_e20_bs32_eval5,0.9500000000000001,none,16.0,0.0,0.8229546203350973,0.3419895942758474,0.4831852258433282,0.688896684427221,0.3185525576858734,0.8249196776724118,0.10517886566684609,0.0994512349097211,0.2393167939518393,2642,2642,269,12482208,"{""initial_prob"": 0.0, ""scale"": 16.0, ""smooth"": ""none"", ""threshold"": 0.9500000000000001}"
sleep,gru,density_hard,0,objective_e20_bs32_eval5,experiments/sleep/gru/density_hard/seed_0_objective_e20_bs32_eval5,1.0,none,16.0,0.0,0.0,0.0,0.0,0.4320386560371119,0.0,0.7606832060481608,0.10517886566684609,0.0,0.2393167939518393,-9578,9578,269,12482208,"{""initial_prob"": 0.0, ""scale"": 16.0, ""smooth"": ""none"", ""threshold"": 1.0}"
sleep,gru,density_hard,0,objective_e20_bs32_eval5,experiments/sleep/gru/density_hard/seed_0_objective_e20_bs32_eval5,0.0,none,16.0,0.2393167939518393,0.2393167939518393,1.0,0.3862076187779625,0.19310380938898125,0.2393167939518393,0.2393167939518393,0.10561844246755608,1.0,0.2393167939518393,-9578,9578,269,12482208,"{""initial_prob"": 0.2393167939518393, ""scale"": 16.0, ""smooth"": ""none"", ""threshold"": 0.0}"
sleep,gru,density_hard,0,objective_e20_bs32_eval5,experiments/sleep/gru/density_hard/seed_0_objective_e20_bs32_eval5,0.05,none,16.0,0.2393167939518393,0.28063582360336264,0.9855192250139093,0.43686908596346347,0.3880778058646599,0.2794833638311961,0.39196815178852973,0.10561844246755608,0.8404176568760912,0.2393167939518393,2050,2050,269,12482208,"{""initial_prob"": 0.2393167939518393, ""scale"": 16.0, ""smooth"": ""none"", ""threshold"": 0.05}"
sleep,gru,density_hard,0,objective_e20_bs32_eval5,experiments/sleep/gru/density_hard/seed_0_objective_e20_bs32_eval5,0.1,none,16.0,0.2393167939518393,0.33835722652099387,0.981256707782065,0.5032006551607254,0.5342432610920527,0.3361844437570614,0.5363122453976091,0.10561844246755608,0.6940333793508328,0.2393167939518393,2147,2147,269,12482208,"{""initial_prob"": 0.2393167939518393, ""scale"": 16.0, ""smooth"": ""none"", ""threshold"": 0.1}"
sleep,gru,density_hard,0,objective_e20_bs32_eval5,experiments/sleep/gru/density_hard/seed_0_objective_e20_bs32_eval5,0.15000000000000002,none,16.0,0.2393167939518393,0.3910054776874318,0.9779104325720189,0.5586440086752663,0.620224066893325,0.3875822572894175,0.6302091745306599,0.10561844246755608,0.5985348105078845,0.2393167939518393,2323,2323,269,12482208,"{""initial_prob"": 0.2393167939518393, ""scale"": 16.0, ""smooth"": ""none"", ""threshold"": 0.15000000000000002}"
sleep,gru,density_hard,0,objective_e20_bs32_eval5,experiments/sleep/gru/density_hard/seed_0_objective_e20_bs32_eval5,0.2,none,16.0,0.2393167939518393,0.418752447055148,0.9745792216261238,0.5858008442330128,0.6558983761903221,0.41422796912596466,0.6701780646501003,0.10561844246755608,0.5569714909413462,0.2393167939518393,2477,2477,269,12482208,"{""initial_prob"": 0.2393167939518393, ""scale"": 16.0, ""smooth"": ""none"", ""threshold"": 0.2}"
sleep,gru,density_hard,0,objective_e20_bs32_eval5,experiments/sleep/gru/density_hard/seed_0_objective_e20_bs32_eval5,0.25,none,16.0,0.2393167939518393,0.4434479476156679,0.9715566607146086,0.6089518078596444,0.6837102202681441,0.43776470959116975,0.7013801564594981,0.10561844246755608,0.5243226999582126,0.2393167939518393,2775,2775,269,12482208,"{""initial_prob"": 0.2393167939518393, ""scale"": 16.0, ""smooth"": ""none"", ""threshold"": 0.25}"
sleep,gru,density_hard,0,objective_e20_bs32_eval5,experiments/sleep/gru/density_hard/seed_0_objective_e20_bs32_eval5,0.30000000000000004,none,16.0,0.2393167939518393,0.4688428921210942,0.9679295206685051,0.631703214510511,0.7092268226395342,0.46167119678244956,0.729895544121681,0.10561844246755608,0.49407124124193413,0.2393167939518393,2797,2797,269,12482208,"{""initial_prob"": 0.2393167939518393, ""scale"": 16.0, ""smooth"": ""none"", ""threshold"": 0.30000000000000004}"
sleep,gru,density_hard,0,objective_e20_bs32_eval5,experiments/sleep/gru/density_hard/seed_0_objective_e20_bs32_eval5,0.35000000000000003,none,16.0,0.2393167939518393,0.4953617880943534,0.964407830471458,0.6545290178376181,0.7331782410760224,0.48646832708772936,0.7563611341839521,0.10561844246755608,0.4659200519651651,0.2393167939518393,2890,2890,269,12482208,"{""initial_prob"": 0.2393167939518393, ""scale"": 16.0, ""smooth"": ""none"", ""threshold"": 0.35000000000000003}"
sleep,gru,density_hard,0,objective_e20_bs32_eval5,experiments/sleep/gru/density_hard/seed_0_objective_e20_bs32_eval5,0.4,none,16.0,0.2393167939518393,0.5285895675730463,0.9602002141134078,0.6818314072344236,0.7600459677532714,0.5172566020587026,0.7855405069359523,0.10561844246755608,0.43472677269918913,0.2393167939518393,3177,3177,269,12482208,"{""initial_prob"": 0.2393167939518393, ""scale"": 16.0, ""smooth"": ""none"", ""threshold"": 0.4}"
sleep,gru,density_hard,0,objective_e20_bs32_eval5,experiments/sleep/gru/density_hard/seed_0_objective_e20_bs32_eval5,0.45,none,16.0,0.2393167939518393,0.5925912547185146,0.955566446460601,0.7315279561555283,0.804716303170267,0.5767001012796634,0.8321458030502296,0.10561844246755608,0.3859035997477369,0.2393167939518393,3865,3865,269,12482208,"{""initial_prob"": 0.2393167939518393, ""scale"": 16.0, ""smooth"": ""none"", ""threshold"": 0.45}"
sleep,gru,density_hard,0,objective_e20_bs32_eval5,experiments/sleep/gru/density_hard/seed_0_objective_e20_bs32_eval5,0.5,none,16.0,0.2393167939518393,0.6887368585674418,0.9494316085755165,0.7983410212447576,0.8590568377741039,0.6643657105377201,0.8852121355452497,0.10561844246755608,0.3299009277845715,0.2393167939518393,3741,3741,269,12482208,"{""initial_prob"": 0.2393167939518393, ""scale"": 16.0, ""smooth"": ""none"", ""threshold"": 0.5}"
sleep,gru,density_hard,0,objective_e20_bs32_eval5,experiments/sleep/gru/density_hard/seed_0_objective_e20_bs32_eval5,0.55,none,16.0,0.2393167939518393,0.7499608738137167,0.941639366872411,0.8349403900659064,0.8869610125111467,0.7166503610172688,0.9109009399619041,0.10561844246755608,0.30048249476374694,0.2393167939518393,3438,3438,269,12482208,"{""initial_prob"": 0.2393167939518393, ""scale"": 16.0, ""smooth"": ""none"", ""threshold"": 0.55}"
sleep,gru,density_hard,0,objective_e20_bs32_eval5,experiments/sleep/gru/density_hard/seed_0_objective_e20_bs32_eval5,0.6000000000000001,none,16.0,0.2393167939518393,0.7778658815400973,0.9316708411416436,0.8478495378712803,0.8967804581709518,0.7358843881421431,0.9199760170636477,0.10561844246755608,0.28663614642537605,0.2393167939518393,3175,3175,269,12482208,"{""initial_prob"": 0.2393167939518393, ""scale"": 16.0, ""smooth"": ""none"", ""threshold"": 0.6000000000000001}"
sleep,gru,density_hard,0,objective_e20_bs32_eval5,experiments/sleep/gru/density_hard/seed_0_objective_e20_bs32_eval5,0.65,none,16.0,0.2393167939518393,0.7957306913955511,0.91771831968511,0.852382099854641,0.9005724815496772,0.7427403317312121,0.9239293240426694,0.10561844246755608,0.2760046940413106,0.2393167939518393,2794,2794,269,12482208,"{""initial_prob"": 0.2393167939518393, ""scale"": 16.0, ""smooth"": ""none"", ""threshold"": 0.65}"
sleep,gru,density_hard,0,objective_e20_bs32_eval5,experiments/sleep/gru/density_hard/seed_0_objective_e20_bs32_eval5,0.7000000000000001,none,16.0,0.2393167939518393,0.8087426377183302,0.8959829298453871,0.850130498211903,0.8997897717566923,0.7393278079729161,0.9243984718088338,0.10561844246755608,0.26513225865167445,0.2393167939518393,2519,2519,269,12482208,"{""initial_prob"": 0.2393167939518393, ""scale"": 16.0, ""smooth"": ""none"", ""threshold"": 0.7000000000000001}"
sleep,gru,density_hard,0,objective_e20_bs32_eval5,experiments/sleep/gru/density_hard/seed_0_objective_e20_bs32_eval5,0.75,none,16.0,0.2393167939518393,0.8178788676203819,0.8604607254547901,0.8386296154490533,0.8930547614593961,0.722103496528643,0.9207520816829843,0.10561844246755608,0.25177652863980476,0.2393167939518393,2385,2385,269,12482208,"{""initial_prob"": 0.2393167939518393, ""scale"": 16.0, ""smooth"": ""none"", ""threshold"": 0.75}"
sleep,gru,density_hard,0,objective_e20_bs32_eval5,experiments/sleep/gru/density_hard/seed_0_objective_e20_bs32_eval5,0.8,none,16.0,0.2393167939518393,0.823588455069798,0.8001410684647372,0.8116954663487146,0.8767785408778415,0.6830702428228818,0.9111541003002033,0.10561844246755608,0.23250349617631752,0.2393167939518393,2346,2346,269,12482208,"{""initial_prob"": 0.2393167939518393, ""scale"": 16.0, ""smooth"": ""none"", ""threshold"": 0.8}"
sleep,gru,density_hard,0,objective_e20_bs32_eval5,experiments/sleep/gru/density_hard/seed_0_objective_e20_bs32_eval5,0.8500000000000001,none,16.0,0.2393167939518393,0.8253561215363819,0.7006713975151329,0.7579200504641026,0.8445734040205488,0.6102023068219552,0.892884335848273,0.10561844246755608,0.20316373513404037,0.2393167939518393,2288,2288,269,12482208,"{""initial_prob"": 0.2393167939518393, ""scale"": 16.0, ""smooth"": ""none"", ""threshold"": 0.8500000000000001}"
sleep,gru,density_hard,0,objective_e20_bs32_eval5,experiments/sleep/gru/density_hard/seed_0_objective_e20_bs32_eval5,0.9,none,16.0,0.2393167939518393,0.8242170190671272,0.5510614950043552,0.6605124097962265,0.7879102487630629,0.49310827112309735,0.8644354428319092,0.10561844246755608,0.16000430372575108,0.2393167939518393,2367,2367,269,12482208,"{""initial_prob"": 0.2393167939518393, ""scale"": 16.0, ""smooth"": ""none"", ""threshold"": 0.9}"
sleep,gru,density_hard,0,objective_e20_bs32_eval5,experiments/sleep/gru/density_hard/seed_0_objective_e20_bs32_eval5,0.9500000000000001,none,16.0,0.2393167939518393,0.8228850768305089,0.3419959547429334,0.4831795863552424,0.6888913692264818,0.3185476553511127,0.8249124674096121,0.10561844246755608,0.09946148950570284,0.2393167939518393,2646,2646,269,12482208,"{""initial_prob"": 0.2393167939518393, ""scale"": 16.0, ""smooth"": ""none"", ""threshold"": 0.9500000000000001}"
sleep,gru,density_hard,0,objective_e20_bs32_eval5,experiments/sleep/gru/density_hard/seed_0_objective_e20_bs32_eval5,1.0,none,16.0,0.2393167939518393,0.0,0.0,0.0,0.4320386560371119,0.0,0.7606832060481608,0.10561844246755608,0.0,0.2393167939518393,-9578,9578,269,12482208,"{""initial_prob"": 0.2393167939518393, ""scale"": 16.0, ""smooth"": ""none"", ""threshold"": 1.0}"
sleep,gru,density_hard,0,objective_e20_bs32_eval5,experiments/sleep/gru/density_hard/seed_0_objective_e20_bs32_eval5,0.0,none,16.0,0.5,0.2393167939518393,1.0,0.3862076187779625,0.19310380938898125,0.2393167939518393,0.2393167939518393,0.10669312049568813,1.0,0.2393167939518393,-9578,9578,269,12482208,"{""initial_prob"": 0.5, ""scale"": 16.0, ""smooth"": ""none"", ""threshold"": 0.0}"
sleep,gru,density_hard,0,objective_e20_bs32_eval5,experiments/sleep/gru/density_hard/seed_0_objective_e20_bs32_eval5,0.05,none,16.0,0.5,0.2805812868418738,0.9855192250139093,0.43680300224585333,0.3878973446678504,0.2794292740284241,0.3918047992791019,0.10669312049568813,0.8405810093855189,0.2393167939518393,2036,2036,269,12482208,"{""initial_prob"": 0.5, ""scale"": 16.0, ""smooth"": ""none"", ""threshold"": 0.05}"
sleep,gru,density_hard,0,objective_e20_bs32_eval5,experiments/sleep/gru/density_hard/seed_0_objective_e20_bs32_eval5,0.1,none,16.0,0.5,0.3381756678803653,0.981256707782065,0.5029998484760344,0.5338921774671783,0.3360052087930479,0.535939635038929,0.10669312049568813,0.694405989709513,0.2393167939518393,2125,2125,269,12482208,"{""initial_prob"": 0.5, ""scale"": 16.0, ""smooth"": ""none"", ""threshold"": 0.1}"
sleep,gru,density_hard,0,objective_e20_bs32_eval5,experiments/sleep/gru/density_hard/seed_0_objective_e20_bs32_eval5,0.15000000000000002,none,16.0,0.5,0.3906313706082126,0.9779104325720189,0.5582620738657401,0.6197078468324061,0.38721466900895884,0.6296359586380871,0.10669312049568813,0.5991080264004573,0.2393167939518393,2287,2287,269,12482208,"{""initial_prob"": 0.5, ""scale"": 16.0, ""smooth"": ""none"", ""threshold"": 0.15000000000000002}"
sleep,gru,density_hard,0,objective_e20_bs32_eval5,experiments/sleep/gru/density_hard/seed_0_objective_e20_bs32_eval5,0.2,none,16.0,0.5,0.4181255805075562,0.9745792216261238,0.5851871870747113,0.6551493452654953,0.41361456563626203,0.6693430361038688,0.10669312049568813,0.5578065194875779,0.2393167939518393,2450,2450,269,12482208,"{""initial_prob"": 0.5, ""scale"": 16.0, ""smooth"": ""none"", ""threshold"": 0.2}"
sleep,gru,density_hard,0,objective_e20_bs32_eval5,experiments/sleep/gru/density_hard/seed_0_objective_e20_bs32_eval5,0.25,none,16.0,0.5,0.4398677231315832,0.9715573302374597,0.6055676987215995,0.6798679500979301,0.43427543823133014,0.6971124820224114,0.10669312049568813,0.5285906948514237,0.2393167939518393,2704,2704,269,12482208,"{""initial_prob"": 0.5, ""scale"": 16.0, ""smooth"": ""none"", ""threshold"": 0.25}"
sleep,gru,density_hard,0,objective_e20_bs32_eval5,experiments/sleep/gru/density_hard/seed_0_objective_e20_bs32_eval5,0.30000000000000004,none,16.0,0.5,0.4631802792727543,0.9680855194928231,0.6265756111343186,0.7037469038397093,0.45621412886938095,0.7238493381940119,0.10669312049568813,0.5001921134465953,0.2393167939518393,2776,2776,269,12482208,"{""initial_prob"": 0.5, ""scale"": 16.0, ""smooth"": ""none"", ""threshold"": 0.30000000000000004}"
sleep,gru,density_hard,0,objective_e20_bs32_eval5,experiments/sleep/gru/density_hard/seed_0_objective_e20_bs32_eval5,0.35000000000000003,none,16.0,0.5,0.48889813040790053,0.9645865930727149,0.6489020136936664,0.7275175118076247,0.48027753743283375,0.750199323709395,0.10669312049568813,0.47216742422494484,0.2393167939518393,2895,2895,269,12482208,"{""initial_prob"": 0.5, ""scale"": 16.0, ""smooth"": ""none"", ""threshold"": 0.35000000000000003}"
sleep,gru,density_hard,0,objective_e20_bs32_eval5,experiments/sleep/gru/density_hard/seed_0_objective_e20_bs32_eval5,0.4,none,16.0,0.5,0.5209723635387643,0.9603846676588995,0.6755074700825258,0.7540820638008543,0.5100122913676342,0.7791878648392977,0.10669312049568813,0.4411677004581241,0.2393167939518393,3190,3190,269,12482208,"{""initial_prob"": 0.5, ""scale"": 16.0, ""smooth"": ""none"", ""threshold"": 0.4}"
sleep,gru,density_hard,0,objective_e20_bs32_eval5,experiments/sleep/gru/density_hard/seed_0_objective_e20_bs32_eval5,0.45,none,16.0,0.5,0.5846986231767265,0.9557535780974973,0.7255373464331942,0.7995882529749342,0.5692888249040893,0.826949606992609,0.10669312049568813,0.3911893632921355,0.2393167939518393,3930,3930,269,12482208,"{""initial_prob"": 0.5, ""scale"": 16.0, ""smooth"": ""none"", ""threshold"": 0.45}"
sleep,gru,density_hard,0,objective_e20_bs32_eval5,experiments/sleep/gru/density_hard/seed_0_objective_e20_bs32_eval5,0.5,none,16.0,0.5,0.6877149694250888,0.9494597285352647,0.7976640110471521,0.8585342272297343,0.6634285410868079,0.884725603034335,0.10669312049568813,0.3304009194527122,0.2393167939518393,3814,3814,269,12482208,"{""initial_prob"": 0.5, ""scale"": 16.0, ""smooth"": ""none"", ""threshold"": 0.5}"
sleep,gru,density_hard,0,objective_e20_bs32_eval5,experiments/sleep/gru/density_hard/seed_0_objective_e20_bs32_eval5,0.55,none,16.0,0.5,0.7495437415246774,0.941648070669476,0.8346852355835133,0.8867730908930214,0.7162744874355634,0.910735103917512,0.10669312049568813,0.3006524967377567,0.2393167939518393,3454,3454,269,12482208,"{""initial_prob"": 0.5, ""scale"": 16.0, ""smooth"": ""none"", ""threshold"": 0.55}"
sleep,gru,density_hard,0,objective_e20_bs32_eval5,experiments/sleep/gru/density_hard/seed_0_objective_e20_bs32_eval5,0.6000000000000001,none,16.0,0.5,0.7775213146556661,0.9316772016087295,0.8476474508212999,0.8966343166176627,0.735579967628337,0.919850077806747,0.10669312049568813,0.2867651300154588,0.2393167939518393,3185,3185,269,12482208,"{""initial_prob"": 0.5, ""scale"": 16.0, ""smooth"": ""none"", ""threshold"": 0.6000000000000001}"
sleep,gru,density_hard,0,objective_e20_bs32_eval5,experiments/sleep/gru/density_hard/seed_0_objective_e20_bs32_eval5,0.65,none,16.0,0.5,0.7954883373802748,0.917725349675047,0.852246066092934,0.9004750779183276,0.7425337791627562,0.9238464861345044,0.10669312049568813,0.2760908967387821,0.2393167939518393,2800,2800,269,12482208,"{""initial_prob"": 0.5, ""scale"": 16.0, ""smooth"": ""none"", ""threshold"": 0.65}"
sleep,gru,density_hard,0,objective_e20_bs32_eval5,experiments/sleep/gru/density_hard/seed_0_objective_e20_bs32_eval5,0.7000000000000001,none,16.0,0.5,0.808546002097108,0.895991633642452,0.8500257642944197,0.8997152450035557,0.7391693986716807,0.9243355822944146,0.10669312049568813,0.2651993140957113,0.2393167939518393,2527,2527,269,12482208,"{""initial_prob"": 0.5, ""scale"": 16.0, ""smooth"": ""none"", ""threshold"": 0.7000000000000001}"
sleep,gru,density_hard,0,objective_e20_bs32_eval5,experiments/sleep/gru/density_hard/seed_0_objective_e20_bs32_eval5,0.75,none,16.0,0.5,0.8178077162188733,0.8604721073432596,0.8385976153640865,0.8930317649896434,0.7220560474628073,0.9207322935173008,0.10669312049568813,0.25180176455960357,0.2393167939518393,2389,2389,269,12482208,"{""initial_prob"": 0.5, ""scale"": 16.0, ""smooth"": ""none"", ""threshold"": 0.75}"
sleep,gru,density_hard,0,objective_e20_bs32_eval5,experiments/sleep/gru/density_hard/seed_0_objective_e20_bs32_eval5,0.8,none,16.0,0.5,0.8235163802316792,0.8001551284446113,0.8116676944559147,0.8767583971251198,0.6830309086685037,0.9111363950993285,0.10669312049568813,0.23252793095580526,0.2393167939518393,2348,2348,269,12482208,"{""initial_prob"": 0.5, ""scale"": 16.0, ""smooth"": ""none"", ""threshold"": 0.8}"
sleep,gru,density_hard,0,objective_e20_bs32_eval5,experiments/sleep/gru/density_hard/seed_0_objective_e20_bs32_eval5,0.8500000000000001,none,16.0,0.5,0.8252946775482007,0.7006827794036025,0.757900801033573,0.8445592060485037,0.6101773527140472,0.8928713573752336,0.10669312049568813,0.20318216136119507,0.2393167939518393,2292,2292,269,12482208,"{""initial_prob"": 0.5, ""scale"": 16.0, ""smooth"": ""none"", ""threshold"": 0.8500000000000001}"
sleep,gru,density_hard,0,objective_e20_bs32_eval5,experiments/sleep/gru/density_hard/seed_0_objective_e20_bs32_eval5,0.9,none,16.0,0.5,0.8241215313064766,0.5510812459284642,0.6604959323627926,0.7878967381551953,0.49308990418212134,0.8644206217361544,0.10669312049568813,0.1600285782771766,0.2393167939518393,2363,2363,269,12482208,"{""initial_prob"": 0.5, ""scale"": 16.0, ""smooth"": ""none"", ""threshold"": 0.9}"
sleep,gru,density_hard,0,objective_e20_bs32_eval5,experiments/sleep/gru/density_hard/seed_0_objective_e20_bs32_eval5,0.9500000000000001,none,16.0,0.5,0.8227983180486014,0.3420023152100193,0.48317097654093133,0.6888838758086663,0.3185401710201186,0.8249031741820037,0.10669312049568813,0.09947382706649337,0.2393167939518393,2644,2644,269,12482208,"{""initial_prob"": 0.5, ""scale"": 16.0, ""smooth"": ""none"", ""threshold"": 0.9500000000000001}"
sleep,gru,density_hard,0,objective_e20_bs32_eval5,experiments/sleep/gru/density_hard/seed_0_objective_e20_bs32_eval5,1.0,none,16.0,0.5,0.0,0.0,0.0,0.4320386560371119,0.0,0.7606832060481608,0.10669312049568813,0.0,0.2393167939518393,-9578,9578,269,12482208,"{""initial_prob"": 0.5, ""scale"": 16.0, ""smooth"": ""none"", ""threshold"": 1.0}"
sleep,gru,density_hard,0,objective_e20_bs32_eval5,experiments/sleep/gru/density_hard/seed_0_objective_e20_bs32_eval5,0.0,none,16.0,1.0,0.2393167939518393,1.0,0.3862076187779625,0.19310380938898125,0.2393167939518393,0.2393167939518393,0.11049312067916221,1.0,0.2393167939518393,-9578,9578,269,12482208,"{""initial_prob"": 1.0, ""scale"": 16.0, ""smooth"": ""none"", ""threshold"": 0.0}"
sleep,gru,density_hard,0,objective_e20_bs32_eval5,experiments/sleep/gru/density_hard/seed_0_objective_e20_bs32_eval5,0.05,none,16.0,1.0,0.2805034635774121,0.9855192250139093,0.43670869176305144,0.38763963390984413,0.27935208841886516,0.3915715873345485,0.11049312067916221,0.8408142213300723,0.2393167939518393,2020,2020,269,12482208,"{""initial_prob"": 1.0, ""scale"": 16.0, ""smooth"": ""none"", ""threshold"": 0.05}"
sleep,gru,density_hard,0,objective_e20_bs32_eval5,experiments/sleep/gru/density_hard/seed_0_objective_e20_bs32_eval5,0.1,none,16.0,1.0,0.3380652119957299,0.981256707782065,0.5028776555072272,0.5336783555931273,0.3358961659727301,0.5357127521028331,0.11049312067916221,0.6946328726456088,0.2393167939518393,2105,2105,269,12482208,"{""initial_prob"": 1.0, ""scale"": 16.0, ""smooth"": ""none"", ""threshold"": 0.1}"
sleep,gru,density_hard,0,objective_e20_bs32_eval5,experiments/sleep/gru/density_hard/seed_0_objective_e20_bs32_eval5,0.15000000000000002,none,16.0,1.0,0.39036817375591537,0.9779104325720189,0.5579932447887791,0.6193440397119644,0.386956054659429,0.629232023693244,0.11049312067916221,0.5995119613453005,0.2393167939518393,2263,2263,269,12482208,"{""initial_prob"": 1.0, ""scale"": 16.0, ""smooth"": ""none"", ""threshold"": 0.15000000000000002}"
sleep,gru,density_hard,0,objective_e20_bs32_eval5,experiments/sleep/gru/density_hard/seed_0_objective_e20_bs32_eval5,0.2,none,16.0,1.0,0.41778505960967416,0.9745792216261238,0.5848536100625039,0.654741533070289,0.4132813497042773,0.6688883889773348,0.11049312067916221,0.5582611666141118,0.2393167939518393,2420,2420,269,12482208,"{""initial_prob"": 1.0, ""scale"": 16.0, ""smooth"": ""none"", ""threshold"": 0.2}"
sleep,gru,density_hard,0,objective_e20_bs32_eval5,experiments/sleep/gru/density_hard/seed_0_objective_e20_bs32_eval5,0.25,none,16.0,1.0,0.43937314612778483,0.971561012613141,0.6050995592138259,0.6793326160547082,0.43379408416617043,0.696517234771284,0.11049312067916221,0.5291877046112354,0.2393167939518393,2684,2684,269,12482208,"{""initial_prob"": 1.0, ""scale"": 16.0, ""smooth"": ""none"", ""threshold"": 0.25}"
sleep,gru,density_hard,0,objective_e20_bs32_eval5,experiments/sleep/gru/density_hard/seed_0_objective_e20_bs32_eval5,0.30000000000000004,none,16.0,1.0,0.46251852278352357,0.9680855194928231,0.6259698297671218,0.7030977425423788,0.45557211430155786,0.7231336795541302,0.11049312067916221,0.500907772086477,0.2393167939518393,2746,2746,269,12482208,"{""initial_prob"": 1.0, ""scale"": 16.0, ""smooth"": ""none"", ""threshold"": 0.30000000000000004}"
sleep,gru,density_hard,0,objective_e20_bs32_eval5,experiments/sleep/gru/density_hard/seed_0_objective_e20_bs32_eval5,0.35000000000000003,none,16.0,1.0,0.4879277788511802,0.964587262595566,0.6480468802272986,0.7266545833517077,0.47934123657797556,0.7492603071507862,0.11049312067916221,0.4731067612396781,0.2393167939518393,2857,2857,269,12482208,"{""initial_prob"": 1.0, ""scale"": 16.0, ""smooth"": ""none"", ""threshold"": 0.35000000000000003}"
sleep,gru,density_hard,0,objective_e20_bs32_eval5,experiments/sleep/gru/density_hard/seed_0_objective_e20_bs32_eval5,0.4,none,16.0,1.0,0.5197303142969619,0.9603846676588995,0.6744624995400906,0.7530928485115649,0.5088218924821656,0.7781335641899254,0.11049312067916221,0.4422220011074964,0.2393167939518393,3150,3150,269,12482208,"{""initial_prob"": 1.0, ""scale"": 16.0, ""smooth"": ""none"", ""threshold"": 0.4}"
sleep,gru,density_hard,0,objective_e20_bs32_eval5,experiments/sleep/gru/density_hard/seed_0_objective_e20_bs32_eval5,0.45,none,16.0,1.0,0.5812238833802719,0.9557542476203484,0.7228563427866557,0.7972843790759965,0.5659945447044599,0.8246109983105553,0.11049312067916221,0.3935282924303136,0.2393167939518393,3846,3846,269,12482208,"{""initial_prob"": 1.0, ""scale"": 16.0, ""smooth"": ""none"", ""threshold"": 0.45}"
sleep,gru,density_hard,0,objective_e20_bs32_eval5,experiments/sleep/gru/density_hard/seed_0_objective_e20_bs32_eval5,0.5,none,16.0,1.0,0.6735822592054284,0.9496261049637754,0.7881320861839444,0.8511422264335395,0.6503448743866748,0.8778138451145823,0.11049312067916221,0.3373923107193855,0.2393167939518393,3730,3730,269,12482208,"{""initial_prob"": 1.0, ""scale"": 16.0, ""smooth"": ""none"", ""threshold"": 0.5}"
sleep,gru,density_hard,0,objective_e20_bs32_eval5,experiments/sleep/gru/density_hard/seed_0_objective_e20_bs32_eval5,0.55,none,16.0,1.0,0.7327895099155874,0.9418318546921166,0.824263344310554,0.8790605896044461,0.7010611945471839,0.9038890395032674,0.11049312067916221,0.30758652635815714,0.2393167939518393,3442,3442,269,12482208,"{""initial_prob"": 1.0, ""scale"": 16.0, ""smooth"": ""none"", ""threshold"": 0.55}"
sleep,gru,density_hard,0,objective_e20_bs32_eval5,experiments/sleep/gru/density_hard/seed_0_objective_e20_bs32_eval5,0.6000000000000001,none,16.0,1.0,0.7602000019662655,0.9318663418141793,0.837325081824753,0.8891350108762595,0.7201712780893971,0.9133470616737038,0.11049312067916221,0.2933586750036532,0.2393167939518393,3198,3198,269,12482208,"{""initial_prob"": 1.0, ""scale"": 16.0, ""smooth"": ""none"", ""threshold"": 0.6000000000000001}"
sleep,gru,density_hard,0,objective_e20_bs32_eval5,experiments/sleep/gru/density_hard/seed_0_objective_e20_bs32_eval5,0.65,none,16.0,1.0,0.7775765627680707,0.9179195113018805,0.8419396652243928,0.893070454052098,0.7270257342744858,0.9175198009839285,0.11049312067916221,0.28251051416544254,0.2393167939518393,2829,2829,269,12482208,"{""initial_prob"": 1.0, ""scale"": 16.0, ""smooth"": ""none"", ""threshold"": 0.65}"
sleep,gru,density_hard,0,objective_e20_bs32_eval5,experiments/sleep/gru/density_hard/seed_0_objective_e20_bs32_eval5,0.7000000000000001,none,16.0,1.0,0.7902197251413758,0.896186130030711,0.8398736937213921,0.892480338766529,0.7239502191925073,0.9182194368175887,0.11049312067916221,0.27140855207668385,0.2393167939518393,2558,2558,269,12482208,"{""initial_prob"": 1.0, ""scale"": 16.0, ""smooth"": ""none"", ""threshold"": 0.7000000000000001}"
sleep,gru,density_hard,0,objective_e20_bs32_eval5,experiments/sleep/gru/density_hard/seed_0_objective_e20_bs32_eval5,0.75,none,16.0,1.0,0.7991109420272288,0.860674972767158,0.8287512047629638,0.8860566518724273,0.7075791310378613,0.9148772396678536,0.11049312067916221,0.2577539166147528,0.2393167939518393,2453,2453,269,12482208,"{""initial_prob"": 1.0, ""scale"": 16.0, ""smooth"": ""none"", ""threshold"": 0.75}"
sleep,gru,density_hard,0,objective_e20_bs32_eval5,experiments/sleep/gru/density_hard/seed_0_objective_e20_bs32_eval5,0.8,none,16.0,1.0,0.805231293186022,0.8003603371984888,0.8027884265724521,0.8704953040748706,0.6705485015268563,0.9058934124475413,0.11049312067916221,0.23786913340973007,0.2393167939518393,2431,2431,269,12482208,"{""initial_prob"": 1.0, ""scale"": 16.0, ""smooth"": ""none"", ""threshold"": 0.8}"
sleep,gru,density_hard,0,objective_e20_bs32_eval5,experiments/sleep/gru/density_hard/seed_0_objective_e20_bs32_eval5,0.8500000000000001,none,16.0,1.0,0.8074985671208424,0.7008521686849433,0.7504052055562445,0.8392793728543871,0.600518831298653,0.8884243877365287,0.11049312067916221,0.20771020639938062,0.2393167939518393,2428,2428,269,12482208,"{""initial_prob"": 1.0, ""scale"": 16.0, ""smooth"": ""none"", ""threshold"": 0.8500000000000001}"
sleep,gru,density_hard,0,objective_e20_bs32_eval5,experiments/sleep/gru/density_hard/seed_0_objective_e20_bs32_eval5,0.9,none,16.0,1.0,0.8087512146140794,0.5511227563452354,0.6555330980873723,0.7843848985953867,0.4875784574204216,0.8613868636061826,0.11049312067916221,0.1630822046868631,0.2393167939518393,2574,2574,269,12482208,"{""initial_prob"": 1.0, ""scale"": 16.0, ""smooth"": ""none"", ""threshold"": 0.9}"
sleep,gru,density_hard,0,objective_e20_bs32_eval5,experiments/sleep/gru/density_hard/seed_0_objective_e20_bs32_eval5,0.9500000000000001,none,16.0,1.0,0.8146597501506941,0.3420401432511092,0.4817953891617811,0.68786700185071,0.3173454919859426,0.8239164096608549,0.11049312067916221,0.10047869735867244,0.2393167939518393,2889,2889,269,12482208,"{""initial_prob"": 1.0, ""scale"": 16.0, ""smooth"": ""none"", ""threshold"": 0.9500000000000001}"
sleep,gru,density_hard,0,objective_e20_bs32_eval5,experiments/sleep/gru/density_hard/seed_0_objective_e20_bs32_eval5,1.0,none,16.0,1.0,0.0,0.0,0.0,0.4320386560371119,0.0,0.7606832060481608,0.11049312067916221,0.0,0.2393167939518393,-9578,9578,269,12482208,"{""initial_prob"": 1.0, ""scale"": 16.0, ""smooth"": ""none"", ""threshold"": 1.0}"
sleep,gru,density_hard,1,objective_e20_bs32_eval5,experiments/sleep/gru/density_hard/seed_1_objective_e20_bs32_eval5,0.0,none,0.25,0.0,0.2393167939518393,1.0,0.3862076187779625,0.19310380938898125,0.2393167939518393,0.2393167939518393,0.2043047887908365,1.0,0.2393167939518393,-9578,9578,269,12482208,"{""initial_prob"": 0.0, ""scale"": 0.25, ""smooth"": ""none"", ""threshold"": 0.0}"
sleep,gru,density_hard,1,objective_e20_bs32_eval5,experiments/sleep/gru/density_hard/seed_1_objective_e20_bs32_eval5,0.05,none,0.25,0.0,0.24299105289295223,0.9991731392788301,0.3909147191100856,0.2157214138885143,0.24294220061095073,0.25485635233766335,0.2043047887908365,0.9840646783005058,0.2393167939518393,-9309,9309,269,12482208,"{""initial_prob"": 0.0, ""scale"": 0.25, ""smooth"": ""none"", ""threshold"": 0.05}"
sleep,gru,density_hard,1,objective_e20_bs32_eval5,experiments/sleep/gru/density_hard/seed_1_objective_e20_bs32_eval5,0.1,none,0.25,0.0,0.2435369909732939,0.9983044333794635,0.3915541115199132,0.21961917419168334,0.24343629731300143,0.2575001954782359,0.2043047887908365,0.9810050433384863,0.2393167939518393,-9297,9297,269,12482208,"{""initial_prob"": 0.0, ""scale"": 0.25, ""smooth"": ""none"", ""threshold"": 0.1}"
sleep,gru,density_hard,1,objective_e20_bs32_eval5,experiments/sleep/gru/density_hard/seed_1_objective_e20_bs32_eval5,0.15000000000000002,none,0.25,0.0,0.2451233620334443,0.993744313240283,0.39324611001615367,0.23242256050746044,0.2447457027909279,0.2661184623746055,0.2043047887908365,0.9702041497786289,0.2393167939518393,-9169,9169,269,12482208,"{""initial_prob"": 0.0, ""scale"": 0.25, ""smooth"": ""none"", ""threshold"": 0.15000000000000002}"
sleep,gru,density_hard,1,objective_e20_bs32_eval5,experiments/sleep/gru/density_hard/seed_1_objective_e20_bs32_eval5,0.2,none,0.25,0.0,0.24483576439686114,0.9690553233427134,0.39090722920664817,0.2512429768450188,0.24293641504207003,0.2772942896000451,0.2043047887908365,0.9472113427367979,0.2393167939518393,-9099,9099,269,12482208,"{""initial_prob"": 0.0, ""scale"": 0.25, ""smooth"": ""none"", ""threshold"": 0.2}"
sleep,gru,density_hard,1,objective_e20_bs32_eval5,experiments/sleep/gru/density_hard/seed_1_objective_e20_bs32_eval5,0.25,none,0.25,0.0,0.24425260277244756,0.9475107475155681,0.3883857750443732,0.265168996718807,0.24099177646255066,0.2858300390443742,0.2043047887908365,0.9283636356644593,0.2393167939518393,-9083,9083,269,12482208,"{""initial_prob"": 0.0, ""scale"": 0.25, ""smooth"": ""none"", ""threshold"": 0.25}"
sleep,gru,density_hard,1,objective_e20_bs32_eval5,experiments/sleep/gru/density_hard/seed_1_objective_e20_bs32_eval5,0.30000000000000004,none,0.25,0.0,0.24817467339264945,0.931505134235984,0.3919300490822104,0.2949304284519739,0.24372699014649227,0.30827510645552453,0.2043047887908365,0.898257744142703,0.2393167939518393,-8855,8855,269,12482208,"{""initial_prob"": 0.0, ""scale"": 0.25, ""smooth"": ""none"", ""threshold"": 0.30000000000000004}"
sleep,gru,density_hard,1,objective_e20_bs32_eval5,experiments/sleep/gru/density_hard/seed_1_objective_e20_bs32_eval5,0.35000000000000003,none,0.25,0.0,0.2529512732795079,0.9019587560533234,0.39509850983126,0.333325426208605,0.24618240574361927,0.3390492291107471,0.2043047887908365,0.8533417324883547,0.2393167939518393,-8459,8459,269,12482208,"{""initial_prob"": 0.0, ""scale"": 0.25, ""smooth"": ""none"", ""threshold"": 0.35000000000000003}"
sleep,gru,density_hard,1,objective_e20_bs32_eval5,experiments/sleep/gru/density_hard/seed_1_objective_e20_bs32_eval5,0.4,none,0.25,0.0,0.2775375544963016,0.8643881464996341,0.42016774314803373,0.4289241995912868,0.2659571871163562,0.42905846465625314,0.2043047887908365,0.745349941292438,0.2393167939518393,-7117,7117,269,12482208,"{""initial_prob"": 0.0, ""scale"": 0.25, ""smooth"": ""none"", ""threshold"": 0.4}"
sleep,gru,density_hard,1,objective_e20_bs32_eval5,experiments/sleep/gru/density_hard/seed_1_objective_e20_bs32_eval5,0.45,none,0.25,0.0,0.3792760389988661,0.7944457723314325,0.5134338355487329,0.6136528016158844,0.3453824308844373,0.6396497318423151,0.2043047887908365,0.5012819046117482,0.2393167939518393,-4143,4143,269,12482208,"{""initial_prob"": 0.0, ""scale"": 0.25, ""smooth"": ""none"", ""threshold"": 0.45}"
sleep,gru,density_hard,1,objective_e20_bs32_eval5,experiments/sleep/gru/density_hard/seed_1_objective_e20_bs32_eval5,0.5,none,0.25,0.0,0.5682420844127567,0.6600504418516057,0.6107151690257738,0.7374488747833697,0.4395896042408483,0.7986233685578705,0.2043047887908365,0.2779821486711325,0.2393167939518393,-3176,3176,269,12482208,"{""initial_prob"": 0.0, ""scale"": 0.25, ""smooth"": ""none"", ""threshold"": 0.5}"
sleep,gru,density_hard,1,objective_e20_bs32_eval5,experiments/sleep/gru/density_hard/seed_1_objective_e20_bs32_eval5,0.55,none,0.25,0.0,0.663882007911699,0.33365671287043863,0.444110456825107,0.6611269211587502,0.28543829397996406,0.8001056383614181,0.2043047887908365,0.12027687729606813,0.2393167939518393,-5975,5975,269,12482208,"{""initial_prob"": 0.0, ""scale"": 0.25, ""smooth"": ""none"", ""threshold"": 0.55}"
sleep,gru,density_hard,1,objective_e20_bs32_eval5,experiments/sleep/gru/density_hard/seed_1_objective_e20_bs32_eval5,0.6000000000000001,none,0.25,0.0,0.5733332483979054,0.060259065172023854,0.1090560123301888,0.48664451684562476,0.05767278832229043,0.7643722969525905,0.2043047887908365,0.025152921662577647,0.2393167939518393,-8760,8760,269,12482208,"{""initial_prob"": 0.0, ""scale"": 0.25, ""smooth"": ""none"", ""threshold"": 0.6000000000000001}"
sleep,gru,density_hard,1,objective_e20_bs32_eval5,experiments/sleep/gru/density_hard/seed_1_objective_e20_bs32_eval5,0.65,none,0.25,0.0,0.21548306049542654,0.003675010929960545,0.007226771046045157,0.43483305318374804,0.0036264894274190087,0.7583607002863596,0.2043047887908365,0.004081489428793367,0.2393167939518393,-9526,9526,269,12482208,"{""initial_prob"": 0.0, ""scale"": 0.25, ""smooth"": ""none"", ""threshold"": 0.65}"
sleep,gru,density_hard,1,objective_e20_bs32_eval5,experiments/sleep/gru/density_hard/seed_1_objective_e20_bs32_eval5,0.7000000000000001,none,0.25,0.0,0.0,0.0,0.0,0.43152391043822574,0.0,0.7590889368291251,0.2043047887908365,0.0015942692190356064,0.2393167939518393,-9566,9566,269,12482208,"{""initial_prob"": 0.0, ""scale"": 0.25, ""smooth"": ""none"", ""threshold"": 0.7000000000000001}"
sleep,gru,density_hard,1,objective_e20_bs32_eval5,experiments/sleep/gru/density_hard/seed_1_objective_e20_bs32_eval5,0.75,none,0.25,0.0,0.0,0.0,0.0,0.43197192107699456,0.0,0.7604763516198416,0.2043047887908365,0.00020685442831909227,0.2393167939518393,-9572,9572,269,12482208,"{""initial_prob"": 0.0, ""scale"": 0.25, ""smooth"": ""none"", ""threshold"": 0.75}"
sleep,gru,density_hard,1,objective_e20_bs32_eval5,experiments/sleep/gru/density_hard/seed_1_objective_e20_bs32_eval5,0.8,none,0.25,0.0,0.0,0.0,0.0,0.4320386560371119,0.0,0.7606832060481608,0.2043047887908365,0.0,0.2393167939518393,-9578,9578,269,12482208,"{""initial_prob"": 0.0, ""scale"": 0.25, ""smooth"": ""none"", ""threshold"": 0.8}"
sleep,gru,density_hard,1,objective_e20_bs32_eval5,experiments/sleep/gru/density_hard/seed_1_objective_e20_bs32_eval5,0.8500000000000001,none,0.25,0.0,0.0,0.0,0.0,0.4320386560371119,0.0,0.7606832060481608,0.2043047887908365,0.0,0.2393167939518393,-9578,9578,269,12482208,"{""initial_prob"": 0.0, ""scale"": 0.25, ""smooth"": ""none"", ""threshold"": 0.8500000000000001}"
sleep,gru,density_hard,1,objective_e20_bs32_eval5,experiments/sleep/gru/density_hard/seed_1_objective_e20_bs32_eval5,0.9,none,0.25,0.0,0.0,0.0,0.0,0.4320386560371119,0.0,0.7606832060481608,0.2043047887908365,0.0,0.2393167939518393,-9578,9578,269,12482208,"{""initial_prob"": 0.0, ""scale"": 0.25, ""smooth"": ""none"", ""threshold"": 0.9}"
sleep,gru,density_hard,1,objective_e20_bs32_eval5,experiments/sleep/gru/density_hard/seed_1_objective_e20_bs32_eval5,0.9500000000000001,none,0.25,0.0,0.0,0.0,0.0,0.4320386560371119,0.0,0.7606832060481608,0.2043047887908365,0.0,0.2393167939518393,-9578,9578,269,12482208,"{""initial_prob"": 0.0, ""scale"": 0.25, ""smooth"": ""none"", ""threshold"": 0.9500000000000001}"
sleep,gru,density_hard,1,objective_e20_bs32_eval5,experiments/sleep/gru/density_hard/seed_1_objective_e20_bs32_eval5,1.0,none,0.25,0.0,0.0,0.0,0.0,0.4320386560371119,0.0,0.7606832060481608,0.2043047887908365,0.0,0.2393167939518393,-9578,9578,269,12482208,"{""initial_prob"": 0.0, ""scale"": 0.25, ""smooth"": ""none"", ""threshold"": 1.0}"
sleep,gru,density_hard,1,objective_e20_bs32_eval5,experiments/sleep/gru/density_hard/seed_1_objective_e20_bs32_eval5,0.0,none,0.25,0.2393167939518393,0.2393167939518393,1.0,0.3862076187779625,0.19310380938898125,0.2393167939518393,0.2393167939518393,0.20717377754303545,1.0,0.2393167939518393,-9578,9578,269,12482208,"{""initial_prob"": 0.2393167939518393, ""scale"": 0.25, ""smooth"": ""none"", ""threshold"": 0.0}"
sleep,gru,density_hard,1,objective_e20_bs32_eval5,experiments/sleep/gru/density_hard/seed_1_objective_e20_bs32_eval5,0.05,none,0.25,0.2393167939518393,0.2393167939518393,1.0,0.3862076187779625,0.19310380938898125,0.2393167939518393,0.2393167939518393,0.20717377754303545,1.0,0.2393167939518393,-9578,9578,269,12482208,"{""initial_prob"": 0.2393167939518393, ""scale"": 0.25, ""smooth"": ""none"", ""threshold"": 0.05}"
sleep,gru,density_hard,1,objective_e20_bs32_eval5,experiments/sleep/gru/density_hard/seed_1_objective_e20_bs32_eval5,0.1,none,0.25,0.2393167939518393,0.2393167939518393,1.0,0.3862076187779625,0.19310380938898125,0.2393167939518393,0.2393167939518393,0.20717377754303545,1.0,0.2393167939518393,-9578,9578,269,12482208,"{""initial_prob"": 0.2393167939518393, ""scale"": 0.25, ""smooth"": ""none"", ""threshold"": 0.1}"
sleep,gru,density_hard,1,objective_e20_bs32_eval5,experiments/sleep/gru/density_hard/seed_1_objective_e20_bs32_eval5,0.15000000000000002,none,0.25,0.2393167939518393,0.2393167939518393,1.0,0.3862076187779625,0.19310380938898125,0.2393167939518393,0.2393167939518393,0.20717377754303545,1.0,0.2393167939518393,-9578,9578,269,12482208,"{""initial_prob"": 0.2393167939518393, ""scale"": 0.25, ""smooth"": ""none"", ""threshold"": 0.15000000000000002}"
sleep,gru,density_hard,1,objective_e20_bs32_eval5,experiments/sleep/gru/density_hard/seed_1_objective_e20_bs32_eval5,0.2,none,0.25,0.2393167939518393,0.23933207551614155,1.0,0.38622751761906515,0.19319769062656794,0.23933207551614155,0.2393806448346318,0.20717377754303545,0.9999361491172075,0.2393167939518393,-9574,9574,269,12482208,"{""initial_prob"": 0.2393167939518393, ""scale"": 0.25, ""smooth"": ""none"", ""threshold"": 0.2}"
sleep,gru,density_hard,1,objective_e20_bs32_eval5,experiments/sleep/gru/density_hard/seed_1_objective_e20_bs32_eval5,0.25,none,0.25,0.2393167939518393,0.24292318695186277,0.99947877646038,0.3908502671738637,0.2150562286816202,0.24289241653566734,0.2544266206748037,0.20717377754303545,0.9846406981841674,0.2393167939518393,-9295,9295,269,12482208,"{""initial_prob"": 0.2393167939518393, ""scale"": 0.25, ""smooth"": ""none"", ""threshold"": 0.25}"
sleep,gru,density_hard,1,objective_e20_bs32_eval5,experiments/sleep/gru/density_hard/seed_1_objective_e20_bs32_eval5,0.30000000000000004,none,0.25,0.2393167939518393,0.24618784641681504,0.9982481934599668,0.3949685882799071,0.23442422036938032,0.24608153173564626,0.26809103004852985,0.20717377754303545,0.9703872904537403,0.2393167939518393,-9070,9070,269,12482208,"{""initial_prob"": 0.2393167939518393, ""scale"": 0.25, ""smooth"": ""none"", ""threshold"": 0.30000000000000004}"
sleep,gru,density_hard,1,objective_e20_bs32_eval5,experiments/sleep/gru/density_hard/seed_1_objective_e20_bs32_eval5,0.35000000000000003,none,0.25,0.2393167939518393,0.25578423683804136,0.989740566590408,0.4065114316409055,0.28894771410541487,0.2551078430763475,0.30838542347635933,0.20717377754303545,0.9260208610527881,0.2393167939518393,-8377,8377,269,12482208,"{""initial_prob"": 0.2393167939518393, ""scale"": 0.25, ""smooth"": ""none"", ""threshold"": 0.35000000000000003}"
sleep,gru,density_hard,1,objective_e20_bs32_eval5,experiments/sleep/gru/density_hard/seed_1_objective_e20_bs32_eval5,0.4,none,0.25,0.2393167939518393,0.2781361454574344,0.9469530349805604,0.42997990886597764,0.397375533135424,0.273869048742812,0.3991395592831012,0.20717377754303545,0.8147871754740827,0.2393167939518393,-6992,6992,269,12482208,"{""initial_prob"": 0.2393167939518393, ""scale"": 0.25, ""smooth"": ""none"", ""threshold"": 0.4}"
sleep,gru,density_hard,1,objective_e20_bs32_eval5,experiments/sleep/gru/density_hard/seed_1_objective_e20_bs32_eval5,0.45,none,0.25,0.2393167939518393,0.37839549749194445,0.8767361564433875,0.5286346066508553,0.609211363573904,0.3592816638480052,0.6258254949765298,0.20717377754303545,0.5544930832750103,0.2393167939518393,-3689,3689,269,12482208,"{""initial_prob"": 0.2393167939518393, ""scale"": 0.25, ""smooth"": ""none"", ""threshold"": 0.45}"
sleep,gru,density_hard,1,objective_e20_bs32_eval5,experiments/sleep/gru/density_hard/seed_1_objective_e20_bs32_eval5,0.5,none,0.25,0.2393167939518393,0.5699677256568341,0.7293530869355337,0.6398846476291395,0.7524034317618183,0.4704635136378222,0.8035369223137445,0.20717377754303545,0.30623916858299427,0.2393167939518393,-2477,2477,269,12482208,"{""initial_prob"": 0.2393167939518393, ""scale"": 0.25, ""smooth"": ""none"", ""threshold"": 0.5}"
sleep,gru,density_hard,1,objective_e20_bs32_eval5,experiments/sleep/gru/density_hard/seed_1_objective_e20_bs32_eval5,0.55,none,0.25,0.2393167939518393,0.6736925218617467,0.3761737572484218,0.4827766206448552,0.6821105887424092,0.31819745675817795,0.8071038393207356,0.20717377754303545,0.13362876183444466,0.2393167939518393,-5523,5523,269,12482208,"{""initial_prob"": 0.2393167939518393, ""scale"": 0.25, ""smooth"": ""none"", ""threshold"": 0.55}"
sleep,gru,density_hard,1,objective_e20_bs32_eval5,experiments/sleep/gru/density_hard/seed_1_objective_e20_bs32_eval5,0.6000000000000001,none,0.25,0.2393167939518393,0.5747069365019576,0.06742028158792074,0.12068295003832052,0.49248943529322414,0.06421638650103309,0.7648779767169398,0.20717377754303545,0.02807484060512371,0.2393167939518393,-8678,8678,269,12482208,"{""initial_prob"": 0.2393167939518393, ""scale"": 0.25, ""smooth"": ""none"", ""threshold"": 0.6000000000000001}"
sleep,gru,density_hard,1,objective_e20_bs32_eval5,experiments/sleep/gru/density_hard/seed_1_objective_e20_bs32_eval5,0.65,none,0.25,0.2393167939518393,0.22877259544351825,0.004198577799559588,0.008245823094813488,0.4353133323368179,0.0041399803200744155,0.7583006948770602,0.20717377754303545,0.0043920915273964346,0.2393167939518393,-9522,9522,269,12482208,"{""initial_prob"": 0.2393167939518393, ""scale"": 0.25, ""smooth"": ""none"", ""threshold"": 0.65}"
sleep,gru,density_hard,1,objective_e20_bs32_eval5,experiments/sleep/gru/density_hard/seed_1_objective_e20_bs32_eval5,0.7000000000000001,none,0.25,0.2393167939518393,0.0,0.0,0.0,0.431431934080364,0.0,0.7588043717906319,0.20717377754303545,0.0018788342575287963,0.2393167939518393,-9556,9556,269,12482208,"{""initial_prob"": 0.2393167939518393, ""scale"": 0.25, ""smooth"": ""none"", ""threshold"": 0.7000000000000001}"
sleep,gru,density_hard,1,objective_e20_bs32_eval5,experiments/sleep/gru/density_hard/seed_1_objective_e20_bs32_eval5,0.75,none,0.25,0.2393167939518393,0.0,0.0,0.0,0.4319717659813641,0.0,0.7604758709356549,0.20717377754303545,0.00020733511250573615,0.2393167939518393,-9572,9572,269,12482208,"{""initial_prob"": 0.2393167939518393, ""scale"": 0.25, ""smooth"": ""none"", ""threshold"": 0.75}"
sleep,gru,density_hard,1,objective_e20_bs32_eval5,experiments/sleep/gru/density_hard/seed_1_objective_e20_bs32_eval5,0.8,none,0.25,0.2393167939518393,0.0,0.0,0.0,0.4320386560371119,0.0,0.7606832060481608,0.20717377754303545,0.0,0.2393167939518393,-9578,9578,269,12482208,"{""initial_prob"": 0.2393167939518393, ""scale"": 0.25, ""smooth"": ""none"", ""threshold"": 0.8}"
sleep,gru,density_hard,1,objective_e20_bs32_eval5,experiments/sleep/gru/density_hard/seed_1_objective_e20_bs32_eval5,0.8500000000000001,none,0.25,0.2393167939518393,0.0,0.0,0.0,0.4320386560371119,0.0,0.7606832060481608,0.20717377754303545,0.0,0.2393167939518393,-9578,9578,269,12482208,"{""initial_prob"": 0.2393167939518393, ""scale"": 0.25, ""smooth"": ""none"", ""threshold"": 0.8500000000000001}"
sleep,gru,density_hard,1,objective_e20_bs32_eval5,experiments/sleep/gru/density_hard/seed_1_objective_e20_bs32_eval5,0.9,none,0.25,0.2393167939518393,0.0,0.0,0.0,0.4320386560371119,0.0,0.7606832060481608,0.20717377754303545,0.0,0.2393167939518393,-9578,9578,269,12482208,"{""initial_prob"": 0.2393167939518393, ""scale"": 0.25, ""smooth"": ""none"", ""threshold"": 0.9}"
sleep,gru,density_hard,1,objective_e20_bs32_eval5,experiments/sleep/gru/density_hard/seed_1_objective_e20_bs32_eval5,0.9500000000000001,none,0.25,0.2393167939518393,0.0,0.0,0.0,0.4320386560371119,0.0,0.7606832060481608,0.20717377754303545,0.0,0.2393167939518393,-9578,9578,269,12482208,"{""initial_prob"": 0.2393167939518393, ""scale"": 0.25, ""smooth"": ""none"", ""threshold"": 0.9500000000000001}"
sleep,gru,density_hard,1,objective_e20_bs32_eval5,experiments/sleep/gru/density_hard/seed_1_objective_e20_bs32_eval5,1.0,none,0.25,0.2393167939518393,0.0,0.0,0.0,0.4320386560371119,0.0,0.7606832060481608,0.20717377754303545,0.0,0.2393167939518393,-9578,9578,269,12482208,"{""initial_prob"": 0.2393167939518393, ""scale"": 0.25, ""smooth"": ""none"", ""threshold"": 1.0}"
sleep,gru,density_hard,1,objective_e20_bs32_eval5,experiments/sleep/gru/density_hard/seed_1_objective_e20_bs32_eval5,0.0,none,0.25,0.5,0.2393167939518393,1.0,0.3862076187779625,0.19310380938898125,0.2393167939518393,0.2393167939518393,0.21696849370185425,1.0,0.2393167939518393,-9578,9578,269,12482208,"{""initial_prob"": 0.5, ""scale"": 0.25, ""smooth"": ""none"", ""threshold"": 0.0}"
sleep,gru,density_hard,1,objective_e20_bs32_eval5,experiments/sleep/gru/density_hard/seed_1_objective_e20_bs32_eval5,0.05,none,0.25,0.5,0.2393167939518393,1.0,0.3862076187779625,0.19310380938898125,0.2393167939518393,0.2393167939518393,0.21696849370185425,1.0,0.2393167939518393,-9578,9578,269,12482208,"{""initial_prob"": 0.5, ""scale"": 0.25, ""smooth"": ""none"", ""threshold"": 0.05}"
sleep,gru,density_hard,1,objective_e20_bs32_eval5,experiments/sleep/gru/density_hard/seed_1_objective_e20_bs32_eval5,0.1,none,0.25,0.5,0.2393167939518393,1.0,0.3862076187779625,0.19310380938898125,0.2393167939518393,0.2393167939518393,0.21696849370185425,1.0,0.2393167939518393,-9578,9578,269,12482208,"{""initial_prob"": 0.5, ""scale"": 0.25, ""smooth"": ""none"", ""threshold"": 0.1}"
sleep,gru,density_hard,1,objective_e20_bs32_eval5,experiments/sleep/gru/density_hard/seed_1_objective_e20_bs32_eval5,0.15000000000000002,none,0.25,0.5,0.2393167939518393,1.0,0.3862076187779625,0.19310380938898125,0.2393167939518393,0.2393167939518393,0.21696849370185425,1.0,0.2393167939518393,-9578,9578,269,12482208,"{""initial_prob"": 0.5, ""scale"": 0.25, ""smooth"": ""none"", ""threshold"": 0.15000000000000002}"
sleep,gru,density_hard,1,objective_e20_bs32_eval5,experiments/sleep/gru/density_hard/seed_1_objective_e20_bs32_eval5,0.2,none,0.25,0.5,0.2393167939518393,1.0,0.3862076187779625,0.19310380938898125,0.2393167939518393,0.2393167939518393,0.21696849370185425,1.0,0.2393167939518393,-9578,9578,269,12482208,"{""initial_prob"": 0.5, ""scale"": 0.25, ""smooth"": ""none"", ""threshold"": 0.2}"
sleep,gru,density_hard,1,objective_e20_bs32_eval5,experiments/sleep/gru/density_hard/seed_1_objective_e20_bs32_eval5,0.25,none,0.25,0.5,0.2393167939518393,1.0,0.3862076187779625,0.19310380938898125,0.2393167939518393,0.2393167939518393,0.21696849370185425,1.0,0.2393167939518393,-9578,9578,269,12482208,"{""initial_prob"": 0.5, ""scale"": 0.25, ""smooth"": ""none"", ""threshold"": 0.25}"
sleep,gru,density_hard,1,objective_e20_bs32_eval5,experiments/sleep/gru/density_hard/seed_1_objective_e20_bs32_eval5,0.30000000000000004,none,0.25,0.5,0.23935207679773546,1.0,0.38625356148380124,0.19332052927694057,0.23935207679773546,0.23946420376907676,0.21696849370185425,0.9998525901827625,0.2393167939518393,-9577,9577,269,12482208,"{""initial_prob"": 0.5, ""scale"": 0.25, ""smooth"": ""none"", ""threshold"": 0.30000000000000004}"
sleep,gru,density_hard,1,objective_e20_bs32_eval5,experiments/sleep/gru/density_hard/seed_1_objective_e20_bs32_eval5,0.35000000000000003,none,0.25,0.5,0.24082022093723987,0.9999752276545074,0.3881610873554375,0.2022448650740612,0.2408187842534321,0.24557249807085413,0.21696849370185425,0.9937324390043812,0.2393167939518393,-9447,9447,269,12482208,"{""initial_prob"": 0.5, ""scale"": 0.25, ""smooth"": ""none"", ""threshold"": 0.35000000000000003}"
sleep,gru,density_hard,1,objective_e20_bs32_eval5,experiments/sleep/gru/density_hard/seed_1_objective_e20_bs32_eval5,0.4,none,0.25,0.5,0.2538627226001355,0.9979726848067187,0.4047625771672406,0.27400576025042117,0.25373187174137335,0.29755600932142773,0.21696849370185425,0.9407904434856397,0.2393167939518393,-8468,8468,269,12482208,"{""initial_prob"": 0.5, ""scale"": 0.25, ""smooth"": ""none"", ""threshold"": 0.4}"
sleep,gru,density_hard,1,objective_e20_bs32_eval5,experiments/sleep/gru/density_hard/seed_1_objective_e20_bs32_eval5,0.45,none,0.25,0.5,0.33630124136205874,0.9793204476965401,0.5006708007181907,0.5306106628120056,0.3339298674087158,0.5325203681912687,0.21696849370185425,0.6968984974453237,0.2393167939518393,-4494,4494,269,12482208,"{""initial_prob"": 0.5, ""scale"": 0.25, ""smooth"": ""none"", ""threshold"": 0.45}"
sleep,gru,density_hard,1,objective_e20_bs32_eval5,experiments/sleep/gru/density_hard/seed_1_objective_e20_bs32_eval5,0.5,none,0.25,0.5,0.5543571575272129,0.9035763232617011,0.6871424640048716,0.771738134754529,0.5233945383754276,0.8030899661341968,0.21696849370185425,0.390075217461526,0.2393167939518393,-852,852,269,12482208,"{""initial_prob"": 0.5, ""scale"": 0.25, ""smooth"": ""none"", ""threshold"": 0.5}"
sleep,gru,density_hard,1,objective_e20_bs32_eval5,experiments/sleep/gru/density_hard/seed_1_objective_e20_bs32_eval5,0.55,none,0.25,0.5,0.7115692312368652,0.5642417218520877,0.6293989674221926,0.7640860252619543,0.45921384302361695,0.8409810187428378,0.21696849370185425,0.18976722708033708,0.2393167939518393,-3558,3558,269,12482208,"{""initial_prob"": 0.5, ""scale"": 0.25, ""smooth"": ""none"", ""threshold"": 0.55}"
sleep,gru,density_hard,1,objective_e20_bs32_eval5,experiments/sleep/gru/density_hard/seed_1_objective_e20_bs32_eval5,0.6000000000000001,none,0.25,0.5,0.6516562906522951,0.1126907386912569,0.1921525850096667,0.5301295578364604,0.106288054741995,0.7732357928981796,0.21696849370185425,0.04138498573329334,0.2393167939518393,-8148,8148,269,12482208,"{""initial_prob"": 0.5, ""scale"": 0.25, ""smooth"": ""none"", ""threshold"": 0.6000000000000001}"
sleep,gru,density_hard,1,objective_e20_bs32_eval5,experiments/sleep/gru/density_hard/seed_1_objective_e20_bs32_eval5,0.65,none,0.25,0.5,0.30333530981322265,0.006850223051537861,0.013397881664157932,0.43792281491117635,0.0067441192881547984,0.7585574603467592,0.21696849370185425,0.0054044925384995985,0.2393167939518393,-9486,9486,269,12482208,"{""initial_prob"": 0.5, ""scale"": 0.25, ""smooth"": ""none"", ""threshold"": 0.65}"
sleep,gru,density_hard,1,objective_e20_bs32_eval5,experiments/sleep/gru/density_hard/seed_1_objective_e20_bs32_eval5,0.7000000000000001,none,0.25,0.5,0.0261947306390906,0.00023065062222106173,0.00045727483445356823,0.4316181136899883,0.0002286897042501102,0.7586863638228108,0.21696849370185425,0.002107239360215757,0.2393167939518393,-9556,9556,269,12482208,"{""initial_prob"": 0.5, ""scale"": 0.25, ""smooth"": ""none"", ""threshold"": 0.7000000000000001}"
sleep,gru,density_hard,1,objective_e20_bs32_eval5,experiments/sleep/gru/density_hard/seed_1_objective_e20_bs32_eval5,0.75,none,0.25,0.5,0.0,0.0,0.0,0.4319558423792471,0.0,0.7604265206924928,0.21696849370185425,0.00025668535566784336,0.2393167939518393,-9568,9568,269,12482208,"{""initial_prob"": 0.5, ""scale"": 0.25, ""smooth"": ""none"", ""threshold"": 0.75}"
sleep,gru,density_hard,1,objective_e20_bs32_eval5,experiments/sleep/gru/density_hard/seed_1_objective_e20_bs32_eval5,0.8,none,0.25,0.5,0.0,0.0,0.0,0.4320386560371119,0.0,0.7606832060481608,0.21696849370185425,0.0,0.2393167939518393,-9578,9578,269,12482208,"{""initial_prob"": 0.5, ""scale"": 0.25, ""smooth"": ""none"", ""threshold"": 0.8}"
sleep,gru,density_hard,1,objective_e20_bs32_eval5,experiments/sleep/gru/density_hard/seed_1_objective_e20_bs32_eval5,0.8500000000000001,none,0.25,0.5,0.0,0.0,0.0,0.4320386560371119,0.0,0.7606832060481608,0.21696849370185425,0.0,0.2393167939518393,-9578,9578,269,12482208,"{""initial_prob"": 0.5, ""scale"": 0.25, ""smooth"": ""none"", ""threshold"": 0.8500000000000001}"
sleep,gru,density_hard,1,objective_e20_bs32_eval5,experiments/sleep/gru/density_hard/seed_1_objective_e20_bs32_eval5,0.9,none,0.25,0.5,0.0,0.0,0.0,0.4320386560371119,0.0,0.7606832060481608,0.21696849370185425,0.0,0.2393167939518393,-9578,9578,269,12482208,"{""initial_prob"": 0.5, ""scale"": 0.25, ""smooth"": ""none"", ""threshold"": 0.9}"
sleep,gru,density_hard,1,objective_e20_bs32_eval5,experiments/sleep/gru/density_hard/seed_1_objective_e20_bs32_eval5,0.9500000000000001,none,0.25,0.5,0.0,0.0,0.0,0.4320386560371119,0.0,0.7606832060481608,0.21696849370185425,0.0,0.2393167939518393,-9578,9578,269,12482208,"{""initial_prob"": 0.5, ""scale"": 0.25, ""smooth"": ""none"", ""threshold"": 0.9500000000000001}"
sleep,gru,density_hard,1,objective_e20_bs32_eval5,experiments/sleep/gru/density_hard/seed_1_objective_e20_bs32_eval5,1.0,none,0.25,0.5,0.0,0.0,0.0,0.4320386560371119,0.0,0.7606832060481608,0.21696849370185425,0.0,0.2393167939518393,-9578,9578,269,12482208,"{""initial_prob"": 0.5, ""scale"": 0.25, ""smooth"": ""none"", ""threshold"": 1.0}"
sleep,gru,density_hard,1,objective_e20_bs32_eval5,experiments/sleep/gru/density_hard/seed_1_objective_e20_bs32_eval5,0.0,none,0.25,1.0,0.2393167939518393,1.0,0.3862076187779625,0.19310380938898125,0.2393167939518393,0.2393167939518393,0.25521720537105813,1.0,0.2393167939518393,-9578,9578,269,12482208,"{""initial_prob"": 1.0, ""scale"": 0.25, ""smooth"": ""none"", ""threshold"": 0.0}"
sleep,gru,density_hard,1,objective_e20_bs32_eval5,experiments/sleep/gru/density_hard/seed_1_objective_e20_bs32_eval5,0.05,none,0.25,1.0,0.2393167939518393,1.0,0.3862076187779625,0.19310380938898125,0.2393167939518393,0.2393167939518393,0.25521720537105813,1.0,0.2393167939518393,-9578,9578,269,12482208,"{""initial_prob"": 1.0, ""scale"": 0.25, ""smooth"": ""none"", ""threshold"": 0.05}"
sleep,gru,density_hard,1,objective_e20_bs32_eval5,experiments/sleep/gru/density_hard/seed_1_objective_e20_bs32_eval5,0.1,none,0.25,1.0,0.2393167939518393,1.0,0.3862076187779625,0.19310380938898125,0.2393167939518393,0.2393167939518393,0.25521720537105813,1.0,0.2393167939518393,-9578,9578,269,12482208,"{""initial_prob"": 1.0, ""scale"": 0.25, ""smooth"": ""none"", ""threshold"": 0.1}"
sleep,gru,density_hard,1,objective_e20_bs32_eval5,experiments/sleep/gru/density_hard/seed_1_objective_e20_bs32_eval5,0.15000000000000002,none,0.25,1.0,0.2393167939518393,1.0,0.3862076187779625,0.19310380938898125,0.2393167939518393,0.2393167939518393,0.25521720537105813,1.0,0.2393167939518393,-9578,9578,269,12482208,"{""initial_prob"": 1.0, ""scale"": 0.25, ""smooth"": ""none"", ""threshold"": 0.15000000000000002}"
sleep,gru,density_hard,1,objective_e20_bs32_eval5,experiments/sleep/gru/density_hard/seed_1_objective_e20_bs32_eval5,0.2,none,0.25,1.0,0.2393167939518393,1.0,0.3862076187779625,0.19310380938898125,0.2393167939518393,0.2393167939518393,0.25521720537105813,1.0,0.2393167939518393,-9578,9578,269,12482208,"{""initial_prob"": 1.0, ""scale"": 0.25, ""smooth"": ""none"", ""threshold"": 0.2}"
sleep,gru,density_hard,1,objective_e20_bs32_eval5,experiments/sleep/gru/density_hard/seed_1_objective_e20_bs32_eval5,0.25,none,0.25,1.0,0.2393167939518393,1.0,0.3862076187779625,0.19310380938898125,0.2393167939518393,0.2393167939518393,0.25521720537105813,1.0,0.2393167939518393,-9578,9578,269,12482208,"{""initial_prob"": 1.0, ""scale"": 0.25, ""smooth"": ""none"", ""threshold"": 0.25}"
sleep,gru,density_hard,1,objective_e20_bs32_eval5,experiments/sleep/gru/density_hard/seed_1_objective_e20_bs32_eval5,0.30000000000000004,none,0.25,1.0,0.23935207679773546,1.0,0.38625356148380124,0.19332052927694057,0.23935207679773546,0.23946420376907676,0.25521720537105813,0.9998525901827625,0.2393167939518393,-9577,9577,269,12482208,"{""initial_prob"": 1.0, ""scale"": 0.25, ""smooth"": ""none"", ""threshold"": 0.30000000000000004}"
sleep,gru,density_hard,1,objective_e20_bs32_eval5,experiments/sleep/gru/density_hard/seed_1_objective_e20_bs32_eval5,0.35000000000000003,none,0.25,1.0,0.24054048417266574,0.9999769014616353,0.38779775410575734,0.20056478141967476,0.24053914767415363,0.2444159719177889,0.25521720537105813,0.9948897662977576,0.2393167939518393,-9463,9463,269,12482208,"{""initial_prob"": 1.0, ""scale"": 0.25, ""smooth"": ""none"", ""threshold"": 0.35000000000000003}"
sleep,gru,density_hard,1,objective_e20_bs32_eval5,experiments/sleep/gru/density_hard/seed_1_objective_e20_bs32_eval5,0.4,none,0.25,1.0,0.24935241263089727,0.9981963054390028,0.39902675291998885,0.2512739245875387,0.24924011294240372,0.2804313147161143,0.25521720537105813,0.9580221704365125,0.2393167939518393,-8754,8754,269,12482208,"{""initial_prob"": 1.0, ""scale"": 0.25, ""smooth"": ""none"", ""threshold"": 0.4}"
sleep,gru,density_hard,1,objective_e20_bs32_eval5,experiments/sleep/gru/density_hard/seed_1_objective_e20_bs32_eval5,0.45,none,0.25,1.0,0.301202029358451,0.9845192926357174,0.4612806893868557,0.44941228570812,0.2997822190215095,0.44966811961473485,0.25521720537105813,0.782239087828051,0.2393167939518393,-5947,5947,269,12482208,"{""initial_prob"": 1.0, ""scale"": 0.25, ""smooth"": ""none"", ""threshold"": 0.45}"
sleep,gru,density_hard,1,objective_e20_bs32_eval5,experiments/sleep/gru/density_hard/seed_1_objective_e20_bs32_eval5,0.5,none,0.25,1.0,0.39973331679484,0.9277842609907198,0.5587365261626355,0.6338752145394974,0.387671328875767,0.6492957015297294,0.25521720537105813,0.5554562141569824,0.2393167939518393,-3432,3432,269,12482208,"{""initial_prob"": 1.0, ""scale"": 0.25, ""smooth"": ""none"", ""threshold"": 0.5}"
sleep,gru,density_hard,1,objective_e20_bs32_eval5,experiments/sleep/gru/density_hard/seed_1_objective_e20_bs32_eval5,0.55,none,0.25,1.0,0.4508488163315233,0.6909639856963138,0.5456591387408527,0.6740529333264621,0.3751934317986699,0.7246285272605616,0.25521720537105813,0.3667732503736518,0.2393167939518393,-4369,4369,269,12482208,"{""initial_prob"": 1.0, ""scale"": 0.25, ""smooth"": ""none"", ""threshold"": 0.55}"
sleep,gru,density_hard,1,objective_e20_bs32_eval5,experiments/sleep/gru/density_hard/seed_1_objective_e20_bs32_eval5,0.6000000000000001,none,0.25,1.0,0.41456049030668773,0.3553686694103713,0.38268925905998413,0.6031525369260146,0.2366207367407681,0.7256279497986253,0.25521720537105813,0.2051466375179776,0.2393167939518393,-7106,7106,269,12482208,"{""initial_prob"": 1.0, ""scale"": 0.25, ""smooth"": ""none"", ""threshold"": 0.6000000000000001}"
sleep,gru,density_hard,1,objective_e20_bs32_eval5,experiments/sleep/gru/density_hard/seed_1_objective_e20_bs32_eval5,0.65,none,0.25,1.0,0.3719864045278961,0.20289956956375899,0.26257687528917584,0.5476342841439327,0.1511300681766159,0.7272626766033702,0.25521720537105813,0.13053507840920453,0.2393167939518393,-8544,8544,269,12482208,"{""initial_prob"": 1.0, ""scale"": 0.25, ""smooth"": ""none"", ""threshold"": 0.65}"
sleep,gru,density_hard,1,objective_e20_bs32_eval5,experiments/sleep/gru/density_hard/seed_1_objective_e20_bs32_eval5,0.7000000000000001,none,0.25,1.0,0.3746507461906636,0.1536069539321412,0.21788214311830417,0.529571059522025,0.1222602322719266,0.7360846734808457,0.25521720537105813,0.09811998005481082,0.2393167939518393,-8816,8816,269,12482208,"{""initial_prob"": 1.0, ""scale"": 0.25, ""smooth"": ""none"", ""threshold"": 0.7000000000000001}"
sleep,gru,density_hard,1,objective_e20_bs32_eval5,experiments/sleep/gru/density_hard/seed_1_objective_e20_bs32_eval5,0.75,none,0.25,1.0,0.3695645255979063,0.11274296147364658,0.17277691177673915,0.5098445241738635,0.09455709753795988,0.741637457090925,0.25521720537105813,0.07300831711825344,0.2393167939518393,-9071,9071,269,12482208,"{""initial_prob"": 1.0, ""scale"": 0.25, ""smooth"": ""none"", ""threshold"": 0.75}"
sleep,gru,density_hard,1,objective_e20_bs32_eval5,experiments/sleep/gru/density_hard/seed_1_objective_e20_bs32_eval5,0.8,none,0.25,1.0,0.4097188538306696,0.09048701761715479,0.14823591349436377,0.5012593654480015,0.08005118717584145,0.7511398624345949,0.25521720537105813,0.05285346951436797,0.2393167939518393,-9055,9055,269,12482208,"{""initial_prob"": 1.0, ""scale"": 0.25, ""smooth"": ""none"", ""threshold"": 0.8}"
sleep,gru,density_hard,1,objective_e20_bs32_eval5,experiments/sleep/gru/density_hard/seed_1_objective_e20_bs32_eval5,0.8500000000000001,none,0.25,1.0,0.400877739745698,0.06308277779674759,0.10901135085369307,0.4828924676660575,0.057647808146763124,0.753217459603301,0.25521720537105813,0.03765928271664757,0.2393167939518393,-9197,9197,269,12482208,"{""initial_prob"": 1.0, ""scale"": 0.25, ""smooth"": ""none"", ""threshold"": 0.8500000000000001}"
sleep,gru,density_hard,1,objective_e20_bs32_eval5,experiments/sleep/gru/density_hard/seed_1_objective_e20_bs32_eval5,0.9,none,0.25,1.0,0.39288573474353927,0.04977868922155248,0.08836190952143119,0.47315172550261325,0.04622313708935891,0.7541874802919484,0.25521720537105813,0.030321478379466197,0.2393167939518393,-9263,9263,269,12482208,"{""initial_prob"": 1.0, ""scale"": 0.25, ""smooth"": ""none"", ""threshold"": 0.9}"
sleep,gru,density_hard,1,objective_e20_bs32_eval5,experiments/sleep/gru/density_hard/seed_1_objective_e20_bs32_eval5,0.9500000000000001,none,0.25,1.0,0.4046709261694826,0.03481451873693175,0.06411326565965804,0.4621632339600202,0.03311829381459386,0.7567577787519644,0.25521720537105813,0.020588825310393803,0.2393167939518393,-9281,9281,269,12482208,"{""initial_prob"": 1.0, ""scale"": 0.25, ""smooth"": ""none"", ""threshold"": 0.9500000000000001}"
sleep,gru,density_hard,1,objective_e20_bs32_eval5,experiments/sleep/gru/density_hard/seed_1_objective_e20_bs32_eval5,1.0,none,0.25,1.0,0.0,0.0,0.0,0.4320386560371119,0.0,0.7606832060481608,0.25521720537105813,0.0,0.2393167939518393,-9578,9578,269,12482208,"{""initial_prob"": 1.0, ""scale"": 0.25, ""smooth"": ""none"", ""threshold"": 1.0}"
sleep,gru,density_hard,1,objective_e20_bs32_eval5,experiments/sleep/gru/density_hard/seed_1_objective_e20_bs32_eval5,0.0,none,0.5,0.0,0.2393167939518393,1.0,0.3862076187779625,0.19310380938898125,0.2393167939518393,0.2393167939518393,0.18045921038809123,1.0,0.2393167939518393,-9578,9578,269,12482208,"{""initial_prob"": 0.0, ""scale"": 0.5, ""smooth"": ""none"", ""threshold"": 0.0}"
sleep,gru,density_hard,1,objective_e20_bs32_eval5,experiments/sleep/gru/density_hard/seed_1_objective_e20_bs32_eval5,0.05,none,0.5,0.0,0.24279333188072574,0.9996946975798757,0.3906986638644457,0.2141120405425304,0.24277533056838055,0.2537905152678116,0.18045921038809123,0.9853801506912879,0.2393167939518393,-9309,9309,269,12482208,"{""initial_prob"": 0.0, ""scale"": 0.5, ""smooth"": ""none"", ""threshold"": 0.05}"
sleep,gru,density_hard,1,objective_e20_bs32_eval5,experiments/sleep/gru/density_hard/seed_1_objective_e20_bs32_eval5,0.1,none,0.5,0.0,0.24300937874343093,0.9991711307102767,0.3909382797175896,0.21582868070851266,0.24296040033130306,0.2549315794128731,0.18045921038809123,0.9839884898569228,0.2393167939518393,-9305,9305,269,12482208,"{""initial_prob"": 0.0, ""scale"": 0.5, ""smooth"": ""none"", ""threshold"": 0.1}"
sleep,gru,density_hard,1,objective_e20_bs32_eval5,experiments/sleep/gru/density_hard/seed_1_objective_e20_bs32_eval5,0.15000000000000002,none,0.5,0.0,0.24344147914438014,0.9988845749299846,0.39147522925717354,0.2185606440739202,0.2433753190362048,0.25682267111716134,0.18045921038809123,0.9819602429313788,0.2393167939518393,-9289,9289,269,12482208,"{""initial_prob"": 0.0, ""scale"": 0.5, ""smooth"": ""none"", ""threshold"": 0.15000000000000002}"
sleep,gru,density_hard,1,objective_e20_bs32_eval5,experiments/sleep/gru/density_hard/seed_1_objective_e20_bs32_eval5,0.2,none,0.5,0.0,0.244591559227753,0.99764729670106,0.3928650383054004,0.2261368179496073,0.24445055808577187,0.2620582832780867,0.18045921038809123,0.9761324278525082,0.2393167939518393,-9197,9197,269,12482208,"{""initial_prob"": 0.0, ""scale"": 0.5, ""smooth"": ""none"", ""threshold"": 0.2}"
sleep,gru,density_hard,1,objective_e20_bs32_eval5,experiments/sleep/gru/density_hard/seed_1_objective_e20_bs32_eval5,0.25,none,0.5,0.0,0.24807234041949788,0.995607260573607,0.3971804684613604,0.24667826147574007,0.24780111587490064,0.2767463096272711,0.18045921038809123,0.9604679716921878,0.2393167939518393,-8915,8915,269,12482208,"{""initial_prob"": 0.0, ""scale"": 0.5, ""smooth"": ""none"", ""threshold"": 0.25}"
sleep,gru,density_hard,1,objective_e20_bs32_eval5,experiments/sleep/gru/density_hard/seed_1_objective_e20_bs32_eval5,0.30000000000000004,none,0.5,0.0,0.2536795911442295,0.9888008912688194,0.40377069800398735,0.2797998447966332,0.2529528166780865,0.3011394298188269,0.18045921038809123,0.932817094539684,0.2393167939518393,-8437,8437,269,12482208,"{""initial_prob"": 0.0, ""scale"": 0.5, ""smooth"": ""none"", ""threshold"": 0.30000000000000004}"
sleep,gru,density_hard,1,objective_e20_bs32_eval5,experiments/sleep/gru/density_hard/seed_1_objective_e20_bs32_eval5,0.35000000000000003,none,0.5,0.0,0.2770010622635532,0.9702731854089546,0.43096649120377095,0.3831010827384676,0.27467003654651756,0.3868149769656138,0.18045921038809123,0.838273565061566,0.2393167939518393,-6762,6762,269,12482208,"{""initial_prob"": 0.0, ""scale"": 0.5, ""smooth"": ""none"", ""threshold"": 0.35000000000000003}"
sleep,gru,density_hard,1,objective_e20_bs32_eval5,experiments/sleep/gru/density_hard/seed_1_objective_e20_bs32_eval5,0.4,none,0.5,0.0,0.361723636321747,0.94605888721285,0.5233467410655217,0.5799558794852926,0.3544141035812006,0.5875850650782297,0.18045921038809123,0.6259137005247789,0.2393167939518393,-3205,3205,269,12482208,"{""initial_prob"": 0.0, ""scale"": 0.5, ""smooth"": ""none"", ""threshold"": 0.4}"
sleep,gru,density_hard,1,objective_e20_bs32_eval5,experiments/sleep/gru/density_hard/seed_1_objective_e20_bs32_eval5,0.45,none,0.5,0.0,0.5000260212804771,0.9166725249916142,0.6470820721808701,0.7330334846056004,0.478286272119958,0.7607060385470263,0.18045921038809123,0.4387274270705952,0.2393167939518393,-972,972,269,12482208,"{""initial_prob"": 0.0, ""scale"": 0.5, ""smooth"": ""none"", ""threshold"": 0.45}"
sleep,gru,density_hard,1,objective_e20_bs32_eval5,experiments/sleep/gru/density_hard/seed_1_objective_e20_bs32_eval5,0.5,none,0.5,0.0,0.6258973088408765,0.8600580074598236,0.7245278325814979,0.807608760083762,0.5680467603208537,0.8434858640394391,0.18045921038809123,0.32884999192450565,0.2393167939518393,-689,689,269,12482208,"{""initial_prob"": 0.0, ""scale"": 0.5, ""smooth"": ""none"", ""threshold"": 0.5}"
sleep,gru,density_hard,1,objective_e20_bs32_eval5,experiments/sleep/gru/density_hard/seed_1_objective_e20_bs32_eval5,0.55,none,0.5,0.0,0.7501614301602418,0.735422646342631,0.7427189250053207,0.8314092097216704,0.5907341960177549,0.8780663645406326,0.18045921038809123,0.23461482135211975,0.2393167939518393,-1627,1627,269,12482208,"{""initial_prob"": 0.0, ""scale"": 0.5, ""smooth"": ""none"", ""threshold"": 0.55}"
sleep,gru,density_hard,1,objective_e20_bs32_eval5,experiments/sleep/gru/density_hard/seed_1_objective_e20_bs32_eval5,0.6000000000000001,none,0.5,0.0,0.7906936299532278,0.44594540308958014,0.5702653403430936,0.7356634438276063,0.3988609610121225,0.8391547392897154,0.18045921038809123,0.13497291504836323,0.2393167939518393,-4526,4526,269,12482208,"{""initial_prob"": 0.0, ""scale"": 0.5, ""smooth"": ""none"", ""threshold"": 0.6000000000000001}"
sleep,gru,density_hard,1,objective_e20_bs32_eval5,experiments/sleep/gru/density_hard/seed_1_objective_e20_bs32_eval5,0.65,none,0.5,0.0,0.7431253418770024,0.12734023343583728,0.21742331274317092,0.5449274170953645,0.12197136555048256,0.7806237486188341,0.18045921038809123,0.04100877024321338,0.2393167939518393,-8001,8001,269,12482208,"{""initial_prob"": 0.0, ""scale"": 0.5, ""smooth"": ""none"", ""threshold"": 0.65}"
sleep,gru,density_hard,1,objective_e20_bs32_eval5,experiments/sleep/gru/density_hard/seed_1_objective_e20_bs32_eval5,0.7000000000000001,none,0.5,0.0,0.5337292327795408,0.015314330935772003,0.029774344482143,0.4467917989770533,0.015112149412305301,0.7611464253760232,0.18045921038809123,0.006866733834270347,0.2393167939518393,-9379,9379,269,12482208,"{""initial_prob"": 0.0, ""scale"": 0.5, ""smooth"": ""none"", ""threshold"": 0.7000000000000001}"
sleep,gru,density_hard,1,objective_e20_bs32_eval5,experiments/sleep/gru/density_hard/seed_1_objective_e20_bs32_eval5,0.75,none,0.5,0.0,0.22355507088331517,0.0013725218448568258,0.0027282932662394998,0.4331151553597056,0.0013660100711591296,0.7598708497727326,0.18045921038809123,0.0014692913305081922,0.2393167939518393,-9527,9527,269,12482208,"{""initial_prob"": 0.0, ""scale"": 0.5, ""smooth"": ""none"", ""threshold"": 0.75}"
sleep,gru,density_hard,1,objective_e20_bs32_eval5,experiments/sleep/gru/density_hard/seed_1_objective_e20_bs32_eval5,0.8,none,0.5,0.0,0.0,0.0,0.0,0.43195946145812236,0.0,0.7604377366568479,0.18045921038809123,0.000245469391312819,0.2393167939518393,-9570,9570,269,12482208,"{""initial_prob"": 0.0, ""scale"": 0.5, ""smooth"": ""none"", ""threshold"": 0.8}"
sleep,gru,density_hard,1,objective_e20_bs32_eval5,experiments/sleep/gru/density_hard/seed_1_objective_e20_bs32_eval5,0.8500000000000001,none,0.5,0.0,0.0,0.0,0.0,0.4320386560371119,0.0,0.7606832060481608,0.18045921038809123,0.0,0.2393167939518393,-9578,9578,269,12482208,"{""initial_prob"": 0.0, ""scale"": 0.5, ""smooth"": ""none"", ""threshold"": 0.8500000000000001}"
sleep,gru,density_hard,1,objective_e20_bs32_eval5,experiments/sleep/gru/density_hard/seed_1_objective_e20_bs32_eval5,0.9,none,0.5,0.0,0.0,0.0,0.0,0.4320386560371119,0.0,0.7606832060481608,0.18045921038809123,0.0,0.2393167939518393,-9578,9578,269,12482208,"{""initial_prob"": 0.0, ""scale"": 0.5, ""smooth"": ""none"", ""threshold"": 0.9}"
sleep,gru,density_hard,1,objective_e20_bs32_eval5,experiments/sleep/gru/density_hard/seed_1_objective_e20_bs32_eval5,0.9500000000000001,none,0.5,0.0,0.0,0.0,0.0,0.4320386560371119,0.0,0.7606832060481608,0.18045921038809123,0.0,0.2393167939518393,-9578,9578,269,12482208,"{""initial_prob"": 0.0, ""scale"": 0.5, ""smooth"": ""none"", ""threshold"": 0.9500000000000001}"
sleep,gru,density_hard,1,objective_e20_bs32_eval5,experiments/sleep/gru/density_hard/seed_1_objective_e20_bs32_eval5,1.0,none,0.5,0.0,0.0,0.0,0.0,0.4320386560371119,0.0,0.7606832060481608,0.18045921038809123,0.0,0.2393167939518393,-9578,9578,269,12482208,"{""initial_prob"": 0.0, ""scale"": 0.5, ""smooth"": ""none"", ""threshold"": 1.0}"
sleep,gru,density_hard,1,objective_e20_bs32_eval5,experiments/sleep/gru/density_hard/seed_1_objective_e20_bs32_eval5,0.0,none,0.5,0.2393167939518393,0.2393167939518393,1.0,0.3862076187779625,0.19310380938898125,0.2393167939518393,0.2393167939518393,0.1817962516955841,1.0,0.2393167939518393,-9578,9578,269,12482208,"{""initial_prob"": 0.2393167939518393, ""scale"": 0.5, ""smooth"": ""none"", ""threshold"": 0.0}"
sleep,gru,density_hard,1,objective_e20_bs32_eval5,experiments/sleep/gru/density_hard/seed_1_objective_e20_bs32_eval5,0.05,none,0.5,0.2393167939518393,0.2393167939518393,1.0,0.3862076187779625,0.19310380938898125,0.2393167939518393,0.2393167939518393,0.1817962516955841,1.0,0.2393167939518393,-9578,9578,269,12482208,"{""initial_prob"": 0.2393167939518393, ""scale"": 0.5, ""smooth"": ""none"", ""threshold"": 0.05}"
sleep,gru,density_hard,1,objective_e20_bs32_eval5,experiments/sleep/gru/density_hard/seed_1_objective_e20_bs32_eval5,0.1,none,0.5,0.2393167939518393,0.2393167939518393,1.0,0.3862076187779625,0.19310380938898125,0.2393167939518393,0.2393167939518393,0.1817962516955841,1.0,0.2393167939518393,-9578,9578,269,12482208,"{""initial_prob"": 0.2393167939518393, ""scale"": 0.5, ""smooth"": ""none"", ""threshold"": 0.1}"
sleep,gru,density_hard,1,objective_e20_bs32_eval5,experiments/sleep/gru/density_hard/seed_1_objective_e20_bs32_eval5,0.15000000000000002,none,0.5,0.2393167939518393,0.2393167939518393,1.0,0.3862076187779625,0.19310380938898125,0.2393167939518393,0.2393167939518393,0.1817962516955841,1.0,0.2393167939518393,-9578,9578,269,12482208,"{""initial_prob"": 0.2393167939518393, ""scale"": 0.5, ""smooth"": ""none"", ""threshold"": 0.15000000000000002}"
sleep,gru,density_hard,1,objective_e20_bs32_eval5,experiments/sleep/gru/density_hard/seed_1_objective_e20_bs32_eval5,0.2,none,0.5,0.2393167939518393,0.23983603803876394,0.9999919657257862,0.38688287472463595,0.1962874392547517,0.2398355758938421,0.241485961458101,0.1817962516955841,0.9978269870202451,0.2393167939518393,-9474,9474,269,12482208,"{""initial_prob"": 0.2393167939518393, ""scale"": 0.5, ""smooth"": ""none"", ""threshold"": 0.2}"
sleep,gru,density_hard,1,objective_e20_bs32_eval5,experiments/sleep/gru/density_hard/seed_1_objective_e20_bs32_eval5,0.25,none,0.5,0.2393167939518393,0.2431195204029764,0.9995802091723291,0.39111211707004245,0.21609599895833317,0.2430946998977861,0.25517047945363514,0.1817962516955841,0.983945388508187,0.2393167939518393,-9263,9263,269,12482208,"{""initial_prob"": 0.2393167939518393, ""scale"": 0.5, ""smooth"": ""none"", ""threshold"": 0.25}"
sleep,gru,density_hard,1,objective_e20_bs32_eval5,experiments/sleep/gru/density_hard/seed_1_objective_e20_bs32_eval5,0.30000000000000004,none,0.5,0.2393167939518393,0.24793505558107792,0.9990907879681388,0.3972806679617895,0.24312010650046348,0.2478791264447779,0.274519379904581,0.1817962516955841,0.9643622346302834,0.2393167939518393,-8841,8841,269,12482208,"{""initial_prob"": 0.2393167939518393, ""scale"": 0.5, ""smooth"": ""none"", ""threshold"": 0.30000000000000004}"
sleep,gru,density_hard,1,objective_e20_bs32_eval5,experiments/sleep/gru/density_hard/seed_1_objective_e20_bs32_eval5,0.35000000000000003,none,0.5,0.2393167939518393,0.27415672688957515,0.9967133123237063,0.4300292727383677,0.36003830764345324,0.27390910242538824,0.36769303956479493,0.1817962516955841,0.870050635272221,0.2393167939518393,-6884,6884,269,12482208,"{""initial_prob"": 0.2393167939518393, ""scale"": 0.5, ""smooth"": ""none"", ""threshold"": 0.35000000000000003}"
sleep,gru,density_hard,1,objective_e20_bs32_eval5,experiments/sleep/gru/density_hard/seed_1_objective_e20_bs32_eval5,0.4,none,0.5,0.2393167939518393,0.36308382986919296,0.9901506493367372,0.5313309636030081,0.577033522486516,0.3617771944770445,0.5819717953746645,0.1817962516955841,0.6526307685306959,0.2393167939518393,-2955,2955,269,12482208,"{""initial_prob"": 0.2393167939518393, ""scale"": 0.5, ""smooth"": ""none"", ""threshold"": 0.4}"
sleep,gru,density_hard,1,objective_e20_bs32_eval5,experiments/sleep/gru/density_hard/seed_1_objective_e20_bs32_eval5,0.45,none,0.5,0.2393167939518393,0.5055292925882154,0.9662744601804631,0.6637842081625173,0.7420174944161374,0.49676422941366494,0.765741766200339,0.1817962516955841,0.4574328516236871,0.2393167939518393,-524,524,269,12482208,"{""initial_prob"": 0.2393167939518393, ""scale"": 0.5, ""smooth"": ""none"", ""threshold"": 0.45}"
sleep,gru,density_hard,1,objective_e20_bs32_eval5,experiments/sleep/gru/density_hard/seed_1_objective_e20_bs32_eval5,0.5,none,0.5,0.2393167939518393,0.6307515406271548,0.9054908238545636,0.7435542013095087,0.8190381258546217,0.5917917048904657,0.8505244424704347,0.1817962516955841,0.3435570854130936,0.2393167939518393,-221,221,269,12482208,"{""initial_prob"": 0.2393167939518393, ""scale"": 0.5, ""smooth"": ""none"", ""threshold"": 0.5}"
sleep,gru,density_hard,1,objective_e20_bs32_eval5,experiments/sleep/gru/density_hard/seed_1_objective_e20_bs32_eval5,0.55,none,0.5,0.2393167939518393,0.7530503431666611,0.7736500578132982,0.7632112248785071,0.8436851958094533,0.6170910023043628,0.8851147969974543,0.1817962516955841,0.2458633120037737,0.2393167939518393,-1216,1216,269,12482208,"{""initial_prob"": 0.2393167939518393, ""scale"": 0.5, ""smooth"": ""none"", ""threshold"": 0.55}"
sleep,gru,density_hard,1,objective_e20_bs32_eval5,experiments/sleep/gru/density_hard/seed_1_objective_e20_bs32_eval5,0.6000000000000001,none,0.5,0.2393167939518393,0.7962612560106559,0.47108129949029226,0.59195327354411,0.7479792062012705,0.42040740724143444,0.8445747739502498,0.1817962516955841,0.14158376466727682,0.2393167939518393,-4250,4250,269,12482208,"{""initial_prob"": 0.2393167939518393, ""scale"": 0.5, ""smooth"": ""none"", ""threshold"": 0.6000000000000001}"
sleep,gru,density_hard,1,objective_e20_bs32_eval5,experiments/sleep/gru/density_hard/seed_1_objective_e20_bs32_eval5,0.65,none,0.5,0.2393167939518393,0.7463549843382634,0.13304758098046265,0.22583678768989493,0.5493868630326342,0.12729200229320334,0.7817028846178496,0.1817962516955841,0.042661362476895115,0.2393167939518393,-7917,7917,269,12482208,"{""initial_prob"": 0.2393167939518393, ""scale"": 0.5, ""smooth"": ""none"", ""threshold"": 0.65}"
sleep,gru,density_hard,1,objective_e20_bs32_eval5,experiments/sleep/gru/density_hard/seed_1_objective_e20_bs32_eval5,0.7000000000000001,none,0.5,0.2393167939518393,0.5454576069508211,0.016266392430106837,0.0315907011216451,0.44774241812908594,0.016048847736924537,0.7613320495860989,0.1817962516955841,0.007136798233133112,0.2393167939518393,-9367,9367,269,12482208,"{""initial_prob"": 0.2393167939518393, ""scale"": 0.5, ""smooth"": ""none"", ""threshold"": 0.7000000000000001}"
sleep,gru,density_hard,1,objective_e20_bs32_eval5,experiments/sleep/gru/density_hard/seed_1_objective_e20_bs32_eval5,0.75,none,0.5,0.2393167939518393,0.21974488155214922,0.0013725218448568258,0.0027280046309542025,0.4331067817587156,0.0013658653589893929,0.7598453735108404,0.1817962516955841,0.0014947675924003188,0.2393167939518393,-9529,9529,269,12482208,"{""initial_prob"": 0.2393167939518393, ""scale"": 0.5, ""smooth"": ""none"", ""threshold"": 0.75}"
sleep,gru,density_hard,1,objective_e20_bs32_eval5,experiments/sleep/gru/density_hard/seed_1_objective_e20_bs32_eval5,0.8,none,0.5,0.2393167939518393,0.0,0.0,0.0,0.43195933220609944,0.0,0.7604373360866924,0.1817962516955841,0.0002458699614683556,0.2393167939518393,-9568,9568,269,12482208,"{""initial_prob"": 0.2393167939518393, ""scale"": 0.5, ""smooth"": ""none"", ""threshold"": 0.8}"
sleep,gru,density_hard,1,objective_e20_bs32_eval5,experiments/sleep/gru/density_hard/seed_1_objective_e20_bs32_eval5,0.8500000000000001,none,0.5,0.2393167939518393,0.0,0.0,0.0,0.4320386560371119,0.0,0.7606832060481608,0.1817962516955841,0.0,0.2393167939518393,-9578,9578,269,12482208,"{""initial_prob"": 0.2393167939518393, ""scale"": 0.5, ""smooth"": ""none"", ""threshold"": 0.8500000000000001}"
sleep,gru,density_hard,1,objective_e20_bs32_eval5,experiments/sleep/gru/density_hard/seed_1_objective_e20_bs32_eval5,0.9,none,0.5,0.2393167939518393,0.0,0.0,0.0,0.4320386560371119,0.0,0.7606832060481608,0.1817962516955841,0.0,0.2393167939518393,-9578,9578,269,12482208,"{""initial_prob"": 0.2393167939518393, ""scale"": 0.5, ""smooth"": ""none"", ""threshold"": 0.9}"
sleep,gru,density_hard,1,objective_e20_bs32_eval5,experiments/sleep/gru/density_hard/seed_1_objective_e20_bs32_eval5,0.9500000000000001,none,0.5,0.2393167939518393,0.0,0.0,0.0,0.4320386560371119,0.0,0.7606832060481608,0.1817962516955841,0.0,0.2393167939518393,-9578,9578,269,12482208,"{""initial_prob"": 0.2393167939518393, ""scale"": 0.5, ""smooth"": ""none"", ""threshold"": 0.9500000000000001}"
sleep,gru,density_hard,1,objective_e20_bs32_eval5,experiments/sleep/gru/density_hard/seed_1_objective_e20_bs32_eval5,1.0,none,0.5,0.2393167939518393,0.0,0.0,0.0,0.4320386560371119,0.0,0.7606832060481608,0.1817962516955841,0.0,0.2393167939518393,-9578,9578,269,12482208,"{""initial_prob"": 0.2393167939518393, ""scale"": 0.5, ""smooth"": ""none"", ""threshold"": 1.0}"
sleep,gru,density_hard,1,objective_e20_bs32_eval5,experiments/sleep/gru/density_hard/seed_1_objective_e20_bs32_eval5,0.0,none,0.5,0.5,0.2393167939518393,1.0,0.3862076187779625,0.19310380938898125,0.2393167939518393,0.2393167939518393,0.18672105689814672,1.0,0.2393167939518393,-9578,9578,269,12482208,"{""initial_prob"": 0.5, ""scale"": 0.5, ""smooth"": ""none"", ""threshold"": 0.0}"
sleep,gru,density_hard,1,objective_e20_bs32_eval5,experiments/sleep/gru/density_hard/seed_1_objective_e20_bs32_eval5,0.05,none,0.5,0.5,0.2393167939518393,1.0,0.3862076187779625,0.19310380938898125,0.2393167939518393,0.2393167939518393,0.18672105689814672,1.0,0.2393167939518393,-9578,9578,269,12482208,"{""initial_prob"": 0.5, ""scale"": 0.5, ""smooth"": ""none"", ""threshold"": 0.05}"
sleep,gru,density_hard,1,objective_e20_bs32_eval5,experiments/sleep/gru/density_hard/seed_1_objective_e20_bs32_eval5,0.1,none,0.5,0.5,0.2393167939518393,1.0,0.3862076187779625,0.19310380938898125,0.2393167939518393,0.2393167939518393,0.18672105689814672,1.0,0.2393167939518393,-9578,9578,269,12482208,"{""initial_prob"": 0.5, ""scale"": 0.5, ""smooth"": ""none"", ""threshold"": 0.1}"
sleep,gru,density_hard,1,objective_e20_bs32_eval5,experiments/sleep/gru/density_hard/seed_1_objective_e20_bs32_eval5,0.15000000000000002,none,0.5,0.5,0.2393167939518393,1.0,0.3862076187779625,0.19310380938898125,0.2393167939518393,0.2393167939518393,0.18672105689814672,1.0,0.2393167939518393,-9578,9578,269,12482208,"{""initial_prob"": 0.5, ""scale"": 0.5, ""smooth"": ""none"", ""threshold"": 0.15000000000000002}"
sleep,gru,density_hard,1,objective_e20_bs32_eval5,experiments/sleep/gru/density_hard/seed_1_objective_e20_bs32_eval5,0.2,none,0.5,0.5,0.23932093531224824,1.0,0.38621301148592485,0.1931292540262569,0.23932093531224824,0.23933409858255847,0.18672105689814672,0.9999826953692809,0.2393167939518393,-9576,9576,269,12482208,"{""initial_prob"": 0.5, ""scale"": 0.5, ""smooth"": ""none"", ""threshold"": 0.2}"
sleep,gru,density_hard,1,objective_e20_bs32_eval5,experiments/sleep/gru/density_hard/seed_1_objective_e20_bs32_eval5,0.25,none,0.5,0.5,0.23960901121332265,0.9999976566700209,0.3865878684558551,0.1948969401610999,0.23960887667670144,0.24053757155785258,0.18672105689814672,0.9987781007975512,0.2393167939518393,-9552,9552,269,12482208,"{""initial_prob"": 0.5, ""scale"": 0.5, ""smooth"": ""none"", ""threshold"": 0.25}"
sleep,gru,density_hard,1,objective_e20_bs32_eval5,experiments/sleep/gru/density_hard/seed_1_objective_e20_bs32_eval5,0.30000000000000004,none,0.5,0.5,0.24199243106796023,0.9999317086691827,0.38967904293093103,0.20923157050997632,0.24198843169760548,0.250408341216554,0.18672105689814672,0.9888757662105935,0.2393167939518393,-9318,9318,269,12482208,"{""initial_prob"": 0.5, ""scale"": 0.5, ""smooth"": ""none"", ""threshold"": 0.30000000000000004}"
sleep,gru,density_hard,1,objective_e20_bs32_eval5,experiments/sleep/gru/density_hard/seed_1_objective_e20_bs32_eval5,0.35000000000000003,none,0.5,0.5,0.25986861963328867,0.9986468943178265,0.41241762544935107,0.30134117526317317,0.25977715050287215,0.319000692826141,0.18672105689814672,0.9196684592982267,0.2393167939518393,-7817,7817,269,12482208,"{""initial_prob"": 0.5, ""scale"": 0.5, ""smooth"": ""none"", ""threshold"": 0.35000000000000003}"
sleep,gru,density_hard,1,objective_e20_bs32_eval5,experiments/sleep/gru/density_hard/seed_1_objective_e20_bs32_eval5,0.4,none,0.5,0.5,0.33608654104145524,0.9946314310180564,0.5024088413634528,0.5272010189239993,0.3354779697156206,0.5285010472506146,0.18672105689814672,0.7082461692674886,0.2393167939518393,-3824,3824,269,12482208,"{""initial_prob"": 0.5, ""scale"": 0.5, ""smooth"": ""none"", ""threshold"": 0.4}"
sleep,gru,density_hard,1,objective_e20_bs32_eval5,experiments/sleep/gru/density_hard/seed_1_objective_e20_bs32_eval5,0.45,none,0.5,0.5,0.47316399465614073,0.9792183454617398,0.6380287768324806,0.713950433718711,0.4684598073582092,0.7341011301846596,0.18672105689814672,0.4952688658929574,0.2393167939518393,-777,777,269,12482208,"{""initial_prob"": 0.5, ""scale"": 0.5, ""smooth"": ""none"", ""threshold"": 0.45}"
sleep,gru,density_hard,1,objective_e20_bs32_eval5,experiments/sleep/gru/density_hard/seed_1_objective_e20_bs32_eval5,0.5,none,0.5,0.5,0.6172493924652566,0.944497559923969,0.7465877159626966,0.8182756754654037,0.5956441671035012,0.8465556734834093,0.18672105689814672,0.3661957884374303,0.2393167939518393,273,273,269,12482208,"{""initial_prob"": 0.5, ""scale"": 0.5, ""smooth"": ""none"", ""threshold"": 0.5}"
sleep,gru,density_hard,1,objective_e20_bs32_eval5,experiments/sleep/gru/density_hard/seed_1_objective_e20_bs32_eval5,0.55,none,0.5,0.5,0.7554699441591671,0.8469651533441662,0.79860547001074,0.865051683469666,0.6647320676729559,0.8977686479827928,0.18672105689814672,0.2683005282398755,0.2393167939518393,-471,471,269,12482208,"{""initial_prob"": 0.5, ""scale"": 0.5, ""smooth"": ""none"", ""threshold"": 0.55}"
sleep,gru,density_hard,1,objective_e20_bs32_eval5,experiments/sleep/gru/density_hard/seed_1_objective_e20_bs32_eval5,0.6000000000000001,none,0.5,0.5,0.8097597007244827,0.5625950303996851,0.6639198643230553,0.7892139536817899,0.49691620030461003,0.8636904624566423,0.18672105689814672,0.1662696215284988,0.2393167939518393,-3314,3314,269,12482208,"{""initial_prob"": 0.5, ""scale"": 0.5, ""smooth"": ""none"", ""threshold"": 0.6000000000000001}"
sleep,gru,density_hard,1,objective_e20_bs32_eval5,experiments/sleep/gru/density_hard/seed_1_objective_e20_bs32_eval5,0.65,none,0.5,0.5,0.7855848370539139,0.1816800470808469,0.29511066208017084,0.5866568839021702,0.17309666704833845,0.7922952413547347,0.18672105689814672,0.05534613747824103,0.2393167939518393,-7393,7393,269,12482208,"{""initial_prob"": 0.5, ""scale"": 0.5, ""smooth"": ""none"", ""threshold"": 0.65}"
sleep,gru,density_hard,1,objective_e20_bs32_eval5,experiments/sleep/gru/density_hard/seed_1_objective_e20_bs32_eval5,0.7000000000000001,none,0.5,0.5,0.6299294133890202,0.024437584066962996,0.04704990641580258,0.45589209943067427,0.024091709547709506,0.7630957599809265,0.18672105689814672,0.009284094608902527,0.2393167939518393,-9277,9277,269,12482208,"{""initial_prob"": 0.5, ""scale"": 0.5, ""smooth"": ""none"", ""threshold"": 0.7000000000000001}"
sleep,gru,density_hard,1,objective_e20_bs32_eval5,experiments/sleep/gru/density_hard/seed_1_objective_e20_bs32_eval5,0.75,none,0.5,0.5,0.27440352096363213,0.001982791923679751,0.003937134798840862,0.43371862111002013,0.0019724503007795225,0.7599029754992066,0.18672105689814672,0.0017292613614514356,0.2393167939518393,-9523,9523,269,12482208,"{""initial_prob"": 0.5, ""scale"": 0.5, ""smooth"": ""none"", ""threshold"": 0.75}"
sleep,gru,density_hard,1,objective_e20_bs32_eval5,experiments/sleep/gru/density_hard/seed_1_objective_e20_bs32_eval5,0.8,none,0.5,0.5,0.0,0.0,0.0,0.4319589961505647,0.0,0.760436294604288,0.18672105689814672,0.0002469114438727507,0.2393167939518393,-9570,9570,269,12482208,"{""initial_prob"": 0.5, ""scale"": 0.5, ""smooth"": ""none"", ""threshold"": 0.8}"
sleep,gru,density_hard,1,objective_e20_bs32_eval5,experiments/sleep/gru/density_hard/seed_1_objective_e20_bs32_eval5,0.8500000000000001,none,0.5,0.5,0.0,0.0,0.0,0.4320386560371119,0.0,0.7606832060481608,0.18672105689814672,0.0,0.2393167939518393,-9578,9578,269,12482208,"{""initial_prob"": 0.5, ""scale"": 0.5, ""smooth"": ""none"", ""threshold"": 0.8500000000000001}"
sleep,gru,density_hard,1,objective_e20_bs32_eval5,experiments/sleep/gru/density_hard/seed_1_objective_e20_bs32_eval5,0.9,none,0.5,0.5,0.0,0.0,0.0,0.4320386560371119,0.0,0.7606832060481608,0.18672105689814672,0.0,0.2393167939518393,-9578,9578,269,12482208,"{""initial_prob"": 0.5, ""scale"": 0.5, ""smooth"": ""none"", ""threshold"": 0.9}"
sleep,gru,density_hard,1,objective_e20_bs32_eval5,experiments/sleep/gru/density_hard/seed_1_objective_e20_bs32_eval5,0.9500000000000001,none,0.5,0.5,0.0,0.0,0.0,0.4320386560371119,0.0,0.7606832060481608,0.18672105689814672,0.0,0.2393167939518393,-9578,9578,269,12482208,"{""initial_prob"": 0.5, ""scale"": 0.5, ""smooth"": ""none"", ""threshold"": 0.9500000000000001}"
sleep,gru,density_hard,1,objective_e20_bs32_eval5,experiments/sleep/gru/density_hard/seed_1_objective_e20_bs32_eval5,1.0,none,0.5,0.5,0.0,0.0,0.0,0.4320386560371119,0.0,0.7606832060481608,0.18672105689814672,0.0,0.2393167939518393,-9578,9578,269,12482208,"{""initial_prob"": 0.5, ""scale"": 0.5, ""smooth"": ""none"", ""threshold"": 1.0}"
sleep,gru,density_hard,1,objective_e20_bs32_eval5,experiments/sleep/gru/density_hard/seed_1_objective_e20_bs32_eval5,0.0,none,0.5,1.0,0.2393167939518393,1.0,0.3862076187779625,0.19310380938898125,0.2393167939518393,0.2393167939518393,0.20628790963989513,1.0,0.2393167939518393,-9578,9578,269,12482208,"{""initial_prob"": 1.0, ""scale"": 0.5, ""smooth"": ""none"", ""threshold"": 0.0}"
sleep,gru,density_hard,1,objective_e20_bs32_eval5,experiments/sleep/gru/density_hard/seed_1_objective_e20_bs32_eval5,0.05,none,0.5,1.0,0.2393167939518393,1.0,0.3862076187779625,0.19310380938898125,0.2393167939518393,0.2393167939518393,0.20628790963989513,1.0,0.2393167939518393,-9578,9578,269,12482208,"{""initial_prob"": 1.0, ""scale"": 0.5, ""smooth"": ""none"", ""threshold"": 0.05}"
sleep,gru,density_hard,1,objective_e20_bs32_eval5,experiments/sleep/gru/density_hard/seed_1_objective_e20_bs32_eval5,0.1,none,0.5,1.0,0.2393167939518393,1.0,0.3862076187779625,0.19310380938898125,0.2393167939518393,0.2393167939518393,0.20628790963989513,1.0,0.2393167939518393,-9578,9578,269,12482208,"{""initial_prob"": 1.0, ""scale"": 0.5, ""smooth"": ""none"", ""threshold"": 0.1}"
sleep,gru,density_hard,1,objective_e20_bs32_eval5,experiments/sleep/gru/density_hard/seed_1_objective_e20_bs32_eval5,0.15000000000000002,none,0.5,1.0,0.2393167939518393,1.0,0.3862076187779625,0.19310380938898125,0.2393167939518393,0.2393167939518393,0.20628790963989513,1.0,0.2393167939518393,-9578,9578,269,12482208,"{""initial_prob"": 1.0, ""scale"": 0.5, ""smooth"": ""none"", ""threshold"": 0.15000000000000002}"
sleep,gru,density_hard,1,objective_e20_bs32_eval5,experiments/sleep/gru/density_hard/seed_1_objective_e20_bs32_eval5,0.2,none,0.5,1.0,0.23932093531224824,1.0,0.38621301148592485,0.1931292540262569,0.23932093531224824,0.23933409858255847,0.20628790963989513,0.9999826953692809,0.2393167939518393,-9576,9576,269,12482208,"{""initial_prob"": 1.0, ""scale"": 0.5, ""smooth"": ""none"", ""threshold"": 0.2}"
sleep,gru,density_hard,1,objective_e20_bs32_eval5,experiments/sleep/gru/density_hard/seed_1_objective_e20_bs32_eval5,0.25,none,0.5,1.0,0.23960885745719648,0.9999976566700209,0.3865876683348684,0.19489600025139625,0.23960872292074795,0.24053693064560372,0.20628790963989513,0.9987787417098001,0.2393167939518393,-9552,9552,269,12482208,"{""initial_prob"": 1.0, ""scale"": 0.5, ""smooth"": ""none"", ""threshold"": 0.25}"
sleep,gru,density_hard,1,objective_e20_bs32_eval5,experiments/sleep/gru/density_hard/seed_1_objective_e20_bs32_eval5,0.30000000000000004,none,0.5,1.0,0.24182423209144396,0.9999333824763106,0.3894610663516734,0.20824186352500665,0.241820336171218,0.24971968100515549,0.20628790963989513,0.989565227562303,0.2393167939518393,-9332,9332,269,12482208,"{""initial_prob"": 1.0, ""scale"": 0.5, ""smooth"": ""none"", ""threshold"": 0.30000000000000004}"
sleep,gru,density_hard,1,objective_e20_bs32_eval5,experiments/sleep/gru/density_hard/seed_1_objective_e20_bs32_eval5,0.35000000000000003,none,0.5,1.0,0.2576246552735855,0.9986773576075538,0.4095892665062909,0.29120314062793673,0.2575367846056548,0.31097647147043217,0.20628790963989513,0.9277072614075971,0.2393167939518393,-7997,7997,269,12482208,"{""initial_prob"": 1.0, ""scale"": 0.5, ""smooth"": ""none"", ""threshold"": 0.35000000000000003}"
sleep,gru,density_hard,1,objective_e20_bs32_eval5,experiments/sleep/gru/density_hard/seed_1_objective_e20_bs32_eval5,0.4,none,0.5,1.0,0.32154918535997185,0.9952125768528542,0.4860557202227004,0.4961253749833331,0.32105258212950805,0.4963266114456673,0.20628790963989513,0.7406987609884405,0.2393167939518393,-4515,4515,269,12482208,"{""initial_prob"": 1.0, ""scale"": 0.5, ""smooth"": ""none"", ""threshold"": 0.4}"
sleep,gru,density_hard,1,objective_e20_bs32_eval5,experiments/sleep/gru/density_hard/seed_1_objective_e20_bs32_eval5,0.45,none,0.5,1.0,0.42932894142530076,0.9806862743128855,0.597209158201385,0.6682196105160063,0.42572929648989005,0.6834178696589578,0.20628790963989513,0.5466547264714704,0.2393167939518393,-1777,1777,269,12482208,"{""initial_prob"": 1.0, ""scale"": 0.5, ""smooth"": ""none"", ""threshold"": 0.45}"
sleep,gru,density_hard,1,objective_e20_bs32_eval5,experiments/sleep/gru/density_hard/seed_1_objective_e20_bs32_eval5,0.5,none,0.5,1.0,0.5364704081516953,0.9503270953889291,0.6857993284584283,0.7649512784579057,0.5218376031218871,0.7916054595469006,0.20628790963989513,0.4239362138493446,0.2393167939518393,-820,820,269,12482208,"{""initial_prob"": 1.0, ""scale"": 0.5, ""smooth"": ""none"", ""threshold"": 0.5}"
sleep,gru,density_hard,1,objective_e20_bs32_eval5,experiments/sleep/gru/density_hard/seed_1_objective_e20_bs32_eval5,0.55,none,0.5,1.0,0.6388724857144198,0.8659618599612614,0.7352825347150421,0.8156949231593498,0.5813808656065116,0.8507788846332316,0.20628790963989513,0.3243827534359306,0.2393167939518393,-1095,1095,269,12482208,"{""initial_prob"": 1.0, ""scale"": 0.5, ""smooth"": ""none"", ""threshold"": 0.55}"
sleep,gru,density_hard,1,objective_e20_bs32_eval5,experiments/sleep/gru/density_hard/seed_1_objective_e20_bs32_eval5,0.6000000000000001,none,0.5,1.0,0.6682633272623297,0.6137770395172473,0.6398623588667989,0.7662777783047167,0.47043941695025543,0.8346532119958264,0.20628790963989513,0.2198043006493723,0.2393167939518393,-3396,3396,269,12482208,"{""initial_prob"": 1.0, ""scale"": 0.5, ""smooth"": ""none"", ""threshold"": 0.6000000000000001}"
sleep,gru,density_hard,1,objective_e20_bs32_eval5,experiments/sleep/gru/density_hard/seed_1_objective_e20_bs32_eval5,0.65,none,0.5,1.0,0.5939395722228241,0.2771191904665302,0.3779126288386234,0.6227540289036322,0.23297920664288685,0.7816617861198916,0.20628790963989513,0.11165997233822735,0.2393167939518393,-6851,6851,269,12482208,"{""initial_prob"": 1.0, ""scale"": 0.5, ""smooth"": ""none"", ""threshold"": 0.65}"
sleep,gru,density_hard,1,objective_e20_bs32_eval5,experiments/sleep/gru/density_hard/seed_1_objective_e20_bs32_eval5,0.7000000000000001,none,0.5,1.0,0.49722321139747355,0.12246510279519095,0.19652619002595795,0.5278515905748684,0.10897091432050605,0.7603558601170562,0.20628790963989513,0.05894325747495956,0.2393167939518393,-8568,8568,269,12482208,"{""initial_prob"": 1.0, ""scale"": 0.5, ""smooth"": ""none"", ""threshold"": 0.7000000000000001}"
sleep,gru,density_hard,1,objective_e20_bs32_eval5,experiments/sleep/gru/density_hard/seed_1_objective_e20_bs32_eval5,0.75,none,0.5,1.0,0.4512177571756971,0.079769965338802,0.1355723431031854,0.49695046515964514,0.07271526068693612,0.7565554107093874,0.20628790963989513,0.04230838005583627,0.2393167939518393,-8972,8972,269,12482208,"{""initial_prob"": 1.0, ""scale"": 0.5, ""smooth"": ""none"", ""threshold"": 0.75}"
sleep,gru,density_hard,1,objective_e20_bs32_eval5,experiments/sleep/gru/density_hard/seed_1_objective_e20_bs32_eval5,0.8,none,0.5,1.0,0.4175433149844174,0.058529687647504255,0.10266778275699169,0.480450945508335,0.05411165310109848,0.755150931630045,0.20628790963989513,0.033546548815722346,0.2393167939518393,-9169,9169,269,12482208,"{""initial_prob"": 1.0, ""scale"": 0.5, ""smooth"": ""none"", ""threshold"": 0.8}"
sleep,gru,density_hard,1,objective_e20_bs32_eval5,experiments/sleep/gru/density_hard/seed_1_objective_e20_bs32_eval5,0.8500000000000001,none,0.5,1.0,0.42546953098846807,0.04935454649534916,0.08844899298620938,0.4739804849498803,0.04627079929422531,0.7565451561134056,0.20628790963989513,0.027760793603183027,0.2393167939518393,-9191,9191,269,12482208,"{""initial_prob"": 1.0, ""scale"": 0.5, ""smooth"": ""none"", ""threshold"": 0.8500000000000001}"
sleep,gru,density_hard,1,objective_e20_bs32_eval5,experiments/sleep/gru/density_hard/seed_1_objective_e20_bs32_eval5,0.9,none,0.5,1.0,0.42313529396410604,0.037987387528530044,0.06971595644257923,0.4651075494251685,0.03611694179168371,0.7573803448876993,0.20628790963989513,0.021484900748329143,0.2393167939518393,-9251,9251,269,12482208,"{""initial_prob"": 1.0, ""scale"": 0.5, ""smooth"": ""none"", ""threshold"": 0.9}"
sleep,gru,density_hard,1,objective_e20_bs32_eval5,experiments/sleep/gru/density_hard/seed_1_objective_e20_bs32_eval5,0.9500000000000001,none,0.5,1.0,0.41875014590190723,0.030024752259807004,0.0560319636457573,0.45858614740047365,0.02882350048864012,0.7578948371954706,0.20628790963989513,0.017159223752720672,0.2393167939518393,-9285,9285,269,12482208,"{""initial_prob"": 1.0, ""scale"": 0.5, ""smooth"": ""none"", ""threshold"": 0.9500000000000001}"
sleep,gru,density_hard,1,objective_e20_bs32_eval5,experiments/sleep/gru/density_hard/seed_1_objective_e20_bs32_eval5,1.0,none,0.5,1.0,0.0,0.0,0.0,0.4320386560371119,0.0,0.7606832060481608,0.20628790963989513,0.0,0.2393167939518393,-9578,9578,269,12482208,"{""initial_prob"": 1.0, ""scale"": 0.5, ""smooth"": ""none"", ""threshold"": 1.0}"
sleep,gru,density_hard,1,objective_e20_bs32_eval5,experiments/sleep/gru/density_hard/seed_1_objective_e20_bs32_eval5,0.0,none,1.0,0.0,0.2393167939518393,1.0,0.3862076187779625,0.19310380938898125,0.2393167939518393,0.2393167939518393,0.13916289748767313,1.0,0.2393167939518393,-9578,9578,269,12482208,"{""initial_prob"": 0.0, ""scale"": 1.0, ""smooth"": ""none"", ""threshold"": 0.0}"
sleep,gru,density_hard,1,objective_e20_bs32_eval5,experiments/sleep/gru/density_hard/seed_1_objective_e20_bs32_eval5,0.05,none,1.0,0.0,0.2425017488401627,0.9997593065350117,0.39032597730554874,0.2123629022516294,0.24248759177474807,0.2525728621090115,0.13916289748767313,0.9866287278660955,0.2393167939518393,-9309,9309,269,12482208,"{""initial_prob"": 0.0, ""scale"": 1.0, ""smooth"": ""none"", ""threshold"": 0.05}"
sleep,gru,density_hard,1,objective_e20_bs32_eval5,experiments/sleep/gru/density_hard/seed_1_objective_e20_bs32_eval5,0.1,none,1.0,0.0,0.2428590714389695,0.9996816418842783,0.3907827770621154,0.2145038052027514,0.24284028998190724,0.2540638643419498,0.13916289748767313,0.9851005527227235,0.2393167939518393,-9301,9301,269,12482208,"{""initial_prob"": 0.0, ""scale"": 1.0, ""smooth"": ""none"", ""threshold"": 0.1}"
sleep,gru,density_hard,1,objective_e20_bs32_eval5,experiments/sleep/gru/density_hard/seed_1_objective_e20_bs32_eval5,0.15000000000000002,none,1.0,0.0,0.24321038513226578,0.9994439612721202,0.3912192500552489,0.21673981247483065,0.24317748087716998,0.2556069406951078,0.13916289748767313,0.983443714445393,0.2393167939518393,-9273,9273,269,12482208,"{""initial_prob"": 0.0, ""scale"": 1.0, ""smooth"": ""none"", ""threshold"": 0.15000000000000002}"
sleep,gru,density_hard,1,objective_e20_bs32_eval5,experiments/sleep/gru/density_hard/seed_1_objective_e20_bs32_eval5,0.2,none,1.0,0.0,0.24605344667278609,0.9991135517450779,0.3948632325410633,0.2329595605764866,0.24599974316591366,0.26713350714873524,0.13916289748767313,0.9717590028943597,0.2393167939518393,-8923,8923,269,12482208,"{""initial_prob"": 0.0, ""scale"": 1.0, ""smooth"": ""none"", ""threshold"": 0.2}"
sleep,gru,density_hard,1,objective_e20_bs32_eval5,experiments/sleep/gru/density_hard/seed_1_objective_e20_bs32_eval5,0.25,none,1.0,0.0,0.2669447900027397,0.998427625584075,0.4212594641094247,0.33139175348787253,0.2668326140569959,0.3434708827156221,0.13916289748767313,0.895093320027995,0.2393167939518393,-7011,7011,269,12482208,"{""initial_prob"": 0.0, ""scale"": 1.0, ""smooth"": ""none"", ""threshold"": 0.25}"
sleep,gru,density_hard,1,objective_e20_bs32_eval5,experiments/sleep/gru/density_hard/seed_1_objective_e20_bs32_eval5,0.30000000000000004,none,1.0,0.0,0.3303625063876665,0.996173342144254,0.49617705012882674,0.5151112854056754,0.3299437943617846,0.5158506411686138,0.13916289748767313,0.72163458580405,0.2393167939518393,-3454,3454,269,12482208,"{""initial_prob"": 0.0, ""scale"": 1.0, ""smooth"": ""none"", ""threshold"": 0.30000000000000004}"
sleep,gru,density_hard,1,objective_e20_bs32_eval5,experiments/sleep/gru/density_hard/seed_1_objective_e20_bs32_eval5,0.35000000000000003,none,1.0,0.0,0.42168283924520444,0.9927560975119861,0.5919353589581041,0.6591697157026116,0.42038933562034636,0.6724327939415847,0.13916289748767313,0.5634168249719921,0.2393167939518393,-831,831,269,12482208,"{""initial_prob"": 0.0, ""scale"": 1.0, ""smooth"": ""none"", ""threshold"": 0.35000000000000003}"
sleep,gru,density_hard,1,objective_e20_bs32_eval5,experiments/sleep/gru/density_hard/seed_1_objective_e20_bs32_eval5,0.4,none,1.0,0.0,0.5103803410183416,0.9859594362885402,0.6725936461154352,0.7478323688616291,0.5066976243914574,0.7702811874309418,0.13916289748767313,0.4623153211354914,0.2393167939518393,304,304,269,12482208,"{""initial_prob"": 0.0, ""scale"": 1.0, ""smooth"": ""none"", ""threshold"": 0.4}"
sleep,gru,density_hard,1,objective_e20_bs32_eval5,experiments/sleep/gru/density_hard/seed_1_objective_e20_bs32_eval5,0.45,none,1.0,0.0,0.5876419949478865,0.9759453830038947,0.7335777966944858,0.8045654963288511,0.5792521599666836,0.8303503674990835,0.13916289748767313,0.39745307881426106,0.2393167939518393,734,734,269,12482208,"{""initial_prob"": 0.0, ""scale"": 1.0, ""smooth"": ""none"", ""threshold"": 0.45}"
sleep,gru,density_hard,1,objective_e20_bs32_eval5,experiments/sleep/gru/density_hard/seed_1_objective_e20_bs32_eval5,0.5,none,1.0,0.0,0.6594633126784998,0.9569496806710761,0.7808316427527014,0.8449364288603125,0.6404625235809954,0.8714379699489064,0.13916289748767313,0.3472734952021309,0.2393167939518393,769,769,269,12482208,"{""initial_prob"": 0.0, ""scale"": 1.0, ""smooth"": ""none"", ""threshold"": 0.5}"
sleep,gru,density_hard,1,objective_e20_bs32_eval5,experiments/sleep/gru/density_hard/seed_1_objective_e20_bs32_eval5,0.55,none,1.0,0.0,0.7433344592761079,0.9215935179475643,0.8229211457882617,0.8790425027449308,0.6991215098663485,0.9050814567422687,0.13916289748767313,0.29670736138990794,0.2393167939518393,558,558,269,12482208,"{""initial_prob"": 0.0, ""scale"": 1.0, ""smooth"": ""none"", ""threshold"": 0.55}"
sleep,gru,density_hard,1,objective_e20_bs32_eval5,experiments/sleep/gru/density_hard/seed_1_objective_e20_bs32_eval5,0.6000000000000001,none,1.0,0.0,0.8124434073529225,0.8578408825382414,0.8345252048337474,0.8902682623790457,0.7160388266609441,0.9185853977116869,0.13916289748767313,0.2526892677962104,0.2393167939518393,-142,142,269,12482208,"{""initial_prob"": 0.0, ""scale"": 1.0, ""smooth"": ""none"", ""threshold"": 0.6000000000000001}"
sleep,gru,density_hard,1,objective_e20_bs32_eval5,experiments/sleep/gru/density_hard/seed_1_objective_e20_bs32_eval5,0.65,none,1.0,0.0,0.8580974598708956,0.72637504929362,0.786760995987384,0.8631418885910334,0.6484798076762152,0.9057702771817294,0.13916289748767313,0.20258042487354802,0.2393167939518393,-1553,1553,269,12482208,"{""initial_prob"": 0.0, ""scale"": 1.0, ""smooth"": ""none"", ""threshold"": 0.65}"
sleep,gru,density_hard,1,objective_e20_bs32_eval5,experiments/sleep/gru/density_hard/seed_1_objective_e20_bs32_eval5,0.7000000000000001,none,1.0,0.0,0.8687106380961352,0.4723323029376654,0.6119417711741333,0.762009627350391,0.4408617437409407,0.8566368225877986,0.13916289748767313,0.13012048829822417,0.2393167939518393,-4167,4167,269,12482208,"{""initial_prob"": 0.0, ""scale"": 1.0, ""smooth"": ""none"", ""threshold"": 0.7000000000000001}"
sleep,gru,density_hard,1,objective_e20_bs32_eval5,experiments/sleep/gru/density_hard/seed_1_objective_e20_bs32_eval5,0.75,none,1.0,0.0,0.8812706549889523,0.15514919981976444,0.26384758321985347,0.5716435625964287,0.15197259219278852,0.7928106950308792,0.13916289748767313,0.042132129187400176,0.2393167939518393,-7719,7719,269,12482208,"{""initial_prob"": 0.0, ""scale"": 1.0, ""smooth"": ""none"", ""threshold"": 0.75}"
sleep,gru,density_hard,1,objective_e20_bs32_eval5,experiments/sleep/gru/density_hard/seed_1_objective_e20_bs32_eval5,0.8,none,1.0,0.0,0.812748032368917,0.024544038200295794,0.04764912855347286,0.4568721389927642,0.024406027241491112,0.7652037203674221,0.13916289748767313,0.007227086746191058,0.2393167939518393,-9246,9246,269,12482208,"{""initial_prob"": 0.0, ""scale"": 1.0, ""smooth"": ""none"", ""threshold"": 0.8}"
sleep,gru,density_hard,1,objective_e20_bs32_eval5,experiments/sleep/gru/density_hard/seed_1_objective_e20_bs32_eval5,0.8500000000000001,none,1.0,0.0,0.6856383567711217,0.0020728427471593818,0.004133189908795477,0.4341536273685032,0.0020708746134250333,0.7609518283944635,0.13916289748767313,0.000723509814930179,0.2393167939518393,-9548,9548,269,12482208,"{""initial_prob"": 0.0, ""scale"": 1.0, ""smooth"": ""none"", ""threshold"": 0.8500000000000001}"
sleep,gru,density_hard,1,objective_e20_bs32_eval5,experiments/sleep/gru/density_hard/seed_1_objective_e20_bs32_eval5,0.9,none,1.0,0.0,0.0,0.0,0.0,0.4320386560371119,0.0,0.7606832060481608,0.13916289748767313,0.0,0.2393167939518393,-9578,9578,269,12482208,"{""initial_prob"": 0.0, ""scale"": 1.0, ""smooth"": ""none"", ""threshold"": 0.9}"
sleep,gru,density_hard,1,objective_e20_bs32_eval5,experiments/sleep/gru/density_hard/seed_1_objective_e20_bs32_eval5,0.9500000000000001,none,1.0,0.0,0.0,0.0,0.0,0.4320386560371119,0.0,0.7606832060481608,0.13916289748767313,0.0,0.2393167939518393,-9578,9578,269,12482208,"{""initial_prob"": 0.0, ""scale"": 1.0, ""smooth"": ""none"", ""threshold"": 0.9500000000000001}"
sleep,gru,density_hard,1,objective_e20_bs32_eval5,experiments/sleep/gru/density_hard/seed_1_objective_e20_bs32_eval5,1.0,none,1.0,0.0,0.0,0.0,0.0,0.4320386560371119,0.0,0.7606832060481608,0.13916289748767313,0.0,0.2393167939518393,-9578,9578,269,12482208,"{""initial_prob"": 0.0, ""scale"": 1.0, ""smooth"": ""none"", ""threshold"": 1.0}"
sleep,gru,density_hard,1,objective_e20_bs32_eval5,experiments/sleep/gru/density_hard/seed_1_objective_e20_bs32_eval5,0.0,none,1.0,0.2393167939518393,0.2393167939518393,1.0,0.3862076187779625,0.19310380938898125,0.2393167939518393,0.2393167939518393,0.14011915153205062,1.0,0.2393167939518393,-9578,9578,269,12482208,"{""initial_prob"": 0.2393167939518393, ""scale"": 1.0, ""smooth"": ""none"", ""threshold"": 0.0}"
sleep,gru,density_hard,1,objective_e20_bs32_eval5,experiments/sleep/gru/density_hard/seed_1_objective_e20_bs32_eval5,0.05,none,1.0,0.2393167939518393,0.2393167939518393,1.0,0.3862076187779625,0.19310380938898125,0.2393167939518393,0.2393167939518393,0.14011915153205062,1.0,0.2393167939518393,-9578,9578,269,12482208,"{""initial_prob"": 0.2393167939518393, ""scale"": 1.0, ""smooth"": ""none"", ""threshold"": 0.05}"
sleep,gru,density_hard,1,objective_e20_bs32_eval5,experiments/sleep/gru/density_hard/seed_1_objective_e20_bs32_eval5,0.1,none,1.0,0.2393167939518393,0.2393167939518393,1.0,0.3862076187779625,0.19310380938898125,0.2393167939518393,0.2393167939518393,0.14011915153205062,1.0,0.2393167939518393,-9578,9578,269,12482208,"{""initial_prob"": 0.2393167939518393, ""scale"": 1.0, ""smooth"": ""none"", ""threshold"": 0.1}"
sleep,gru,density_hard,1,objective_e20_bs32_eval5,experiments/sleep/gru/density_hard/seed_1_objective_e20_bs32_eval5,0.15000000000000002,none,1.0,0.2393167939518393,0.23969461042672952,0.9999979914314465,0.386699297268363,0.195419497140273,0.23969449502724732,0.24089407899628015,0.14011915153205062,0.9984217535871859,0.2393167939518393,-9508,9508,269,12482208,"{""initial_prob"": 0.2393167939518393, ""scale"": 1.0, ""smooth"": ""none"", ""threshold"": 0.15000000000000002}"
sleep,gru,density_hard,1,objective_e20_bs32_eval5,experiments/sleep/gru/density_hard/seed_1_objective_e20_bs32_eval5,0.2,none,1.0,0.2393167939518393,0.24260644882933374,0.999912627267925,0.39047328336082954,0.2128324086563378,0.24260130591443127,0.25292079734611056,0.14011915153205062,0.9863541770814908,0.2393167939518393,-9086,9086,269,12482208,"{""initial_prob"": 0.2393167939518393, ""scale"": 1.0, ""smooth"": ""none"", ""threshold"": 0.2}"
sleep,gru,density_hard,1,objective_e20_bs32_eval5,experiments/sleep/gru/density_hard/seed_1_objective_e20_bs32_eval5,0.25,none,1.0,0.2393167939518393,0.2636168944564993,0.9992223492083897,0.41717406849884553,0.31718925512989654,0.2635628215309797,0.3318301537676667,0.14011915153205062,0.907114430395648,0.2393167939518393,-7189,7189,269,12482208,"{""initial_prob"": 0.2393167939518393, ""scale"": 1.0, ""smooth"": ""none"", ""threshold"": 0.25}"
sleep,gru,density_hard,1,objective_e20_bs32_eval5,experiments/sleep/gru/density_hard/seed_1_objective_e20_bs32_eval5,0.30000000000000004,none,1.0,0.2393167939518393,0.3264031163401283,0.9970698332419434,0.49180710626790275,0.5064351948801462,0.3260903219421105,0.5068687366850481,0.14011915153205062,0.7310455810382266,0.2393167939518393,-3576,3576,269,12482208,"{""initial_prob"": 0.2393167939518393, ""scale"": 1.0, ""smooth"": ""none"", ""threshold"": 0.30000000000000004}"
sleep,gru,density_hard,1,objective_e20_bs32_eval5,experiments/sleep/gru/density_hard/seed_1_objective_e20_bs32_eval5,0.35000000000000003,none,1.0,0.2393167939518393,0.4177849835865172,0.9944362651069463,0.5883788238987513,0.6544040256069228,0.4168107094594547,0.6670179666930722,0.14011915153205062,0.5696358368647598,0.2393167939518393,-843,843,269,12482208,"{""initial_prob"": 0.2393167939518393, ""scale"": 1.0, ""smooth"": ""none"", ""threshold"": 0.35000000000000003}"
sleep,gru,density_hard,1,objective_e20_bs32_eval5,experiments/sleep/gru/density_hard/seed_1_objective_e20_bs32_eval5,0.4,none,1.0,0.2393167939518393,0.5058779179253964,0.9883020967447129,0.6692101381009331,0.7441973795601998,0.5028668742230687,0.7661795092663093,0.14011915153205062,0.4675382752795018,0.2393167939518393,286,286,269,12482208,"{""initial_prob"": 0.2393167939518393, ""scale"": 1.0, ""smooth"": ""none"", ""threshold"": 0.4}"
sleep,gru,density_hard,1,objective_e20_bs32_eval5,experiments/sleep/gru/density_hard/seed_1_objective_e20_bs32_eval5,0.45,none,1.0,0.2393167939518393,0.5862469036156311,0.9793994513929758,0.7334605212028529,0.8041409996754181,0.5791059287780214,0.8296477674462723,0.14011915153205062,0.39980891201300284,0.2393167939518393,808,808,269,12482208,"{""initial_prob"": 0.2393167939518393, ""scale"": 1.0, ""smooth"": ""none"", ""threshold"": 0.45}"
sleep,gru,density_hard,1,objective_e20_bs32_eval5,experiments/sleep/gru/density_hard/seed_1_objective_e20_bs32_eval5,0.5,none,1.0,0.2393167939518393,0.6579602004256978,0.9641390170467213,0.7821532666574784,0.8454989262343193,0.6422427759121775,0.8714707365876294,0.14011915153205062,0.3506817864275295,0.2393167939518393,839,839,269,12482208,"{""initial_prob"": 0.2393167939518393, ""scale"": 1.0, ""smooth"": ""none"", ""threshold"": 0.5}"
sleep,gru,density_hard,1,objective_e20_bs32_eval5,experiments/sleep/gru/density_hard/seed_1_objective_e20_bs32_eval5,0.55,none,1.0,0.2393167939518393,0.7439556564944799,0.9380165787248401,0.8297910334256493,0.8833338609920436,0.7090964580922372,0.9079068382773304,0.14011915153205062,0.30174260835903394,0.2393167939518393,730,730,269,12482208,"{""initial_prob"": 0.2393167939518393, ""scale"": 1.0, ""smooth"": ""none"", ""threshold"": 0.55}"
sleep,gru,density_hard,1,objective_e20_bs32_eval5,experiments/sleep/gru/density_hard/seed_1_objective_e20_bs32_eval5,0.6000000000000001,none,1.0,0.2393167939518393,0.815533021957864,0.8847918553884203,0.8487518888211493,0.8992379571051665,0.7372449783670415,0.9245336241793118,0.14011915153205062,0.2596406821613612,0.2393167939518393,142,142,269,12482208,"{""initial_prob"": 0.2393167939518393, ""scale"": 1.0, ""smooth"": ""none"", ""threshold"": 0.6000000000000001}"
sleep,gru,density_hard,1,objective_e20_bs32_eval5,experiments/sleep/gru/density_hard/seed_1_objective_e20_bs32_eval5,0.65,none,1.0,0.2393167939518393,0.8610314605486876,0.7537173582502957,0.8038084317012775,0.8735221831190239,0.6719729958007395,0.9119479502344457,0.14011915153205062,0.20948969925833635,0.2393167939518393,-1281,1281,269,12482208,"{""initial_prob"": 0.2393167939518393, ""scale"": 1.0, ""smooth"": ""none"", ""threshold"": 0.65}"
sleep,gru,density_hard,1,objective_e20_bs32_eval5,experiments/sleep/gru/density_hard/seed_1_objective_e20_bs32_eval5,0.7000000000000001,none,1.0,0.2393167939518393,0.8697059408215277,0.4891620988470147,0.6261493698766322,0.7700909566416885,0.4557623340904285,0.860209988489216,0.14011915153205062,0.1346026279965852,0.2393167939518393,-3991,3991,269,12482208,"{""initial_prob"": 0.2393167939518393, ""scale"": 1.0, ""smooth"": ""none"", ""threshold"": 0.7000000000000001}"
sleep,gru,density_hard,1,objective_e20_bs32_eval5,experiments/sleep/gru/density_hard/seed_1_objective_e20_bs32_eval5,0.75,none,1.0,0.2393167939518393,0.8827075835534733,0.16051810356313367,0.2716392992669138,0.5758351129168133,0.15716586193593599,0.7939934184721165,0.14011915153205062,0.043519143407961154,0.2393167939518393,-7655,7655,269,12482208,"{""initial_prob"": 0.2393167939518393, ""scale"": 1.0, ""smooth"": ""none"", ""threshold"": 0.75}"
sleep,gru,density_hard,1,objective_e20_bs32_eval5,experiments/sleep/gru/density_hard/seed_1_objective_e20_bs32_eval5,0.8,none,1.0,0.2393167939518393,0.8175270756173673,0.025345457053121953,0.0491666214799405,0.45767807604140165,0.02520288099501315,0.7653949525596754,0.14011915153205062,0.007419440534879727,0.2393167939518393,-9240,9240,269,12482208,"{""initial_prob"": 0.2393167939518393, ""scale"": 1.0, ""smooth"": ""none"", ""threshold"": 0.8}"
sleep,gru,density_hard,1,objective_e20_bs32_eval5,experiments/sleep/gru/density_hard/seed_1_objective_e20_bs32_eval5,0.8500000000000001,none,1.0,0.2393167939518393,0.6872659176029963,0.002088576534161399,0.00416449730999773,0.4341702055030445,0.002086593461427452,0.7609555937539256,0.14011915153205062,0.0007272751743922229,0.2393167939518393,-9548,9548,269,12482208,"{""initial_prob"": 0.2393167939518393, ""scale"": 1.0, ""smooth"": ""none"", ""threshold"": 0.8500000000000001}"
sleep,gru,density_hard,1,objective_e20_bs32_eval5,experiments/sleep/gru/density_hard/seed_1_objective_e20_bs32_eval5,0.9,none,1.0,0.2393167939518393,0.0,0.0,0.0,0.4320386560371119,0.0,0.7606832060481608,0.14011915153205062,0.0,0.2393167939518393,-9578,9578,269,12482208,"{""initial_prob"": 0.2393167939518393, ""scale"": 1.0, ""smooth"": ""none"", ""threshold"": 0.9}"
sleep,gru,density_hard,1,objective_e20_bs32_eval5,experiments/sleep/gru/density_hard/seed_1_objective_e20_bs32_eval5,0.9500000000000001,none,1.0,0.2393167939518393,0.0,0.0,0.0,0.4320386560371119,0.0,0.7606832060481608,0.14011915153205062,0.0,0.2393167939518393,-9578,9578,269,12482208,"{""initial_prob"": 0.2393167939518393, ""scale"": 1.0, ""smooth"": ""none"", ""threshold"": 0.9500000000000001}"
sleep,gru,density_hard,1,objective_e20_bs32_eval5,experiments/sleep/gru/density_hard/seed_1_objective_e20_bs32_eval5,1.0,none,1.0,0.2393167939518393,0.0,0.0,0.0,0.4320386560371119,0.0,0.7606832060481608,0.14011915153205062,0.0,0.2393167939518393,-9578,9578,269,12482208,"{""initial_prob"": 0.2393167939518393, ""scale"": 1.0, ""smooth"": ""none"", ""threshold"": 1.0}"
sleep,gru,density_hard,1,objective_e20_bs32_eval5,experiments/sleep/gru/density_hard/seed_1_objective_e20_bs32_eval5,0.0,none,1.0,0.5,0.2393167939518393,1.0,0.3862076187779625,0.19310380938898125,0.2393167939518393,0.2393167939518393,0.1431611319799656,1.0,0.2393167939518393,-9578,9578,269,12482208,"{""initial_prob"": 0.5, ""scale"": 1.0, ""smooth"": ""none"", ""threshold"": 0.0}"
sleep,gru,density_hard,1,objective_e20_bs32_eval5,experiments/sleep/gru/density_hard/seed_1_objective_e20_bs32_eval5,0.05,none,1.0,0.5,0.2393167939518393,1.0,0.3862076187779625,0.19310380938898125,0.2393167939518393,0.2393167939518393,0.1431611319799656,1.0,0.2393167939518393,-9578,9578,269,12482208,"{""initial_prob"": 0.5, ""scale"": 1.0, ""smooth"": ""none"", ""threshold"": 0.05}"
sleep,gru,density_hard,1,objective_e20_bs32_eval5,experiments/sleep/gru/density_hard/seed_1_objective_e20_bs32_eval5,0.1,none,1.0,0.5,0.2393167939518393,1.0,0.3862076187779625,0.19310380938898125,0.2393167939518393,0.2393167939518393,0.1431611319799656,1.0,0.2393167939518393,-9578,9578,269,12482208,"{""initial_prob"": 0.5, ""scale"": 1.0, ""smooth"": ""none"", ""threshold"": 0.1}"
sleep,gru,density_hard,1,objective_e20_bs32_eval5,experiments/sleep/gru/density_hard/seed_1_objective_e20_bs32_eval5,0.15000000000000002,none,1.0,0.5,0.23947019890909158,0.9999983261928721,0.38640722734361643,0.1940467138095223,0.23947010292286572,0.23995826699891556,0.1431611319799656,0.9993577258126126,0.2393167939518393,-9556,9556,269,12482208,"{""initial_prob"": 0.5, ""scale"": 1.0, ""smooth"": ""none"", ""threshold"": 0.15000000000000002}"
sleep,gru,density_hard,1,objective_e20_bs32_eval5,experiments/sleep/gru/density_hard/seed_1_objective_e20_bs32_eval5,0.2,none,1.0,0.5,0.2414375730782157,0.9999558114918241,0.38896115818381405,0.20593875235562803,0.24143499715085898,0.2481234089353422,0.1431611319799656,0.9911722349122848,0.2393167939518393,-9292,9292,269,12482208,"{""initial_prob"": 0.5, ""scale"": 1.0, ""smooth"": ""none"", ""threshold"": 0.2}"
sleep,gru,density_hard,1,objective_e20_bs32_eval5,experiments/sleep/gru/density_hard/seed_1_objective_e20_bs32_eval5,0.25,none,1.0,0.5,0.25834155663138175,0.9994466393635248,0.41055974512297266,0.2939463029017982,0.2583046099802834,0.31320644552630433,0.1431611319799656,0.9258454914386942,0.2393167939518393,-7620,7620,269,12482208,"{""initial_prob"": 0.5, ""scale"": 1.0, ""smooth"": ""none"", ""threshold"": 0.25}"
sleep,gru,density_hard,1,objective_e20_bs32_eval5,experiments/sleep/gru/density_hard/seed_1_objective_e20_bs32_eval5,0.30000000000000004,none,1.0,0.5,0.31711600089679925,0.9976606871580831,0.4812591677930902,0.4852649373850847,0.3168803772094307,0.48529611107265636,0.1431611319799656,0.752901009180427,0.2393167939518393,-3965,3965,269,12482208,"{""initial_prob"": 0.5, ""scale"": 1.0, ""smooth"": ""none"", ""threshold"": 0.30000000000000004}"
sleep,gru,density_hard,1,objective_e20_bs32_eval5,experiments/sleep/gru/density_hard/seed_1_objective_e20_bs32_eval5,0.35000000000000003,none,1.0,0.5,0.40372341422382313,0.9952005254415336,0.5744211569711385,0.6364916862977738,0.40293889024804297,0.6470904827094693,0.1431611319799656,0.5899291215143987,0.2393167939518393,-1148,1148,269,12482208,"{""initial_prob"": 0.5, ""scale"": 1.0, ""smooth"": ""none"", ""threshold"": 0.35000000000000003}"
sleep,gru,density_hard,1,objective_e20_bs32_eval5,experiments/sleep/gru/density_hard/seed_1_objective_e20_bs32_eval5,0.4,none,1.0,0.5,0.4895154871282666,0.9896558719497376,0.6550314448338066,0.7298295549224546,0.4870236127958148,0.7505378054908234,0.1431611319799656,0.4838279413385837,0.2393167939518393,129,129,269,12482208,"{""initial_prob"": 0.5, ""scale"": 1.0, ""smooth"": ""none"", ""threshold"": 0.4}"
sleep,gru,density_hard,1,objective_e20_bs32_eval5,experiments/sleep/gru/density_hard/seed_1_objective_e20_bs32_eval5,0.45,none,1.0,0.5,0.5657846877389162,0.9810387780940157,0.7176730001633435,0.7902039701699118,0.5596645787344109,0.8152794761952372,0.1431611319799656,0.41496184008470294,0.2393167939518393,721,721,269,12482208,"{""initial_prob"": 0.5, ""scale"": 1.0, ""smooth"": ""none"", ""threshold"": 0.45}"
sleep,gru,density_hard,1,objective_e20_bs32_eval5,experiments/sleep/gru/density_hard/seed_1_objective_e20_bs32_eval5,0.5,none,1.0,0.5,0.6473173778005716,0.9667350919020542,0.7754201755697909,0.8399603241690159,0.6332132541303218,0.8659878124126758,0.1431611319799656,0.35740727922495763,0.2393167939518393,1017,1017,269,12482208,"{""initial_prob"": 0.5, ""scale"": 1.0, ""smooth"": ""none"", ""threshold"": 0.5}"
sleep,gru,density_hard,1,objective_e20_bs32_eval5,experiments/sleep/gru/density_hard/seed_1_objective_e20_bs32_eval5,0.55,none,1.0,0.5,0.7385902831211666,0.9421579123206265,0.8280463201959009,0.8818518069235416,0.7065520885896402,0.9063551897228439,0.1431611319799656,0.3052764382711777,0.2393167939518393,786,786,269,12482208,"{""initial_prob"": 0.5, ""scale"": 1.0, ""smooth"": ""none"", ""threshold"": 0.55}"
sleep,gru,density_hard,1,objective_e20_bs32_eval5,experiments/sleep/gru/density_hard/seed_1_objective_e20_bs32_eval5,0.6000000000000001,none,1.0,0.5,0.813381577277504,0.8946867336055613,0.852099066427993,0.9012311045590842,0.7423106310894394,0.9256715638771602,0.1431611319799656,0.26323876352645303,0.2393167939518393,246,246,269,12482208,"{""initial_prob"": 0.5, ""scale"": 1.0, ""smooth"": ""none"", ""threshold"": 0.6000000000000001}"
sleep,gru,density_hard,1,objective_e20_bs32_eval5,experiments/sleep/gru/density_hard/seed_1_objective_e20_bs32_eval5,0.65,none,1.0,0.5,0.8603491336630447,0.7757500162359291,0.8158623570568889,0.8808092452236775,0.688992839573199,0.9161987206109689,0.1431611319799656,0.21578449902453156,0.2393167939518393,-1035,1035,269,12482208,"{""initial_prob"": 0.5, ""scale"": 1.0, ""smooth"": ""none"", ""threshold"": 0.65}"
sleep,gru,density_hard,1,objective_e20_bs32_eval5,experiments/sleep/gru/density_hard/seed_1_objective_e20_bs32_eval5,0.7000000000000001,none,1.0,0.5,0.8747201351098598,0.5291660892032075,0.6594155922711941,0.7892302415463568,0.49188666410671156,0.8691840417977332,0.1431611319799656,0.14477582812271675,0.2393167939518393,-3591,3591,269,12482208,"{""initial_prob"": 0.5, ""scale"": 1.0, ""smooth"": ""none"", ""threshold"": 0.7000000000000001}"
sleep,gru,density_hard,1,objective_e20_bs32_eval5,experiments/sleep/gru/density_hard/seed_1_objective_e20_bs32_eval5,0.75,none,1.0,0.5,0.8912162965838023,0.19062922427073897,0.31407787526081327,0.5987571884829365,0.18629441458299936,0.8007354147599527,0.1431611319799656,0.05118934086020678,0.2393167939518393,-7329,7329,269,12482208,"{""initial_prob"": 0.5, ""scale"": 1.0, ""smooth"": ""none"", ""threshold"": 0.75}"
sleep,gru,density_hard,1,objective_e20_bs32_eval5,experiments/sleep/gru/density_hard/seed_1_objective_e20_bs32_eval5,0.8,none,1.0,0.5,0.8391477445257938,0.033304075184738095,0.0640655195929625,0.4655422643598446,0.033092813956953994,0.7671256559736868,0.1431611319799656,0.009497999071959064,0.2393167939518393,-9148,9148,269,12482208,"{""initial_prob"": 0.5, ""scale"": 1.0, ""smooth"": ""none"", ""threshold"": 0.8}"
sleep,gru,density_hard,1,objective_e20_bs32_eval5,experiments/sleep/gru/density_hard/seed_1_objective_e20_bs32_eval5,0.8500000000000001,none,1.0,0.5,0.703490639625585,0.002415303685522439,0.004814079129715913,0.4345089719307321,0.0024128473839751486,0.7610176020140027,0.1431611319799656,0.0008216495030366422,0.2393167939518393,-9542,9542,269,12482208,"{""initial_prob"": 0.5, ""scale"": 1.0, ""smooth"": ""none"", ""threshold"": 0.8500000000000001}"
sleep,gru,density_hard,1,objective_e20_bs32_eval5,experiments/sleep/gru/density_hard/seed_1_objective_e20_bs32_eval5,0.9,none,1.0,0.5,0.0,0.0,0.0,0.4320386560371119,0.0,0.7606832060481608,0.1431611319799656,0.0,0.2393167939518393,-9578,9578,269,12482208,"{""initial_prob"": 0.5, ""scale"": 1.0, ""smooth"": ""none"", ""threshold"": 0.9}"
sleep,gru,density_hard,1,objective_e20_bs32_eval5,experiments/sleep/gru/density_hard/seed_1_objective_e20_bs32_eval5,0.9500000000000001,none,1.0,0.5,0.0,0.0,0.0,0.4320386560371119,0.0,0.7606832060481608,0.1431611319799656,0.0,0.2393167939518393,-9578,9578,269,12482208,"{""initial_prob"": 0.5, ""scale"": 1.0, ""smooth"": ""none"", ""threshold"": 0.9500000000000001}"
sleep,gru,density_hard,1,objective_e20_bs32_eval5,experiments/sleep/gru/density_hard/seed_1_objective_e20_bs32_eval5,1.0,none,1.0,0.5,0.0,0.0,0.0,0.4320386560371119,0.0,0.7606832060481608,0.1431611319799656,0.0,0.2393167939518393,-9578,9578,269,12482208,"{""initial_prob"": 0.5, ""scale"": 1.0, ""smooth"": ""none"", ""threshold"": 1.0}"
sleep,gru,density_hard,1,objective_e20_bs32_eval5,experiments/sleep/gru/density_hard/seed_1_objective_e20_bs32_eval5,0.0,none,1.0,1.0,0.2393167939518393,1.0,0.3862076187779625,0.19310380938898125,0.2393167939518393,0.2393167939518393,0.15483286120456022,1.0,0.2393167939518393,-9578,9578,269,12482208,"{""initial_prob"": 1.0, ""scale"": 1.0, ""smooth"": ""none"", ""threshold"": 0.0}"
sleep,gru,density_hard,1,objective_e20_bs32_eval5,experiments/sleep/gru/density_hard/seed_1_objective_e20_bs32_eval5,0.05,none,1.0,1.0,0.2393167939518393,1.0,0.3862076187779625,0.19310380938898125,0.2393167939518393,0.2393167939518393,0.15483286120456022,1.0,0.2393167939518393,-9578,9578,269,12482208,"{""initial_prob"": 1.0, ""scale"": 1.0, ""smooth"": ""none"", ""threshold"": 0.05}"
sleep,gru,density_hard,1,objective_e20_bs32_eval5,experiments/sleep/gru/density_hard/seed_1_objective_e20_bs32_eval5,0.1,none,1.0,1.0,0.2393167939518393,1.0,0.3862076187779625,0.19310380938898125,0.2393167939518393,0.2393167939518393,0.15483286120456022,1.0,0.2393167939518393,-9578,9578,269,12482208,"{""initial_prob"": 1.0, ""scale"": 1.0, ""smooth"": ""none"", ""threshold"": 0.1}"
sleep,gru,density_hard,1,objective_e20_bs32_eval5,experiments/sleep/gru/density_hard/seed_1_objective_e20_bs32_eval5,0.15000000000000002,none,1.0,1.0,0.23947017971184026,0.9999983261928721,0.3864072023518707,0.1940465961726848,0.2394700837256298,0.23995818688488446,0.15483286120456022,0.9993578059266437,0.2393167939518393,-9556,9556,269,12482208,"{""initial_prob"": 1.0, ""scale"": 1.0, ""smooth"": ""none"", ""threshold"": 0.15000000000000002}"
sleep,gru,density_hard,1,objective_e20_bs32_eval5,experiments/sleep/gru/density_hard/seed_1_objective_e20_bs32_eval5,0.2,none,1.0,1.0,0.2413520922555534,0.9999561462532497,0.3888502477868803,0.20543179937186334,0.24134953765330927,0.24777218902296774,0.15483286120456022,0.9915236150527215,0.2393167939518393,-9306,9306,269,12482208,"{""initial_prob"": 1.0, ""scale"": 1.0, ""smooth"": ""none"", ""threshold"": 0.2}"
sleep,gru,density_hard,1,objective_e20_bs32_eval5,experiments/sleep/gru/density_hard/seed_1_objective_e20_bs32_eval5,0.25,none,1.0,1.0,0.2574881631485063,0.999449652216355,0.40948160197392225,0.29004296146595415,0.2574516600890073,0.31013655596830303,0.15483286120456022,0.9289168230492554,0.2393167939518393,-7704,7704,269,12482208,"{""initial_prob"": 1.0, ""scale"": 1.0, ""smooth"": ""none"", ""threshold"": 0.25}"
sleep,gru,density_hard,1,objective_e20_bs32_eval5,experiments/sleep/gru/density_hard/seed_1_objective_e20_bs32_eval5,0.30000000000000004,none,1.0,1.0,0.31265937399452826,0.9977018628134288,0.4761142669639861,0.4745478293013653,0.3124343621325406,0.47455249904504077,0.15483286120456022,0.7636643292596951,0.2393167939518393,-4227,4227,269,12482208,"{""initial_prob"": 1.0, ""scale"": 1.0, ""smooth"": ""none"", ""threshold"": 0.30000000000000004}"
sleep,gru,density_hard,1,objective_e20_bs32_eval5,experiments/sleep/gru/density_hard/seed_1_objective_e20_bs32_eval5,0.35000000000000003,none,1.0,1.0,0.3935201440685604,0.9953722580528535,0.5640451827550076,0.6226655415222437,0.39280148371045454,0.631772439619657,0.15483286120456022,0.6053293616001272,0.2393167939518393,-1528,1528,269,12482208,"{""initial_prob"": 1.0, ""scale"": 1.0, ""smooth"": ""none"", ""threshold"": 0.35000000000000003}"
sleep,gru,density_hard,1,objective_e20_bs32_eval5,experiments/sleep/gru/density_hard/seed_1_objective_e20_bs32_eval5,0.4,none,1.0,1.0,0.47511286630948696,0.9900930703715383,0.6421021711704807,0.7163971177141879,0.4728648632746986,0.7358600337376208,0.15483286120456022,0.4987149709410386,0.2393167939518393,-208,208,269,12482208,"{""initial_prob"": 1.0, ""scale"": 1.0, ""smooth"": ""none"", ""threshold"": 0.4}"
sleep,gru,density_hard,1,objective_e20_bs32_eval5,experiments/sleep/gru/density_hard/seed_1_objective_e20_bs32_eval5,0.45,none,1.0,1.0,0.5478964812894288,0.9820812251732558,0.7033812915573506,0.7772661255976058,0.542473502022944,0.8017750545416323,0.15483286120456022,0.4289652119240442,0.2393167939518393,341,341,269,12482208,"{""initial_prob"": 1.0, ""scale"": 1.0, ""smooth"": ""none"", ""threshold"": 0.45}"
sleep,gru,density_hard,1,objective_e20_bs32_eval5,experiments/sleep/gru/density_hard/seed_1_objective_e20_bs32_eval5,0.5,none,1.0,1.0,0.6158156383872617,0.9681199999196572,0.752787450913428,0.8214368860235591,0.603575911310988,0.8478294865780157,0.15483286120456022,0.3762284685529996,0.2393167939518393,540,540,269,12482208,"{""initial_prob"": 1.0, ""scale"": 1.0, ""smooth"": ""none"", ""threshold"": 0.5}"
sleep,gru,density_hard,1,objective_e20_bs32_eval5,experiments/sleep/gru/density_hard/seed_1_objective_e20_bs32_eval5,0.55,none,1.0,1.0,0.6931288098743688,0.9443010549671566,0.7994507495511479,0.8602097543598896,0.6659041678233987,0.8866182970192453,0.15483286120456022,0.32603911102907435,0.2393167939518393,491,491,269,12482208,"{""initial_prob"": 1.0, ""scale"": 1.0, ""smooth"": ""none"", ""threshold"": 0.55}"
sleep,gru,density_hard,1,objective_e20_bs32_eval5,experiments/sleep/gru/density_hard/seed_1_objective_e20_bs32_eval5,0.6000000000000001,none,1.0,1.0,0.7571269775770941,0.8986154936961076,0.8218259113966039,0.8793384905775488,0.6975420010898339,0.9067515138347318,0.15483286120456022,0.28403925010703235,0.2393167939518393,5,5,269,12482208,"{""initial_prob"": 1.0, ""scale"": 1.0, ""smooth"": ""none"", ""threshold"": 0.6000000000000001}"
sleep,gru,density_hard,1,objective_e20_bs32_eval5,experiments/sleep/gru/density_hard/seed_1_objective_e20_bs32_eval5,0.65,none,1.0,1.0,0.7944323987606476,0.7851203232991943,0.7897489118830235,0.8620555012036288,0.6525496400187419,0.8999565621723337,0.15483286120456022,0.2365116011526166,0.2393167939518393,-1166,1166,269,12482208,"{""initial_prob"": 1.0, ""scale"": 1.0, ""smooth"": ""none"", ""threshold"": 0.65}"
sleep,gru,density_hard,1,objective_e20_bs32_eval5,experiments/sleep/gru/density_hard/seed_1_objective_e20_bs32_eval5,0.7000000000000001,none,1.0,1.0,0.7901228381421731,0.5489524980232338,0.6478200203215096,0.7791162729108578,0.4790930423888858,0.8571605280091471,0.15483286120456022,0.166269781756561,0.2393167939518393,-3536,3536,269,12482208,"{""initial_prob"": 1.0, ""scale"": 1.0, ""smooth"": ""none"", ""threshold"": 0.7000000000000001}"
sleep,gru,density_hard,1,objective_e20_bs32_eval5,experiments/sleep/gru/density_hard/seed_1_objective_e20_bs32_eval5,0.75,none,1.0,1.0,0.7259908129473347,0.22750386482065826,0.34644286878756725,0.612290677590698,0.20951369762080488,0.7945794526096664,0.15483286120456022,0.07499474451955936,0.2393167939518393,-7068,7068,269,12482208,"{""initial_prob"": 1.0, ""scale"": 1.0, ""smooth"": ""none"", ""threshold"": 0.75}"
sleep,gru,density_hard,1,objective_e20_bs32_eval5,experiments/sleep/gru/density_hard/seed_1_objective_e20_bs32_eval5,0.8,none,1.0,1.0,0.5669963563096101,0.08063900599959427,0.14119680684258068,0.5026180374568976,0.0759611385230835,0.7652437773829759,0.15483286120456022,0.034035965431756944,0.2393167939518393,-8737,8737,269,12482208,"{""initial_prob"": 1.0, ""scale"": 1.0, ""smooth"": ""none"", ""threshold"": 0.8}"
sleep,gru,density_hard,1,objective_e20_bs32_eval5,experiments/sleep/gru/density_hard/seed_1_objective_e20_bs32_eval5,0.8500000000000001,none,1.0,1.0,0.4866179714759172,0.04748122155783238,0.0865203168963072,0.4742054971386785,0.045216219257666716,0.7600582364914925,0.15483286120456022,0.02335107698894298,0.2393167939518393,-9117,9117,269,12482208,"{""initial_prob"": 1.0, ""scale"": 1.0, ""smooth"": ""none"", ""threshold"": 0.8500000000000001}"
sleep,gru,density_hard,1,objective_e20_bs32_eval5,experiments/sleep/gru/density_hard/seed_1_objective_e20_bs32_eval5,0.9,none,1.0,1.0,0.4500547029260617,0.03456478671345292,0.06419900622485135,0.4628943428462782,0.03316405272612869,0.7588472327972743,0.15483286120456022,0.018379841130671752,0.2393167939518393,-9239,9239,269,12482208,"{""initial_prob"": 1.0, ""scale"": 1.0, ""smooth"": ""none"", ""threshold"": 0.9}"
sleep,gru,density_hard,1,objective_e20_bs32_eval5,experiments/sleep/gru/density_hard/seed_1_objective_e20_bs32_eval5,0.9500000000000001,none,1.0,1.0,0.4446261172879878,0.027309837098395087,0.051458960564320234,0.4567297852321976,0.02640896933801474,0.75905528893606,0.15483286120456022,0.014699322427570508,0.2393167939518393,-9249,9249,269,12482208,"{""initial_prob"": 1.0, ""scale"": 1.0, ""smooth"": ""none"", ""threshold"": 0.9500000000000001}"
sleep,gru,density_hard,1,objective_e20_bs32_eval5,experiments/sleep/gru/density_hard/seed_1_objective_e20_bs32_eval5,1.0,none,1.0,1.0,0.0,0.0,0.0,0.4320386560371119,0.0,0.7606832060481608,0.15483286120456022,0.0,0.2393167939518393,-9578,9578,269,12482208,"{""initial_prob"": 1.0, ""scale"": 1.0, ""smooth"": ""none"", ""threshold"": 1.0}"
sleep,gru,density_hard,1,objective_e20_bs32_eval5,experiments/sleep/gru/density_hard/seed_1_objective_e20_bs32_eval5,0.0,none,2.0,0.0,0.2393167939518393,1.0,0.3862076187779625,0.19310380938898125,0.2393167939518393,0.2393167939518393,0.10112315267018045,1.0,0.2393167939518393,-9578,9578,269,12482208,"{""initial_prob"": 0.0, ""scale"": 2.0, ""smooth"": ""none"", ""threshold"": 0.0}"
sleep,gru,density_hard,1,objective_e20_bs32_eval5,experiments/sleep/gru/density_hard/seed_1_objective_e20_bs32_eval5,0.05,none,2.0,0.0,0.24226936298481838,0.9997884307790367,0.39002711059108713,0.2109827988096414,0.2422569430559058,0.2516116539637859,0.10112315267018045,0.9876038758527338,0.2393167939518393,-9289,9289,269,12482208,"{""initial_prob"": 0.0, ""scale"": 2.0, ""smooth"": ""none"", ""threshold"": 0.05}"
sleep,gru,density_hard,1,objective_e20_bs32_eval5,experiments/sleep/gru/density_hard/seed_1_objective_e20_bs32_eval5,0.1,none,2.0,0.0,0.24905192338650148,0.9995594539639435,0.3987504984571532,0.24862154015335147,0.24902458865588809,0.27861801373603134,0.10112315267018045,0.9604879200859335,0.2393167939518393,-8060,8060,269,12482208,"{""initial_prob"": 0.0, ""scale"": 2.0, ""smooth"": ""none"", ""threshold"": 0.1}"
sleep,gru,density_hard,1,objective_e20_bs32_eval5,experiments/sleep/gru/density_hard/seed_1_objective_e20_bs32_eval5,0.15000000000000002,none,2.0,0.0,0.29604610590391467,0.9985391011387914,0.45669239981541454,0.43018900662288945,0.2959179361008735,0.43142174845988784,0.10112315267018045,0.8071958102284468,0.2393167939518393,-4114,4114,269,12482208,"{""initial_prob"": 0.0, ""scale"": 2.0, ""smooth"": ""none"", ""threshold"": 0.15000000000000002}"
sleep,gru,density_hard,1,objective_e20_bs32_eval5,experiments/sleep/gru/density_hard/seed_1_objective_e20_bs32_eval5,0.2,none,2.0,0.0,0.36187298723592876,0.9969884862155288,0.5310080663781924,0.5741650165808146,0.3614778639859439,0.5785388290276848,0.10112315267018045,0.6593365532764716,0.2393167939518393,-1366,1366,269,12482208,"{""initial_prob"": 0.0, ""scale"": 2.0, ""smooth"": ""none"", ""threshold"": 0.2}"
sleep,gru,density_hard,1,objective_e20_bs32_eval5,experiments/sleep/gru/density_hard/seed_1_objective_e20_bs32_eval5,0.25,none,2.0,0.0,0.42184310048280943,0.9950207585559999,0.5924953751290832,0.6593328002245534,0.42095447834384303,0.6724460127567174,0.10112315267018045,0.5644875489977415,0.2393167939518393,-38,38,269,12482208,"{""initial_prob"": 0.0, ""scale"": 2.0, ""smooth"": ""none"", ""threshold"": 0.25}"
sleep,gru,density_hard,1,objective_e20_bs32_eval5,experiments/sleep/gru/density_hard/seed_1_objective_e20_bs32_eval5,0.30000000000000004,none,2.0,0.0,0.4733219426590648,0.992652990992909,0.6409992849095155,0.7148042189559249,0.47166957146658806,0.7339039695541045,0.10112315267018045,0.5018962991163102,0.2393167939518393,635,635,269,12482208,"{""initial_prob"": 0.0, ""scale"": 2.0, ""smooth"": ""none"", ""threshold"": 0.30000000000000004}"
sleep,gru,density_hard,1,objective_e20_bs32_eval5,experiments/sleep/gru/density_hard/seed_1_objective_e20_bs32_eval5,0.35000000000000003,none,2.0,0.0,0.5230498859254524,0.9899558181870526,0.6844604436937048,0.7587134357252869,0.5202887594011221,0.7815638867738784,0.10112315267018045,0.45294542439927293,0.2393167939518393,1015,1015,269,12482208,"{""initial_prob"": 0.0, ""scale"": 2.0, ""smooth"": ""none"", ""threshold"": 0.35000000000000003}"
sleep,gru,density_hard,1,objective_e20_bs32_eval5,experiments/sleep/gru/density_hard/seed_1_objective_e20_bs32_eval5,0.4,none,2.0,0.0,0.569192214389294,0.9861479069711389,0.7217813045204575,0.7933084530287073,0.564677474264035,0.8180609552412522,0.10112315267018045,0.4146257617242078,0.2393167939518393,1306,1306,269,12482208,"{""initial_prob"": 0.0, ""scale"": 2.0, ""smooth"": ""none"", ""threshold"": 0.4}"
sleep,gru,density_hard,1,objective_e20_bs32_eval5,experiments/sleep/gru/density_hard/seed_1_objective_e20_bs32_eval5,0.45,none,2.0,0.0,0.6128586771129518,0.9809353368135131,0.754394517233536,0.8217195057137407,0.605644827090871,0.8471437905857682,0.10112315267018045,0.38304801522294774,0.2393167939518393,1404,1404,269,12482208,"{""initial_prob"": 0.0, ""scale"": 2.0, ""smooth"": ""none"", ""threshold"": 0.45}"
sleep,gru,density_hard,1,objective_e20_bs32_eval5,experiments/sleep/gru/density_hard/seed_1_objective_e20_bs32_eval5,0.5,none,2.0,0.0,0.661069783162,0.9749504720470862,0.7879001437760162,0.8493327626708462,0.6500290712272968,0.874381119109696,0.10112315267018045,0.35294612940274667,0.2393167939518393,1374,1374,269,12482208,"{""initial_prob"": 0.0, ""scale"": 2.0, ""smooth"": ""none"", ""threshold"": 0.5}"
sleep,gru,density_hard,1,objective_e20_bs32_eval5,experiments/sleep/gru/density_hard/seed_1_objective_e20_bs32_eval5,0.55,none,2.0,0.0,0.7113283994127444,0.9653866728798387,0.8191098990898573,0.8740224842384209,0.6936377046928822,0.897958438122486,0.10112315267018045,0.3247912548805468,0.2393167939518393,1369,1369,269,12482208,"{""initial_prob"": 0.0, ""scale"": 2.0, ""smooth"": ""none"", ""threshold"": 0.55}"
sleep,gru,density_hard,1,objective_e20_bs32_eval5,experiments/sleep/gru/density_hard/seed_1_objective_e20_bs32_eval5,0.6000000000000001,none,2.0,0.0,0.7909758751260075,0.9537584000010713,0.8647733879644004,0.9081412783967662,0.7617627870912542,0.9286159147484163,0.10112315267018045,0.288568096285529,0.2393167939518393,1066,1066,269,12482208,"{""initial_prob"": 0.0, ""scale"": 2.0, ""smooth"": ""none"", ""threshold"": 0.6000000000000001}"
sleep,gru,density_hard,1,objective_e20_bs32_eval5,experiments/sleep/gru/density_hard/seed_1_objective_e20_bs32_eval5,0.65,none,2.0,0.0,0.8396618558164703,0.9344714552280027,0.8845333452899622,0.9227308838871515,0.7929715707368178,0.9416136151552674,0.10112315267018045,0.26633901630224394,0.2393167939518393,818,818,269,12482208,"{""initial_prob"": 0.0, ""scale"": 2.0, ""smooth"": ""none"", ""threshold"": 0.65}"
sleep,gru,density_hard,1,objective_e20_bs32_eval5,experiments/sleep/gru/density_hard/seed_1_objective_e20_bs32_eval5,0.7000000000000001,none,2.0,0.0,0.8632265379895779,0.9052417613539359,0.883735051385683,0.9229889790436072,0.7916893318944696,0.942997424814584,0.10112315267018045,0.25096489339065653,0.2393167939518393,526,526,269,12482208,"{""initial_prob"": 0.0, ""scale"": 2.0, ""smooth"": ""none"", ""threshold"": 0.7000000000000001}"
sleep,gru,density_hard,1,objective_e20_bs32_eval5,experiments/sleep/gru/density_hard/seed_1_objective_e20_bs32_eval5,0.75,none,2.0,0.0,0.8812269648554255,0.8434715831068672,0.8619360223863493,0.9098575349696205,0.7573704460743056,0.935333556370796,0.10112315267018045,0.22906347979460046,0.2393167939518393,-61,61,269,12482208,"{""initial_prob"": 0.0, ""scale"": 2.0, ""smooth"": ""none"", ""threshold"": 0.75}"
sleep,gru,density_hard,1,objective_e20_bs32_eval5,experiments/sleep/gru/density_hard/seed_1_objective_e20_bs32_eval5,0.8,none,2.0,0.0,0.9018759506651339,0.705427018326849,0.7916462235833414,0.867585359272564,0.6551444113750754,0.9111360746432041,0.10112315267018045,0.18718819619093033,0.2393167939518393,-1472,1472,269,12482208,"{""initial_prob"": 0.0, ""scale"": 2.0, ""smooth"": ""none"", ""threshold"": 0.8}"
sleep,gru,density_hard,1,objective_e20_bs32_eval5,experiments/sleep/gru/density_hard/seed_1_objective_e20_bs32_eval5,0.8500000000000001,none,2.0,0.0,0.9280934600735452,0.4063099850629452,0.5651868500098605,0.7374178332244632,0.39390972267974017,0.8503863258808056,0.10112315267018045,0.10477048611912251,0.2393167939518393,-4468,4468,269,12482208,"{""initial_prob"": 0.0, ""scale"": 2.0, ""smooth"": ""none"", ""threshold"": 0.8500000000000001}"
sleep,gru,density_hard,1,objective_e20_bs32_eval5,experiments/sleep/gru/density_hard/seed_1_objective_e20_bs32_eval5,0.9,none,2.0,0.0,0.9224562678340393,0.06969431595185059,0.12959717936539455,0.500515455840385,0.06928837891798291,0.775960150640015,0.10112315267018045,0.01808109590867257,0.2393167939518393,-8454,8454,269,12482208,"{""initial_prob"": 0.0, ""scale"": 2.0, ""smooth"": ""none"", ""threshold"": 0.9}"
sleep,gru,density_hard,1,objective_e20_bs32_eval5,experiments/sleep/gru/density_hard/seed_1_objective_e20_bs32_eval5,0.9500000000000001,none,2.0,0.0,0.842823405930202,0.0010752536989463719,0.002147767328326557,0.43316021093900553,0.0010750381300494913,0.7608925440114441,0.10112315267018045,0.00030531457254998474,0.2393167939518393,-9548,9548,269,12482208,"{""initial_prob"": 0.0, ""scale"": 2.0, ""smooth"": ""none"", ""threshold"": 0.9500000000000001}"
sleep,gru,density_hard,1,objective_e20_bs32_eval5,experiments/sleep/gru/density_hard/seed_1_objective_e20_bs32_eval5,1.0,none,2.0,0.0,0.0,0.0,0.0,0.4320386560371119,0.0,0.7606832060481608,0.10112315267018045,0.0,0.2393167939518393,-9578,9578,269,12482208,"{""initial_prob"": 0.0, ""scale"": 2.0, ""smooth"": ""none"", ""threshold"": 1.0}"
sleep,gru,density_hard,1,objective_e20_bs32_eval5,experiments/sleep/gru/density_hard/seed_1_objective_e20_bs32_eval5,0.0,none,2.0,0.2393167939518393,0.2393167939518393,1.0,0.3862076187779625,0.19310380938898125,0.2393167939518393,0.2393167939518393,0.10197490620083853,1.0,0.2393167939518393,-9578,9578,269,12482208,"{""initial_prob"": 0.2393167939518393, ""scale"": 2.0, ""smooth"": ""none"", ""threshold"": 0.0}"
sleep,gru,density_hard,1,objective_e20_bs32_eval5,experiments/sleep/gru/density_hard/seed_1_objective_e20_bs32_eval5,0.05,none,2.0,0.2393167939518393,0.2393359297696297,1.0,0.386232536345683,0.1932213650114696,0.2393359297696297,0.2393967477548844,0.10197490620083853,0.9999200461969548,0.2393167939518393,-9562,9562,269,12482208,"{""initial_prob"": 0.2393167939518393, ""scale"": 2.0, ""smooth"": ""none"", ""threshold"": 0.05}"
sleep,gru,density_hard,1,objective_e20_bs32_eval5,experiments/sleep/gru/density_hard/seed_1_objective_e20_bs32_eval5,0.1,none,2.0,0.2393167939518393,0.2458241665350412,0.9998014864746341,0.39462155667600585,0.23111717919320585,0.24581216866156969,0.26588669248261204,0.10197490620083853,0.973335086228334,0.2393167939518393,-8283,8283,269,12482208,"{""initial_prob"": 0.2393167939518393, ""scale"": 2.0, ""smooth"": ""none"", ""threshold"": 0.1}"
sleep,gru,density_hard,1,objective_e20_bs32_eval5,experiments/sleep/gru/density_hard/seed_1_objective_e20_bs32_eval5,0.15000000000000002,none,2.0,0.2393167939518393,0.29173314915252613,0.9988407211832343,0.4515742272338969,0.41737808327093534,0.29163440390636625,0.41938517608423126,0.10197490620083853,0.8193767480881587,0.2393167939518393,-4259,4259,269,12482208,"{""initial_prob"": 0.2393167939518393, ""scale"": 2.0, ""smooth"": ""none"", ""threshold"": 0.15000000000000002}"
sleep,gru,density_hard,1,objective_e20_bs32_eval5,experiments/sleep/gru/density_hard/seed_1_objective_e20_bs32_eval5,0.2,none,2.0,0.2393167939518393,0.35602160687800544,0.9973045010012714,0.5247248965728417,0.5640868617638584,0.35567935455148153,0.5676411577182499,0.10197490620083853,0.6703854798766372,0.2393167939518393,-1431,1431,269,12482208,"{""initial_prob"": 0.2393167939518393, ""scale"": 2.0, ""smooth"": ""none"", ""threshold"": 0.2}"
sleep,gru,density_hard,1,objective_e20_bs32_eval5,experiments/sleep/gru/density_hard/seed_1_objective_e20_bs32_eval5,0.25,none,2.0,0.2393167939518393,0.4192953242765836,0.9954328498708825,0.5900502261979682,0.6562353798211772,0.41849024494458054,0.6689780365781439,0.10197490620083853,0.5681527659209011,0.2393167939518393,-38,38,269,12482208,"{""initial_prob"": 0.2393167939518393, ""scale"": 2.0, ""smooth"": ""none"", ""threshold"": 0.25}"
sleep,gru,density_hard,1,objective_e20_bs32_eval5,experiments/sleep/gru/density_hard/seed_1_objective_e20_bs32_eval5,0.30000000000000004,none,2.0,0.2393167939518393,0.47170494829451737,0.9929780443371422,0.6395822979006006,0.7132490484367272,0.4701367064788968,0.7321741473944353,0.10197490620083853,0.5037817027243898,0.2393167939518393,635,635,269,12482208,"{""initial_prob"": 0.2393167939518393, ""scale"": 2.0, ""smooth"": ""none"", ""threshold"": 0.30000000000000004}"
sleep,gru,density_hard,1,objective_e20_bs32_eval5,experiments/sleep/gru/density_hard/seed_1_objective_e20_bs32_eval5,0.35000000000000003,none,2.0,0.2393167939518393,0.521636084103562,0.9903170257652478,0.683334809749614,0.757594413129344,0.5189890450583466,0.7803434296239896,0.10197490620083853,0.4543387676282914,0.2393167939518393,1013,1013,269,12482208,"{""initial_prob"": 0.2393167939518393, ""scale"": 2.0, ""smooth"": ""none"", ""threshold"": 0.35000000000000003}"
sleep,gru,density_hard,1,objective_e20_bs32_eval5,experiments/sleep/gru/density_hard/seed_1_objective_e20_bs32_eval5,0.4,none,2.0,0.2393167939518393,0.5673934993249483,0.9864943850466088,0.7204258516017474,0.7920758619708278,0.5630200113870409,0.8167662323845268,0.10197490620083853,0.41608632062532525,0.2393167939518393,1314,1314,269,12482208,"{""initial_prob"": 0.2393167939518393, ""scale"": 2.0, ""smooth"": ""none"", ""threshold"": 0.4}"
sleep,gru,density_hard,1,objective_e20_bs32_eval5,experiments/sleep/gru/density_hard/seed_1_objective_e20_bs32_eval5,0.45,none,2.0,0.2393167939518393,0.6110037765288441,0.9816135634617277,0.7531873216583242,0.8206572585569198,0.60409020115203,0.8460398993511404,0.10197490620083853,0.3844765285116223,0.2393167939518393,1432,1432,269,12482208,"{""initial_prob"": 0.2393167939518393, ""scale"": 2.0, ""smooth"": ""none"", ""threshold"": 0.45}"
sleep,gru,density_hard,1,objective_e20_bs32_eval5,experiments/sleep/gru/density_hard/seed_1_objective_e20_bs32_eval5,0.5,none,2.0,0.2393167939518393,0.6595624513877634,0.9753913528445682,0.7869720968008108,0.8485695406116753,0.6487666893113371,0.8736255636823229,0.10197490620083853,0.35391270518805645,0.2393167939518393,1388,1388,269,12482208,"{""initial_prob"": 0.2393167939518393, ""scale"": 2.0, ""smooth"": ""none"", ""threshold"": 0.5}"
sleep,gru,density_hard,1,objective_e20_bs32_eval5,experiments/sleep/gru/density_hard/seed_1_objective_e20_bs32_eval5,0.55,none,2.0,0.2393167939518393,0.7099713589985441,0.966085654736439,0.8184603979237676,0.8734946989075081,0.6927066993654274,0.897436575323853,0.10197490620083853,0.325647673873084,0.2393167939518393,1399,1399,269,12482208,"{""initial_prob"": 0.2393167939518393, ""scale"": 2.0, ""smooth"": ""none"", ""threshold"": 0.55}"
sleep,gru,density_hard,1,objective_e20_bs32_eval5,experiments/sleep/gru/density_hard/seed_1_objective_e20_bs32_eval5,0.6000000000000001,none,2.0,0.2393167939518393,0.7904110746739708,0.9549263826149018,0.8649151316440771,0.9082026541289924,0.7619827871521496,0.9286151136081052,0.10197490620083853,0.2891279331349069,0.2393167939518393,1090,1090,269,12482208,"{""initial_prob"": 0.2393167939518393, ""scale"": 2.0, ""smooth"": ""none"", ""threshold"": 0.6000000000000001}"
sleep,gru,density_hard,1,objective_e20_bs32_eval5,experiments/sleep/gru/density_hard/seed_1_objective_e20_bs32_eval5,0.65,none,2.0,0.2393167939518393,0.8384184585127178,0.9361696999399438,0.8846018192912437,0.9227312172554183,0.7930816407905044,0.9415467199392928,0.10197490620083853,0.2672187484778334,0.2393167939518393,854,854,269,12482208,"{""initial_prob"": 0.2393167939518393, ""scale"": 2.0, ""smooth"": ""none"", ""threshold"": 0.65}"
sleep,gru,density_hard,1,objective_e20_bs32_eval5,experiments/sleep/gru/density_hard/seed_1_objective_e20_bs32_eval5,0.7000000000000001,none,2.0,0.2393167939518393,0.8632849496917557,0.9074548691384111,0.8848190148784674,0.9236768123191808,0.7934308660957303,0.94346016345826,0.10197490620083853,0.2515614224662816,0.2393167939518393,548,548,269,12482208,"{""initial_prob"": 0.2393167939518393, ""scale"": 2.0, ""smooth"": ""none"", ""threshold"": 0.7000000000000001}"
sleep,gru,density_hard,1,objective_e20_bs32_eval5,experiments/sleep/gru/density_hard/seed_1_objective_e20_bs32_eval5,0.75,none,2.0,0.2393167939518393,0.8812571788023542,0.8488629158657499,0.8647567769788785,0.911615181256952,0.7617370088125948,0.9364577965693249,0.10197490620083853,0.23051971253803813,0.2393167939518393,-21,21,269,12482208,"{""initial_prob"": 0.2393167939518393, ""scale"": 2.0, ""smooth"": ""none"", ""threshold"": 0.75}"
sleep,gru,density_hard,1,objective_e20_bs32_eval5,experiments/sleep/gru/density_hard/seed_1_objective_e20_bs32_eval5,0.8,none,2.0,0.2393167939518393,0.9027438629448329,0.7161949543418892,0.7987214745863861,0.8718640749519546,0.6648928268416162,0.9136153635638823,0.10197490620083853,0.1898628031194481,0.2393167939518393,-1368,1368,269,12482208,"{""initial_prob"": 0.2393167939518393, ""scale"": 2.0, ""smooth"": ""none"", ""threshold"": 0.8}"
sleep,gru,density_hard,1,objective_e20_bs32_eval5,experiments/sleep/gru/density_hard/seed_1_objective_e20_bs32_eval5,0.8500000000000001,none,2.0,0.2393167939518393,0.9285390851799389,0.4173741849396191,0.5758888814984794,0.7434467359367123,0.4043847941475534,0.8528806762393321,0.10197490620083853,0.10757183344485206,0.2393167939518393,-4330,4330,269,12482208,"{""initial_prob"": 0.2393167939518393, ""scale"": 2.0, ""smooth"": ""none"", ""threshold"": 0.8500000000000001}"
sleep,gru,density_hard,1,objective_e20_bs32_eval5,experiments/sleep/gru/density_hard/seed_1_objective_e20_bs32_eval5,0.9,none,2.0,0.2393167939518393,0.9211362227261531,0.07261343558286316,0.13461512205354298,0.5031714103281979,0.07216479754126476,0.7765730229779859,0.10197490620083853,0.0188654122732132,0.2393167939518393,-8406,8406,269,12482208,"{""initial_prob"": 0.2393167939518393, ""scale"": 2.0, ""smooth"": ""none"", ""threshold"": 0.9}"
sleep,gru,density_hard,1,objective_e20_bs32_eval5,experiments/sleep/gru/density_hard/seed_1_objective_e20_bs32_eval5,0.9500000000000001,none,2.0,0.2393167939518393,0.8429882044560943,0.0010765927446486712,0.002150439131572973,0.4331616254968853,0.0010763769072973735,0.7608928644675685,0.10197490620083853,0.00030563502867441404,0.2393167939518393,-9548,9548,269,12482208,"{""initial_prob"": 0.2393167939518393, ""scale"": 2.0, ""smooth"": ""none"", ""threshold"": 0.9500000000000001}"
sleep,gru,density_hard,1,objective_e20_bs32_eval5,experiments/sleep/gru/density_hard/seed_1_objective_e20_bs32_eval5,1.0,none,2.0,0.2393167939518393,0.0,0.0,0.0,0.4320386560371119,0.0,0.7606832060481608,0.10197490620083853,0.0,0.2393167939518393,-9578,9578,269,12482208,"{""initial_prob"": 0.2393167939518393, ""scale"": 2.0, ""smooth"": ""none"", ""threshold"": 1.0}"
sleep,gru,density_hard,1,objective_e20_bs32_eval5,experiments/sleep/gru/density_hard/seed_1_objective_e20_bs32_eval5,0.0,none,2.0,0.5,0.2393167939518393,1.0,0.3862076187779625,0.19310380938898125,0.2393167939518393,0.2393167939518393,0.10422723184812265,1.0,0.2393167939518393,-9578,9578,269,12482208,"{""initial_prob"": 0.5, ""scale"": 2.0, ""smooth"": ""none"", ""threshold"": 0.0}"
sleep,gru,density_hard,1,objective_e20_bs32_eval5,experiments/sleep/gru/density_hard/seed_1_objective_e20_bs32_eval5,0.05,none,2.0,0.5,0.2393359297696297,1.0,0.386232536345683,0.1932213650114696,0.2393359297696297,0.2393967477548844,0.10422723184812265,0.9999200461969548,0.2393167939518393,-9562,9562,269,12482208,"{""initial_prob"": 0.5, ""scale"": 2.0, ""smooth"": ""none"", ""threshold"": 0.05}"
sleep,gru,density_hard,1,objective_e20_bs32_eval5,experiments/sleep/gru/density_hard/seed_1_objective_e20_bs32_eval5,0.1,none,2.0,0.5,0.2455162407390281,0.9998028255203364,0.3942248020651239,0.22941722904482253,0.24550435364310072,0.2646652739643499,0.10422723184812265,0.974557145658845,0.2393167939518393,-8351,8351,269,12482208,"{""initial_prob"": 0.5, ""scale"": 2.0, ""smooth"": ""none"", ""threshold"": 0.1}"
sleep,gru,density_hard,1,objective_e20_bs32_eval5,experiments/sleep/gru/density_hard/seed_1_objective_e20_bs32_eval5,0.15000000000000002,none,2.0,0.5,0.29042607831604456,0.9988922744427728,0.4500120010017047,0.41339390677088184,0.29033257115057165,0.4156797419174556,0.10422723184812265,0.8231068573765155,0.2393167939518393,-4415,4415,269,12482208,"{""initial_prob"": 0.5, ""scale"": 2.0, ""smooth"": ""none"", ""threshold"": 0.15000000000000002}"
sleep,gru,density_hard,1,objective_e20_bs32_eval5,experiments/sleep/gru/density_hard/seed_1_objective_e20_bs32_eval5,0.2,none,2.0,0.5,0.35361979768765545,0.9973828351748559,0.5221223228031499,0.5598402336830519,0.3532919746060988,0.5630723346382307,0.10422723184812265,0.6749917963232146,0.2393167939518393,-1623,1623,269,12482208,"{""initial_prob"": 0.5, ""scale"": 2.0, ""smooth"": ""none"", ""threshold"": 0.2}"
sleep,gru,density_hard,1,objective_e20_bs32_eval5,experiments/sleep/gru/density_hard/seed_1_objective_e20_bs32_eval5,0.25,none,2.0,0.5,0.4116425771154939,0.9955225659329365,0.5824468814363732,0.6467150315354622,0.410881873708234,0.6584064293753157,0.10422723184812265,0.5787673142444029,0.2393167939518393,-219,219,269,12482208,"{""initial_prob"": 0.5, ""scale"": 2.0, ""smooth"": ""none"", ""threshold"": 0.25}"
sleep,gru,density_hard,1,objective_e20_bs32_eval5,experiments/sleep/gru/density_hard/seed_1_objective_e20_bs32_eval5,0.30000000000000004,none,2.0,0.5,0.4611459939324613,0.9932786600973085,0.6298662136857606,0.7027539962042084,0.4597114675787589,0.7206268314067511,0.10422723184812265,0.5154729035119427,0.2393167939518393,494,494,269,12482208,"{""initial_prob"": 0.5, ""scale"": 2.0, ""smooth"": ""none"", ""threshold"": 0.30000000000000004}"
sleep,gru,density_hard,1,objective_e20_bs32_eval5,experiments/sleep/gru/density_hard/seed_1_objective_e20_bs32_eval5,0.35000000000000003,none,2.0,0.5,0.509522843807113,0.9907756489182854,0.6729631852054135,0.7475258111628127,0.5071171935117582,0.7695462213095632,0.10422723184812265,0.4653554883879519,0.2393167939518393,904,904,269,12482208,"{""initial_prob"": 0.5, ""scale"": 2.0, ""smooth"": ""none"", ""threshold"": 0.35000000000000003}"
sleep,gru,density_hard,1,objective_e20_bs32_eval5,experiments/sleep/gru/density_hard/seed_1_objective_e20_bs32_eval5,0.4,none,2.0,0.5,0.5541541021460282,0.9868867254373825,0.709763579868536,0.7825108111345316,0.5501035072287119,0.8068437891757612,0.10422723184812265,0.4261965511230064,0.2393167939518393,1245,1245,269,12482208,"{""initial_prob"": 0.5, ""scale"": 2.0, ""smooth"": ""none"", ""threshold"": 0.4}"
sleep,gru,density_hard,1,objective_e20_bs32_eval5,experiments/sleep/gru/density_hard/seed_1_objective_e20_bs32_eval5,0.45,none,2.0,0.5,0.5971026049811112,0.9820926070617253,0.7426694933436011,0.811764065213268,0.5906716566661311,0.8371261719080471,0.10422723184812265,0.39361954231174484,0.2393167939518393,1403,1403,269,12482208,"{""initial_prob"": 0.5, ""scale"": 2.0, ""smooth"": ""none"", ""threshold"": 0.45}"
sleep,gru,density_hard,1,objective_e20_bs32_eval5,experiments/sleep/gru/density_hard/seed_1_objective_e20_bs32_eval5,0.5,none,2.0,0.5,0.6537302334926217,0.9759611167908966,0.7829891085185385,0.8453682527315531,0.6433706666054646,0.8705322808272382,0.10422723184812265,0.3572786962050304,0.2393167939518393,1534,1534,269,12482208,"{""initial_prob"": 0.5, ""scale"": 2.0, ""smooth"": ""none"", ""threshold"": 0.5}"
sleep,gru,density_hard,1,objective_e20_bs32_eval5,experiments/sleep/gru/density_hard/seed_1_objective_e20_bs32_eval5,0.55,none,2.0,0.5,0.7068793060228505,0.9666520710685116,0.8166041635264271,0.8720570910583056,0.6900515772979594,0.8960914607415611,0.10422723184812265,0.327263894336643,0.2393167939518393,1391,1391,269,12482208,"{""initial_prob"": 0.5, ""scale"": 2.0, ""smooth"": ""none"", ""threshold"": 0.55}"
sleep,gru,density_hard,1,objective_e20_bs32_eval5,experiments/sleep/gru/density_hard/seed_1_objective_e20_bs32_eval5,0.6000000000000001,none,2.0,0.5,0.7866321584161253,0.9557124024421515,0.8629683552233748,0.9067765769697187,0.7589659964062907,0.9273632517580223,0.10422723184812265,0.29075601047506977,0.2393167939518393,1116,1116,269,12482208,"{""initial_prob"": 0.5, ""scale"": 2.0, ""smooth"": ""none"", ""threshold"": 0.6000000000000001}"
sleep,gru,density_hard,1,objective_e20_bs32_eval5,experiments/sleep/gru/density_hard/seed_1_objective_e20_bs32_eval5,0.65,none,2.0,0.5,0.8372836995049578,0.9370524658191847,0.8843631444191413,0.9225395338437048,0.7926980360994759,0.9413547667207597,0.10422723184812265,0.26783322309642654,0.2393167939518393,872,872,269,12482208,"{""initial_prob"": 0.5, ""scale"": 2.0, ""smooth"": ""none"", ""threshold"": 0.65}"
sleep,gru,density_hard,1,objective_e20_bs32_eval5,experiments/sleep/gru/density_hard/seed_1_objective_e20_bs32_eval5,0.7000000000000001,none,2.0,0.5,0.8623812255858987,0.9092535422780247,0.885197331167154,0.9238890294213176,0.7940394797349386,0.9435583031463665,0.10422723184812265,0.25232418815645435,0.2393167939518393,578,578,269,12482208,"{""initial_prob"": 0.5, ""scale"": 2.0, ""smooth"": ""none"", ""threshold"": 0.7000000000000001}"
sleep,gru,density_hard,1,objective_e20_bs32_eval5,experiments/sleep/gru/density_hard/seed_1_objective_e20_bs32_eval5,0.75,none,2.0,0.5,0.8809400548308758,0.8516226890581889,0.8660333266893515,0.9124017679248293,0.7637202636308016,0.9369460114748929,0.10422723184812265,0.2313524177773676,0.2393167939518393,11,11,269,12482208,"{""initial_prob"": 0.5, ""scale"": 2.0, ""smooth"": ""none"", ""threshold"": 0.75}"
sleep,gru,density_hard,1,objective_e20_bs32_eval5,experiments/sleep/gru/density_hard/seed_1_objective_e20_bs32_eval5,0.8,none,2.0,0.5,0.9026397530452501,0.7230870225716238,0.8029480737765629,0.874406920369757,0.6707712975407616,0.9150649468427381,0.10422723184812265,0.1917119951854672,0.2393167939518393,-1298,1298,269,12482208,"{""initial_prob"": 0.5, ""scale"": 2.0, ""smooth"": ""none"", ""threshold"": 0.8}"
sleep,gru,density_hard,1,objective_e20_bs32_eval5,experiments/sleep/gru/density_hard/seed_1_objective_e20_bs32_eval5,0.8500000000000001,none,2.0,0.5,0.9292002703117624,0.43360141028293364,0.5912856630271335,0.7521454140966629,0.4197342552058675,0.8565447715660562,0.10422723184812265,0.11167463320591998,0.2393167939518393,-4166,4166,269,12482208,"{""initial_prob"": 0.5, ""scale"": 2.0, ""smooth"": ""none"", ""threshold"": 0.8500000000000001}"
sleep,gru,density_hard,1,objective_e20_bs32_eval5,experiments/sleep/gru/density_hard/seed_1_objective_e20_bs32_eval5,0.9,none,2.0,0.5,0.9215130704223218,0.08143841628386697,0.1496514358566619,0.5111629154357851,0.08087742966739164,0.7785128240131874,0.10422723184812265,0.021149543414113913,0.2393167939518393,-8290,8290,269,12482208,"{""initial_prob"": 0.5, ""scale"": 2.0, ""smooth"": ""none"", ""threshold"": 0.9}"
sleep,gru,density_hard,1,objective_e20_bs32_eval5,experiments/sleep/gru/density_hard/seed_1_objective_e20_bs32_eval5,0.9500000000000001,none,2.0,0.5,0.8525011687704535,0.0012208749190714253,0.0024382579860136124,0.43331318324228874,0.0012206170826816625,0.7609248299659804,0.10422723184812265,0.0003427278250771017,0.2393167939518393,-9546,9546,269,12482208,"{""initial_prob"": 0.5, ""scale"": 2.0, ""smooth"": ""none"", ""threshold"": 0.9500000000000001}"
sleep,gru,density_hard,1,objective_e20_bs32_eval5,experiments/sleep/gru/density_hard/seed_1_objective_e20_bs32_eval5,1.0,none,2.0,0.5,0.0,0.0,0.0,0.4320386560371119,0.0,0.7606832060481608,0.10422723184812265,0.0,0.2393167939518393,-9578,9578,269,12482208,"{""initial_prob"": 0.5, ""scale"": 2.0, ""smooth"": ""none"", ""threshold"": 1.0}"
sleep,gru,density_hard,1,objective_e20_bs32_eval5,experiments/sleep/gru/density_hard/seed_1_objective_e20_bs32_eval5,0.0,none,2.0,1.0,0.2393167939518393,1.0,0.3862076187779625,0.19310380938898125,0.2393167939518393,0.2393167939518393,0.11241229356647461,1.0,0.2393167939518393,-9578,9578,269,12482208,"{""initial_prob"": 1.0, ""scale"": 2.0, ""smooth"": ""none"", ""threshold"": 0.0}"
sleep,gru,density_hard,1,objective_e20_bs32_eval5,experiments/sleep/gru/density_hard/seed_1_objective_e20_bs32_eval5,0.05,none,2.0,1.0,0.2393359297696297,1.0,0.386232536345683,0.1932213650114696,0.2393359297696297,0.2393967477548844,0.11241229356647461,0.9999200461969548,0.2393167939518393,-9562,9562,269,12482208,"{""initial_prob"": 1.0, ""scale"": 2.0, ""smooth"": ""none"", ""threshold"": 0.05}"
sleep,gru,density_hard,1,objective_e20_bs32_eval5,experiments/sleep/gru/density_hard/seed_1_objective_e20_bs32_eval5,0.1,none,2.0,1.0,0.24542198438513435,0.999803160281762,0.3941033099785617,0.2288952286425137,0.24541012658373465,0.2642908209829543,0.11241229356647461,0.9749317588683027,0.2393167939518393,-8375,8375,269,12482208,"{""initial_prob"": 1.0, ""scale"": 2.0, ""smooth"": ""none"", ""threshold"": 0.1}"
sleep,gru,density_hard,1,objective_e20_bs32_eval5,experiments/sleep/gru/density_hard/seed_1_objective_e20_bs32_eval5,0.15000000000000002,none,2.0,1.0,0.2896935900695723,0.9988972958641565,0.44913268735404904,0.4111463133661388,0.2896009759776154,0.4135967771086654,0.11241229356647461,0.825192225606239,0.2393167939518393,-4481,4481,269,12482208,"{""initial_prob"": 1.0, ""scale"": 2.0, ""smooth"": ""none"", ""threshold"": 0.15000000000000002}"
sleep,gru,density_hard,1,objective_e20_bs32_eval5,experiments/sleep/gru/density_hard/seed_1_objective_e20_bs32_eval5,0.2,none,2.0,1.0,0.3522276678466242,0.9973935475404744,0.5206047432718961,0.5573517712151153,0.3519037531749889,0.5604023743235171,0.11241229356647461,0.677666883935919,0.2393167939518393,-1725,1725,269,12482208,"{""initial_prob"": 1.0, ""scale"": 2.0, ""smooth"": ""none"", ""threshold"": 0.2}"
sleep,gru,density_hard,1,objective_e20_bs32_eval5,experiments/sleep/gru/density_hard/seed_1_objective_e20_bs32_eval5,0.25,none,2.0,1.0,0.4090094718712543,0.9956367195790576,0.5798255124020869,0.6433526549931889,0.4082776570524128,0.6546683086838483,0.11241229356647461,0.5825600727050855,0.2393167939518393,-353,353,269,12482208,"{""initial_prob"": 1.0, ""scale"": 2.0, ""smooth"": ""none"", ""threshold"": 0.25}"
sleep,gru,density_hard,1,objective_e20_bs32_eval5,experiments/sleep/gru/density_hard/seed_1_objective_e20_bs32_eval5,0.30000000000000004,none,2.0,1.0,0.457698845710286,0.9933831056620878,0.6266638495222522,0.6992313339002332,0.45630769226037793,0.7167399389595174,0.11241229356647461,0.5194097871145874,0.2393167939518393,346,346,269,12482208,"{""initial_prob"": 1.0, ""scale"": 2.0, ""smooth"": ""none"", ""threshold"": 0.30000000000000004}"
sleep,gru,density_hard,1,objective_e20_bs32_eval5,experiments/sleep/gru/density_hard/seed_1_objective_e20_bs32_eval5,0.35000000000000003,none,2.0,1.0,0.5043758124025713,0.9908526440461676,0.668475917718939,0.7431125888912944,0.5020381731089378,0.7647977024577703,0.11241229356647461,0.4701408596940541,0.2393167939518393,744,744,269,12482208,"{""initial_prob"": 1.0, ""scale"": 2.0, ""smooth"": ""none"", ""threshold"": 0.35000000000000003}"
sleep,gru,density_hard,1,objective_e20_bs32_eval5,experiments/sleep/gru/density_hard/seed_1_objective_e20_bs32_eval5,0.4,none,2.0,1.0,0.5473435866063265,0.987181650253314,0.7042276426647307,0.7774565795626136,0.5434809892942625,0.8015528983333717,0.11241229356647461,0.431628602888207,0.2393167939518393,1071,1071,269,12482208,"{""initial_prob"": 1.0, ""scale"": 2.0, ""smooth"": ""none"", ""threshold"": 0.4}"
sleep,gru,density_hard,1,objective_e20_bs32_eval5,experiments/sleep/gru/density_hard/seed_1_objective_e20_bs32_eval5,0.45,none,2.0,1.0,0.5877391532677946,0.9823396609937995,0.7354528643142025,0.8055790011227129,0.5815938714813876,0.8308729513239965,0.11241229356647461,0.39999101120570973,0.2393167939518393,1199,1199,269,12482208,"{""initial_prob"": 1.0, ""scale"": 2.0, ""smooth"": ""none"", ""threshold"": 0.45}"
sleep,gru,density_hard,1,objective_e20_bs32_eval5,experiments/sleep/gru/density_hard/seed_1_objective_e20_bs32_eval5,0.5,none,2.0,1.0,0.6332128565756365,0.9764471903808313,0.768235399624132,0.8334598801028564,0.6236868630497321,0.8590046728912064,0.11241229356647461,0.3690389552873979,0.2393167939518393,1231,1231,269,12482208,"{""initial_prob"": 1.0, ""scale"": 2.0, ""smooth"": ""none"", ""threshold"": 0.5}"
sleep,gru,density_hard,1,objective_e20_bs32_eval5,experiments/sleep/gru/density_hard/seed_1_objective_e20_bs32_eval5,0.55,none,2.0,1.0,0.6798938082170375,0.967148522262639,0.7984716357850037,0.8581041194829704,0.6645466387359695,0.8831649817083644,0.11241229356647461,0.340427991586104,0.2393167939518393,1242,1242,269,12482208,"{""initial_prob"": 1.0, ""scale"": 2.0, ""smooth"": ""none"", ""threshold"": 0.55}"
sleep,gru,density_hard,1,objective_e20_bs32_eval5,experiments/sleep/gru/density_hard/seed_1_objective_e20_bs32_eval5,0.6000000000000001,none,2.0,1.0,0.7545225377499885,0.9563943114660475,0.843548958335025,0.8926459735265532,0.7294290272077094,0.9150998765603009,0.11241229356647461,0.30334577023552245,0.2393167939518393,981,981,269,12482208,"{""initial_prob"": 1.0, ""scale"": 2.0, ""smooth"": ""none"", ""threshold"": 0.6000000000000001}"
sleep,gru,density_hard,1,objective_e20_bs32_eval5,experiments/sleep/gru/density_hard/seed_1_objective_e20_bs32_eval5,0.65,none,2.0,1.0,0.8014415919667458,0.9383935200900374,0.8645274387446581,0.9084936368384063,0.7613811801747675,0.9296181412775688,0.11241229356647461,0.2802117221568492,0.2393167939518393,783,783,269,12482208,"{""initial_prob"": 1.0, ""scale"": 2.0, ""smooth"": ""none"", ""threshold"": 0.65}"
sleep,gru,density_hard,1,objective_e20_bs32_eval5,experiments/sleep/gru/density_hard/seed_1_objective_e20_bs32_eval5,0.7000000000000001,none,2.0,1.0,0.8244374301882516,0.9107515996574721,0.865447735602852,0.910077354403428,0.7628099319538298,0.9322275353847652,0.11241229356647461,0.264371976496466,0.2393167939518393,519,519,269,12482208,"{""initial_prob"": 1.0, ""scale"": 2.0, ""smooth"": ""none"", ""threshold"": 0.7000000000000001}"
sleep,gru,density_hard,1,objective_e20_bs32_eval5,experiments/sleep/gru/density_hard/seed_1_objective_e20_bs32_eval5,0.75,none,2.0,1.0,0.8415681103553505,0.8537665012275701,0.8476234204313506,0.8996133967667936,0.7355437757582924,0.926538878377928,0.11241229356647461,0.242785651384755,0.2393167939518393,-24,24,269,12482208,"{""initial_prob"": 1.0, ""scale"": 2.0, ""smooth"": ""none"", ""threshold"": 0.75}"
sleep,gru,density_hard,1,objective_e20_bs32_eval5,experiments/sleep/gru/density_hard/seed_1_objective_e20_bs32_eval5,0.8,none,2.0,1.0,0.8591123046655136,0.728124512503674,0.7882134805014506,0.864052460762349,0.6504557261683535,0.9063595959945548,0.11241229356647461,0.20282845791385626,0.2393167939518393,-1297,1297,269,12482208,"{""initial_prob"": 1.0, ""scale"": 2.0, ""smooth"": ""none"", ""threshold"": 0.8}"
sleep,gru,density_hard,1,objective_e20_bs32_eval5,experiments/sleep/gru/density_hard/seed_1_objective_e20_bs32_eval5,0.8500000000000001,none,2.0,1.0,0.8626938906769089,0.44542953573276933,0.5875123576960795,0.7480404040809139,0.41594159134573605,0.8503157454194001,0.11241229356647461,0.12356499747480575,0.2393167939518393,-4077,4077,269,12482208,"{""initial_prob"": 1.0, ""scale"": 2.0, ""smooth"": ""none"", ""threshold"": 0.8500000000000001}"
sleep,gru,density_hard,1,objective_e20_bs32_eval5,experiments/sleep/gru/density_hard/seed_1_objective_e20_bs32_eval5,0.9,none,2.0,1.0,0.7262106181766371,0.10920185511391596,0.18985483038324474,0.5302680145276877,0.1048837593635879,0.7769642999059141,0.11241229356647461,0.0359865818611579,0.2393167939518393,-7987,7987,269,12482208,"{""initial_prob"": 1.0, ""scale"": 2.0, ""smooth"": ""none"", ""threshold"": 0.9}"
sleep,gru,density_hard,1,objective_e20_bs32_eval5,experiments/sleep/gru/density_hard/seed_1_objective_e20_bs32_eval5,0.9500000000000001,none,2.0,1.0,0.47878056608932373,0.026965367591478582,0.051055255615374565,0.4568783122874509,0.026196358702562983,0.7601111918660545,0.11241229356647461,0.013478544821557211,0.2393167939518393,-9169,9169,269,12482208,"{""initial_prob"": 1.0, ""scale"": 2.0, ""smooth"": ""none"", ""threshold"": 0.9500000000000001}"
sleep,gru,density_hard,1,objective_e20_bs32_eval5,experiments/sleep/gru/density_hard/seed_1_objective_e20_bs32_eval5,1.0,none,2.0,1.0,0.0,0.0,0.0,0.4320386560371119,0.0,0.7606832060481608,0.11241229356647461,0.0,0.2393167939518393,-9578,9578,269,12482208,"{""initial_prob"": 1.0, ""scale"": 2.0, ""smooth"": ""none"", ""threshold"": 1.0}"
sleep,gru,density_hard,1,objective_e20_bs32_eval5,experiments/sleep/gru/density_hard/seed_1_objective_e20_bs32_eval5,0.0,none,4.0,0.0,0.2393167939518393,1.0,0.3862076187779625,0.19310380938898125,0.2393167939518393,0.2393167939518393,0.09306590670467695,1.0,0.2393167939518393,-9578,9578,269,12482208,"{""initial_prob"": 0.0, ""scale"": 4.0, ""smooth"": ""none"", ""threshold"": 0.0}"
sleep,gru,density_hard,1,objective_e20_bs32_eval5,experiments/sleep/gru/density_hard/seed_1_objective_e20_bs32_eval5,0.05,none,4.0,0.0,0.27807176774143255,0.9982994119580798,0.43498143272675455,0.37325812794747654,0.2779401099915568,0.3793368128459324,0.09306590670467695,0.8591660225498565,0.2393167939518393,-2014,2014,269,12482208,"{""initial_prob"": 0.0, ""scale"": 4.0, ""smooth"": ""none"", ""threshold"": 0.05}"
sleep,gru,density_hard,1,objective_e20_bs32_eval5,experiments/sleep/gru/density_hard/seed_1_objective_e20_bs32_eval5,0.1,none,4.0,0.0,0.35506859640576266,0.9959912319287414,0.5235078437486143,0.5626038611885195,0.3545618861110174,0.5660984018212163,0.09306590670467695,0.6712996610856028,0.2393167939518393,-51,51,269,12482208,"{""initial_prob"": 0.0, ""scale"": 4.0, ""smooth"": ""none"", ""threshold"": 0.1}"
sleep,gru,density_hard,1,objective_e20_bs32_eval5,experiments/sleep/gru/density_hard/seed_1_objective_e20_bs32_eval5,0.15000000000000002,none,4.0,0.0,0.406488871021937,0.9938186302767607,0.576982145203258,0.640162767715276,0.4054637426075527,0.6512560918709254,0.09306590670467695,0.5851020909121207,0.2393167939518393,731,731,269,12482208,"{""initial_prob"": 0.0, ""scale"": 4.0, ""smooth"": ""none"", ""threshold"": 0.15000000000000002}"
sleep,gru,density_hard,1,objective_e20_bs32_eval5,experiments/sleep/gru/density_hard/seed_1_objective_e20_bs32_eval5,0.2,none,4.0,0.0,0.442805214174527,0.9915148021459547,0.6122035798506952,0.6833831482388892,0.4411335632245195,0.6993852369708949,0.09306590670467695,0.5358702562879901,0.2393167939518393,1123,1123,269,12482208,"{""initial_prob"": 0.0, ""scale"": 4.0, ""smooth"": ""none"", ""threshold"": 0.2}"
sleep,gru,density_hard,1,objective_e20_bs32_eval5,experiments/sleep/gru/density_hard/seed_1_objective_e20_bs32_eval5,0.25,none,4.0,0.0,0.47564567076258973,0.9893743375908292,0.6424371240739507,0.7168690074259423,0.4732282647576953,0.7364362939633757,0.09306590670467695,0.4977947010657089,0.2393167939518393,1435,1435,269,12482208,"{""initial_prob"": 0.0, ""scale"": 4.0, ""smooth"": ""none"", ""threshold"": 0.25}"
sleep,gru,density_hard,1,objective_e20_bs32_eval5,experiments/sleep/gru/density_hard/seed_1_objective_e20_bs32_eval5,0.30000000000000004,none,4.0,0.0,0.5063381634319442,0.9875043602675682,0.6694295231610303,0.7445254797790024,0.503114667590845,0.7665997073594671,0.09306590670467695,0.4667362537140865,0.2393167939518393,1538,1538,269,12482208,"{""initial_prob"": 0.0, ""scale"": 4.0, ""smooth"": ""none"", ""threshold"": 0.30000000000000004}"
sleep,gru,density_hard,1,objective_e20_bs32_eval5,experiments/sleep/gru/density_hard/seed_1_objective_e20_bs32_eval5,0.35000000000000003,none,4.0,0.0,0.5327435815595908,0.9856484429241812,0.6916499470162678,0.7660318100008275,0.5286428853187561,0.789678877326832,0.09306590670467695,0.4427687793698038,0.2393167939518393,1630,1630,269,12482208,"{""initial_prob"": 0.0, ""scale"": 4.0, ""smooth"": ""none"", ""threshold"": 0.35000000000000003}"
sleep,gru,density_hard,1,objective_e20_bs32_eval5,experiments/sleep/gru/density_hard/seed_1_objective_e20_bs32_eval5,0.4,none,4.0,0.0,0.5605745661657474,0.9832381606600424,0.7140481429802438,0.786750402680052,0.5552681767069245,0.8115364685478723,0.09306590670467695,0.41975754610081806,0.2393167939518393,1711,1711,269,12482208,"{""initial_prob"": 0.0, ""scale"": 4.0, ""smooth"": ""none"", ""threshold"": 0.4}"
sleep,gru,density_hard,1,objective_e20_bs32_eval5,experiments/sleep/gru/density_hard/seed_1_objective_e20_bs32_eval5,0.45,none,4.0,0.0,0.5918095033258366,0.9800800213711695,0.7379916483368012,0.8079620293565055,0.5847755661554876,0.833456228257052,0.09306590670467695,0.39632619485270554,0.2393167939518393,1793,1793,269,12482208,"{""initial_prob"": 0.0, ""scale"": 4.0, ""smooth"": ""none"", ""threshold"": 0.45}"
sleep,gru,density_hard,1,objective_e20_bs32_eval5,experiments/sleep/gru/density_hard/seed_1_objective_e20_bs32_eval5,0.5,none,4.0,0.0,0.6331092616883085,0.9760966951682545,0.7680506716760245,0.8333357743773071,0.6234433949657093,0.8589090167380643,0.09306590670467695,0.36896685265940127,0.2393167939518393,1829,1829,269,12482208,"{""initial_prob"": 0.0, ""scale"": 4.0, ""smooth"": ""none"", ""threshold"": 0.5}"
sleep,gru,density_hard,1,objective_e20_bs32_eval5,experiments/sleep/gru/density_hard/seed_1_objective_e20_bs32_eval5,0.55,none,4.0,0.0,0.6857122739565745,0.9715158198206884,0.8039693805523513,0.8621075466242796,0.6721979918236881,0.8866197390718052,0.09306590670467695,0.33906356952231526,0.2393167939518393,1987,1987,269,12482208,"{""initial_prob"": 0.0, ""scale"": 4.0, ""smooth"": ""none"", ""threshold"": 0.55}"
sleep,gru,density_hard,1,objective_e20_bs32_eval5,experiments/sleep/gru/density_hard/seed_1_objective_e20_bs32_eval5,0.6000000000000001,none,4.0,0.0,0.7743463912901888,0.966336056282769,0.8597534133804633,0.9040741201683502,0.7540065661843856,0.924551649836311,0.09306590670467695,0.29865244995116247,0.2393167939518393,1878,1878,269,12482208,"{""initial_prob"": 0.0, ""scale"": 4.0, ""smooth"": ""none"", ""threshold"": 0.6000000000000001}"
sleep,gru,density_hard,1,objective_e20_bs32_eval5,experiments/sleep/gru/density_hard/seed_1_objective_e20_bs32_eval5,0.65,none,4.0,0.0,0.8169698037140237,0.9596240896999935,0.8825696261905961,0.9206325423659092,0.7898206876029779,0.9388866937644366,0.09306590670467695,0.2811048333756335,0.2393167939518393,1718,1718,269,12482208,"{""initial_prob"": 0.0, ""scale"": 4.0, ""smooth"": ""none"", ""threshold"": 0.65}"
sleep,gru,density_hard,1,objective_e20_bs32_eval5,experiments/sleep/gru/density_hard/seed_1_objective_e20_bs32_eval5,0.7000000000000001,none,4.0,0.0,0.8437082807278129,0.9507669719021346,0.8940440566797389,0.9289362913517156,0.8083902998845252,0.9460683558549897,0.09306590670467695,0.26968385721500554,0.2393167939518393,1407,1407,269,12482208,"{""initial_prob"": 0.0, ""scale"": 4.0, ""smooth"": ""none"", ""threshold"": 0.7000000000000001}"
sleep,gru,density_hard,1,objective_e20_bs32_eval5,experiments/sleep/gru/density_hard/seed_1_objective_e20_bs32_eval5,0.75,none,4.0,0.0,0.8615846999411948,0.9372995197512589,0.8978486960300084,0.9319143636075811,0.8146328846102371,0.9489586297552485,0.09306590670467695,0.26034760837185217,0.2393167939518393,1201,1201,269,12482208,"{""initial_prob"": 0.0, ""scale"": 4.0, ""smooth"": ""none"", ""threshold"": 0.75}"
sleep,gru,density_hard,1,objective_e20_bs32_eval5,experiments/sleep/gru/density_hard/seed_1_objective_e20_bs32_eval5,0.8,none,4.0,0.0,0.8746267969023223,0.915063326818876,0.8943882473176735,0.930072432243566,0.8089532741921355,0.9482821468765782,0.09306590670467695,0.2503811024459775,0.2393167939518393,933,933,269,12482208,"{""initial_prob"": 0.0, ""scale"": 4.0, ""smooth"": ""none"", ""threshold"": 0.8}"
sleep,gru,density_hard,1,objective_e20_bs32_eval5,experiments/sleep/gru/density_hard/seed_1_objective_e20_bs32_eval5,0.8500000000000001,none,4.0,0.0,0.8848484725226266,0.8738853281431922,0.8793327307119471,0.9208392214564787,0.7846510331925525,0.9426023825271939,0.09306590670467695,0.23635169354652638,0.2393167939518393,665,665,269,12482208,"{""initial_prob"": 0.0, ""scale"": 4.0, ""smooth"": ""none"", ""threshold"": 0.8500000000000001}"
sleep,gru,density_hard,1,objective_e20_bs32_eval5,experiments/sleep/gru/density_hard/seed_1_objective_e20_bs32_eval5,0.9,none,4.0,0.0,0.8991565558895342,0.7682774716942476,0.8285805782878672,0.8898474911610229,0.7073304086736276,0.9239241967446785,0.09306590670467695,0.20448241208606682,0.2393167939518393,119,119,269,12482208,"{""initial_prob"": 0.0, ""scale"": 4.0, ""smooth"": ""none"", ""threshold"": 0.9}"
sleep,gru,density_hard,1,objective_e20_bs32_eval5,experiments/sleep/gru/density_hard/seed_1_objective_e20_bs32_eval5,0.9500000000000001,none,4.0,0.0,0.9237105795603746,0.40485009048601334,0.5629615871510756,0.7360550542319944,0.39175124486408536,0.8495686820793245,0.09306590670467695,0.10488937534128577,0.2393167939518393,-2078,2078,269,12482208,"{""initial_prob"": 0.0, ""scale"": 4.0, ""smooth"": ""none"", ""threshold"": 0.9500000000000001}"
sleep,gru,density_hard,1,objective_e20_bs32_eval5,experiments/sleep/gru/density_hard/seed_1_objective_e20_bs32_eval5,1.0,none,4.0,0.0,0.0,0.0,0.0,0.4320386560371119,0.0,0.7606832060481608,0.09306590670467695,0.0,0.2393167939518393,-9578,9578,269,12482208,"{""initial_prob"": 0.0, ""scale"": 4.0, ""smooth"": ""none"", ""threshold"": 1.0}"
sleep,gru,density_hard,1,objective_e20_bs32_eval5,experiments/sleep/gru/density_hard/seed_1_objective_e20_bs32_eval5,0.0,none,4.0,0.2393167939518393,0.2393167939518393,1.0,0.3862076187779625,0.19310380938898125,0.2393167939518393,0.2393167939518393,0.09376691858863143,1.0,0.2393167939518393,-9578,9578,269,12482208,"{""initial_prob"": 0.2393167939518393, ""scale"": 4.0, ""smooth"": ""none"", ""threshold"": 0.0}"
sleep,gru,density_hard,1,objective_e20_bs32_eval5,experiments/sleep/gru/density_hard/seed_1_objective_e20_bs32_eval5,0.05,none,4.0,0.2393167939518393,0.2749537479105082,0.9983576604461298,0.43116268132570673,0.3620921953035908,0.2748294397344206,0.36957091245395046,0.09376691858863143,0.8689598026246639,0.2393167939518393,-2217,2217,269,12482208,"{""initial_prob"": 0.2393167939518393, ""scale"": 4.0, ""smooth"": ""none"", ""threshold"": 0.05}"
sleep,gru,density_hard,1,objective_e20_bs32_eval5,experiments/sleep/gru/density_hard/seed_1_objective_e20_bs32_eval5,0.1,none,4.0,0.2393167939518393,0.3501922140935977,0.9962061487639604,0.5182175596067852,0.5538592575324426,0.34972580689326277,0.5567066339545055,0.09376691858863143,0.6807942953682553,0.2393167939518393,-158,158,269,12482208,"{""initial_prob"": 0.2393167939518393, ""scale"": 4.0, ""smooth"": ""none"", ""threshold"": 0.1}"
sleep,gru,density_hard,1,objective_e20_bs32_eval5,experiments/sleep/gru/density_hard/seed_1_objective_e20_bs32_eval5,0.15000000000000002,none,4.0,0.2393167939518393,0.4004306750226827,0.9940164742792754,0.5708852974149193,0.6321697672837863,0.3994677938602569,0.642380418592608,0.09376691858863143,0.594072458975207,0.2393167939518393,666,666,269,12482208,"{""initial_prob"": 0.2393167939518393, ""scale"": 4.0, ""smooth"": ""none"", ""threshold"": 0.15000000000000002}"
sleep,gru,density_hard,1,objective_e20_bs32_eval5,experiments/sleep/gru/density_hard/seed_1_objective_e20_bs32_eval5,0.2,none,4.0,0.2393167939518393,0.43627616440551065,0.9917173328084274,0.6059728352772795,0.6761462275324679,0.43469227186674714,0.6913515621595153,0.09376691858863143,0.5440008690770094,0.2393167939518393,1118,1118,269,12482208,"{""initial_prob"": 0.2393167939518393, ""scale"": 4.0, ""smooth"": ""none"", ""threshold"": 0.2}"
sleep,gru,density_hard,1,objective_e20_bs32_eval5,experiments/sleep/gru/density_hard/seed_1_objective_e20_bs32_eval5,0.25,none,4.0,0.2393167939518393,0.4723357081899879,0.9895899239488993,0.6394561354837418,0.713692949512543,0.470000381583508,0.7329418801545368,0.09376691858863143,0.5013923017466141,0.2393167939518393,1467,1467,269,12482208,"{""initial_prob"": 0.2393167939518393, ""scale"": 4.0, ""smooth"": ""none"", ""threshold"": 0.25}"
sleep,gru,density_hard,1,objective_e20_bs32_eval5,experiments/sleep/gru/density_hard/seed_1_objective_e20_bs32_eval5,0.30000000000000004,none,4.0,0.2393167939518393,0.5048962844784239,0.9875830292025782,0.6681861483607854,0.7432927301660708,0.5017113671992318,0.7652671706800591,0.09376691858863143,0.4681064439881149,0.2393167939518393,1540,1540,269,12482208,"{""initial_prob"": 0.2393167939518393, ""scale"": 4.0, ""smooth"": ""none"", ""threshold"": 0.30000000000000004}"
sleep,gru,density_hard,1,objective_e20_bs32_eval5,experiments/sleep/gru/density_hard/seed_1_objective_e20_bs32_eval5,0.35000000000000003,none,4.0,0.2393167939518393,0.5320648180907799,0.9857110433107638,0.6910930398707432,0.7655037298984686,0.527992486037737,0.7891158359162097,0.09376691858863143,0.44336178342806015,0.2393167939518393,1632,1632,269,12482208,"{""initial_prob"": 0.2393167939518393, ""scale"": 4.0, ""smooth"": ""none"", ""threshold"": 0.35000000000000003}"
sleep,gru,density_hard,1,objective_e20_bs32_eval5,experiments/sleep/gru/density_hard/seed_1_objective_e20_bs32_eval5,0.4,none,4.0,0.2393167939518393,0.5601303089355243,0.9833888033015511,0.7137273129047329,0.7864478719377552,0.5548802521155229,0.8112112856956077,0.09376691858863143,0.42015483158107925,0.2393167939518393,1719,1719,269,12482208,"{""initial_prob"": 0.2393167939518393, ""scale"": 4.0, ""smooth"": ""none"", ""threshold"": 0.4}"
sleep,gru,density_hard,1,objective_e20_bs32_eval5,experiments/sleep/gru/density_hard/seed_1_objective_e20_bs32_eval5,0.45,none,4.0,0.2393167939518393,0.591603072715836,0.9801245446407708,0.7378437406716759,0.8078316059708306,0.5845898518653553,0.8333212361146362,0.09376691858863143,0.39648249732739593,0.2393167939518393,1791,1791,269,12482208,"{""initial_prob"": 0.2393167939518393, ""scale"": 4.0, ""smooth"": ""none"", ""threshold"": 0.45}"
sleep,gru,density_hard,1,objective_e20_bs32_eval5,experiments/sleep/gru/density_hard/seed_1_objective_e20_bs32_eval5,0.5,none,4.0,0.2393167939518393,0.6323823530240896,0.9762389687741237,0.7675595092785085,0.8329254771304577,0.6227964068505784,0.8584991533549192,0.09376691858863143,0.3694448129689875,0.2393167939518393,1823,1823,269,12482208,"{""initial_prob"": 0.2393167939518393, ""scale"": 4.0, ""smooth"": ""none"", ""threshold"": 0.5}"
sleep,gru,density_hard,1,objective_e20_bs32_eval5,experiments/sleep/gru/density_hard/seed_1_objective_e20_bs32_eval5,0.55,none,4.0,0.2393167939518393,0.6846514640188094,0.9717879808596808,0.8033327941671535,0.8615993504510375,0.6713084391813485,0.8861295213154595,0.09376691858863143,0.3396840526932415,0.2393167939518393,1981,1981,269,12482208,"{""initial_prob"": 0.2393167939518393, ""scale"": 4.0, ""smooth"": ""none"", ""threshold"": 0.55}"
sleep,gru,density_hard,1,objective_e20_bs32_eval5,experiments/sleep/gru/density_hard/seed_1_objective_e20_bs32_eval5,0.6000000000000001,none,4.0,0.2393167939518393,0.7732230808287469,0.96658411449912,0.8591585882621793,0.9036336134924139,0.7530920419109263,0.924159731996134,0.09376691858863143,0.2991630967854405,0.2393167939518393,1896,1896,269,12482208,"{""initial_prob"": 0.2393167939518393, ""scale"": 4.0, ""smooth"": ""none"", ""threshold"": 0.6000000000000001}"
sleep,gru,density_hard,1,objective_e20_bs32_eval5,experiments/sleep/gru/density_hard/seed_1_objective_e20_bs32_eval5,0.65,none,4.0,0.2393167939518393,0.8165821230927852,0.9597703804429697,0.8824051908432657,0.920511932630298,0.7895573454829059,0.9387803824451572,0.09376691858863143,0.28128116435810074,0.2393167939518393,1730,1730,269,12482208,"{""initial_prob"": 0.2393167939518393, ""scale"": 4.0, ""smooth"": ""none"", ""threshold"": 0.65}"
sleep,gru,density_hard,1,objective_e20_bs32_eval5,experiments/sleep/gru/density_hard/seed_1_objective_e20_bs32_eval5,0.7000000000000001,none,4.0,0.2393167939518393,0.8434285819480933,0.9509142669293874,0.8939520919451969,0.9288683509383989,0.808239937379731,0.9460076294194104,0.09376691858863143,0.26981508399795934,0.2393167939518393,1407,1407,269,12482208,"{""initial_prob"": 0.2393167939518393, ""scale"": 4.0, ""smooth"": ""none"", ""threshold"": 0.7000000000000001}"
sleep,gru,density_hard,1,objective_e20_bs32_eval5,experiments/sleep/gru/density_hard/seed_1_objective_e20_bs32_eval5,0.75,none,4.0,0.2393167939518393,0.8613190768116954,0.937517449439308,0.8978043888500007,0.9318784373436392,0.814559938152228,0.9489220977570635,0.09376691858863143,0.26048844883853883,0.2393167939518393,1211,1211,269,12482208,"{""initial_prob"": 0.2393167939518393, ""scale"": 4.0, ""smooth"": ""none"", ""threshold"": 0.75}"
sleep,gru,density_hard,1,objective_e20_bs32_eval5,experiments/sleep/gru/density_hard/seed_1_objective_e20_bs32_eval5,0.8,none,4.0,0.2393167939518393,0.8746189593485224,0.9156354340951833,0.8946573329955566,0.9302432651409664,0.8093936475103608,0.9483971906252483,0.09376691858863143,0.2505398884556322,0.2393167939518393,939,939,269,12482208,"{""initial_prob"": 0.2393167939518393, ""scale"": 4.0, ""smooth"": ""none"", ""threshold"": 0.8}"
sleep,gru,density_hard,1,objective_e20_bs32_eval5,experiments/sleep/gru/density_hard/seed_1_objective_e20_bs32_eval5,0.8500000000000001,none,4.0,0.2393167939518393,0.8846835851142225,0.8745046367805056,0.8795646624244912,0.9209804063980782,0.7850204585012165,0.9426872232861365,0.09376691858863143,0.23656327470268082,0.2393167939518393,677,677,269,12482208,"{""initial_prob"": 0.2393167939518393, ""scale"": 4.0, ""smooth"": ""none"", ""threshold"": 0.8500000000000001}"
sleep,gru,density_hard,1,objective_e20_bs32_eval5,experiments/sleep/gru/density_hard/seed_1_objective_e20_bs32_eval5,0.9,none,4.0,0.2393167939518393,0.8992227926576047,0.7695201061059814,0.8293308925317315,0.8903073867297437,0.7084246840042382,0.9242033140290564,0.09376691858863143,0.20479806136862966,0.2393167939518393,121,121,269,12482208,"{""initial_prob"": 0.2393167939518393, ""scale"": 4.0, ""smooth"": ""none"", ""threshold"": 0.9}"
sleep,gru,density_hard,1,objective_e20_bs32_eval5,experiments/sleep/gru/density_hard/seed_1_objective_e20_bs32_eval5,0.9500000000000001,none,4.0,0.2393167939518393,0.9241325922323773,0.40842166013547127,0.5664846543158285,0.7380440274615787,0.39517167083095533,0.8504011469765606,0.09376691858863143,0.10576638363981757,0.2393167939518393,-2020,2020,269,12482208,"{""initial_prob"": 0.2393167939518393, ""scale"": 4.0, ""smooth"": ""none"", ""threshold"": 0.9500000000000001}"
sleep,gru,density_hard,1,objective_e20_bs32_eval5,experiments/sleep/gru/density_hard/seed_1_objective_e20_bs32_eval5,1.0,none,4.0,0.2393167939518393,0.0,0.0,0.0,0.4320386560371119,0.0,0.7606832060481608,0.09376691858863143,0.0,0.2393167939518393,-9578,9578,269,12482208,"{""initial_prob"": 0.2393167939518393, ""scale"": 4.0, ""smooth"": ""none"", ""threshold"": 1.0}"
sleep,gru,density_hard,1,objective_e20_bs32_eval5,experiments/sleep/gru/density_hard/seed_1_objective_e20_bs32_eval5,0.0,none,4.0,0.5,0.2393167939518393,1.0,0.3862076187779625,0.19310380938898125,0.2393167939518393,0.2393167939518393,0.09550560181944732,1.0,0.2393167939518393,-9578,9578,269,12482208,"{""initial_prob"": 0.5, ""scale"": 4.0, ""smooth"": ""none"", ""threshold"": 0.0}"
sleep,gru,density_hard,1,objective_e20_bs32_eval5,experiments/sleep/gru/density_hard/seed_1_objective_e20_bs32_eval5,0.05,none,4.0,0.5,0.27476881225733824,0.9983579952075554,0.4309352987343512,0.36141816275911165,0.27464469654230794,0.36898591979880485,0.09550560181944732,0.8695449555078717,0.2393167939518393,-2265,2265,269,12482208,"{""initial_prob"": 0.5, ""scale"": 4.0, ""smooth"": ""none"", ""threshold"": 0.05}"
sleep,gru,density_hard,1,objective_e20_bs32_eval5,experiments/sleep/gru/density_hard/seed_1_objective_e20_bs32_eval5,0.1,none,4.0,0.5,0.3492357234310473,0.9962108354239184,0.5171701685352837,0.5521146876797489,0.3487724333306885,0.5548410986261405,0.09550560181944732,0.6826620738894913,0.2393167939518393,-256,256,269,12482208,"{""initial_prob"": 0.5, ""scale"": 4.0, ""smooth"": ""none"", ""threshold"": 0.1}"
sleep,gru,density_hard,1,objective_e20_bs32_eval5,experiments/sleep/gru/density_hard/seed_1_objective_e20_bs32_eval5,0.15000000000000002,none,4.0,0.5,0.39937307734933253,0.9940265171220426,0.5698113171340162,0.630749324496829,0.39841688300326905,0.6408060176532869,0.09550560181944732,0.5956516667563944,0.2393167939518393,590,590,269,12482208,"{""initial_prob"": 0.5, ""scale"": 4.0, ""smooth"": ""none"", ""threshold"": 0.15000000000000002}"
sleep,gru,density_hard,1,objective_e20_bs32_eval5,experiments/sleep/gru/density_hard/seed_1_objective_e20_bs32_eval5,0.2,none,4.0,0.5,0.43443512201073625,0.9917240280369389,0.6041958909099364,0.6740671816237127,0.43286582047950606,0.6890457201161846,0.09550560181944732,0.5463099156815845,0.2393167939518393,1012,1012,269,12482208,"{""initial_prob"": 0.5, ""scale"": 4.0, ""smooth"": ""none"", ""threshold"": 0.2}"
sleep,gru,density_hard,1,objective_e20_bs32_eval5,experiments/sleep/gru/density_hard/seed_1_objective_e20_bs32_eval5,0.25,none,4.0,0.5,0.46604678631043855,0.9896080010658804,0.6336717092589333,0.7075259984312259,0.46377705384058443,0.7261753689731817,0.09550560181944732,0.5081674652433288,0.2393167939518393,1338,1338,269,12482208,"{""initial_prob"": 0.5, ""scale"": 4.0, ""smooth"": ""none"", ""threshold"": 0.25}"
sleep,gru,density_hard,1,objective_e20_bs32_eval5,experiments/sleep/gru/density_hard/seed_1_objective_e20_bs32_eval5,0.30000000000000004,none,4.0,0.5,0.49582675040388186,0.9877684870323467,0.6602367367031394,0.7353713613225867,0.49280104537158526,0.7567039421230602,0.09550560181944732,0.4767584388915807,0.2393167939518393,1473,1473,269,12482208,"{""initial_prob"": 0.5, ""scale"": 4.0, ""smooth"": ""none"", ""threshold"": 0.30000000000000004}"
sleep,gru,density_hard,1,objective_e20_bs32_eval5,experiments/sleep/gru/density_hard/seed_1_objective_e20_bs32_eval5,0.35000000000000003,none,4.0,0.5,0.5218434749699146,0.9859550843900078,0.6824707772910383,0.7573381251065106,0.5179928957384455,0.7804366022421674,0.09550560181944732,0.4521578233594569,0.2393167939518393,1581,1581,269,12482208,"{""initial_prob"": 0.5, ""scale"": 4.0, ""smooth"": ""none"", ""threshold"": 0.35000000000000003}"
sleep,gru,density_hard,1,objective_e20_bs32_eval5,experiments/sleep/gru/density_hard/seed_1_objective_e20_bs32_eval5,0.4,none,4.0,0.5,0.5499071110439888,0.983668329091906,0.7054445381943057,0.7789611233005108,0.544931877395446,0.8034124251094037,0.09550560181944732,0.42808748259923246,0.2393167939518393,1708,1708,269,12482208,"{""initial_prob"": 0.5, ""scale"": 4.0, ""smooth"": ""none"", ""threshold"": 0.4}"
sleep,gru,density_hard,1,objective_e20_bs32_eval5,experiments/sleep/gru/density_hard/seed_1_objective_e20_bs32_eval5,0.45,none,4.0,0.5,0.5803642642831283,0.9804308513451718,0.7291245648117847,0.8002977454722773,0.573718355571018,0.8256636165652743,0.09550560181944732,0.4042867255536841,0.2393167939518393,1802,1802,269,12482208,"{""initial_prob"": 0.5, ""scale"": 4.0, ""smooth"": ""none"", ""threshold"": 0.45}"
sleep,gru,density_hard,1,objective_e20_bs32_eval5,experiments/sleep/gru/density_hard/seed_1_objective_e20_bs32_eval5,0.5,none,4.0,0.5,0.6285124651692188,0.976400993304102,0.7647517591122954,0.8306228590756752,0.6191077500039268,0.8562402581338173,0.09550560181944732,0.37178125857220135,0.2393167939518393,1961,1961,269,12482208,"{""initial_prob"": 0.5, ""scale"": 4.0, ""smooth"": ""none"", ""threshold"": 0.5}"
sleep,gru,density_hard,1,objective_e20_bs32_eval5,experiments/sleep/gru/density_hard/seed_1_objective_e20_bs32_eval5,0.55,none,4.0,0.5,0.6839925274759451,0.971846898870582,0.802899129107988,0.8612602042898743,0.670702986382186,0.8858098663313414,0.09550560181944732,0.34003190781630943,0.2393167939518393,1991,1991,269,12482208,"{""initial_prob"": 0.5, ""scale"": 4.0, ""smooth"": ""none"", ""threshold"": 0.55}"
sleep,gru,density_hard,1,objective_e20_bs32_eval5,experiments/sleep/gru/density_hard/seed_1_objective_e20_bs32_eval5,0.6000000000000001,none,4.0,0.5,0.7718663924271401,0.9667069719423059,0.8583688652539505,0.9030558643405473,0.7518793409965038,0.9236546130300024,0.09550560181944732,0.2997270194504049,0.2393167939518393,1882,1882,269,12482208,"{""initial_prob"": 0.5, ""scale"": 4.0, ""smooth"": ""none"", ""threshold"": 0.6000000000000001}"
sleep,gru,density_hard,1,objective_e20_bs32_eval5,experiments/sleep/gru/density_hard/seed_1_objective_e20_bs32_eval5,0.65,none,4.0,0.5,0.8150048609865828,0.9600509105176014,0.8816017743525818,0.9199349455750204,0.7882717927616887,0.9382879214959404,0.09550560181944732,0.28190789642345326,0.2393167939518393,1746,1746,269,12482208,"{""initial_prob"": 0.5, ""scale"": 4.0, ""smooth"": ""none"", ""threshold"": 0.65}"
sleep,gru,density_hard,1,objective_e20_bs32_eval5,experiments/sleep/gru/density_hard/seed_1_objective_e20_bs32_eval5,0.7000000000000001,none,4.0,0.5,0.8428692991304642,0.9513223411071632,0.8938180035104267,0.9287643203964107,0.8080207473516333,0.945908047678744,0.09550560181944732,0.2701099837464654,0.2393167939518393,1425,1425,269,12482208,"{""initial_prob"": 0.5, ""scale"": 4.0, ""smooth"": ""none"", ""threshold"": 0.7000000000000001}"
sleep,gru,density_hard,1,objective_e20_bs32_eval5,experiments/sleep/gru/density_hard/seed_1_objective_e20_bs32_eval5,0.75,none,4.0,0.5,0.8609038755525286,0.9377015682233742,0.8976631500685801,0.9317762495872164,0.8143274445777865,0.9488334115246277,0.09550560181944732,0.2606652605051927,0.2393167939518393,1219,1219,269,12482208,"{""initial_prob"": 0.5, ""scale"": 4.0, ""smooth"": ""none"", ""threshold"": 0.75}"
sleep,gru,density_hard,1,objective_e20_bs32_eval5,experiments/sleep/gru/density_hard/seed_1_objective_e20_bs32_eval5,0.8,none,4.0,0.5,0.874252570352804,0.9159645045765235,0.8946225948711511,0.9302112467550817,0.809336784631371,0.948359617144659,0.09550560181944732,0.2507349661213785,0.2393167939518393,949,949,269,12482208,"{""initial_prob"": 0.5, ""scale"": 4.0, ""smooth"": ""none"", ""threshold"": 0.8}"
sleep,gru,density_hard,1,objective_e20_bs32_eval5,experiments/sleep/gru/density_hard/seed_1_objective_e20_bs32_eval5,0.8500000000000001,none,4.0,0.5,0.8845728836360143,0.8752113181498942,0.8798672004226972,0.9211674863155124,0.7855025767969,0.9428046704557399,0.09550560181944732,0.23678406897241258,0.2393167939518393,687,687,269,12482208,"{""initial_prob"": 0.5, ""scale"": 4.0, ""smooth"": ""none"", ""threshold"": 0.8500000000000001}"
sleep,gru,density_hard,1,objective_e20_bs32_eval5,experiments/sleep/gru/density_hard/seed_1_objective_e20_bs32_eval5,0.9,none,4.0,0.5,0.899192679292669,0.7709187393420331,0.8301296296897085,0.8907941432647521,0.7095911228775957,0.9244936472777893,0.09550560181944732,0.20517716096382949,0.2393167939518393,133,133,269,12482208,"{""initial_prob"": 0.5, ""scale"": 4.0, ""smooth"": ""none"", ""threshold"": 0.9}"
sleep,gru,density_hard,1,objective_e20_bs32_eval5,experiments/sleep/gru/density_hard/seed_1_objective_e20_bs32_eval5,0.9500000000000001,none,4.0,0.5,0.9239698340150589,0.4122761031895399,0.5701505569091784,0.7400994734850679,0.39874866522780006,0.8512290453740236,0.09550560181944732,0.10678335115069384,0.2393167939518393,-1976,1976,269,12482208,"{""initial_prob"": 0.5, ""scale"": 4.0, ""smooth"": ""none"", ""threshold"": 0.9500000000000001}"
sleep,gru,density_hard,1,objective_e20_bs32_eval5,experiments/sleep/gru/density_hard/seed_1_objective_e20_bs32_eval5,1.0,none,4.0,0.5,0.0,0.0,0.0,0.4320386560371119,0.0,0.7606832060481608,0.09550560181944732,0.0,0.2393167939518393,-9578,9578,269,12482208,"{""initial_prob"": 0.5, ""scale"": 4.0, ""smooth"": ""none"", ""threshold"": 1.0}"
sleep,gru,density_hard,1,objective_e20_bs32_eval5,experiments/sleep/gru/density_hard/seed_1_objective_e20_bs32_eval5,0.0,none,4.0,1.0,0.2393167939518393,1.0,0.3862076187779625,0.19310380938898125,0.2393167939518393,0.2393167939518393,0.10168579256959341,1.0,0.2393167939518393,-9578,9578,269,12482208,"{""initial_prob"": 1.0, ""scale"": 4.0, ""smooth"": ""none"", ""threshold"": 0.0}"
sleep,gru,density_hard,1,objective_e20_bs32_eval5,experiments/sleep/gru/density_hard/seed_1_objective_e20_bs32_eval5,0.05,none,4.0,1.0,0.2746823187347533,0.9983586647304066,0.43082897804379333,0.36110213072669606,0.27455833176596683,0.3687118496983867,0.10168579256959341,0.8698193460644142,0.2393167939518393,-2287,2287,269,12482208,"{""initial_prob"": 1.0, ""scale"": 4.0, ""smooth"": ""none"", ""threshold"": 0.05}"
sleep,gru,density_hard,1,objective_e20_bs32_eval5,experiments/sleep/gru/density_hard/seed_1_objective_e20_bs32_eval5,0.1,none,4.0,1.0,0.3487962660830722,0.9962208782666857,0.516689506885662,0.5513079549036877,0.3483353682753419,0.5539789114233635,0.10168579256959341,0.6835290679341347,0.2393167939518393,-302,302,269,12482208,"{""initial_prob"": 1.0, ""scale"": 4.0, ""smooth"": ""none"", ""threshold"": 0.1}"
sleep,gru,density_hard,1,objective_e20_bs32_eval5,experiments/sleep/gru/density_hard/seed_1_objective_e20_bs32_eval5,0.15000000000000002,none,4.0,1.0,0.39809658945800297,0.9940596585031746,0.5685163003038672,0.629023231643098,0.39715178064867146,0.6388920133361021,0.10168579256959341,0.5975815336517385,0.2393167939518393,498,498,269,12482208,"{""initial_prob"": 1.0, ""scale"": 4.0, ""smooth"": ""none"", ""threshold"": 0.15000000000000002}"
sleep,gru,density_hard,1,objective_e20_bs32_eval5,experiments/sleep/gru/density_hard/seed_1_objective_e20_bs32_eval5,0.2,none,4.0,1.0,0.4328725427583175,0.9917729032050728,0.6026920728460472,0.6722893595621515,0.43132373411322084,0.687070027995047,0.10168579256959341,0.5483090010998054,0.2393167939518393,904,904,269,12482208,"{""initial_prob"": 1.0, ""scale"": 4.0, ""smooth"": ""none"", ""threshold"": 0.2}"
sleep,gru,density_hard,1,objective_e20_bs32_eval5,experiments/sleep/gru/density_hard/seed_1_objective_e20_bs32_eval5,0.25,none,4.0,1.0,0.4643923910840773,0.9896143615329663,0.632142015539151,0.7058788189736578,0.4621400925537706,0.7243647918701563,0.10168579256959341,0.5099810866795362,0.2393167939518393,1272,1272,269,12482208,"{""initial_prob"": 1.0, ""scale"": 4.0, ""smooth"": ""none"", ""threshold"": 0.25}"
sleep,gru,density_hard,1,objective_e20_bs32_eval5,experiments/sleep/gru/density_hard/seed_1_objective_e20_bs32_eval5,0.30000000000000004,none,4.0,1.0,0.4937111022319848,0.9877791993979651,0.6583607827335073,0.7334850914883112,0.4907137285945449,0.7546608741017615,0.10168579256959341,0.4788066342108704,0.2393167939518393,1401,1401,269,12482208,"{""initial_prob"": 1.0, ""scale"": 4.0, ""smooth"": ""none"", ""threshold"": 0.30000000000000004}"
sleep,gru,density_hard,1,objective_e20_bs32_eval5,experiments/sleep/gru/density_hard/seed_1_objective_e20_bs32_eval5,0.35000000000000003,none,4.0,1.0,0.5189248597809422,0.9859708181770098,0.6799737364717203,0.7549522345112079,0.5151213693689912,0.7778937828948211,0.10168579256959341,0.4547081734257272,0.2393167939518393,1489,1489,269,12482208,"{""initial_prob"": 1.0, ""scale"": 4.0, ""smooth"": ""none"", ""threshold"": 0.35000000000000003}"
sleep,gru,density_hard,1,objective_e20_bs32_eval5,experiments/sleep/gru/density_hard/seed_1_objective_e20_bs32_eval5,0.4,none,4.0,1.0,0.5458559274664471,0.9836837281174825,0.7021061425703677,0.7759205610005899,0.5409580595140722,0.8002359037759986,0.10168579256959341,0.43127137442349944,0.2393167939518393,1602,1602,269,12482208,"{""initial_prob"": 1.0, ""scale"": 4.0, ""smooth"": ""none"", ""threshold"": 0.4}"
sleep,gru,density_hard,1,objective_e20_bs32_eval5,experiments/sleep/gru/density_hard/seed_1_objective_e20_bs32_eval5,0.45,none,4.0,1.0,0.5766254765875621,0.9805761378038713,0.7262067770364096,0.7977467497553219,0.5701135505704972,0.8230514985810203,0.10168579256959341,0.4069683825169393,0.2393167939518393,1700,1700,269,12482208,"{""initial_prob"": 1.0, ""scale"": 4.0, ""smooth"": ""none"", ""threshold"": 0.45}"
sleep,gru,density_hard,1,objective_e20_bs32_eval5,experiments/sleep/gru/density_hard/seed_1_objective_e20_bs32_eval5,0.5,none,4.0,1.0,0.6154795187555221,0.9766329829720253,0.7550943764440785,0.8226528523188719,0.6065474861357307,0.8483885222870825,0.10168579256959341,0.3797440324660509,0.2393167939518393,1746,1746,269,12482208,"{""initial_prob"": 1.0, ""scale"": 4.0, ""smooth"": ""none"", ""threshold"": 0.5}"
sleep,gru,density_hard,1,objective_e20_bs32_eval5,experiments/sleep/gru/density_hard/seed_1_objective_e20_bs32_eval5,0.55,none,4.0,1.0,0.6650444350402032,0.9721913683774984,0.789807378978535,0.8510159050620061,0.6526294783651027,0.8761627750474916,0.10168579256959341,0.34984387377617804,0.2393167939518393,1920,1920,269,12482208,"{""initial_prob"": 1.0, ""scale"": 4.0, ""smooth"": ""none"", ""threshold"": 0.55}"
sleep,gru,density_hard,1,objective_e20_bs32_eval5,experiments/sleep/gru/density_hard/seed_1_objective_e20_bs32_eval5,0.6000000000000001,none,4.0,1.0,0.7476439039905919,0.9670691838047778,0.8433170367159214,0.8920268957177804,0.729082266692645,0.9140013529657574,0.10168579256959341,0.3095536462779662,0.2393167939518393,1811,1811,269,12482208,"{""initial_prob"": 1.0, ""scale"": 4.0, ""smooth"": ""none"", ""threshold"": 0.6000000000000001}"
sleep,gru,density_hard,1,objective_e20_bs32_eval5,experiments/sleep/gru/density_hard/seed_1_objective_e20_bs32_eval5,0.65,none,4.0,1.0,0.7891974828039103,0.9602982992111012,0.866381054780702,0.9090706968951088,0.7642612700100042,0.9291127018553128,0.10168579256959341,0.29120152460205756,0.2393167939518393,1689,1689,269,12482208,"{""initial_prob"": 1.0, ""scale"": 4.0, ""smooth"": ""none"", ""threshold"": 0.65}"
sleep,gru,density_hard,1,objective_e20_bs32_eval5,experiments/sleep/gru/density_hard/seed_1_objective_e20_bs32_eval5,0.7000000000000001,none,4.0,1.0,0.8157563283846875,0.9516032059432205,0.8784588786622204,0.9179615043451588,0.7832605171127303,0.9369825434730779,0.10168579256959341,0.2791699192963296,0.2393167939518393,1394,1394,269,12482208,"{""initial_prob"": 1.0, ""scale"": 4.0, ""smooth"": ""none"", ""threshold"": 0.7000000000000001}"
sleep,gru,density_hard,1,objective_e20_bs32_eval5,experiments/sleep/gru/density_hard/seed_1_objective_e20_bs32_eval5,0.75,none,4.0,1.0,0.833586089265069,0.9384333566996809,0.8829079089719424,0.9214813914771081,0.790362689041513,0.9404312121701545,0.10168579256959341,0.269417718403667,0.2393167939518393,1206,1206,269,12482208,"{""initial_prob"": 1.0, ""scale"": 4.0, ""smooth"": ""none"", ""threshold"": 0.75}"
sleep,gru,density_hard,1,objective_e20_bs32_eval5,experiments/sleep/gru/density_hard/seed_1_objective_e20_bs32_eval5,0.8,none,4.0,1.0,0.8469847277010145,0.9167270911039829,0.8804770001041737,0.9204061159982757,0.7864751328790064,0.9404369803803942,0.10168579256959341,0.25902260241136826,0.2393167939518393,968,968,269,12482208,"{""initial_prob"": 1.0, ""scale"": 4.0, ""smooth"": ""none"", ""threshold"": 0.8}"
sleep,gru,density_hard,1,objective_e20_bs32_eval5,experiments/sleep/gru/density_hard/seed_1_objective_e20_bs32_eval5,0.8500000000000001,none,4.0,1.0,0.858085932980417,0.8764003907335359,0.8671464705893069,0.91238069086365,0.7654532983097946,0.9357332452719903,0.10168579256959341,0.2444246242331485,0.2393167939518393,730,730,269,12482208,"{""initial_prob"": 1.0, ""scale"": 4.0, ""smooth"": ""none"", ""threshold"": 0.8500000000000001}"
sleep,gru,density_hard,1,objective_e20_bs32_eval5,experiments/sleep/gru/density_hard/seed_1_objective_e20_bs32_eval5,0.9,none,4.0,1.0,0.8713949215515018,0.7735188313344729,0.8195449520276906,0.8834455504710739,0.6942618894598646,0.9184788460503142,0.10168579256959341,0.21243645355052568,0.2393167939518393,202,202,269,12482208,"{""initial_prob"": 1.0, ""scale"": 4.0, ""smooth"": ""none"", ""threshold"": 0.9}"
sleep,gru,density_hard,1,objective_e20_bs32_eval5,experiments/sleep/gru/density_hard/seed_1_objective_e20_bs32_eval5,0.9500000000000001,none,4.0,1.0,0.883023582144151,0.41858133464024194,0.5679406781065994,0.7377070278676847,0.39659018968271187,0.8475865007216672,0.10168579256959341,0.11344379135486286,0.2393167939518393,-1815,1815,269,12482208,"{""initial_prob"": 1.0, ""scale"": 4.0, ""smooth"": ""none"", ""threshold"": 0.9500000000000001}"
sleep,gru,density_hard,1,objective_e20_bs32_eval5,experiments/sleep/gru/density_hard/seed_1_objective_e20_bs32_eval5,1.0,none,4.0,1.0,0.0,0.0,0.0,0.4320386560371119,0.0,0.7606832060481608,0.10168579256959341,0.0,0.2393167939518393,-9578,9578,269,12482208,"{""initial_prob"": 1.0, ""scale"": 4.0, ""smooth"": ""none"", ""threshold"": 1.0}"
sleep,gru,density_hard,1,objective_e20_bs32_eval5,experiments/sleep/gru/density_hard/seed_1_objective_e20_bs32_eval5,0.0,none,8.0,0.0,0.2393167939518393,1.0,0.3862076187779625,0.19310380938898125,0.2393167939518393,0.2393167939518393,0.10544650131100672,1.0,0.2393167939518393,-9578,9578,269,12482208,"{""initial_prob"": 0.0, ""scale"": 8.0, ""smooth"": ""none"", ""threshold"": 0.0}"
sleep,gru,density_hard,1,objective_e20_bs32_eval5,experiments/sleep/gru/density_hard/seed_1_objective_e20_bs32_eval5,0.05,none,8.0,0.0,0.28792505924084366,0.9930533656578966,0.4464164947336581,0.4081091532497745,0.28734631464636057,0.41058841512655453,0.10544650131100672,0.8254034863062689,0.2393167939518393,1270,1270,269,12482208,"{""initial_prob"": 0.0, ""scale"": 8.0, ""smooth"": ""none"", ""threshold"": 0.05}"
sleep,gru,density_hard,1,objective_e20_bs32_eval5,experiments/sleep/gru/density_hard/seed_1_objective_e20_bs32_eval5,0.1,none,8.0,0.0,0.34741416387185625,0.9896993909350623,0.514295267070029,0.5498262319334872,0.346162501653867,0.5526305922798275,0.10544650131100672,0.6817559841976676,0.2393167939518393,1583,1583,269,12482208,"{""initial_prob"": 0.0, ""scale"": 8.0, ""smooth"": ""none"", ""threshold"": 0.1}"
sleep,gru,density_hard,1,objective_e20_bs32_eval5,experiments/sleep/gru/density_hard/seed_1_objective_e20_bs32_eval5,0.15000000000000002,none,8.0,0.0,0.40088887124662065,0.9872003968931462,0.5702193106572746,0.6330921625785835,0.3988159267414684,0.6438659730714309,0.10544650131100672,0.5893245009216318,0.2393167939518393,1671,1671,269,12482208,"{""initial_prob"": 0.0, ""scale"": 8.0, ""smooth"": ""none"", ""threshold"": 0.15000000000000002}"
sleep,gru,density_hard,1,objective_e20_bs32_eval5,experiments/sleep/gru/density_hard/seed_1_objective_e20_bs32_eval5,0.2,none,8.0,0.0,0.4336556555865997,0.9848259341015438,0.6021584477319637,0.6731497127387233,0.43077732719773937,0.6885688814030339,0.10544650131100672,0.5434850949447405,0.2393167939518393,1788,1788,269,12482208,"{""initial_prob"": 0.0, ""scale"": 8.0, ""smooth"": ""none"", ""threshold"": 0.2}"
sleep,gru,density_hard,1,objective_e20_bs32_eval5,experiments/sleep/gru/density_hard/seed_1_objective_e20_bs32_eval5,0.25,none,8.0,0.0,0.4557173551626913,0.982317231978286,0.6225983921261475,0.6968238447365123,0.4520093403166459,0.7149961769584355,0.10544650131100672,0.5158570502911023,0.2393167939518393,1890,1890,269,12482208,"{""initial_prob"": 0.0, ""scale"": 8.0, ""smooth"": ""none"", ""threshold"": 0.25}"
sleep,gru,density_hard,1,objective_e20_bs32_eval5,experiments/sleep/gru/density_hard/seed_1_objective_e20_bs32_eval5,0.30000000000000004,none,8.0,0.0,0.4761372007246641,0.979760658971171,0.6408423426628932,0.7168049946745076,0.4714996374434195,0.737180793654456,0.10544650131100672,0.49244877188394875,0.2393167939518393,1998,1998,269,12482208,"{""initial_prob"": 0.0, ""scale"": 8.0, ""smooth"": ""none"", ""threshold"": 0.30000000000000004}"
sleep,gru,density_hard,1,objective_e20_bs32_eval5,experiments/sleep/gru/density_hard/seed_1_objective_e20_bs32_eval5,0.35000000000000003,none,8.0,0.0,0.5002897786783214,0.9773142224730701,0.66180155938835,0.7384750998133494,0.4945466526517997,0.7609541517013657,0.10544650131100672,0.46750446715837457,0.2393167939518393,2145,2145,269,12482208,"{""initial_prob"": 0.0, ""scale"": 8.0, ""smooth"": ""none"", ""threshold"": 0.35000000000000003}"
sleep,gru,density_hard,1,objective_e20_bs32_eval5,experiments/sleep/gru/density_hard/seed_1_objective_e20_bs32_eval5,0.4,none,8.0,0.0,0.5264047883266999,0.9746937100336703,0.6836106180561425,0.7598677476761249,0.5193073018005381,0.7840841940784835,0.10544650131100672,0.4431201595102405,0.2393167939518393,2179,2179,269,12482208,"{""initial_prob"": 0.0, ""scale"": 8.0, ""smooth"": ""none"", ""threshold"": 0.4}"
sleep,gru,density_hard,1,objective_e20_bs32_eval5,experiments/sleep/gru/density_hard/seed_1_objective_e20_bs32_eval5,0.45,none,8.0,0.0,0.5547430158745026,0.971518497912093,0.7062264187904786,0.781022380102087,0.5458655432817253,0.806570359987592,0.10544650131100672,0.4191142304310263,0.2393167939518393,2406,2406,269,12482208,"{""initial_prob"": 0.0, ""scale"": 8.0, ""smooth"": ""none"", ""threshold"": 0.45}"
sleep,gru,density_hard,1,objective_e20_bs32_eval5,experiments/sleep/gru/density_hard/seed_1_objective_e20_bs32_eval5,0.5,none,8.0,0.0,0.5955915753804616,0.9682619387641009,0.7375225982145817,0.8086372727432193,0.5841867721129613,0.8350650782297491,0.10544650131100672,0.38906081359964517,0.2393167939518393,2593,2593,269,12482208,"{""initial_prob"": 0.0, ""scale"": 8.0, ""smooth"": ""none"", ""threshold"": 0.5}"
sleep,gru,density_hard,1,objective_e20_bs32_eval5,experiments/sleep/gru/density_hard/seed_1_objective_e20_bs32_eval5,0.55,none,8.0,0.0,0.6713970651812419,0.964381719080263,0.7916511231648535,0.8529578698940697,0.6551511226114686,0.8785186883602645,0.10544650131100672,0.34375,0.2393167939518393,2995,2995,269,12482208,"{""initial_prob"": 0.0, ""scale"": 8.0, ""smooth"": ""none"", ""threshold"": 0.55}"
sleep,gru,density_hard,1,objective_e20_bs32_eval5,experiments/sleep/gru/density_hard/seed_1_objective_e20_bs32_eval5,0.6000000000000001,none,8.0,0.0,0.7703164366332773,0.9597620114073303,0.854666970137216,0.900627716467896,0.7462169935320988,0.921885054310904,0.10544650131100672,0.29817248679079855,0.2393167939518393,2727,2727,269,12482208,"{""initial_prob"": 0.0, ""scale"": 8.0, ""smooth"": ""none"", ""threshold"": 0.6000000000000001}"
sleep,gru,density_hard,1,objective_e20_bs32_eval5,experiments/sleep/gru/density_hard/seed_1_objective_e20_bs32_eval5,0.65,none,8.0,0.0,0.8028091545176018,0.9527885961511809,0.8713925579122623,0.9129063926131358,0.7720953499122154,0.9326942797299965,0.10544650131100672,0.284025550607713,0.2393167939518393,2282,2282,269,12482208,"{""initial_prob"": 0.0, ""scale"": 8.0, ""smooth"": ""none"", ""threshold"": 0.65}"
sleep,gru,density_hard,1,objective_e20_bs32_eval5,experiments/sleep/gru/density_hard/seed_1_objective_e20_bs32_eval5,0.7000000000000001,none,8.0,0.0,0.8197200833477347,0.9431950032170573,0.8771334394293727,0.9172792883121355,0.7811555444162697,0.9367627906857505,0.10544650131100672,0.27536522384501205,0.2393167939518393,2173,2173,269,12482208,"{""initial_prob"": 0.0, ""scale"": 8.0, ""smooth"": ""none"", ""threshold"": 0.7000000000000001}"
sleep,gru,density_hard,1,objective_e20_bs32_eval5,experiments/sleep/gru/density_hard/seed_1_objective_e20_bs32_eval5,0.75,none,8.0,0.0,0.8318879614269491,0.9303532201705811,0.8783697167184472,0.9185351482966344,0.7831187600860792,0.938338313221507,0.10544650131100672,0.26764319261464,0.2393167939518393,1970,1970,269,12482208,"{""initial_prob"": 0.0, ""scale"": 8.0, ""smooth"": ""none"", ""threshold"": 0.75}"
sleep,gru,density_hard,1,objective_e20_bs32_eval5,experiments/sleep/gru/density_hard/seed_1_objective_e20_bs32_eval5,0.8,none,8.0,0.0,0.8443194540572311,0.9098621385497198,0.8758663382688606,0.9173977978429972,0.779147861225014,0.938279349294612,0.10544650131100672,0.257894436625315,0.2393167939518393,1804,1804,269,12482208,"{""initial_prob"": 0.0, ""scale"": 8.0, ""smooth"": ""none"", ""threshold"": 0.8}"
sleep,gru,density_hard,1,objective_e20_bs32_eval5,experiments/sleep/gru/density_hard/seed_1_objective_e20_bs32_eval5,0.8500000000000001,none,8.0,0.0,0.856842571446513,0.8678823862597842,0.8623271464047584,0.9093233243653991,0.7579746178171135,0.9336806436809898,0.10544650131100672,0.2424002227810977,0.2393167939518393,1640,1640,269,12482208,"{""initial_prob"": 0.0, ""scale"": 8.0, ""smooth"": ""none"", ""threshold"": 0.8500000000000001}"
sleep,gru,density_hard,1,objective_e20_bs32_eval5,experiments/sleep/gru/density_hard/seed_1_objective_e20_bs32_eval5,0.9,none,8.0,0.0,0.8685262456342915,0.7695442089286229,0.8160446832657492,0.8812149470817907,0.689252940319299,0.916969978388439,0.10544650131100672,0.21204293342972655,0.2393167939518393,1408,1408,269,12482208,"{""initial_prob"": 0.0, ""scale"": 8.0, ""smooth"": ""none"", ""threshold"": 0.9}"
sleep,gru,density_hard,1,objective_e20_bs32_eval5,experiments/sleep/gru/density_hard/seed_1_objective_e20_bs32_eval5,0.9500000000000001,none,8.0,0.0,0.8747202416739929,0.5352553995344138,0.664123150435119,0.7919289839911758,0.4971439924656497,0.8704326189725408,0.10544650131100672,0.1464417993995934,0.2393167939518393,1243,1243,269,12482208,"{""initial_prob"": 0.0, ""scale"": 8.0, ""smooth"": ""none"", ""threshold"": 0.9500000000000001}"
sleep,gru,density_hard,1,objective_e20_bs32_eval5,experiments/sleep/gru/density_hard/seed_1_objective_e20_bs32_eval5,1.0,none,8.0,0.0,0.0,0.0,0.0,0.4320386560371119,0.0,0.7606832060481608,0.10544650131100672,0.0,0.2393167939518393,-9578,9578,269,12482208,"{""initial_prob"": 0.0, ""scale"": 8.0, ""smooth"": ""none"", ""threshold"": 1.0}"
sleep,gru,density_hard,1,objective_e20_bs32_eval5,experiments/sleep/gru/density_hard/seed_1_objective_e20_bs32_eval5,0.0,none,8.0,0.2393167939518393,0.2393167939518393,1.0,0.3862076187779625,0.19310380938898125,0.2393167939518393,0.2393167939518393,0.106009528232886,1.0,0.2393167939518393,-9578,9578,269,12482208,"{""initial_prob"": 0.2393167939518393, ""scale"": 8.0, ""smooth"": ""none"", ""threshold"": 0.0}"
sleep,gru,density_hard,1,objective_e20_bs32_eval5,experiments/sleep/gru/density_hard/seed_1_objective_e20_bs32_eval5,0.05,none,8.0,0.2393167939518393,0.28591331311125023,0.9930634085006639,0.44399564817119463,0.40180083325024285,0.28534344884662893,0.404777103538092,0.106009528232886,0.8312196047365978,0.2393167939518393,1161,1161,269,12482208,"{""initial_prob"": 0.2393167939518393, ""scale"": 8.0, ""smooth"": ""none"", ""threshold"": 0.05}"
sleep,gru,density_hard,1,objective_e20_bs32_eval5,experiments/sleep/gru/density_hard/seed_1_objective_e20_bs32_eval5,0.1,none,8.0,0.2393167939518393,0.34377647775755,0.9897583089459635,0.5103063357227018,0.5430564723425679,0.3425579016409853,0.5454037458757297,0.106009528232886,0.6890110307407151,0.2393167939518393,1516,1516,269,12482208,"{""initial_prob"": 0.2393167939518393, ""scale"": 8.0, ""smooth"": ""none"", ""threshold"": 0.1}"
sleep,gru,density_hard,1,objective_e20_bs32_eval5,experiments/sleep/gru/density_hard/seed_1_objective_e20_bs32_eval5,0.15000000000000002,none,8.0,0.2393167939518393,0.3960076452773897,0.987331958133397,0.565285636127942,0.6265389068363214,0.39400569922665946,0.6365853701524602,0.106009528232886,0.5966680734690529,0.2393167939518393,1652,1652,269,12482208,"{""initial_prob"": 0.2393167939518393, ""scale"": 8.0, ""smooth"": ""none"", ""threshold"": 0.15000000000000002}"
sleep,gru,density_hard,1,objective_e20_bs32_eval5,experiments/sleep/gru/density_hard/seed_1_objective_e20_bs32_eval5,0.2,none,8.0,0.2393167939518393,0.42822281066740014,0.9850057009870775,0.5969337673583903,0.6669431426806687,0.4254494573891347,0.681659286562121,0.106009528232886,0.5504807322550626,0.2393167939518393,1796,1796,269,12482208,"{""initial_prob"": 0.2393167939518393, ""scale"": 8.0, ""smooth"": ""none"", ""threshold"": 0.2}"
sleep,gru,density_hard,1,objective_e20_bs32_eval5,experiments/sleep/gru/density_hard/seed_1_objective_e20_bs32_eval5,0.25,none,8.0,0.2393167939518393,0.4524644177065182,0.9825073764680126,0.6195935415464885,0.693471974191362,0.44884862552775057,0.7112779245466828,0.106009528232886,0.5196663122421931,0.2393167939518393,1942,1942,269,12482208,"{""initial_prob"": 0.2393167939518393, ""scale"": 8.0, ""smooth"": ""none"", ""threshold"": 0.25}"
sleep,gru,density_hard,1,objective_e20_bs32_eval5,experiments/sleep/gru/density_hard/seed_1_objective_e20_bs32_eval5,0.30000000000000004,none,8.0,0.2393167939518393,0.4751682325842567,0.9798704607187596,0.6399875372720291,0.715893634484084,0.47057475928442216,0.7361738403974681,0.106009528232886,0.493508279945343,0.2393167939518393,2000,2000,269,12482208,"{""initial_prob"": 0.2393167939518393, ""scale"": 8.0, ""smooth"": ""none"", ""threshold"": 0.30000000000000004}"
sleep,gru,density_hard,1,objective_e20_bs32_eval5,experiments/sleep/gru/density_hard/seed_1_objective_e20_bs32_eval5,0.35000000000000003,none,8.0,0.2393167939518393,0.49954528553929306,0.9773379905342859,0.6611552767363386,0.7378317770725438,0.4938252100846022,0.7602573999728253,0.106009528232886,0.4682125950793321,0.2393167939518393,2143,2143,269,12482208,"{""initial_prob"": 0.2393167939518393, ""scale"": 8.0, ""smooth"": ""none"", ""threshold"": 0.35000000000000003}"
sleep,gru,density_hard,1,objective_e20_bs32_eval5,experiments/sleep/gru/density_hard/seed_1_objective_e20_bs32_eval5,0.4,none,8.0,0.2393167939518393,0.5258536553650236,0.9747107828663746,0.6831499068418508,0.7594318629649808,0.5187757592084604,0.78362017361031,0.106009528232886,0.44359235160958704,0.2393167939518393,2181,2181,269,12482208,"{""initial_prob"": 0.2393167939518393, ""scale"": 8.0, ""smooth"": ""none"", ""threshold"": 0.4}"
sleep,gru,density_hard,1,objective_e20_bs32_eval5,experiments/sleep/gru/density_hard/seed_1_objective_e20_bs32_eval5,0.45,none,8.0,0.2393167939518393,0.5543809113579254,0.971568042603078,0.7059459957771234,0.7807651230984896,0.5455305524138985,0.8062989336502003,0.106009528232886,0.41940937052162564,0.2393167939518393,2410,2410,269,12482208,"{""initial_prob"": 0.2393167939518393, ""scale"": 8.0, ""smooth"": ""none"", ""threshold"": 0.45}"
sleep,gru,density_hard,1,objective_e20_bs32_eval5,experiments/sleep/gru/density_hard/seed_1_objective_e20_bs32_eval5,0.5,none,8.0,0.2393167939518393,0.5953339364019854,0.9682709773225915,0.7373276553092164,0.8084711287690776,0.5839421908696202,0.8348973995626415,0.106009528232886,0.3892328184244326,0.2393167939518393,2595,2595,269,12482208,"{""initial_prob"": 0.2393167939518393, ""scale"": 8.0, ""smooth"": ""none"", ""threshold"": 0.5}"
sleep,gru,density_hard,1,objective_e20_bs32_eval5,experiments/sleep/gru/density_hard/seed_1_objective_e20_bs32_eval5,0.55,none,8.0,0.2393167939518393,0.6713457400709318,0.9643987919129674,0.7916211951447888,0.8529333888614165,0.6551101293436219,0.87849449392287,0.106009528232886,0.3437823660685674,0.2393167939518393,2993,2993,269,12482208,"{""initial_prob"": 0.2393167939518393, ""scale"": 8.0, ""smooth"": ""none"", ""threshold"": 0.55}"
sleep,gru,density_hard,1,objective_e20_bs32_eval5,experiments/sleep/gru/density_hard/seed_1_objective_e20_bs32_eval5,0.6000000000000001,none,8.0,0.2393167939518393,0.7698799868636192,0.9597743975800767,0.8544031770123156,0.900435576729048,0.7458148974122119,0.9217180966700763,0.106009528232886,0.2983453728699281,0.2393167939518393,2731,2731,269,12482208,"{""initial_prob"": 0.2393167939518393, ""scale"": 8.0, ""smooth"": ""none"", ""threshold"": 0.6000000000000001}"
sleep,gru,density_hard,1,objective_e20_bs32_eval5,experiments/sleep/gru/density_hard/seed_1_objective_e20_bs32_eval5,0.65,none,8.0,0.2393167939518393,0.8024247478438166,0.952800312801076,0.8711709602231946,0.9127480793793428,0.7717474741750481,0.9325603290699851,0.106009528232886,0.28416510924990196,0.2393167939518393,2286,2286,269,12482208,"{""initial_prob"": 0.2393167939518393, ""scale"": 8.0, ""smooth"": ""none"", ""threshold"": 0.65}"
sleep,gru,density_hard,1,objective_e20_bs32_eval5,experiments/sleep/gru/density_hard/seed_1_objective_e20_bs32_eval5,0.7000000000000001,none,8.0,0.2393167939518393,0.8195755951813061,0.9432422045780634,0.8770711202515866,0.9172338583867281,0.7810566956369399,0.9367230541263213,0.106009528232886,0.27542755256121354,0.2393167939518393,2169,2169,269,12482208,"{""initial_prob"": 0.2393167939518393, ""scale"": 8.0, ""smooth"": ""none"", ""threshold"": 0.7000000000000001}"
sleep,gru,density_hard,1,objective_e20_bs32_eval5,experiments/sleep/gru/density_hard/seed_1_objective_e20_bs32_eval5,0.75,none,8.0,0.2393167939518393,0.8317523376791263,0.9304794252280227,0.8783503434519759,0.9185178091246904,0.7830879618464618,0.9383187653979168,0.106009528232886,0.2677231464176851,0.2393167939518393,1976,1976,269,12482208,"{""initial_prob"": 0.2393167939518393, ""scale"": 8.0, ""smooth"": ""none"", ""threshold"": 0.75}"
sleep,gru,density_hard,1,objective_e20_bs32_eval5,experiments/sleep/gru/density_hard/seed_1_objective_e20_bs32_eval5,0.8,none,8.0,0.2393167939518393,0.8442559149791057,0.9099197175149186,0.8758588244392387,0.9173908337731209,0.7791359692899152,0.938271177663439,0.106009528232886,0.25793016748318887,0.2393167939518393,1810,1810,269,12482208,"{""initial_prob"": 0.2393167939518393, ""scale"": 8.0, ""smooth"": ""none"", ""threshold"": 0.8}"
sleep,gru,density_hard,1,objective_e20_bs32_eval5,experiments/sleep/gru/density_hard/seed_1_objective_e20_bs32_eval5,0.8500000000000001,none,8.0,0.2393167939518393,0.8566896007539104,0.8679178709708951,0.862267184341511,0.9092806525152465,0.7578819670789352,0.9336444321389292,0.106009528232886,0.24245341849775295,0.2393167939518393,1648,1648,269,12482208,"{""initial_prob"": 0.2393167939518393, ""scale"": 8.0, ""smooth"": ""none"", ""threshold"": 0.8500000000000001}"
sleep,gru,density_hard,1,objective_e20_bs32_eval5,experiments/sleep/gru/density_hard/seed_1_objective_e20_bs32_eval5,0.9,none,8.0,0.2393167939518393,0.868448976461891,0.7696138393051424,0.8160497199278508,0.881215280541293,0.6892601265976485,0.9169652516606036,0.106009528232886,0.2120809875945025,0.2393167939518393,1408,1408,269,12482208,"{""initial_prob"": 0.2393167939518393, ""scale"": 8.0, ""smooth"": ""none"", ""threshold"": 0.9}"
sleep,gru,density_hard,1,objective_e20_bs32_eval5,experiments/sleep/gru/density_hard/seed_1_objective_e20_bs32_eval5,0.9500000000000001,none,8.0,0.2393167939518393,0.874676500893656,0.5353829436375578,0.6642087063708586,0.7919765438948373,0.4972398828609706,0.870451445769851,0.106009528232886,0.14648401949398696,0.2393167939518393,1251,1251,269,12482208,"{""initial_prob"": 0.2393167939518393, ""scale"": 8.0, ""smooth"": ""none"", ""threshold"": 0.9500000000000001}"
sleep,gru,density_hard,1,objective_e20_bs32_eval5,experiments/sleep/gru/density_hard/seed_1_objective_e20_bs32_eval5,1.0,none,8.0,0.2393167939518393,0.0,0.0,0.0,0.4320386560371119,0.0,0.7606832060481608,0.106009528232886,0.0,0.2393167939518393,-9578,9578,269,12482208,"{""initial_prob"": 0.2393167939518393, ""scale"": 8.0, ""smooth"": ""none"", ""threshold"": 1.0}"
sleep,gru,density_hard,1,objective_e20_bs32_eval5,experiments/sleep/gru/density_hard/seed_1_objective_e20_bs32_eval5,0.0,none,8.0,0.5,0.2393167939518393,1.0,0.3862076187779625,0.19310380938898125,0.2393167939518393,0.2393167939518393,0.10736956601058877,1.0,0.2393167939518393,-9578,9578,269,12482208,"{""initial_prob"": 0.5, ""scale"": 8.0, ""smooth"": ""none"", ""threshold"": 0.0}"
sleep,gru,density_hard,1,objective_e20_bs32_eval5,experiments/sleep/gru/density_hard/seed_1_objective_e20_bs32_eval5,0.05,none,8.0,0.5,0.2857214131415118,0.9930637432620895,0.4437642627357676,0.40119203842438317,0.28515234042618637,0.40421870874127397,0.10736956601058877,0.8317781597614781,0.2393167939518393,1119,1119,269,12482208,"{""initial_prob"": 0.5, ""scale"": 8.0, ""smooth"": ""none"", ""threshold"": 0.05}"
sleep,gru,density_hard,1,objective_e20_bs32_eval5,experiments/sleep/gru/density_hard/seed_1_objective_e20_bs32_eval5,0.1,none,8.0,0.5,0.3434613822611553,0.9897586437073891,0.5099591444041011,0.5424625308385679,0.3422450750185354,0.5447715660562619,0.10736956601058877,0.6896433707882451,0.2393167939518393,1484,1484,269,12482208,"{""initial_prob"": 0.5, ""scale"": 8.0, ""smooth"": ""none"", ""threshold"": 0.1}"
sleep,gru,density_hard,1,objective_e20_bs32_eval5,experiments/sleep/gru/density_hard/seed_1_objective_e20_bs32_eval5,0.15000000000000002,none,8.0,0.5,0.39539364777537006,0.9873329624176738,0.5646599677787127,0.6257032637549238,0.3933980486176942,0.6356586911546419,0.10736956601058877,0.5975952331510579,0.2393167939518393,1594,1594,269,12482208,"{""initial_prob"": 0.5, ""scale"": 8.0, ""smooth"": ""none"", ""threshold"": 0.15000000000000002}"
sleep,gru,density_hard,1,objective_e20_bs32_eval5,experiments/sleep/gru/density_hard/seed_1_objective_e20_bs32_eval5,0.2,none,8.0,0.5,0.4271504426885653,0.9850073747942054,0.5958913812407228,0.665699797541305,0.4243912281994784,0.6802771592974576,0.10736956601058877,0.5518636606600371,0.2393167939518393,1721,1721,269,12482208,"{""initial_prob"": 0.5, ""scale"": 8.0, ""smooth"": ""none"", ""threshold"": 0.2}"
sleep,gru,density_hard,1,objective_e20_bs32_eval5,experiments/sleep/gru/density_hard/seed_1_objective_e20_bs32_eval5,0.25,none,8.0,0.5,0.4487189738520132,0.9825083807522893,0.6160728426463865,0.6895497986272563,0.4451627669656107,0.7069402304464082,0.10736956601058877,0.5240044870266543,0.2393167939518393,1849,1849,269,12482208,"{""initial_prob"": 0.5, ""scale"": 8.0, ""smooth"": ""none"", ""threshold"": 0.25}"
sleep,gru,density_hard,1,objective_e20_bs32_eval5,experiments/sleep/gru/density_hard/seed_1_objective_e20_bs32_eval5,0.30000000000000004,none,8.0,0.5,0.46868871364887316,0.9799564944051323,0.6341021890537025,0.7096759612665648,0.4642383815041002,0.7293484454032492,0.10736956601058877,0.5003748535515511,0.2393167939518393,1975,1975,269,12482208,"{""initial_prob"": 0.5, ""scale"": 8.0, ""smooth"": ""none"", ""threshold"": 0.30000000000000004}"
sleep,gru,density_hard,1,objective_e20_bs32_eval5,experiments/sleep/gru/density_hard/seed_1_objective_e20_bs32_eval5,0.35000000000000003,none,8.0,0.5,0.49228617506564043,0.9775113969527337,0.6548049280393238,0.7314664673860558,0.4867732135569893,0.7533519710615302,0.10736956601058877,0.4752010221268545,0.2393167939518393,2140,2140,269,12482208,"{""initial_prob"": 0.5, ""scale"": 8.0, ""smooth"": ""none"", ""threshold"": 0.35000000000000003}"
sleep,gru,density_hard,1,objective_e20_bs32_eval5,experiments/sleep/gru/density_hard/seed_1_objective_e20_bs32_eval5,0.4,none,8.0,0.5,0.5176359883654379,0.9748982492646965,0.676222234761119,0.7528342285273866,0.5108276120947627,0.7765810343810967,0.10736956601058877,0.4507212185536405,0.2393167939518393,2184,2184,269,12482208,"{""initial_prob"": 0.5, ""scale"": 8.0, ""smooth"": ""none"", ""threshold"": 0.4}"
sleep,gru,density_hard,1,objective_e20_bs32_eval5,experiments/sleep/gru/density_hard/seed_1_objective_e20_bs32_eval5,0.45,none,8.0,0.5,0.5456042086823809,0.9717618694684859,0.6988390915726649,0.7743169929766184,0.5370889081023235,0.7995599816955462,0.10736956601058877,0.4262410945243021,0.2393167939518393,2434,2434,269,12482208,"{""initial_prob"": 0.5, ""scale"": 8.0, ""smooth"": ""none"", ""threshold"": 0.45}"
sleep,gru,density_hard,1,objective_e20_bs32_eval5,experiments/sleep/gru/density_hard/seed_1_objective_e20_bs32_eval5,0.5,none,8.0,0.5,0.5924004492849632,0.9684239632940792,0.7351176549139021,0.8065791469288282,0.5811747296258326,0.8329813923946789,0.10736956601058877,0.3912220498168273,0.2393167939518393,2727,2727,269,12482208,"{""initial_prob"": 0.5, ""scale"": 8.0, ""smooth"": ""none"", ""threshold"": 0.5}"
sleep,gru,density_hard,1,objective_e20_bs32_eval5,experiments/sleep/gru/density_hard/seed_1_objective_e20_bs32_eval5,0.55,none,8.0,0.5,0.6707593144523925,0.9644222252127577,0.7912212496709452,0.8526189883333302,0.6545625073699867,0.8781967901832752,0.10736956601058877,0.3440912857725172,0.2393167939518393,3003,3003,269,12482208,"{""initial_prob"": 0.5, ""scale"": 8.0, ""smooth"": ""none"", ""threshold"": 0.55}"
sleep,gru,density_hard,1,objective_e20_bs32_eval5,experiments/sleep/gru/density_hard/seed_1_objective_e20_bs32_eval5,0.6000000000000001,none,8.0,0.5,0.7695493871626764,0.9598617703121516,0.8542341523725822,0.9003094015844306,0.745557352875789,0.9216045750879972,0.10736956601058877,0.2985007139762452,0.2393167939518393,2733,2733,269,12482208,"{""initial_prob"": 0.5, ""scale"": 8.0, ""smooth"": ""none"", ""threshold"": 0.6000000000000001}"
sleep,gru,density_hard,1,objective_e20_bs32_eval5,experiments/sleep/gru/density_hard/seed_1_objective_e20_bs32_eval5,0.65,none,8.0,0.5,0.802086025147616,0.9528167161109292,0.8709781511555871,0.9126101035078418,0.7714449034330547,0.9324432824705373,0.10736956601058877,0.2842900070243983,0.2393167939518393,2286,2286,269,12482208,"{""initial_prob"": 0.5, ""scale"": 8.0, ""smooth"": ""none"", ""threshold"": 0.65}"
sleep,gru,density_hard,1,objective_e20_bs32_eval5,experiments/sleep/gru/density_hard/seed_1_objective_e20_bs32_eval5,0.7000000000000001,none,8.0,0.5,0.8191783705272326,0.9432602816950444,0.8768514235292122,0.9170781886281723,0.7807083068960453,0.9365928688257719,0.10736956601058877,0.27556639017712253,0.2393167939518393,2173,2173,269,12482208,"{""initial_prob"": 0.5, ""scale"": 8.0, ""smooth"": ""none"", ""threshold"": 0.7000000000000001}"
sleep,gru,density_hard,1,objective_e20_bs32_eval5,experiments/sleep/gru/density_hard/seed_1_objective_e20_bs32_eval5,0.75,none,8.0,0.5,0.8316136202829306,0.9305299742032845,0.8782955067343452,0.9184778461151155,0.7830007921046435,0.9382837555663229,0.10736956601058877,0.2677823506866734,0.2393167939518393,1980,1980,269,12482208,"{""initial_prob"": 0.5, ""scale"": 8.0, ""smooth"": ""none"", ""threshold"": 0.75}"
sleep,gru,density_hard,1,objective_e20_bs32_eval5,experiments/sleep/gru/density_hard/seed_1_objective_e20_bs32_eval5,0.8,none,8.0,0.5,0.8440892515333994,0.9100924544105152,0.8758491279057125,0.9173788886540026,0.7791206230832787,0.938253953146751,0.10736956601058877,0.2580300696799797,0.2393167939518393,1812,1812,269,12482208,"{""initial_prob"": 0.5, ""scale"": 8.0, ""smooth"": ""none"", ""threshold"": 0.8}"
sleep,gru,density_hard,1,objective_e20_bs32_eval5,experiments/sleep/gru/density_hard/seed_1_objective_e20_bs32_eval5,0.8500000000000001,none,8.0,0.5,0.8565358152588075,0.8680410631755067,0.8622500614761356,0.9092647156871125,0.7578555113743474,0.9336254451135568,0.10736956601058877,0.24253136945002038,0.2393167939518393,1652,1652,269,12482208,"{""initial_prob"": 0.5, ""scale"": 8.0, ""smooth"": ""none"", ""threshold"": 0.8500000000000001}"
sleep,gru,density_hard,1,objective_e20_bs32_eval5,experiments/sleep/gru/density_hard/seed_1_objective_e20_bs32_eval5,0.9,none,8.0,0.5,0.8682992521114145,0.7696988687072384,0.816031402667878,0.8811988489674758,0.6892339919375146,0.9169459441791068,0.10736956601058877,0.2121409930038019,0.2393167939518393,1420,1420,269,12482208,"{""initial_prob"": 0.5, ""scale"": 8.0, ""smooth"": ""none"", ""threshold"": 0.9}"
sleep,gru,density_hard,1,objective_e20_bs32_eval5,experiments/sleep/gru/density_hard/seed_1_objective_e20_bs32_eval5,0.9500000000000001,none,8.0,0.5,0.8745987141357593,0.535533251517641,0.6643019299789342,0.7920273185542261,0.4973443811058716,0.8704692310847568,0.10736956601058877,0.1465381765790155,0.2393167939518393,1253,1253,269,12482208,"{""initial_prob"": 0.5, ""scale"": 8.0, ""smooth"": ""none"", ""threshold"": 0.9500000000000001}"
sleep,gru,density_hard,1,objective_e20_bs32_eval5,experiments/sleep/gru/density_hard/seed_1_objective_e20_bs32_eval5,1.0,none,8.0,0.5,0.0,0.0,0.0,0.4320386560371119,0.0,0.7606832060481608,0.10736956601058877,0.0,0.2393167939518393,-9578,9578,269,12482208,"{""initial_prob"": 0.5, ""scale"": 8.0, ""smooth"": ""none"", ""threshold"": 1.0}"
sleep,gru,density_hard,1,objective_e20_bs32_eval5,experiments/sleep/gru/density_hard/seed_1_objective_e20_bs32_eval5,0.0,none,8.0,1.0,0.2393167939518393,1.0,0.3862076187779625,0.19310380938898125,0.2393167939518393,0.2393167939518393,0.11215719315163393,1.0,0.2393167939518393,-9578,9578,269,12482208,"{""initial_prob"": 1.0, ""scale"": 8.0, ""smooth"": ""none"", ""threshold"": 0.0}"
sleep,gru,density_hard,1,objective_e20_bs32_eval5,experiments/sleep/gru/density_hard/seed_1_objective_e20_bs32_eval5,0.05,none,8.0,1.0,0.2855084046602429,0.9930650823077917,0.44350744053959706,0.4005143444368626,0.28494028952721107,0.40359766477213005,0.11215719315163393,0.8323998446428709,0.2393167939518393,1069,1069,269,12482208,"{""initial_prob"": 1.0, ""scale"": 8.0, ""smooth"": ""none"", ""threshold"": 0.05}"
sleep,gru,density_hard,1,objective_e20_bs32_eval5,experiments/sleep/gru/density_hard/seed_1_objective_e20_bs32_eval5,0.1,none,8.0,1.0,0.3430848527002574,0.9897603175145169,0.5095442146341866,0.5417507921162023,0.341871405805658,0.5440143282342355,0.11215719315163393,0.6904014097505826,0.2393167939518393,1442,1442,269,12482208,"{""initial_prob"": 1.0, ""scale"": 8.0, ""smooth"": ""none"", ""threshold"": 0.1}"
sleep,gru,density_hard,1,objective_e20_bs32_eval5,experiments/sleep/gru/density_hard/seed_1_objective_e20_bs32_eval5,0.15000000000000002,none,8.0,1.0,0.3948625250451636,0.9873547219103361,0.564121710197894,0.6249770483391198,0.3928757153056766,0.6348521030894534,0.11215719315163393,0.5984122360402903,0.2393167939518393,1548,1548,269,12482208,"{""initial_prob"": 1.0, ""scale"": 8.0, ""smooth"": ""none"", ""threshold"": 0.15000000000000002}"
sleep,gru,density_hard,1,objective_e20_bs32_eval5,experiments/sleep/gru/density_hard/seed_1_objective_e20_bs32_eval5,0.2,none,8.0,1.0,0.4266993688590941,0.9850083790784822,0.5954524996944238,0.6651749855389042,0.42394614604694814,0.679693688808903,0.11215719315163393,0.5524476118327784,0.2393167939518393,1693,1693,269,12482208,"{""initial_prob"": 1.0, ""scale"": 8.0, ""smooth"": ""none"", ""threshold"": 0.2}"
sleep,gru,density_hard,1,objective_e20_bs32_eval5,experiments/sleep/gru/density_hard/seed_1_objective_e20_bs32_eval5,0.25,none,8.0,1.0,0.44797756017758805,0.9825097197979916,0.6153739544379364,0.6887662278980483,0.44443332292520654,0.7060729159456404,0.11215719315163393,0.5248724424396709,0.2393167939518393,1807,1807,269,12482208,"{""initial_prob"": 1.0, ""scale"": 8.0, ""smooth"": ""none"", ""threshold"": 0.25}"
sleep,gru,density_hard,1,objective_e20_bs32_eval5,experiments/sleep/gru/density_hard/seed_1_objective_e20_bs32_eval5,0.30000000000000004,none,8.0,1.0,0.46749658680424744,0.9799591724965369,0.6330108058997966,0.708514571994421,0.463069356094263,0.7280723891157719,0.11215719315163393,0.5016521916635261,0.2393167939518393,1919,1919,269,12482208,"{""initial_prob"": 1.0, ""scale"": 8.0, ""smooth"": ""none"", ""threshold"": 0.30000000000000004}"
sleep,gru,density_hard,1,objective_e20_bs32_eval5,experiments/sleep/gru/density_hard/seed_1_objective_e20_bs32_eval5,0.35000000000000003,none,8.0,1.0,0.4907503141098339,0.9775157488512661,0.6534458200697074,0.7300964907014585,0.4852725793057466,0.7518647341880539,0.11215719315163393,0.4766903419651395,0.2393167939518393,2084,2084,269,12482208,"{""initial_prob"": 1.0, ""scale"": 8.0, ""smooth"": ""none"", ""threshold"": 0.35000000000000003}"
sleep,gru,density_hard,1,objective_e20_bs32_eval5,experiments/sleep/gru/density_hard/seed_1_objective_e20_bs32_eval5,0.4,none,8.0,1.0,0.5157363140696203,0.9749032706860802,0.6746003856867366,0.7512804797500616,0.5089788607161102,0.7749209114284908,0.11215719315163393,0.45238374492717953,0.2393167939518393,2114,2114,269,12482208,"{""initial_prob"": 1.0, ""scale"": 8.0, ""smooth"": ""none"", ""threshold"": 0.4}"
sleep,gru,density_hard,1,objective_e20_bs32_eval5,experiments/sleep/gru/density_hard/seed_1_objective_e20_bs32_eval5,0.45,none,8.0,1.0,0.5433043469797907,0.9717658866055928,0.6969507006814741,0.7725940957718478,0.5348613448823221,0.7977558137150094,0.11215719315163393,0.42804718524158547,0.2393167939518393,2355,2355,269,12482208,"{""initial_prob"": 1.0, ""scale"": 8.0, ""smooth"": ""none"", ""threshold"": 0.45}"
sleep,gru,density_hard,1,objective_e20_bs32_eval5,experiments/sleep/gru/density_hard/seed_1_objective_e20_bs32_eval5,0.5,none,8.0,1.0,0.582748803748724,0.9685180312546657,0.727666848007477,0.8001874236244888,0.571915340622794,0.8265082587952388,0.11215719315163393,0.3977402075017497,0.2393167939518393,2566,2566,269,12482208,"{""initial_prob"": 1.0, ""scale"": 8.0, ""smooth"": ""none"", ""threshold"": 0.5}"
sleep,gru,density_hard,1,objective_e20_bs32_eval5,experiments/sleep/gru/density_hard/seed_1_objective_e20_bs32_eval5,0.55,none,8.0,1.0,0.656030703551726,0.9646438372764882,0.7809538057183679,0.8445142003869635,0.6406269174882039,0.8704967903114578,0.11215719315163393,0.35189735662152083,0.2393167939518393,2976,2976,269,12482208,"{""initial_prob"": 1.0, ""scale"": 8.0, ""smooth"": ""none"", ""threshold"": 0.55}"
sleep,gru,density_hard,1,objective_e20_bs32_eval5,experiments/sleep/gru/density_hard/seed_1_objective_e20_bs32_eval5,0.6000000000000001,none,8.0,1.0,0.7502109664907262,0.9600850561830101,0.8422709617091362,0.8915516878513334,0.7275199410671832,0.9139456737141377,0.11215719315163393,0.3062664874676019,0.2393167939518393,2718,2718,269,12482208,"{""initial_prob"": 1.0, ""scale"": 8.0, ""smooth"": ""none"", ""threshold"": 0.6000000000000001}"
sleep,gru,density_hard,1,objective_e20_bs32_eval5,experiments/sleep/gru/density_hard/seed_1_objective_e20_bs32_eval5,0.65,none,8.0,1.0,0.7809106773437727,0.9530497100631293,0.8584356367456449,0.9036067565150355,0.7519818105554986,0.9247745270708516,0.11215719315163393,0.2920702811553853,0.2393167939518393,2279,2279,269,12482208,"{""initial_prob"": 1.0, ""scale"": 8.0, ""smooth"": ""none"", ""threshold"": 0.65}"
sleep,gru,density_hard,1,objective_e20_bs32_eval5,experiments/sleep/gru/density_hard/seed_1_objective_e20_bs32_eval5,0.7000000000000001,none,8.0,1.0,0.7973909244823496,0.943466159971773,0.8642999591820087,0.9081572327266756,0.7610283773165087,0.92910020406646,0.11215719315163393,0.2831575951946963,0.2393167939518393,2180,2180,269,12482208,"{""initial_prob"": 1.0, ""scale"": 8.0, ""smooth"": ""none"", ""threshold"": 0.7000000000000001}"
sleep,gru,density_hard,1,objective_e20_bs32_eval5,experiments/sleep/gru/density_hard/seed_1_objective_e20_bs32_eval5,0.75,none,8.0,1.0,0.8104378531402814,0.9307462300842059,0.8664356443357198,0.9101085306688298,0.764346232312483,0.9313265729909324,0.11215719315163393,0.27484304059025455,0.2393167939518393,2005,2005,269,12482208,"{""initial_prob"": 1.0, ""scale"": 8.0, ""smooth"": ""none"", ""threshold"": 0.75}"
sleep,gru,density_hard,1,objective_e20_bs32_eval5,experiments/sleep/gru/density_hard/seed_1_objective_e20_bs32_eval5,0.8,none,8.0,1.0,0.8231610827800298,0.9104014392063209,0.8645861051528583,0.9094828788439446,0.7614721900767786,0.93175181826805,0.11215719315163393,0.26468009506010476,0.2393167939518393,1853,1853,269,12482208,"{""initial_prob"": 1.0, ""scale"": 8.0, ""smooth"": ""none"", ""threshold"": 0.8}"
sleep,gru,density_hard,1,objective_e20_bs32_eval5,experiments/sleep/gru/density_hard/seed_1_objective_e20_bs32_eval5,0.8500000000000001,none,8.0,1.0,0.8358756909245791,0.868505377272779,0.8518781930233619,0.9020374173125625,0.7419754488128941,0.9277201597666054,0.11215719315163393,0.2486588911192635,0.2393167939518393,1706,1706,269,12482208,"{""initial_prob"": 1.0, ""scale"": 8.0, ""smooth"": ""none"", ""threshold"": 0.8500000000000001}"
sleep,gru,density_hard,1,objective_e20_bs32_eval5,experiments/sleep/gru/density_hard/seed_1_objective_e20_bs32_eval5,0.9,none,8.0,1.0,0.847700611598261,0.7702287960439234,0.8071099003367943,0.8750094691756511,0.6766003846998726,0.9118950749739149,0.11215719315163393,0.21744550323147957,0.2393167939518393,1542,1542,269,12482208,"{""initial_prob"": 1.0, ""scale"": 8.0, ""smooth"": ""none"", ""threshold"": 0.9}"
sleep,gru,density_hard,1,objective_e20_bs32_eval5,experiments/sleep/gru/density_hard/seed_1_objective_e20_bs32_eval5,0.9500000000000001,none,8.0,1.0,0.8593776502895324,0.5359610766195255,0.6601880414976188,0.7891240298816563,0.49274678980740383,0.8679594187182268,0.11215719315163393,0.14925276040905583,0.2393167939518393,1505,1505,269,12482208,"{""initial_prob"": 1.0, ""scale"": 8.0, ""smooth"": ""none"", ""threshold"": 0.9500000000000001}"
sleep,gru,density_hard,1,objective_e20_bs32_eval5,experiments/sleep/gru/density_hard/seed_1_objective_e20_bs32_eval5,1.0,none,8.0,1.0,0.0,0.0,0.0,0.4320386560371119,0.0,0.7606832060481608,0.11215719315163393,0.0,0.2393167939518393,-9578,9578,269,12482208,"{""initial_prob"": 1.0, ""scale"": 8.0, ""smooth"": ""none"", ""threshold"": 1.0}"
sleep,gru,density_hard,1,objective_e20_bs32_eval5,experiments/sleep/gru/density_hard/seed_1_objective_e20_bs32_eval5,0.0,none,16.0,0.0,0.2393167939518393,1.0,0.3862076187779625,0.19310380938898125,0.2393167939518393,0.2393167939518393,0.1255980609114514,1.0,0.2393167939518393,-9578,9578,269,12482208,"{""initial_prob"": 0.0, ""scale"": 16.0, ""smooth"": ""none"", ""threshold"": 0.0}"
sleep,gru,density_hard,1,objective_e20_bs32_eval5,experiments/sleep/gru/density_hard/seed_1_objective_e20_bs32_eval5,0.05,none,16.0,0.0,0.2659375589869535,0.987139135552266,0.41899649595796484,0.3339851937902295,0.26501933416766466,0.344836186033753,0.1255980609114514,0.8883249662239245,0.2393167939518393,2332,2332,269,12482208,"{""initial_prob"": 0.0, ""scale"": 16.0, ""smooth"": ""none"", ""threshold"": 0.05}"
sleep,gru,density_hard,1,objective_e20_bs32_eval5,experiments/sleep/gru/density_hard/seed_1_objective_e20_bs32_eval5,0.1,none,16.0,0.0,0.29852907635736836,0.9823724676135058,0.45790677164214133,0.44295636593171345,0.29693844912979495,0.4433576174984426,0.1255980609114514,0.7875220473813608,0.2393167939518393,2319,2319,269,12482208,"{""initial_prob"": 0.0, ""scale"": 16.0, ""smooth"": ""none"", ""threshold"": 0.1}"
sleep,gru,density_hard,1,objective_e20_bs32_eval5,experiments/sleep/gru/density_hard/seed_1_objective_e20_bs32_eval5,0.15000000000000002,none,16.0,0.0,0.3347088952853607,0.9788554640764167,0.4988436671412783,0.5275683356715144,0.33230627365193016,0.5293148455786028,0.1255980609114514,0.6998814632795736,0.2393167939518393,2318,2318,269,12482208,"{""initial_prob"": 0.0, ""scale"": 16.0, ""smooth"": ""none"", ""threshold"": 0.15000000000000002}"
sleep,gru,density_hard,1,objective_e20_bs32_eval5,experiments/sleep/gru/density_hard/seed_1_objective_e20_bs32_eval5,0.2,none,16.0,0.0,0.37229619371998746,0.97542148137287,0.5389047149846283,0.5932719336391072,0.36883611939036454,0.6005391834521585,0.1255980609114514,0.6270135059438202,0.2393167939518393,2417,2417,269,12482208,"{""initial_prob"": 0.0, ""scale"": 16.0, ""smooth"": ""none"", ""threshold"": 0.2}"
sleep,gru,density_hard,1,objective_e20_bs32_eval5,experiments/sleep/gru/density_hard/seed_1_objective_e20_bs32_eval5,0.25,none,16.0,0.0,0.4081517832772588,0.972138141310832,0.574922570830565,0.6429952277175404,0.4034325146568645,0.6559751287592708,0.1255980609114514,0.5700060438025067,0.2393167939518393,2579,2579,269,12482208,"{""initial_prob"": 0.0, ""scale"": 16.0, ""smooth"": ""none"", ""threshold"": 0.25}"
sleep,gru,density_hard,1,objective_e20_bs32_eval5,experiments/sleep/gru/density_hard/seed_1_objective_e20_bs32_eval5,0.30000000000000004,none,16.0,0.0,0.4372587238636877,0.9688296941418759,0.6025641492767737,0.6769947174282007,0.43119270839153284,0.6941458594505074,0.1255980609114514,0.5302517791724028,0.2393167939518393,2737,2737,269,12482208,"{""initial_prob"": 0.0, ""scale"": 16.0, ""smooth"": ""none"", ""threshold"": 0.30000000000000004}"
sleep,gru,density_hard,1,objective_e20_bs32_eval5,experiments/sleep/gru/density_hard/seed_1_objective_e20_bs32_eval5,0.35000000000000003,none,16.0,0.0,0.4615077525534509,0.9651660651003849,0.6244337227381775,0.7019770022262112,0.4539466640467256,0.7221531639274077,0.1255980609114514,0.5004909387826256,0.2393167939518393,2900,2900,269,12482208,"{""initial_prob"": 0.0, ""scale"": 16.0, ""smooth"": ""none"", ""threshold"": 0.35000000000000003}"
sleep,gru,density_hard,1,objective_e20_bs32_eval5,experiments/sleep/gru/density_hard/seed_1_objective_e20_bs32_eval5,0.4,none,16.0,0.0,0.4863516394885055,0.9612714506752472,0.6459083848635156,0.7250147255299144,0.4770049364779591,0.74777162822475,0.1255980609114514,0.4730083812094783,0.2393167939518393,3087,3087,269,12482208,"{""initial_prob"": 0.0, ""scale"": 16.0, ""smooth"": ""none"", ""threshold"": 0.4}"
sleep,gru,density_hard,1,objective_e20_bs32_eval5,experiments/sleep/gru/density_hard/seed_1_objective_e20_bs32_eval5,0.45,none,16.0,0.0,0.517078478574519,0.9565576750417281,0.671285630534496,0.7505893595940218,0.5052143981889284,0.7758051299898223,0.1255980609114514,0.44271870810036174,0.2393167939518393,3343,3343,269,12482208,"{""initial_prob"": 0.0, ""scale"": 16.0, ""smooth"": ""none"", ""threshold"": 0.45}"
sleep,gru,density_hard,1,objective_e20_bs32_eval5,experiments/sleep/gru/density_hard/seed_1_objective_e20_bs32_eval5,0.5,none,16.0,0.0,0.5581393474066403,0.9502661688094746,0.7032338898526526,0.7806982465012593,0.5422981710809409,0.8080611218784369,0.1255980609114514,0.4074513900104853,0.2393167939518393,3736,3736,269,12482208,"{""initial_prob"": 0.0, ""scale"": 16.0, ""smooth"": ""none"", ""threshold"": 0.5}"
sleep,gru,density_hard,1,objective_e20_bs32_eval5,experiments/sleep/gru/density_hard/seed_1_objective_e20_bs32_eval5,0.55,none,16.0,0.0,0.642353929708904,0.942799984734879,0.7641040653600483,0.8326304448479895,0.6182592271271214,0.8606873078865535,0.1255980609114514,0.35125163753079586,0.2393167939518393,4397,4397,269,12482208,"{""initial_prob"": 0.0, ""scale"": 16.0, ""smooth"": ""none"", ""threshold"": 0.55}"
sleep,gru,density_hard,1,objective_e20_bs32_eval5,experiments/sleep/gru/density_hard/seed_1_objective_e20_bs32_eval5,0.6000000000000001,none,16.0,0.0,0.7467183256743984,0.9341002048070401,0.8299643635483209,0.8836418089029924,0.7093496451657842,0.9084038657263203,0.1255980609114514,0.2993710728101951,0.2393167939518393,4058,4058,269,12482208,"{""initial_prob"": 0.0, ""scale"": 16.0, ""smooth"": ""none"", ""threshold"": 0.6000000000000001}"
sleep,gru,density_hard,1,objective_e20_bs32_eval5,experiments/sleep/gru/density_hard/seed_1_objective_e20_bs32_eval5,0.65,none,16.0,0.0,0.7807258413323228,0.9221073767358217,0.8455473499836386,0.8955009033709345,0.7324227199544782,0.9193801289002715,0.1255980609114514,0.2826546393074046,0.2393167939518393,3378,3378,269,12482208,"{""initial_prob"": 0.0, ""scale"": 16.0, ""smooth"": ""none"", ""threshold"": 0.65}"
sleep,gru,density_hard,1,objective_e20_bs32_eval5,experiments/sleep/gru/density_hard/seed_1_objective_e20_bs32_eval5,0.7000000000000001,none,16.0,0.0,0.7973054639645568,0.9045103076390548,0.8475312340222645,0.8976161823865747,0.735404948960359,0.9221171446590218,0.1255980609114514,0.27149507523027977,0.2393167939518393,2907,2907,269,12482208,"{""initial_prob"": 0.0, ""scale"": 16.0, ""smooth"": ""none"", ""threshold"": 0.7000000000000001}"
sleep,gru,density_hard,1,objective_e20_bs32_eval5,experiments/sleep/gru/density_hard/seed_1_objective_e20_bs32_eval5,0.75,none,16.0,0.0,0.8092277420093372,0.8755999761649865,0.8411065226101759,0.8941935976848507,0.7257841544717297,0.9208293917230028,0.1255980609114514,0.2589453724853808,0.2393167939518393,2751,2751,269,12482208,"{""initial_prob"": 0.0, ""scale"": 16.0, ""smooth"": ""none"", ""threshold"": 0.75}"
sleep,gru,density_hard,1,objective_e20_bs32_eval5,experiments/sleep/gru/density_hard/seed_1_objective_e20_bs32_eval5,0.8,none,16.0,0.0,0.8180874487060004,0.8260264956973113,0.8220378042883416,0.8828459232917112,0.6978473564609708,0.9144080117876581,0.1255980609114514,0.2416392195996093,0.2393167939518393,2680,2680,269,12482208,"{""initial_prob"": 0.0, ""scale"": 16.0, ""smooth"": ""none"", ""threshold"": 0.8}"
sleep,gru,density_hard,1,objective_e20_bs32_eval5,experiments/sleep/gru/density_hard/seed_1_objective_e20_bs32_eval5,0.8500000000000001,none,16.0,0.0,0.8240794070630133,0.7424064392029732,0.7811138028172984,0.858333847958874,0.640842274383566,0.9004253093683425,0.1255980609114514,0.21559855435833147,0.2393167939518393,2531,2531,269,12482208,"{""initial_prob"": 0.0, ""scale"": 16.0, ""smooth"": ""none"", ""threshold"": 0.8500000000000001}"
sleep,gru,density_hard,1,objective_e20_bs32_eval5,experiments/sleep/gru/density_hard/seed_1_objective_e20_bs32_eval5,0.9,none,16.0,0.0,0.8279133981456576,0.6058585927567001,0.6996906753761595,0.8105965499686831,0.5380955608993799,0.8755378856048546,0.1255980609114514,0.1751295924567192,0.2393167939518393,2552,2552,269,12482208,"{""initial_prob"": 0.0, ""scale"": 16.0, ""smooth"": ""none"", ""threshold"": 0.9}"
sleep,gru,density_hard,1,objective_e20_bs32_eval5,experiments/sleep/gru/density_hard/seed_1_objective_e20_bs32_eval5,0.9500000000000001,none,16.0,0.0,0.827967247165647,0.39658750897997525,0.5362952802600247,0.7182929601611459,0.3663958126440262,0.8358731083474975,0.1255980609114514,0.11463020004153111,0.2393167939518393,2613,2613,269,12482208,"{""initial_prob"": 0.0, ""scale"": 16.0, ""smooth"": ""none"", ""threshold"": 0.9500000000000001}"
sleep,gru,density_hard,1,objective_e20_bs32_eval5,experiments/sleep/gru/density_hard/seed_1_objective_e20_bs32_eval5,1.0,none,16.0,0.0,0.0,0.0,0.0,0.4320386560371119,0.0,0.7606832060481608,0.1255980609114514,0.0,0.2393167939518393,-9578,9578,269,12482208,"{""initial_prob"": 0.0, ""scale"": 16.0, ""smooth"": ""none"", ""threshold"": 1.0}"
sleep,gru,density_hard,1,objective_e20_bs32_eval5,experiments/sleep/gru/density_hard/seed_1_objective_e20_bs32_eval5,0.0,none,16.0,0.2393167939518393,0.2393167939518393,1.0,0.3862076187779625,0.19310380938898125,0.2393167939518393,0.2393167939518393,0.12607608103718507,1.0,0.2393167939518393,-9578,9578,269,12482208,"{""initial_prob"": 0.2393167939518393, ""scale"": 16.0, ""smooth"": ""none"", ""threshold"": 0.0}"
sleep,gru,density_hard,1,objective_e20_bs32_eval5,experiments/sleep/gru/density_hard/seed_1_objective_e20_bs32_eval5,0.05,none,16.0,0.2393167939518393,0.26497873005774425,0.987139135552266,0.4178055145016337,0.3301517320254332,0.26406710321078614,0.34162177076363415,0.12607608103718507,0.8915393814940433,0.2393167939518393,2251,2251,269,12482208,"{""initial_prob"": 0.2393167939518393, ""scale"": 16.0, ""smooth"": ""none"", ""threshold"": 0.05}"
sleep,gru,density_hard,1,objective_e20_bs32_eval5,experiments/sleep/gru/density_hard/seed_1_objective_e20_bs32_eval5,0.1,none,16.0,0.2393167939518393,0.2967431787129085,0.9823885361619334,0.45580465805327486,0.43805195164857325,0.2951729264243566,0.43861278389208064,0.12607608103718507,0.792274571934709,0.2393167939518393,2306,2306,269,12482208,"{""initial_prob"": 0.2393167939518393, ""scale"": 16.0, ""smooth"": ""none"", ""threshold"": 0.1}"
sleep,gru,density_hard,1,objective_e20_bs32_eval5,experiments/sleep/gru/density_hard/seed_1_objective_e20_bs32_eval5,0.15000000000000002,none,16.0,0.2393167939518393,0.3321035762557849,0.9788989830617414,0.4959499899636989,0.5223541943015086,0.3297430182868247,0.5238138156326189,0.12607608103718507,0.7054033228736454,0.2393167939518393,2309,2309,269,12482208,"{""initial_prob"": 0.2393167939518393, ""scale"": 16.0, ""smooth"": ""none"", ""threshold"": 0.15000000000000002}"
sleep,gru,density_hard,1,objective_e20_bs32_eval5,experiments/sleep/gru/density_hard/seed_1_objective_e20_bs32_eval5,0.2,none,16.0,0.2393167939518393,0.3687734280283376,0.9754934550793686,0.5352152462719011,0.5878228020934388,0.36538832405901095,0.5945372805836916,0.12607608103718507,0.6330498578456633,0.2393167939518393,2422,2422,269,12482208,"{""initial_prob"": 0.2393167939518393, ""scale"": 16.0, ""smooth"": ""none"", ""threshold"": 0.2}"
sleep,gru,density_hard,1,objective_e20_bs32_eval5,experiments/sleep/gru/density_hard/seed_1_objective_e20_bs32_eval5,0.25,none,16.0,0.2393167939518393,0.4053608662403242,0.97223890449993,0.5721656070091553,0.6394734517460587,0.40072266771124365,0.6520393667530616,0.12607608103718507,0.5739900344554425,0.2393167939518393,2657,2657,269,12482208,"{""initial_prob"": 0.2393167939518393, ""scale"": 16.0, ""smooth"": ""none"", ""threshold"": 0.25}"
sleep,gru,density_hard,1,objective_e20_bs32_eval5,experiments/sleep/gru/density_hard/seed_1_objective_e20_bs32_eval5,0.30000000000000004,none,16.0,0.2393167939518393,0.4360144325980409,0.9689729720320219,0.6014092357142821,0.67563644847488,0.4300108731387419,0.692622571263033,0.12607608103718507,0.5318436449705052,0.2393167939518393,2749,2749,269,12482208,"{""initial_prob"": 0.2393167939518393, ""scale"": 16.0, ""smooth"": ""none"", ""threshold"": 0.30000000000000004}"
sleep,gru,density_hard,1,objective_e20_bs32_eval5,experiments/sleep/gru/density_hard/seed_1_objective_e20_bs32_eval5,0.35000000000000003,none,16.0,0.2393167939518393,0.46101199169823953,0.965262811152376,0.6239999896123896,0.7014934366505876,0.45348836112044266,0.7216110322789046,0.12607608103718507,0.5010793763411089,0.2393167939518393,2914,2914,269,12482208,"{""initial_prob"": 0.2393167939518393, ""scale"": 16.0, ""smooth"": ""none"", ""threshold"": 0.35000000000000003}"
sleep,gru,density_hard,1,objective_e20_bs32_eval5,experiments/sleep/gru/density_hard/seed_1_objective_e20_bs32_eval5,0.4,none,16.0,0.2393167939518393,0.48599009747674693,0.961339407244639,0.6456047924276891,0.7246965705200759,0.47667386064138917,0.7474188060317534,0.12607608103718507,0.47339372969910454,0.2393167939518393,3095,3095,269,12482208,"{""initial_prob"": 0.2393167939518393, ""scale"": 16.0, ""smooth"": ""none"", ""threshold"": 0.4}"
sleep,gru,density_hard,1,objective_e20_bs32_eval5,experiments/sleep/gru/density_hard/seed_1_objective_e20_bs32_eval5,0.45,none,16.0,0.2393167939518393,0.5167184536350365,0.9565697264530487,0.6709851290836492,0.7503018568542424,0.5048740565416001,0.7754968511981214,0.12607608103718507,0.4430327551023024,0.2393167939518393,3345,3345,269,12482208,"{""initial_prob"": 0.2393167939518393, ""scale"": 16.0, ""smooth"": ""none"", ""threshold"": 0.45}"
sleep,gru,density_hard,1,objective_e20_bs32_eval5,experiments/sleep/gru/density_hard/seed_1_objective_e20_bs32_eval5,0.5,none,16.0,0.2393167939518393,0.5579125992627376,0.9502758768908163,0.7030565381920528,0.780539657555943,0.5420872681774329,0.8078960068603247,0.12607608103718507,0.4076211516424017,0.2393167939518393,3732,3732,269,12482208,"{""initial_prob"": 0.2393167939518393, ""scale"": 16.0, ""smooth"": ""none"", ""threshold"": 0.5}"
sleep,gru,density_hard,1,objective_e20_bs32_eval5,experiments/sleep/gru/density_hard/seed_1_objective_e20_bs32_eval5,0.55,none,16.0,0.2393167939518393,0.6422608488228556,0.9428063452019649,0.7640402953611395,0.8325788712205481,0.6181757321808377,0.8606370763890491,0.12607608103718507,0.3513049133614822,0.2393167939518393,4397,4397,269,12482208,"{""initial_prob"": 0.2393167939518393, ""scale"": 16.0, ""smooth"": ""none"", ""threshold"": 0.55}"
sleep,gru,density_hard,1,objective_e20_bs32_eval5,experiments/sleep/gru/density_hard/seed_1_objective_e20_bs32_eval5,0.6000000000000001,none,16.0,0.2393167939518393,0.7465298186915043,0.9341045567055727,0.8298496276937832,0.8835571584456104,0.7091820396196223,0.9083289591072349,0.12607608103718507,0.2994480623940893,0.2393167939518393,4042,4042,269,12482208,"{""initial_prob"": 0.2393167939518393, ""scale"": 16.0, ""smooth"": ""none"", ""threshold"": 0.6000000000000001}"
sleep,gru,density_hard,1,objective_e20_bs32_eval5,experiments/sleep/gru/density_hard/seed_1_objective_e20_bs32_eval5,0.65,none,16.0,0.2393167939518393,0.7806590391869563,0.922111059111503,0.8455097187212617,0.8954736525749547,0.7323662506580452,0.9193565753751259,0.12607608103718507,0.2826799553412345,0.2393167939518393,3378,3378,269,12482208,"{""initial_prob"": 0.2393167939518393, ""scale"": 16.0, ""smooth"": ""none"", ""threshold"": 0.65}"
sleep,gru,density_hard,1,objective_e20_bs32_eval5,experiments/sleep/gru/density_hard/seed_1_objective_e20_bs32_eval5,0.7000000000000001,none,16.0,0.2393167939518393,0.7972665981516284,0.9045139900147362,0.8475108916086741,0.8976015362520448,0.7353743175860912,0.922104566756138,0.12607608103718507,0.271509415641848,0.2393167939518393,2911,2911,269,12482208,"{""initial_prob"": 0.2393167939518393, ""scale"": 16.0, ""smooth"": ""none"", ""threshold"": 0.7000000000000001}"
sleep,gru,density_hard,1,objective_e20_bs32_eval5,experiments/sleep/gru/density_hard/seed_1_objective_e20_bs32_eval5,0.75,none,16.0,0.2393167939518393,0.8092095269474879,0.8756060018706469,0.8410994633497477,0.894188360702094,0.7257736421288633,0.9208246649951676,0.12607608103718507,0.258952983318336,0.2393167939518393,2753,2753,269,12482208,"{""initial_prob"": 0.2393167939518393, ""scale"": 16.0, ""smooth"": ""none"", ""threshold"": 0.75}"
sleep,gru,density_hard,1,objective_e20_bs32_eval5,experiments/sleep/gru/density_hard/seed_1_objective_e20_bs32_eval5,0.8,none,16.0,0.2393167939518393,0.8180564709377035,0.8260382123472065,0.8220279667863182,0.8828384770634377,0.6978331773664476,0.9144010418669517,0.12607608103718507,0.24165179750249316,0.2393167939518393,2684,2684,269,12482208,"{""initial_prob"": 0.2393167939518393, ""scale"": 16.0, ""smooth"": ""none"", ""threshold"": 0.8}"
sleep,gru,density_hard,1,objective_e20_bs32_eval5,experiments/sleep/gru/density_hard/seed_1_objective_e20_bs32_eval5,0.8500000000000001,none,16.0,0.2393167939518393,0.8240096336371774,0.742414473477187,0.7810869042661006,0.8583145507920593,0.6408060648456758,0.9004085655358411,0.12607608103718507,0.21561914366432605,0.2393167939518393,2531,2531,269,12482208,"{""initial_prob"": 0.2393167939518393, ""scale"": 16.0, ""smooth"": ""none"", ""threshold"": 0.8500000000000001}"
sleep,gru,density_hard,1,objective_e20_bs32_eval5,experiments/sleep/gru/density_hard/seed_1_objective_e20_bs32_eval5,0.9,none,16.0,0.2393167939518393,0.8278961069614703,0.6058816912950648,0.699699903447196,0.8106011355523135,0.5381064765757956,0.8755386066311345,0.12607608103718507,0.17513992716673205,0.2393167939518393,2552,2552,269,12482208,"{""initial_prob"": 0.2393167939518393, ""scale"": 16.0, ""smooth"": ""none"", ""threshold"": 0.9}"
sleep,gru,density_hard,1,objective_e20_bs32_eval5,experiments/sleep/gru/density_hard/seed_1_objective_e20_bs32_eval5,0.9500000000000001,none,16.0,0.2393167939518393,0.8279160356716314,0.39659152611708215,0.5362882097750118,0.718287252503621,0.366389212245519,0.83586677933904,0.12607608103718507,0.11463845178673517,0.2393167939518393,2615,2615,269,12482208,"{""initial_prob"": 0.2393167939518393, ""scale"": 16.0, ""smooth"": ""none"", ""threshold"": 0.9500000000000001}"
sleep,gru,density_hard,1,objective_e20_bs32_eval5,experiments/sleep/gru/density_hard/seed_1_objective_e20_bs32_eval5,1.0,none,16.0,0.2393167939518393,0.0,0.0,0.0,0.4320386560371119,0.0,0.7606832060481608,0.12607608103718507,0.0,0.2393167939518393,-9578,9578,269,12482208,"{""initial_prob"": 0.2393167939518393, ""scale"": 16.0, ""smooth"": ""none"", ""threshold"": 1.0}"
sleep,gru,density_hard,1,objective_e20_bs32_eval5,experiments/sleep/gru/density_hard/seed_1_objective_e20_bs32_eval5,0.0,none,16.0,0.5,0.2393167939518393,1.0,0.3862076187779625,0.19310380938898125,0.2393167939518393,0.2393167939518393,0.12715066118834875,1.0,0.2393167939518393,-9578,9578,269,12482208,"{""initial_prob"": 0.5, ""scale"": 16.0, ""smooth"": ""none"", ""threshold"": 0.0}"
sleep,gru,density_hard,1,objective_e20_bs32_eval5,experiments/sleep/gru/density_hard/seed_1_objective_e20_bs32_eval5,0.05,none,16.0,0.5,0.26493382997315607,0.987139135552266,0.4177496984586755,0.32997103222938534,0.26402251151523315,0.34147067570096573,0.12715066118834875,0.8916904765567117,0.2393167939518393,2229,2229,269,12482208,"{""initial_prob"": 0.5, ""scale"": 16.0, ""smooth"": ""none"", ""threshold"": 0.05}"
sleep,gru,density_hard,1,objective_e20_bs32_eval5,experiments/sleep/gru/density_hard/seed_1_objective_e20_bs32_eval5,0.1,none,16.0,0.5,0.2965874973103818,0.9823885361619334,0.4556209806928868,0.4376207750951917,0.2950188878487235,0.43819691195660254,0.12715066118834875,0.7926904438701871,0.2393167939518393,2262,2262,269,12482208,"{""initial_prob"": 0.5, ""scale"": 16.0, ""smooth"": ""none"", ""threshold"": 0.1}"
sleep,gru,density_hard,1,objective_e20_bs32_eval5,experiments/sleep/gru/density_hard/seed_1_objective_e20_bs32_eval5,0.15000000000000002,none,16.0,0.5,0.33181547496118075,0.9788989830617414,0.4956286688003682,0.5217721475560635,0.329458996273971,0.5232013438648034,0.12715066118834875,0.7060157946414609,0.2393167939518393,2279,2279,269,12482208,"{""initial_prob"": 0.5, ""scale"": 16.0, ""smooth"": ""none"", ""threshold"": 0.15000000000000002}"
sleep,gru,density_hard,1,objective_e20_bs32_eval5,experiments/sleep/gru/density_hard/seed_1_objective_e20_bs32_eval5,0.2,none,16.0,0.5,0.36844461033325443,0.9754934550793686,0.5348688532443768,0.5873088506998063,0.36506551268723414,0.5939723164363228,0.12715066118834875,0.633614821993032,0.2393167939518393,2398,2398,269,12482208,"{""initial_prob"": 0.5, ""scale"": 16.0, ""smooth"": ""none"", ""threshold"": 0.2}"
sleep,gru,density_hard,1,objective_e20_bs32_eval5,experiments/sleep/gru/density_hard/seed_1_objective_e20_bs32_eval5,0.25,none,16.0,0.5,0.40345863681910105,0.97223890449993,0.5702680586256442,0.6370467154218362,0.3988636206011203,0.6493331147822565,0.12715066118834875,0.5766962864262477,0.2393167939518393,2576,2576,269,12482208,"{""initial_prob"": 0.5, ""scale"": 16.0, ""smooth"": ""none"", ""threshold"": 0.25}"
sleep,gru,density_hard,1,objective_e20_bs32_eval5,experiments/sleep/gru/density_hard/seed_1_objective_e20_bs32_eval5,0.30000000000000004,none,16.0,0.5,0.43183365647010524,0.969000422468919,0.5974254936355589,0.6710119945019417,0.4259492033575616,0.6874714794049258,0.12715066118834875,0.537007875529714,0.2393167939518393,2735,2735,269,12482208,"{""initial_prob"": 0.5, ""scale"": 16.0, ""smooth"": ""none"", ""threshold"": 0.30000000000000004}"
sleep,gru,density_hard,1,objective_e20_bs32_eval5,experiments/sleep/gru/density_hard/seed_1_objective_e20_bs32_eval5,0.35000000000000003,none,16.0,0.5,0.4555338136560718,0.9653441581787907,0.6189791306257271,0.6960429417129104,0.44820403829681477,0.7155813298416434,0.12715066118834875,0.5071480141974881,0.2393167939518393,2916,2916,269,12482208,"{""initial_prob"": 0.5, ""scale"": 16.0, ""smooth"": ""none"", ""threshold"": 0.35000000000000003}"
sleep,gru,density_hard,1,objective_e20_bs32_eval5,experiments/sleep/gru/density_hard/seed_1_objective_e20_bs32_eval5,0.4,none,16.0,0.5,0.47983516887421646,0.961455904220739,0.6401765261422342,0.7191422344640164,0.4707791404174533,0.741344159623041,0.12715066118834875,0.4795241354734675,0.2393167939518393,3111,3111,269,12482208,"{""initial_prob"": 0.5, ""scale"": 16.0, ""smooth"": ""none"", ""threshold"": 0.4}"
sleep,gru,density_hard,1,objective_e20_bs32_eval5,experiments/sleep/gru/density_hard/seed_1_objective_e20_bs32_eval5,0.45,none,16.0,0.5,0.5102408116737915,0.9567461457243266,0.6655422906090226,0.7450669456883547,0.498736142723297,0.7698741280388854,0.12715066118834875,0.44873991845032546,0.2393167939518393,3396,3396,269,12482208,"{""initial_prob"": 0.5, ""scale"": 16.0, ""smooth"": ""none"", ""threshold"": 0.45}"
sleep,gru,density_hard,1,objective_e20_bs32_eval5,experiments/sleep/gru/density_hard/seed_1_objective_e20_bs32_eval5,0.5,none,16.0,0.5,0.5554217188030052,0.9504067686082159,0.7011111363551054,0.7787938010860389,0.5397776176074623,0.8060742137929443,0.12715066118834875,0.40950559388210805,0.2393167939518393,3866,3866,269,12482208,"{""initial_prob"": 0.5, ""scale"": 16.0, ""smooth"": ""none"", ""threshold"": 0.5}"
sleep,gru,density_hard,1,objective_e20_bs32_eval5,experiments/sleep/gru/density_hard/seed_1_objective_e20_bs32_eval5,0.55,none,16.0,0.5,0.6418734653183307,0.9428960612640189,0.7637955578105213,0.8323760270965115,0.6178553738714451,0.8604345481184098,0.12715066118834875,0.35155038275279504,0.2393167939518393,4429,4429,269,12482208,"{""initial_prob"": 0.5, ""scale"": 16.0, ""smooth"": ""none"", ""threshold"": 0.55}"
sleep,gru,density_hard,1,objective_e20_bs32_eval5,experiments/sleep/gru/density_hard/seed_1_objective_e20_bs32_eval5,0.6000000000000001,none,16.0,0.5,0.7463047191222795,0.9341189514468724,0.8297162125194761,0.8834582838205751,0.7089871887448365,0.908240913787048,0.12715066118834875,0.2995429975209514,0.2393167939518393,4054,4054,269,12482208,"{""initial_prob"": 0.5, ""scale"": 16.0, ""smooth"": ""none"", ""threshold"": 0.6000000000000001}"
sleep,gru,density_hard,1,objective_e20_bs32_eval5,experiments/sleep/gru/density_hard/seed_1_objective_e20_bs32_eval5,0.65,none,16.0,0.5,0.7804199742916826,0.9221231105228237,0.8453745466140661,0.8953758053813925,0.7321634423829904,0.9192720550723077,0.12715066118834875,0.28277024385429245,0.2393167939518393,3378,3378,269,12482208,"{""initial_prob"": 0.5, ""scale"": 16.0, ""smooth"": ""none"", ""threshold"": 0.65}"
sleep,gru,density_hard,1,objective_e20_bs32_eval5,experiments/sleep/gru/density_hard/seed_1_objective_e20_bs32_eval5,0.7000000000000001,none,16.0,0.5,0.7971675317939437,0.9045203504818221,0.8474577068582981,0.8975633696573796,0.7352942377049113,0.9220719603454773,0.12715066118834875,0.27154506638569076,0.2393167939518393,2917,2917,269,12482208,"{""initial_prob"": 0.5, ""scale"": 16.0, ""smooth"": ""none"", ""threshold"": 0.7000000000000001}"
sleep,gru,density_hard,1,objective_e20_bs32_eval5,experiments/sleep/gru/density_hard/seed_1_objective_e20_bs32_eval5,0.75,none,16.0,0.5,0.8091387454719252,0.8756120275763072,0.8410640064362075,0.8941630279119303,0.725720843176066,0.9208031143207996,0.12715066118834875,0.2589774180978237,0.2393167939518393,2753,2753,269,12482208,"{""initial_prob"": 0.5, ""scale"": 16.0, ""smooth"": ""none"", ""threshold"": 0.75}"
sleep,gru,density_hard,1,objective_e20_bs32_eval5,experiments/sleep/gru/density_hard/seed_1_objective_e20_bs32_eval5,0.8,none,16.0,0.5,0.8180118180386697,0.8260552851799108,0.822013875598644,0.8828277978452308,0.6978128677164049,0.9143910276130633,0.12715066118834875,0.24166998338755452,0.2393167939518393,2682,2682,269,12482208,"{""initial_prob"": 0.5, ""scale"": 16.0, ""smooth"": ""none"", ""threshold"": 0.8}"
sleep,gru,density_hard,1,objective_e20_bs32_eval5,experiments/sleep/gru/density_hard/seed_1_objective_e20_bs32_eval5,0.8500000000000001,none,16.0,0.5,0.823984609474328,0.7424258553656565,0.7810819606080798,0.8583104474861285,0.640799410104503,0.9004041592641302,0.12715066118834875,0.21562899769015226,0.2393167939518393,2533,2533,269,12482208,"{""initial_prob"": 0.5, ""scale"": 16.0, ""smooth"": ""none"", ""threshold"": 0.8500000000000001}"
sleep,gru,density_hard,1,objective_e20_bs32_eval5,experiments/sleep/gru/density_hard/seed_1_objective_e20_bs32_eval5,0.9,none,16.0,0.5,0.8278065308108721,0.6059001031734713,0.6996801863601588,0.8105858000946837,0.5380831538678333,0.8755231446231307,0.12715066118834875,0.17516420171815755,0.2393167939518393,2556,2556,269,12482208,"{""initial_prob"": 0.5, ""scale"": 16.0, ""smooth"": ""none"", ""threshold"": 0.9}"
sleep,gru,density_hard,1,objective_e20_bs32_eval5,experiments/sleep/gru/density_hard/seed_1_objective_e20_bs32_eval5,0.9500000000000001,none,16.0,0.5,0.8277572437693452,0.39659554325418905,0.5362585641241056,0.7182652794423681,0.3663615383021603,0.8358455491207966,0.12715066118834875,0.11466160474172518,0.2393167939518393,2613,2613,269,12482208,"{""initial_prob"": 0.5, ""scale"": 16.0, ""smooth"": ""none"", ""threshold"": 0.9500000000000001}"
sleep,gru,density_hard,1,objective_e20_bs32_eval5,experiments/sleep/gru/density_hard/seed_1_objective_e20_bs32_eval5,1.0,none,16.0,0.5,0.0,0.0,0.0,0.4320386560371119,0.0,0.7606832060481608,0.12715066118834875,0.0,0.2393167939518393,-9578,9578,269,12482208,"{""initial_prob"": 0.5, ""scale"": 16.0, ""smooth"": ""none"", ""threshold"": 1.0}"
sleep,gru,density_hard,1,objective_e20_bs32_eval5,experiments/sleep/gru/density_hard/seed_1_objective_e20_bs32_eval5,0.0,none,16.0,1.0,0.2393167939518393,1.0,0.3862076187779625,0.19310380938898125,0.2393167939518393,0.2393167939518393,0.13082799354934083,1.0,0.2393167939518393,-9578,9578,269,12482208,"{""initial_prob"": 1.0, ""scale"": 16.0, ""smooth"": ""none"", ""threshold"": 0.0}"
sleep,gru,density_hard,1,objective_e20_bs32_eval5,experiments/sleep/gru/density_hard/seed_1_objective_e20_bs32_eval5,0.05,none,16.0,1.0,0.2648878029500009,0.987139135552266,0.4176924773442955,0.32978568605322073,0.2639768005673455,0.3413157351648042,0.13082799354934083,0.8918454170928733,0.2393167939518393,2213,2213,269,12482208,"{""initial_prob"": 1.0, ""scale"": 16.0, ""smooth"": ""none"", ""threshold"": 0.05}"
sleep,gru,density_hard,1,objective_e20_bs32_eval5,experiments/sleep/gru/density_hard/seed_1_objective_e20_bs32_eval5,0.1,none,16.0,1.0,0.29650979274778927,0.9823885361619334,0.45552928590266534,0.4374053129659865,0.2949420029429947,0.4379891762739413,0.13082799354934083,0.7928981795528484,0.2393167939518393,2238,2238,269,12482208,"{""initial_prob"": 1.0, ""scale"": 16.0, ""smooth"": ""none"", ""threshold"": 0.1}"
sleep,gru,density_hard,1,objective_e20_bs32_eval5,experiments/sleep/gru/density_hard/seed_1_objective_e20_bs32_eval5,0.15000000000000002,none,16.0,1.0,0.33162863685939065,0.9788989830617414,0.4954202115867583,0.5213939899623132,0.32927480177653984,0.5228035777003556,0.13082799354934083,0.7064135608059087,0.2393167939518393,2249,2249,269,12482208,"{""initial_prob"": 1.0, ""scale"": 16.0, ""smooth"": ""none"", ""threshold"": 0.15000000000000002}"
sleep,gru,density_hard,1,objective_e20_bs32_eval5,experiments/sleep/gru/density_hard/seed_1_objective_e20_bs32_eval5,0.2,none,16.0,1.0,0.3680758323148288,0.9754934550793686,0.5344801623031762,0.5867312072080852,0.36470346463760767,0.5933374928538284,0.13082799354934083,0.6342496455755264,0.2393167939518393,2364,2364,269,12482208,"{""initial_prob"": 1.0, ""scale"": 16.0, ""smooth"": ""none"", ""threshold"": 0.2}"
sleep,gru,density_hard,1,objective_e20_bs32_eval5,experiments/sleep/gru/density_hard/seed_1_objective_e20_bs32_eval5,0.25,none,16.0,1.0,0.4029241989897046,0.97223890449993,0.5697339913035486,0.6363607065937785,0.3983412790623514,0.6485681860132438,0.13082799354934083,0.5774612151952603,0.2393167939518393,2528,2528,269,12482208,"{""initial_prob"": 1.0, ""scale"": 16.0, ""smooth"": ""none"", ""threshold"": 0.25}"
sleep,gru,density_hard,1,objective_e20_bs32_eval5,experiments/sleep/gru/density_hard/seed_1_objective_e20_bs32_eval5,0.30000000000000004,none,16.0,1.0,0.4313030728816666,0.969000422468919,0.5969175414074683,0.6704189612562352,0.4254329727749941,0.6868108591044149,0.13082799354934083,0.5376684958302249,0.2393167939518393,2706,2706,269,12482208,"{""initial_prob"": 1.0, ""scale"": 16.0, ""smooth"": ""none"", ""threshold"": 0.30000000000000004}"
sleep,gru,density_hard,1,objective_e20_bs32_eval5,experiments/sleep/gru/density_hard/seed_1_objective_e20_bs32_eval5,0.35000000000000003,none,16.0,1.0,0.45489498150954605,0.9653441581787907,0.6183891159082602,0.6953991978450318,0.447585585079394,0.7148691161050994,0.13082799354934083,0.5078602279340322,0.2393167939518393,2883,2883,269,12482208,"{""initial_prob"": 1.0, ""scale"": 16.0, ""smooth"": ""none"", ""threshold"": 0.35000000000000003}"
sleep,gru,density_hard,1,objective_e20_bs32_eval5,experiments/sleep/gru/density_hard/seed_1_objective_e20_bs32_eval5,0.4,none,16.0,1.0,0.47906321177148586,0.961455904220739,0.6394891235238996,0.7184358684898919,0.4700360243942036,0.740571459793011,0.13082799354934083,0.4802968353034976,0.2393167939518393,3078,3078,269,12482208,"{""initial_prob"": 1.0, ""scale"": 16.0, ""smooth"": ""none"", ""threshold"": 0.4}"
sleep,gru,density_hard,1,objective_e20_bs32_eval5,experiments/sleep/gru/density_hard/seed_1_objective_e20_bs32_eval5,0.45,none,16.0,1.0,0.5088493290583743,0.9567464804857522,0.6643575281858476,0.7439243386826554,0.4974067104076706,0.7686470214244147,0.13082799354934083,0.44996718529285845,0.2393167939518393,3338,3338,269,12482208,"{""initial_prob"": 1.0, ""scale"": 16.0, ""smooth"": ""none"", ""threshold"": 0.45}"
sleep,gru,density_hard,1,objective_e20_bs32_eval5,experiments/sleep/gru/density_hard/seed_1_objective_e20_bs32_eval5,0.5,none,16.0,1.0,0.548268274337864,0.9504579871063289,0.6953984511077852,0.7736671377309534,0.5330351260875581,0.800733411909175,0.13082799354934083,0.41487091065939613,0.2393167939518393,3725,3725,269,12482208,"{""initial_prob"": 1.0, ""scale"": 16.0, ""smooth"": ""none"", ""threshold"": 0.5}"
sleep,gru,density_hard,1,objective_e20_bs32_eval5,experiments/sleep/gru/density_hard/seed_1_objective_e20_bs32_eval5,0.55,none,16.0,1.0,0.6293049042493277,0.9430005068287983,0.7548595069071823,0.8251584000021533,0.6062444447792223,0.8534236090281463,0.13082799354934083,0.3586113129984695,0.2393167939518393,4402,4402,269,12482208,"{""initial_prob"": 1.0, ""scale"": 16.0, ""smooth"": ""none"", ""threshold"": 0.55}"
sleep,gru,density_hard,1,objective_e20_bs32_eval5,experiments/sleep/gru/density_hard/seed_1_objective_e20_bs32_eval5,0.6000000000000001,none,16.0,1.0,0.729518555858389,0.9342967097638526,0.8193058454662838,0.875742355036101,0.6939187784747244,0.901375221435182,0.13082799354934083,0.30649377097385333,0.2393167939518393,4050,4050,269,12482208,"{""initial_prob"": 1.0, ""scale"": 16.0, ""smooth"": ""none"", ""threshold"": 0.6000000000000001}"
sleep,gru,density_hard,1,objective_e20_bs32_eval5,experiments/sleep/gru/density_hard/seed_1_objective_e20_bs32_eval5,0.65,none,16.0,1.0,0.7628698616842386,0.9223075640683155,0.8350463673187577,0.8878895923359903,0.7168065267943975,0.9127972390782144,0.13082799354934083,0.2893333455106661,0.2393167939518393,3401,3401,269,12482208,"{""initial_prob"": 1.0, ""scale"": 16.0, ""smooth"": ""none"", ""threshold"": 0.65}"
sleep,gru,density_hard,1,objective_e20_bs32_eval5,experiments/sleep/gru/density_hard/seed_1_objective_e20_bs32_eval5,0.7000000000000001,none,16.0,1.0,0.7791799362368681,0.9047114992558254,0.8372666235417456,0.8902534404537792,0.7200847937229624,0.915836044392146,0.13082799354934083,0.2778724725625466,0.2393167939518393,2953,2953,269,12482208,"{""initial_prob"": 1.0, ""scale"": 16.0, ""smooth"": ""none"", ""threshold"": 0.7000000000000001}"
sleep,gru,density_hard,1,objective_e20_bs32_eval5,experiments/sleep/gru/density_hard/seed_1_objective_e20_bs32_eval5,0.75,none,16.0,1.0,0.791283018354326,0.8758105411016731,0.8314038579761649,0.8872871099773958,0.7114552479493017,0.9149941260392392,0.13082799354934083,0.26488142162027745,0.2393167939518393,2807,2807,269,12482208,"{""initial_prob"": 1.0, ""scale"": 16.0, ""smooth"": ""none"", ""threshold"": 0.75}"
sleep,gru,density_hard,1,objective_e20_bs32_eval5,experiments/sleep/gru/density_hard/seed_1_objective_e20_bs32_eval5,0.8,none,16.0,1.0,0.8004365233155665,0.8262280220755075,0.8131278047829089,0.8765424281046278,0.6851014018692886,0.9091156788927087,0.13082799354934083,0.24702800978801187,0.2393167939518393,2764,2764,269,12482208,"{""initial_prob"": 1.0, ""scale"": 16.0, ""smooth"": ""none"", ""threshold"": 0.8}"
sleep,gru,density_hard,1,objective_e20_bs32_eval5,experiments/sleep/gru/density_hard/seed_1_objective_e20_bs32_eval5,0.8500000000000001,none,16.0,1.0,0.8074163811542903,0.7425209276105198,0.773610076888065,0.8530509343324899,0.6308027017419126,0.8959967659567922,0.13082799354934083,0.22008189576715914,0.2393167939518393,2675,2675,269,12482208,"{""initial_prob"": 1.0, ""scale"": 16.0, ""smooth"": ""none"", ""threshold"": 0.8500000000000001}"
sleep,gru,density_hard,1,objective_e20_bs32_eval5,experiments/sleep/gru/density_hard/seed_1_objective_e20_bs32_eval5,0.9,none,16.0,1.0,0.8151756518747323,0.6059663859357352,0.6951719540017117,0.8074103794794736,0.5327690159126328,0.8728212989240365,0.13082799354934083,0.1778977725735703,0.2393167939518393,2781,2781,269,12482208,"{""initial_prob"": 1.0, ""scale"": 16.0, ""smooth"": ""none"", ""threshold"": 0.9}"
sleep,gru,density_hard,1,objective_e20_bs32_eval5,experiments/sleep/gru/density_hard/seed_1_objective_e20_bs32_eval5,0.9500000000000001,none,16.0,1.0,0.820897776306137,0.39670534500177757,0.534910809379183,0.7172764177839672,0.3651046044183289,0.8349079746147476,0.13082799354934083,0.11565173405218052,0.2393167939518393,2855,2855,269,12482208,"{""initial_prob"": 1.0, ""scale"": 16.0, ""smooth"": ""none"", ""threshold"": 0.9500000000000001}"
sleep,gru,density_hard,1,objective_e20_bs32_eval5,experiments/sleep/gru/density_hard/seed_1_objective_e20_bs32_eval5,1.0,none,16.0,1.0,0.0,0.0,0.0,0.4320386560371119,0.0,0.7606832060481608,0.13082799354934083,0.0,0.2393167939518393,-9578,9578,269,12482208,"{""initial_prob"": 1.0, ""scale"": 16.0, ""smooth"": ""none"", ""threshold"": 1.0}"
sleep,gru,density_hard,2,objective_e20_bs32_eval5,experiments/sleep/gru/density_hard/seed_2_objective_e20_bs32_eval5,0.0,none,0.25,0.0,0.2393167939518393,1.0,0.3862076187779625,0.19310380938898125,0.2393167939518393,0.2393167939518393,0.20211291755690522,1.0,0.2393167939518393,-9578,9578,269,12482208,"{""initial_prob"": 0.0, ""scale"": 0.25, ""smooth"": ""none"", ""threshold"": 0.0}"
sleep,gru,density_hard,2,objective_e20_bs32_eval5,experiments/sleep/gru/density_hard/seed_2_objective_e20_bs32_eval5,0.05,none,0.25,0.0,0.24327340838560252,0.9992749067522049,0.3912878228044643,0.21725210209421367,0.24323047239351137,0.25594710487118943,0.20211291755690522,0.9830226350978929,0.2393167939518393,-9305,9305,269,12482208,"{""initial_prob"": 0.0, ""scale"": 0.25, ""smooth"": ""none"", ""threshold"": 0.05}"
sleep,gru,density_hard,2,objective_e20_bs32_eval5,experiments/sleep/gru/density_hard/seed_2_objective_e20_bs32_eval5,0.1,none,0.25,0.0,0.24377382220422575,0.9982073525660468,0.3918526731814531,0.22104949733739637,0.24366714830578903,0.258502101551264,0.20211291755690522,0.9799566711274159,0.2393167939518393,-9301,9301,269,12482208,"{""initial_prob"": 0.0, ""scale"": 0.25, ""smooth"": ""none"", ""threshold"": 0.1}"
sleep,gru,density_hard,2,objective_e20_bs32_eval5,experiments/sleep/gru/density_hard/seed_2_objective_e20_bs32_eval5,0.15000000000000002,none,0.25,0.0,0.24483847485816573,0.992413636573623,0.39277531064537236,0.2319938544085573,0.2443810832716172,0.26565332030999644,0.20211291755690522,0.9700323852959348,0.2393167939518393,-9169,9169,269,12482208,"{""initial_prob"": 0.0, ""scale"": 0.25, ""smooth"": ""none"", ""threshold"": 0.15000000000000002}"
sleep,gru,density_hard,2,objective_e20_bs32_eval5,experiments/sleep/gru/density_hard/seed_2_objective_e20_bs32_eval5,0.2,none,0.25,0.0,0.2454129392820603,0.9713685247934355,0.3918310918333402,0.25235290911140695,0.24365045850813916,0.2783734255990607,0.20211291755690522,0.9472393826476854,0.2393167939518393,-9055,9055,269,12482208,"{""initial_prob"": 0.0, ""scale"": 0.25, ""smooth"": ""none"", ""threshold"": 0.2}"
sleep,gru,density_hard,2,objective_e20_bs32_eval5,experiments/sleep/gru/density_hard/seed_2_objective_e20_bs32_eval5,0.25,none,0.25,0.0,0.24415826298560753,0.9459735230493285,0.3881372717345768,0.26588301093048816,0.24080045088719418,0.28624230584845245,0.20211291755690522,0.9272156015986915,0.2393167939518393,-9107,9107,269,12482208,"{""initial_prob"": 0.0, ""scale"": 0.25, ""smooth"": ""none"", ""threshold"": 0.25}"
sleep,gru,density_hard,2,objective_e20_bs32_eval5,experiments/sleep/gru/density_hard/seed_2_objective_e20_bs32_eval5,0.30000000000000004,none,0.25,0.0,0.2477397703826967,0.9307813800338912,0.39132359276636725,0.2935082013268986,0.24325811642834283,0.3070509640602047,0.20211291755690522,0.8991354734675148,0.2393167939518393,-8883,8883,269,12482208,"{""initial_prob"": 0.0, ""scale"": 0.25, ""smooth"": ""none"", ""threshold"": 0.30000000000000004}"
sleep,gru,density_hard,2,objective_e20_bs32_eval5,experiments/sleep/gru/density_hard/seed_2_objective_e20_bs32_eval5,0.35000000000000003,none,0.25,0.0,0.2528296718728484,0.9010465311686321,0.39486263468654614,0.33339830430326345,0.245999279076926,0.33906565248712406,0.20211291755690522,0.8528886876424427,0.2393167939518393,-8543,8543,269,12482208,"{""initial_prob"": 0.0, ""scale"": 0.25, ""smooth"": ""none"", ""threshold"": 0.35000000000000003}"
sleep,gru,density_hard,2,objective_e20_bs32_eval5,experiments/sleep/gru/density_hard/seed_2_objective_e20_bs32_eval5,0.4,none,0.25,0.0,0.27688051583140805,0.8660549236375712,0.4196102871856215,0.4265625831736851,0.2655106419532268,0.4266468720918607,0.20211291755690522,0.7485593093785972,0.2393167939518393,-7408,7408,269,12482208,"{""initial_prob"": 0.0, ""scale"": 0.25, ""smooth"": ""none"", ""threshold"": 0.4}"
sleep,gru,density_hard,2,objective_e20_bs32_eval5,experiments/sleep/gru/density_hard/seed_2_objective_e20_bs32_eval5,0.45,none,0.25,0.0,0.41065066757836277,0.8090112419581936,0.5447755709855184,0.646897144429865,0.37435845641655113,0.6764319261463997,0.20211291755690522,0.47147123329462226,0.2393167939518393,-3853,3853,269,12482208,"{""initial_prob"": 0.0, ""scale"": 0.25, ""smooth"": ""none"", ""threshold"": 0.45}"
sleep,gru,density_hard,2,objective_e20_bs32_eval5,experiments/sleep/gru/density_hard/seed_2_objective_e20_bs32_eval5,0.5,none,0.25,0.0,0.6604656186618921,0.6714075579756575,0.6658916418336115,0.7798154770503771,0.49912860357821276,0.8387598572303875,0.20211291755690522,0.2432815572373093,0.2393167939518393,-2898,2898,269,12482208,"{""initial_prob"": 0.0, ""scale"": 0.25, ""smooth"": ""none"", ""threshold"": 0.5}"
sleep,gru,density_hard,2,objective_e20_bs32_eval5,experiments/sleep/gru/density_hard/seed_2_objective_e20_bs32_eval5,0.55,none,0.25,0.0,0.7001471582656162,0.3441873030347462,0.4615030357818959,0.6722550787896815,0.29997006592498626,0.8077763966118815,0.20211291755690522,0.11764641319869049,0.2393167939518393,-5912,5912,269,12482208,"{""initial_prob"": 0.0, ""scale"": 0.25, ""smooth"": ""none"", ""threshold"": 0.55}"
sleep,gru,density_hard,2,objective_e20_bs32_eval5,experiments/sleep/gru/density_hard/seed_2_objective_e20_bs32_eval5,0.6000000000000001,none,0.25,0.0,0.44318659194234483,0.047677391753219237,0.0860930174779912,0.4732335874759007,0.04498286398670431,0.757757842202277,0.20211291755690522,0.025745364922616254,0.2393167939518393,-8917,8917,269,12482208,"{""initial_prob"": 0.0, ""scale"": 0.25, ""smooth"": ""none"", ""threshold"": 0.6000000000000001}"
sleep,gru,density_hard,2,objective_e20_bs32_eval5,experiments/sleep/gru/density_hard/seed_2_objective_e20_bs32_eval5,0.65,none,0.25,0.0,0.09727674624226348,0.003683045204174341,0.007097373094621104,0.43315255707231787,0.003561324571909494,0.7533851382704085,0.20211291755690522,0.009060896918237542,0.2393167939518393,-9466,9466,269,12482208,"{""initial_prob"": 0.0, ""scale"": 0.25, ""smooth"": ""none"", ""threshold"": 0.65}"
sleep,gru,density_hard,2,objective_e20_bs32_eval5,experiments/sleep/gru/density_hard/seed_2_objective_e20_bs32_eval5,0.7000000000000001,none,0.25,0.0,0.013771041467086355,0.0002694829475877426,0.0005286214013523514,0.4308249747674997,0.00026438057929233365,0.7561290438358341,0.20211291755690522,0.0046831458024093175,0.2393167939518393,-9559,9559,269,12482208,"{""initial_prob"": 0.0, ""scale"": 0.25, ""smooth"": ""none"", ""threshold"": 0.7000000000000001}"
sleep,gru,density_hard,2,objective_e20_bs32_eval5,experiments/sleep/gru/density_hard/seed_2_objective_e20_bs32_eval5,0.75,none,0.25,0.0,0.0,0.0,0.0,0.4310153116871437,0.0,0.7575165387405818,0.20211291755690522,0.0031666673075789156,0.2393167939518393,-9570,9570,269,12482208,"{""initial_prob"": 0.0, ""scale"": 0.25, ""smooth"": ""none"", ""threshold"": 0.75}"
sleep,gru,density_hard,2,objective_e20_bs32_eval5,experiments/sleep/gru/density_hard/seed_2_objective_e20_bs32_eval5,0.8,none,0.25,0.0,0.0,0.0,0.0,0.4312987849533333,0.0,0.7583925856707403,0.20211291755690522,0.002290620377420405,0.2393167939518393,-9577,9577,269,12482208,"{""initial_prob"": 0.0, ""scale"": 0.25, ""smooth"": ""none"", ""threshold"": 0.8}"
sleep,gru,density_hard,2,objective_e20_bs32_eval5,experiments/sleep/gru/density_hard/seed_2_objective_e20_bs32_eval5,0.8500000000000001,none,0.25,0.0,0.0,0.0,0.0,0.43146930306503634,0.0,0.7589199763375197,0.20211291755690522,0.0017632297106409379,0.2393167939518393,-9575,9575,269,12482208,"{""initial_prob"": 0.0, ""scale"": 0.25, ""smooth"": ""none"", ""threshold"": 0.8500000000000001}"
sleep,gru,density_hard,2,objective_e20_bs32_eval5,experiments/sleep/gru/density_hard/seed_2_objective_e20_bs32_eval5,0.9,none,0.25,0.0,0.0,0.0,0.0,0.43199241880418693,0.0,0.7605398820465097,0.20211291755690522,0.00014332400165098996,0.2393167939518393,-9573,9573,269,12482208,"{""initial_prob"": 0.0, ""scale"": 0.25, ""smooth"": ""none"", ""threshold"": 0.9}"
sleep,gru,density_hard,2,objective_e20_bs32_eval5,experiments/sleep/gru/density_hard/seed_2_objective_e20_bs32_eval5,0.9500000000000001,none,0.25,0.0,0.0,0.0,0.0,0.4320386560371119,0.0,0.7606832060481608,0.20211291755690522,0.0,0.2393167939518393,-9578,9578,269,12482208,"{""initial_prob"": 0.0, ""scale"": 0.25, ""smooth"": ""none"", ""threshold"": 0.9500000000000001}"
sleep,gru,density_hard,2,objective_e20_bs32_eval5,experiments/sleep/gru/density_hard/seed_2_objective_e20_bs32_eval5,1.0,none,0.25,0.0,0.0,0.0,0.0,0.4320386560371119,0.0,0.7606832060481608,0.20211291755690522,0.0,0.2393167939518393,-9578,9578,269,12482208,"{""initial_prob"": 0.0, ""scale"": 0.25, ""smooth"": ""none"", ""threshold"": 1.0}"
sleep,gru,density_hard,2,objective_e20_bs32_eval5,experiments/sleep/gru/density_hard/seed_2_objective_e20_bs32_eval5,0.0,none,0.25,0.2393167939518393,0.2393167939518393,1.0,0.3862076187779625,0.19310380938898125,0.2393167939518393,0.2393167939518393,0.20492804657699643,1.0,0.2393167939518393,-9578,9578,269,12482208,"{""initial_prob"": 0.2393167939518393, ""scale"": 0.25, ""smooth"": ""none"", ""threshold"": 0.0}"
sleep,gru,density_hard,2,objective_e20_bs32_eval5,experiments/sleep/gru/density_hard/seed_2_objective_e20_bs32_eval5,0.05,none,0.25,0.2393167939518393,0.2393167939518393,1.0,0.3862076187779625,0.19310380938898125,0.2393167939518393,0.2393167939518393,0.20492804657699643,1.0,0.2393167939518393,-9578,9578,269,12482208,"{""initial_prob"": 0.2393167939518393, ""scale"": 0.25, ""smooth"": ""none"", ""threshold"": 0.05}"
sleep,gru,density_hard,2,objective_e20_bs32_eval5,experiments/sleep/gru/density_hard/seed_2_objective_e20_bs32_eval5,0.1,none,0.25,0.2393167939518393,0.2393167939518393,1.0,0.3862076187779625,0.19310380938898125,0.2393167939518393,0.2393167939518393,0.20492804657699643,1.0,0.2393167939518393,-9578,9578,269,12482208,"{""initial_prob"": 0.2393167939518393, ""scale"": 0.25, ""smooth"": ""none"", ""threshold"": 0.1}"
sleep,gru,density_hard,2,objective_e20_bs32_eval5,experiments/sleep/gru/density_hard/seed_2_objective_e20_bs32_eval5,0.15000000000000002,none,0.25,0.2393167939518393,0.2393167939518393,1.0,0.3862076187779625,0.19310380938898125,0.2393167939518393,0.2393167939518393,0.20492804657699643,1.0,0.2393167939518393,-9578,9578,269,12482208,"{""initial_prob"": 0.2393167939518393, ""scale"": 0.25, ""smooth"": ""none"", ""threshold"": 0.15000000000000002}"
sleep,gru,density_hard,2,objective_e20_bs32_eval5,experiments/sleep/gru/density_hard/seed_2_objective_e20_bs32_eval5,0.2,none,0.25,0.2393167939518393,0.23939822865304447,1.0,0.38631365305922394,0.19360380909202846,0.23939822865304447,0.23965695812792095,0.20492804657699643,0.9996598358239184,0.2393167939518393,-9560,9560,269,12482208,"{""initial_prob"": 0.2393167939518393, ""scale"": 0.25, ""smooth"": ""none"", ""threshold"": 0.2}"
sleep,gru,density_hard,2,objective_e20_bs32_eval5,experiments/sleep/gru/density_hard/seed_2_objective_e20_bs32_eval5,0.25,none,0.25,0.2393167939518393,0.24323822622872865,0.9996880023513642,0.3912739644280792,0.21668166919732312,0.24321976258000746,0.2555962054149394,0.20492804657699643,0.9835712559829158,0.2393167939518393,-9289,9289,269,12482208,"{""initial_prob"": 0.2393167939518393, ""scale"": 0.25, ""smooth"": ""none"", ""threshold"": 0.25}"
sleep,gru,density_hard,2,objective_e20_bs32_eval5,experiments/sleep/gru/density_hard/seed_2_objective_e20_bs32_eval5,0.30000000000000004,none,0.25,0.2393167939518393,0.2462170265328564,0.9981855930733844,0.395001239602392,0.2346358383662614,0.24610688141873574,0.2682369176991763,0.20492804657699643,0.9702114401554597,0.2393167939518393,-9073,9073,269,12482208,"{""initial_prob"": 0.2393167939518393, ""scale"": 0.25, ""smooth"": ""none"", ""threshold"": 0.30000000000000004}"
sleep,gru,density_hard,2,objective_e20_bs32_eval5,experiments/sleep/gru/density_hard/seed_2_objective_e20_bs32_eval5,0.35000000000000003,none,0.25,0.2393167939518393,0.2542625198721984,0.989212982583702,0.40454320997119164,0.28225084297139075,0.25355948998398575,0.30308740248520133,0.20492804657699643,0.9310663626178958,0.2393167939518393,-8522,8522,269,12482208,"{""initial_prob"": 0.2393167939518393, ""scale"": 0.25, ""smooth"": ""none"", ""threshold"": 0.35000000000000003}"
sleep,gru,density_hard,2,objective_e20_bs32_eval5,experiments/sleep/gru/density_hard/seed_2_objective_e20_bs32_eval5,0.4,none,0.25,0.2393167939518393,0.27733807248501696,0.9483864834048719,0.4291725706472328,0.3942282985074138,0.273214334450517,0.39624407797082056,0.20492804657699643,0.8183687533487665,0.2393167939518393,-7231,7231,269,12482208,"{""initial_prob"": 0.2393167939518393, ""scale"": 0.25, ""smooth"": ""none"", ""threshold"": 0.4}"
sleep,gru,density_hard,2,objective_e20_bs32_eval5,experiments/sleep/gru/density_hard/seed_2_objective_e20_bs32_eval5,0.45,none,0.25,0.2393167939518393,0.4017302091162537,0.8930353554932007,0.5541687080915001,0.6371486310484649,0.38328725570740435,0.6561251823395348,0.20492804657699643,0.5319947400331736,0.2393167939518393,-3342,3342,269,12482208,"{""initial_prob"": 0.2393167939518393, ""scale"": 0.25, ""smooth"": ""none"", ""threshold"": 0.45}"
sleep,gru,density_hard,2,objective_e20_bs32_eval5,experiments/sleep/gru/density_hard/seed_2_objective_e20_bs32_eval5,0.5,none,0.25,0.2393167939518393,0.6607960373621491,0.7487518420247442,0.7020297180579214,0.7999544202410216,0.5408673278771179,0.8478897323294083,0.20492804657699643,0.271171254316544,0.2393167939518393,-2177,2177,269,12482208,"{""initial_prob"": 0.2393167939518393, ""scale"": 0.25, ""smooth"": ""none"", ""threshold"": 0.5}"
sleep,gru,density_hard,2,objective_e20_bs32_eval5,experiments/sleep/gru/density_hard/seed_2_objective_e20_bs32_eval5,0.55,none,0.25,0.2393167939518393,0.7026230691648986,0.37990567762073,0.4931610250455689,0.6893008777906149,0.32728183518114984,0.813121124083175,0.20492804657699643,0.12939769950957394,0.2393167939518393,-5531,5531,269,12482208,"{""initial_prob"": 0.2393167939518393, ""scale"": 0.25, ""smooth"": ""none"", ""threshold"": 0.55}"
sleep,gru,density_hard,2,objective_e20_bs32_eval5,experiments/sleep/gru/density_hard/seed_2_objective_e20_bs32_eval5,0.6000000000000001,none,0.25,0.2393167939518393,0.45812738985345497,0.05482756104207215,0.09793455502626093,0.47918973236255424,0.0514885306838709,0.7582846720708387,0.20492804657699643,0.0286408462348969,0.2393167939518393,-8823,8823,269,12482208,"{""initial_prob"": 0.2393167939518393, ""scale"": 0.25, ""smooth"": ""none"", ""threshold"": 0.6000000000000001}"
sleep,gru,density_hard,2,objective_e20_bs32_eval5,experiments/sleep/gru/density_hard/seed_2_objective_e20_bs32_eval5,0.65,none,0.25,0.2393167939518393,0.10465413577243149,0.004247787729119088,0.008164200216892733,0.43355053772092994,0.004098831950797219,0.7530027539999333,0.20492804657699643,0.009713585929668853,0.2393167939518393,-9456,9456,269,12482208,"{""initial_prob"": 0.2393167939518393, ""scale"": 0.25, ""smooth"": ""none"", ""threshold"": 0.65}"
sleep,gru,density_hard,2,objective_e20_bs32_eval5,experiments/sleep/gru/density_hard/seed_2_objective_e20_bs32_eval5,0.7000000000000001,none,0.25,0.2393167939518393,0.013146520086773557,0.00026981770901331745,0.0005287827401639685,0.4307509717782376,0.000264461291365142,0.7559006387331472,0.20492804657699643,0.004911711133158492,0.2393167939518393,-9555,9555,269,12482208,"{""initial_prob"": 0.2393167939518393, ""scale"": 0.25, ""smooth"": ""none"", ""threshold"": 0.7000000000000001}"
sleep,gru,density_hard,2,objective_e20_bs32_eval5,experiments/sleep/gru/density_hard/seed_2_objective_e20_bs32_eval5,0.75,none,0.25,0.2393167939518393,0.0,0.0,0.0,0.4309803991467857,0.0,0.7574087052547114,0.20492804657699643,0.003274500793449364,0.2393167939518393,-9568,9568,269,12482208,"{""initial_prob"": 0.2393167939518393, ""scale"": 0.25, ""smooth"": ""none"", ""threshold"": 0.75}"
sleep,gru,density_hard,2,objective_e20_bs32_eval5,experiments/sleep/gru/density_hard/seed_2_objective_e20_bs32_eval5,0.8,none,0.25,0.2393167939518393,0.0,0.0,0.0,0.4312987849533333,0.0,0.7583925856707403,0.20492804657699643,0.002290620377420405,0.2393167939518393,-9577,9577,269,12482208,"{""initial_prob"": 0.2393167939518393, ""scale"": 0.25, ""smooth"": ""none"", ""threshold"": 0.8}"
sleep,gru,density_hard,2,objective_e20_bs32_eval5,experiments/sleep/gru/density_hard/seed_2_objective_e20_bs32_eval5,0.8500000000000001,none,0.25,0.2393167939518393,0.0,0.0,0.0,0.43146824136681466,0.0,0.7589166916622444,0.20492804657699643,0.0017665143859163378,0.2393167939518393,-9575,9575,269,12482208,"{""initial_prob"": 0.2393167939518393, ""scale"": 0.25, ""smooth"": ""none"", ""threshold"": 0.8500000000000001}"
sleep,gru,density_hard,2,objective_e20_bs32_eval5,experiments/sleep/gru/density_hard/seed_2_objective_e20_bs32_eval5,0.9,none,0.25,0.2393167939518393,0.0,0.0,0.0,0.4319920569403685,0.0,0.7605387604500742,0.20492804657699643,0.00014444559808649238,0.2393167939518393,-9573,9573,269,12482208,"{""initial_prob"": 0.2393167939518393, ""scale"": 0.25, ""smooth"": ""none"", ""threshold"": 0.9}"
sleep,gru,density_hard,2,objective_e20_bs32_eval5,experiments/sleep/gru/density_hard/seed_2_objective_e20_bs32_eval5,0.9500000000000001,none,0.25,0.2393167939518393,0.0,0.0,0.0,0.4320386560371119,0.0,0.7606832060481608,0.20492804657699643,0.0,0.2393167939518393,-9578,9578,269,12482208,"{""initial_prob"": 0.2393167939518393, ""scale"": 0.25, ""smooth"": ""none"", ""threshold"": 0.9500000000000001}"
sleep,gru,density_hard,2,objective_e20_bs32_eval5,experiments/sleep/gru/density_hard/seed_2_objective_e20_bs32_eval5,1.0,none,0.25,0.2393167939518393,0.0,0.0,0.0,0.4320386560371119,0.0,0.7606832060481608,0.20492804657699643,0.0,0.2393167939518393,-9578,9578,269,12482208,"{""initial_prob"": 0.2393167939518393, ""scale"": 0.25, ""smooth"": ""none"", ""threshold"": 1.0}"
sleep,gru,density_hard,2,objective_e20_bs32_eval5,experiments/sleep/gru/density_hard/seed_2_objective_e20_bs32_eval5,0.0,none,0.25,0.5,0.2393167939518393,1.0,0.3862076187779625,0.19310380938898125,0.2393167939518393,0.2393167939518393,0.21469563525156923,1.0,0.2393167939518393,-9578,9578,269,12482208,"{""initial_prob"": 0.5, ""scale"": 0.25, ""smooth"": ""none"", ""threshold"": 0.0}"
sleep,gru,density_hard,2,objective_e20_bs32_eval5,experiments/sleep/gru/density_hard/seed_2_objective_e20_bs32_eval5,0.05,none,0.25,0.5,0.2393167939518393,1.0,0.3862076187779625,0.19310380938898125,0.2393167939518393,0.2393167939518393,0.21469563525156923,1.0,0.2393167939518393,-9578,9578,269,12482208,"{""initial_prob"": 0.5, ""scale"": 0.25, ""smooth"": ""none"", ""threshold"": 0.05}"
sleep,gru,density_hard,2,objective_e20_bs32_eval5,experiments/sleep/gru/density_hard/seed_2_objective_e20_bs32_eval5,0.1,none,0.25,0.5,0.2393167939518393,1.0,0.3862076187779625,0.19310380938898125,0.2393167939518393,0.2393167939518393,0.21469563525156923,1.0,0.2393167939518393,-9578,9578,269,12482208,"{""initial_prob"": 0.5, ""scale"": 0.25, ""smooth"": ""none"", ""threshold"": 0.1}"
sleep,gru,density_hard,2,objective_e20_bs32_eval5,experiments/sleep/gru/density_hard/seed_2_objective_e20_bs32_eval5,0.15000000000000002,none,0.25,0.5,0.2393167939518393,1.0,0.3862076187779625,0.19310380938898125,0.2393167939518393,0.2393167939518393,0.21469563525156923,1.0,0.2393167939518393,-9578,9578,269,12482208,"{""initial_prob"": 0.5, ""scale"": 0.25, ""smooth"": ""none"", ""threshold"": 0.15000000000000002}"
sleep,gru,density_hard,2,objective_e20_bs32_eval5,experiments/sleep/gru/density_hard/seed_2_objective_e20_bs32_eval5,0.2,none,0.25,0.5,0.2393167939518393,1.0,0.3862076187779625,0.19310380938898125,0.2393167939518393,0.2393167939518393,0.21469563525156923,1.0,0.2393167939518393,-9578,9578,269,12482208,"{""initial_prob"": 0.5, ""scale"": 0.25, ""smooth"": ""none"", ""threshold"": 0.2}"
sleep,gru,density_hard,2,objective_e20_bs32_eval5,experiments/sleep/gru/density_hard/seed_2_objective_e20_bs32_eval5,0.25,none,0.25,0.5,0.2393167939518393,1.0,0.3862076187779625,0.19310380938898125,0.2393167939518393,0.2393167939518393,0.21469563525156923,1.0,0.2393167939518393,-9578,9578,269,12482208,"{""initial_prob"": 0.5, ""scale"": 0.25, ""smooth"": ""none"", ""threshold"": 0.25}"
sleep,gru,density_hard,2,objective_e20_bs32_eval5,experiments/sleep/gru/density_hard/seed_2_objective_e20_bs32_eval5,0.30000000000000004,none,0.25,0.5,0.2393167939518393,1.0,0.3862076187779625,0.19310380938898125,0.2393167939518393,0.2393167939518393,0.21469563525156923,1.0,0.2393167939518393,-9578,9578,269,12482208,"{""initial_prob"": 0.5, ""scale"": 0.25, ""smooth"": ""none"", ""threshold"": 0.30000000000000004}"
sleep,gru,density_hard,2,objective_e20_bs32_eval5,experiments/sleep/gru/density_hard/seed_2_objective_e20_bs32_eval5,0.35000000000000003,none,0.25,0.5,0.23979610512920876,0.9999956481014676,0.3868311931193728,0.19604069884424283,0.2397958548847628,0.24131788222083786,0.21469563525156923,0.9979968287661927,0.2393167939518393,-9537,9537,269,12482208,"{""initial_prob"": 0.5, ""scale"": 0.25, ""smooth"": ""none"", ""threshold"": 0.35000000000000003}"
sleep,gru,density_hard,2,objective_e20_bs32_eval5,experiments/sleep/gru/density_hard/seed_2_objective_e20_bs32_eval5,0.4,none,0.25,0.5,0.24996986477051364,0.9989629091035691,0.3998784058245138,0.25385250554442695,0.24990501176916113,0.28243072059045965,0.21469563525156923,0.9563896868246388,0.2393167939518393,-8880,8880,269,12482208,"{""initial_prob"": 0.5, ""scale"": 0.25, ""smooth"": ""none"", ""threshold"": 0.4}"
sleep,gru,density_hard,2,objective_e20_bs32_eval5,experiments/sleep/gru/density_hard/seed_2_objective_e20_bs32_eval5,0.45,none,0.25,0.5,0.3489990987634638,0.9900194228579119,0.5160733488844672,0.5526669281853738,0.3477755106672639,0.5556604248222751,0.21469563525156923,0.6788793296826972,0.2393167939518393,-4226,4226,269,12482208,"{""initial_prob"": 0.5, ""scale"": 0.25, ""smooth"": ""none"", ""threshold"": 0.45}"
sleep,gru,density_hard,2,objective_e20_bs32_eval5,experiments/sleep/gru/density_hard/seed_2_objective_e20_bs32_eval5,0.5,none,0.25,0.5,0.6395709326834562,0.923345659249023,0.7556961740932506,0.8273694009690886,0.6073244800501675,0.8571268801160821,0.21469563525156923,0.345500571693726,0.2393167939518393,-511,511,269,12482208,"{""initial_prob"": 0.5, ""scale"": 0.25, ""smooth"": ""none"", ""threshold"": 0.5}"
sleep,gru,density_hard,2,objective_e20_bs32_eval5,experiments/sleep/gru/density_hard/seed_2_objective_e20_bs32_eval5,0.55,none,0.25,0.5,0.7433589227322469,0.5723603559451286,0.6467476527937149,0.7759144936969824,0.4779209540104548,0.8503685405658998,0.21469563525156923,0.1842655562221043,0.2393167939518393,-3538,3538,269,12482208,"{""initial_prob"": 0.5, ""scale"": 0.25, ""smooth"": ""none"", ""threshold"": 0.55}"
sleep,gru,density_hard,2,objective_e20_bs32_eval5,experiments/sleep/gru/density_hard/seed_2_objective_e20_bs32_eval5,0.6000000000000001,none,0.25,0.5,0.5559574878624456,0.09549036188379627,0.16298643622408385,0.5132449349409087,0.08872358889341624,0.7652834338283739,0.21469563525156923,0.04110466673844884,0.2393167939518393,-8371,8371,269,12482208,"{""initial_prob"": 0.5, ""scale"": 0.25, ""smooth"": ""none"", ""threshold"": 0.6000000000000001}"
sleep,gru,density_hard,2,objective_e20_bs32_eval5,experiments/sleep/gru/density_hard/seed_2_objective_e20_bs32_eval5,0.65,none,0.25,0.5,0.14927087936367653,0.006784944573550768,0.012979901901451882,0.4359257654673003,0.00653234555295783,0.7530528252693754,0.21469563525156923,0.01087788314375149,0.2393167939518393,-9418,9418,269,12482208,"{""initial_prob"": 0.5, ""scale"": 0.25, ""smooth"": ""none"", ""threshold"": 0.65}"
sleep,gru,density_hard,2,objective_e20_bs32_eval5,experiments/sleep/gru/density_hard/seed_2_objective_e20_bs32_eval5,0.7000000000000001,none,0.25,0.5,0.029301414184375617,0.0006457547899338578,0.001263660586924159,0.43105207628343417,0.0006322297553739529,0.7557181389702847,0.21469563525156923,0.005274147009887994,0.2393167939518393,-9553,9553,269,12482208,"{""initial_prob"": 0.5, ""scale"": 0.25, ""smooth"": ""none"", ""threshold"": 0.7000000000000001}"
sleep,gru,density_hard,2,objective_e20_bs32_eval5,experiments/sleep/gru/density_hard/seed_2_objective_e20_bs32_eval5,0.75,none,0.25,0.5,0.0,0.0,0.0,0.43096486091056324,0.0,0.7573607169500781,0.21469563525156923,0.003322489098082647,0.2393167939518393,-9565,9565,269,12482208,"{""initial_prob"": 0.5, ""scale"": 0.25, ""smooth"": ""none"", ""threshold"": 0.75}"
sleep,gru,density_hard,2,objective_e20_bs32_eval5,experiments/sleep/gru/density_hard/seed_2_objective_e20_bs32_eval5,0.8,none,0.25,0.5,0.0,0.0,0.0,0.4312987849533333,0.0,0.7583925856707403,0.21469563525156923,0.002290620377420405,0.2393167939518393,-9577,9577,269,12482208,"{""initial_prob"": 0.5, ""scale"": 0.25, ""smooth"": ""none"", ""threshold"": 0.8}"
sleep,gru,density_hard,2,objective_e20_bs32_eval5,experiments/sleep/gru/density_hard/seed_2_objective_e20_bs32_eval5,0.8500000000000001,none,0.25,0.5,0.0,0.0,0.0,0.4314680859960106,0.0,0.7589162109780577,0.21469563525156923,0.0017669950701029817,0.2393167939518393,-9575,9575,269,12482208,"{""initial_prob"": 0.5, ""scale"": 0.25, ""smooth"": ""none"", ""threshold"": 0.8500000000000001}"
sleep,gru,density_hard,2,objective_e20_bs32_eval5,experiments/sleep/gru/density_hard/seed_2_objective_e20_bs32_eval5,0.9,none,0.25,0.5,0.0,0.0,0.0,0.4319916433811542,0.0,0.7605374786255765,0.21469563525156923,0.00014572742258420947,0.2393167939518393,-9573,9573,269,12482208,"{""initial_prob"": 0.5, ""scale"": 0.25, ""smooth"": ""none"", ""threshold"": 0.9}"
sleep,gru,density_hard,2,objective_e20_bs32_eval5,experiments/sleep/gru/density_hard/seed_2_objective_e20_bs32_eval5,0.9500000000000001,none,0.25,0.5,0.0,0.0,0.0,0.4320386560371119,0.0,0.7606832060481608,0.21469563525156923,0.0,0.2393167939518393,-9578,9578,269,12482208,"{""initial_prob"": 0.5, ""scale"": 0.25, ""smooth"": ""none"", ""threshold"": 0.9500000000000001}"
sleep,gru,density_hard,2,objective_e20_bs32_eval5,experiments/sleep/gru/density_hard/seed_2_objective_e20_bs32_eval5,1.0,none,0.25,0.5,0.0,0.0,0.0,0.4320386560371119,0.0,0.7606832060481608,0.21469563525156923,0.0,0.2393167939518393,-9578,9578,269,12482208,"{""initial_prob"": 0.5, ""scale"": 0.25, ""smooth"": ""none"", ""threshold"": 1.0}"
sleep,gru,density_hard,2,objective_e20_bs32_eval5,experiments/sleep/gru/density_hard/seed_2_objective_e20_bs32_eval5,0.0,none,0.25,1.0,0.2393167939518393,1.0,0.3862076187779625,0.19310380938898125,0.2393167939518393,0.2393167939518393,0.2529843528907486,1.0,0.2393167939518393,-9578,9578,269,12482208,"{""initial_prob"": 1.0, ""scale"": 0.25, ""smooth"": ""none"", ""threshold"": 0.0}"
sleep,gru,density_hard,2,objective_e20_bs32_eval5,experiments/sleep/gru/density_hard/seed_2_objective_e20_bs32_eval5,0.05,none,0.25,1.0,0.2393167939518393,1.0,0.3862076187779625,0.19310380938898125,0.2393167939518393,0.2393167939518393,0.2529843528907486,1.0,0.2393167939518393,-9578,9578,269,12482208,"{""initial_prob"": 1.0, ""scale"": 0.25, ""smooth"": ""none"", ""threshold"": 0.05}"
sleep,gru,density_hard,2,objective_e20_bs32_eval5,experiments/sleep/gru/density_hard/seed_2_objective_e20_bs32_eval5,0.1,none,0.25,1.0,0.2393167939518393,1.0,0.3862076187779625,0.19310380938898125,0.2393167939518393,0.2393167939518393,0.2529843528907486,1.0,0.2393167939518393,-9578,9578,269,12482208,"{""initial_prob"": 1.0, ""scale"": 0.25, ""smooth"": ""none"", ""threshold"": 0.1}"
sleep,gru,density_hard,2,objective_e20_bs32_eval5,experiments/sleep/gru/density_hard/seed_2_objective_e20_bs32_eval5,0.15000000000000002,none,0.25,1.0,0.2393167939518393,1.0,0.3862076187779625,0.19310380938898125,0.2393167939518393,0.2393167939518393,0.2529843528907486,1.0,0.2393167939518393,-9578,9578,269,12482208,"{""initial_prob"": 1.0, ""scale"": 0.25, ""smooth"": ""none"", ""threshold"": 0.15000000000000002}"
sleep,gru,density_hard,2,objective_e20_bs32_eval5,experiments/sleep/gru/density_hard/seed_2_objective_e20_bs32_eval5,0.2,none,0.25,1.0,0.2393167939518393,1.0,0.3862076187779625,0.19310380938898125,0.2393167939518393,0.2393167939518393,0.2529843528907486,1.0,0.2393167939518393,-9578,9578,269,12482208,"{""initial_prob"": 1.0, ""scale"": 0.25, ""smooth"": ""none"", ""threshold"": 0.2}"
sleep,gru,density_hard,2,objective_e20_bs32_eval5,experiments/sleep/gru/density_hard/seed_2_objective_e20_bs32_eval5,0.25,none,0.25,1.0,0.2393167939518393,1.0,0.3862076187779625,0.19310380938898125,0.2393167939518393,0.2393167939518393,0.2529843528907486,1.0,0.2393167939518393,-9578,9578,269,12482208,"{""initial_prob"": 1.0, ""scale"": 0.25, ""smooth"": ""none"", ""threshold"": 0.25}"
sleep,gru,density_hard,2,objective_e20_bs32_eval5,experiments/sleep/gru/density_hard/seed_2_objective_e20_bs32_eval5,0.30000000000000004,none,0.25,1.0,0.2393167939518393,1.0,0.3862076187779625,0.19310380938898125,0.2393167939518393,0.2393167939518393,0.2529843528907486,1.0,0.2393167939518393,-9578,9578,269,12482208,"{""initial_prob"": 1.0, ""scale"": 0.25, ""smooth"": ""none"", ""threshold"": 0.30000000000000004}"
sleep,gru,density_hard,2,objective_e20_bs32_eval5,experiments/sleep/gru/density_hard/seed_2_objective_e20_bs32_eval5,0.35000000000000003,none,0.25,1.0,0.23960608400092243,0.9999989957157233,0.38658415859843004,0.19487776372340915,0.23960602634383796,0.2405246731988443,0.2529843528907486,0.9987916400688084,0.2393167939518393,-9549,9549,269,12482208,"{""initial_prob"": 1.0, ""scale"": 0.25, ""smooth"": ""none"", ""threshold"": 0.35000000000000003}"
sleep,gru,density_hard,2,objective_e20_bs32_eval5,experiments/sleep/gru/density_hard/seed_2_objective_e20_bs32_eval5,0.4,none,0.25,1.0,0.24689342551456073,0.9990241704444494,0.3959370995527495,0.23759942441419843,0.2468338987469587,0.2704834753594877,0.2529843528907486,0.968366253790996,0.2393167939518393,-9060,9060,269,12482208,"{""initial_prob"": 1.0, ""scale"": 0.25, ""smooth"": ""none"", ""threshold"": 0.4}"
sleep,gru,density_hard,2,objective_e20_bs32_eval5,experiments/sleep/gru/density_hard/seed_2_objective_e20_bs32_eval5,0.45,none,0.25,1.0,0.30621122105121396,0.9925251121283395,0.46802775705019706,0.45991765712364086,0.3055066821243526,0.4600394417397948,0.2529843528907486,0.775699619810854,0.2393167939518393,-5878,5878,269,12482208,"{""initial_prob"": 1.0, ""scale"": 0.25, ""smooth"": ""none"", ""threshold"": 0.45}"
sleep,gru,density_hard,2,objective_e20_bs32_eval5,experiments/sleep/gru/density_hard/seed_2_objective_e20_bs32_eval5,0.5,none,0.25,1.0,0.4347580529275441,0.9449581916455599,0.5955256163920436,0.6739481828018118,0.42402027644121,0.6928105187800108,0.2529843528907486,0.5201614169544363,0.2393167939518393,-2996,2996,269,12482208,"{""initial_prob"": 1.0, ""scale"": 0.25, ""smooth"": ""none"", ""threshold"": 0.5}"
sleep,gru,density_hard,2,objective_e20_bs32_eval5,experiments/sleep/gru/density_hard/seed_2_objective_e20_bs32_eval5,0.55,none,0.25,1.0,0.487236653024479,0.7080431788677164,0.5772448918881006,0.7007917325527591,0.405723296016942,0.7518057702611589,0.2529843528907486,0.3477706828791829,0.2393167939518393,-4162,4162,269,12482208,"{""initial_prob"": 1.0, ""scale"": 0.25, ""smooth"": ""none"", ""threshold"": 0.55}"
sleep,gru,density_hard,2,objective_e20_bs32_eval5,experiments/sleep/gru/density_hard/seed_2_objective_e20_bs32_eval5,0.6000000000000001,none,0.25,1.0,0.41206160063000646,0.3468228797382969,0.3766380645726536,0.6002182743027236,0.2320111469618169,0.7252567814925052,0.2529843528907486,0.20142750385188263,0.2393167939518393,-7258,7258,269,12482208,"{""initial_prob"": 1.0, ""scale"": 0.25, ""smooth"": ""none"", ""threshold"": 0.6000000000000001}"
sleep,gru,density_hard,2,objective_e20_bs32_eval5,experiments/sleep/gru/density_hard/seed_2_objective_e20_bs32_eval5,0.65,none,0.25,1.0,0.36238479453546224,0.20502095271762674,0.2618812945964125,0.5458537525631542,0.15066939546893848,0.7234184849347167,0.2529843528907486,0.13539463530811216,0.2393167939518393,-8465,8465,269,12482208,"{""initial_prob"": 1.0, ""scale"": 0.25, ""smooth"": ""none"", ""threshold"": 0.65}"
sleep,gru,density_hard,2,objective_e20_bs32_eval5,experiments/sleep/gru/density_hard/seed_2_objective_e20_bs32_eval5,0.7000000000000001,none,0.25,1.0,0.35771338100118466,0.1499081749409648,0.21127613463270972,0.5249772854538277,0.11811556759730886,0.7321429830363346,0.2529843528907486,0.10029131063991242,0.2393167939518393,-8873,8873,269,12482208,"{""initial_prob"": 1.0, ""scale"": 0.25, ""smooth"": ""none"", ""threshold"": 0.7000000000000001}"
sleep,gru,density_hard,2,objective_e20_bs32_eval5,experiments/sleep/gru/density_hard/seed_2_objective_e20_bs32_eval5,0.75,none,0.25,1.0,0.35714331286047263,0.11243598524639445,0.17102866509455822,0.5081285422681385,0.0935108505149975,0.7391570465738113,0.2529843528907486,0.07534179850231626,0.2393167939518393,-9037,9037,269,12482208,"{""initial_prob"": 1.0, ""scale"": 0.25, ""smooth"": ""none"", ""threshold"": 0.75}"
sleep,gru,density_hard,2,objective_e20_bs32_eval5,experiments/sleep/gru/density_hard/seed_2_objective_e20_bs32_eval5,0.8,none,0.25,1.0,0.3873474823088376,0.08744202769012607,0.14267564282885664,0.4976590966832114,0.07681783867098113,0.7485111608459016,0.2529843528907486,0.05402473664915695,0.2393167939518393,-9096,9096,269,12482208,"{""initial_prob"": 1.0, ""scale"": 0.25, ""smooth"": ""none"", ""threshold"": 0.8}"
sleep,gru,density_hard,2,objective_e20_bs32_eval5,experiments/sleep/gru/density_hard/seed_2_objective_e20_bs32_eval5,0.8500000000000001,none,0.25,1.0,0.379193314117722,0.06178859012547528,0.10626204857339998,0.48089410070708505,0.056112329846560935,0.7512612351917225,0.2529843528907486,0.038996065439704256,0.2393167939518393,-9210,9210,269,12482208,"{""initial_prob"": 1.0, ""scale"": 0.25, ""smooth"": ""none"", ""threshold"": 0.8500000000000001}"
sleep,gru,density_hard,2,objective_e20_bs32_eval5,experiments/sleep/gru/density_hard/seed_2_objective_e20_bs32_eval5,0.9,none,0.25,1.0,0.3829112458279409,0.04704670122743624,0.0837975485857099,0.4707945604426198,0.04373105176014232,0.753797485188518,0.2529843528907486,0.02940385226716299,0.2393167939518393,-9256,9256,269,12482208,"{""initial_prob"": 1.0, ""scale"": 0.25, ""smooth"": ""none"", ""threshold"": 0.9}"
sleep,gru,density_hard,2,objective_e20_bs32_eval5,experiments/sleep/gru/density_hard/seed_2_objective_e20_bs32_eval5,0.9500000000000001,none,0.25,1.0,0.38006572579565323,0.03325687382373204,0.061161900651697916,0.4603579447527243,0.031545646164192954,0.755660136411763,0.2529843528907486,0.02094092647711046,0.2393167939518393,-9291,9291,269,12482208,"{""initial_prob"": 1.0, ""scale"": 0.25, ""smooth"": ""none"", ""threshold"": 0.9500000000000001}"
sleep,gru,density_hard,2,objective_e20_bs32_eval5,experiments/sleep/gru/density_hard/seed_2_objective_e20_bs32_eval5,1.0,none,0.25,1.0,0.0,0.0,0.0,0.4320386560371119,0.0,0.7606832060481608,0.2529843528907486,0.0,0.2393167939518393,-9578,9578,269,12482208,"{""initial_prob"": 1.0, ""scale"": 0.25, ""smooth"": ""none"", ""threshold"": 1.0}"
sleep,gru,density_hard,2,objective_e20_bs32_eval5,experiments/sleep/gru/density_hard/seed_2_objective_e20_bs32_eval5,0.0,none,0.5,0.0,0.2393167939518393,1.0,0.3862076187779625,0.19310380938898125,0.2393167939518393,0.2393167939518393,0.17648108129156254,1.0,0.2393167939518393,-9578,9578,269,12482208,"{""initial_prob"": 0.0, ""scale"": 0.5, ""smooth"": ""none"", ""threshold"": 0.0}"
sleep,gru,density_hard,2,objective_e20_bs32_eval5,experiments/sleep/gru/density_hard/seed_2_objective_e20_bs32_eval5,0.05,none,0.5,0.0,0.2429676448726873,0.9996230586348027,0.3909188433992919,0.21518307969407757,0.24294538643727218,0.25453373313439415,0.17648108129156254,0.9846026440193915,0.2393167939518393,-9307,9307,269,12482208,"{""initial_prob"": 0.0, ""scale"": 0.5, ""smooth"": ""none"", ""threshold"": 0.05}"
sleep,gru,density_hard,2,objective_e20_bs32_eval5,experiments/sleep/gru/density_hard/seed_2_objective_e20_bs32_eval5,0.1,none,0.5,0.0,0.2433099999894037,0.9992728981836515,0.3913349993854726,0.21746351940312042,0.24326693204363767,0.25609595674098684,0.17648108129156254,0.9828728218597222,0.2393167939518393,-9305,9305,269,12482208,"{""initial_prob"": 0.0, ""scale"": 0.5, ""smooth"": ""none"", ""threshold"": 0.1}"
sleep,gru,density_hard,2,objective_e20_bs32_eval5,experiments/sleep/gru/density_hard/seed_2_objective_e20_bs32_eval5,0.15000000000000002,none,0.5,0.0,0.24382205653438402,0.9990027457132126,0.39197625200718483,0.22062196261625477,0.2437627258281861,0.2582959681492249,0.17648108129156254,0.980543506405277,0.2393167939518393,-9287,9287,269,12482208,"{""initial_prob"": 0.0, ""scale"": 0.5, ""smooth"": ""none"", ""threshold"": 0.15000000000000002}"
sleep,gru,density_hard,2,objective_e20_bs32_eval5,experiments/sleep/gru/density_hard/seed_2_objective_e20_bs32_eval5,0.2,none,0.5,0.0,0.2447462780020679,0.9978789516075578,0.39308256984172146,0.2267989927473414,0.2446190217769954,0.2625597169987874,0.17648108129156254,0.9757418719508599,0.2393167939518393,-9207,9207,269,12482208,"{""initial_prob"": 0.0, ""scale"": 0.5, ""smooth"": ""none"", ""threshold"": 0.2}"
sleep,gru,density_hard,2,objective_e20_bs32_eval5,experiments/sleep/gru/density_hard/seed_2_objective_e20_bs32_eval5,0.25,none,0.5,0.0,0.24782399595054283,0.9955125230901694,0.39685457269663676,0.24544970591073537,0.2475474563553366,0.2758299653394656,0.17648108129156254,0.9613389714383865,0.2393167939518393,-8935,8935,269,12482208,"{""initial_prob"": 0.0, ""scale"": 0.5, ""smooth"": ""none"", ""threshold"": 0.25}"
sleep,gru,density_hard,2,objective_e20_bs32_eval5,experiments/sleep/gru/density_hard/seed_2_objective_e20_bs32_eval5,0.30000000000000004,none,0.5,0.0,0.2517213513360107,0.9887433123036206,0.40128156809763876,0.2704464206840196,0.2510020276804729,0.2939098595376715,0.17648108129156254,0.9400191055941385,0.2393167939518393,-8640,8640,269,12482208,"{""initial_prob"": 0.0, ""scale"": 0.5, ""smooth"": ""none"", ""threshold"": 0.30000000000000004}"
sleep,gru,density_hard,2,objective_e20_bs32_eval5,experiments/sleep/gru/density_hard/seed_2_objective_e20_bs32_eval5,0.35000000000000003,none,0.5,0.0,0.2753031038206297,0.9730510357183746,0.4291794480820513,0.3760329040370901,0.27321990889285824,0.38055967341675445,0.17648108129156254,0.8458584410706824,0.2393167939518393,-6991,6991,269,12482208,"{""initial_prob"": 0.0, ""scale"": 0.5, ""smooth"": ""none"", ""threshold"": 0.35000000000000003}"
sleep,gru,density_hard,2,objective_e20_bs32_eval5,experiments/sleep/gru/density_hard/seed_2_objective_e20_bs32_eval5,0.4,none,0.5,0.0,0.37927815063465503,0.9471937284455487,0.5416622715992756,0.6059083667999383,0.371424438283775,0.6163819734457237,0.17648108129156254,0.5976599652881927,0.2393167939518393,-3033,3033,269,12482208,"{""initial_prob"": 0.0, ""scale"": 0.5, ""smooth"": ""none"", ""threshold"": 0.4}"
sleep,gru,density_hard,2,objective_e20_bs32_eval5,experiments/sleep/gru/density_hard/seed_2_objective_e20_bs32_eval5,0.45,none,0.5,0.0,0.5548875455773215,0.9227668567442041,0.6930332768940342,0.7747370794614421,0.5302608434031604,0.8043713900617583,0.17648108129156254,0.3979790274284806,0.2393167939518393,-703,703,269,12482208,"{""initial_prob"": 0.0, ""scale"": 0.5, ""smooth"": ""none"", ""threshold"": 0.45}"
sleep,gru,density_hard,2,objective_e20_bs32_eval5,experiments/sleep/gru/density_hard/seed_2_objective_e20_bs32_eval5,0.5,none,0.5,0.0,0.7144816627259128,0.875716138379661,0.7869248997708512,0.8547902327774601,0.6487025408585186,0.8865078197703483,0.17648108129156254,0.2933225435756238,0.2393167939518393,-407,407,269,12482208,"{""initial_prob"": 0.0, ""scale"": 0.5, ""smooth"": ""none"", ""threshold"": 0.5}"
sleep,gru,density_hard,2,objective_e20_bs32_eval5,experiments/sleep/gru/density_hard/seed_2_objective_e20_bs32_eval5,0.55,none,0.5,0.0,0.7791210542184603,0.7595157609026775,0.7691935023450495,0.8488881452217809,0.6249507975547659,0.8909181772968372,0.17648108129156254,0.2332947824615645,0.2393167939518393,-1471,1471,269,12482208,"{""initial_prob"": 0.0, ""scale"": 0.5, ""smooth"": ""none"", ""threshold"": 0.55}"
sleep,gru,density_hard,2,objective_e20_bs32_eval5,experiments/sleep/gru/density_hard/seed_2_objective_e20_bs32_eval5,0.6000000000000001,none,0.5,0.0,0.8032954484308954,0.4497854514023491,0.5766756255402579,0.7397623271315024,0.405161069316437,0.8419661008693333,0.17648108129156254,0.13399952957040934,0.2393167939518393,-4571,4571,269,12482208,"{""initial_prob"": 0.0, ""scale"": 0.5, ""smooth"": ""none"", ""threshold"": 0.6000000000000001}"
sleep,gru,density_hard,2,objective_e20_bs32_eval5,experiments/sleep/gru/density_hard/seed_2_objective_e20_bs32_eval5,0.65,none,0.5,0.0,0.647618083959573,0.11141529765981678,0.19012223531011258,0.5290070625936258,0.10504700318404593,0.7728385875319495,0.17648108129156254,0.04117172218248566,0.2393167939518393,-8224,8224,269,12482208,"{""initial_prob"": 0.0, ""scale"": 0.5, ""smooth"": ""none"", ""threshold"": 0.65}"
sleep,gru,density_hard,2,objective_e20_bs32_eval5,experiments/sleep/gru/density_hard/seed_2_objective_e20_bs32_eval5,0.7000000000000001,none,0.5,0.0,0.32347151253277995,0.015237001046464216,0.02910311124382296,0.4450147575366136,0.014766430151599551,0.7567032210967803,0.17648108129156254,0.01127292543114167,0.2393167939518393,-9373,9373,269,12482208,"{""initial_prob"": 0.0, ""scale"": 0.5, ""smooth"": ""none"", ""threshold"": 0.7000000000000001}"
sleep,gru,density_hard,2,objective_e20_bs32_eval5,experiments/sleep/gru/density_hard/seed_2_objective_e20_bs32_eval5,0.75,none,0.5,0.0,0.0830690537084399,0.0019027839429673656,0.0037203493751037024,0.4323844268495495,0.0018636413860849202,0.7561121397752705,0.17648108129156254,0.00548180257851816,0.2393167939518393,-9522,9522,269,12482208,"{""initial_prob"": 0.0, ""scale"": 0.5, ""smooth"": ""none"", ""threshold"": 0.75}"
sleep,gru,density_hard,2,objective_e20_bs32_eval5,experiments/sleep/gru/density_hard/seed_2_objective_e20_bs32_eval5,0.8,none,0.5,0.0,0.0188150052588524,0.0002694829475877426,0.0005313554150562362,0.4312331763371939,0.0002657483109301455,0.757384510817317,0.17648108129156254,0.003427678820926554,0.2393167939518393,-9560,9560,269,12482208,"{""initial_prob"": 0.0, ""scale"": 0.5, ""smooth"": ""none"", ""threshold"": 0.8}"
sleep,gru,density_hard,2,objective_e20_bs32_eval5,experiments/sleep/gru/density_hard/seed_2_objective_e20_bs32_eval5,0.8500000000000001,none,0.5,0.0,0.0,0.0,0.0,0.43116445877056925,0.0,0.757977354647511,0.17648108129156254,0.0027058514006496285,0.2393167939518393,-9577,9577,269,12482208,"{""initial_prob"": 0.0, ""scale"": 0.5, ""smooth"": ""none"", ""threshold"": 0.8500000000000001}"
sleep,gru,density_hard,2,objective_e20_bs32_eval5,experiments/sleep/gru/density_hard/seed_2_objective_e20_bs32_eval5,0.9,none,0.5,0.0,0.0,0.0,0.0,0.4314845030413842,0.0,0.7589670032737798,0.17648108129156254,0.0017162027743809428,0.2393167939518393,-9567,9567,269,12482208,"{""initial_prob"": 0.0, ""scale"": 0.5, ""smooth"": ""none"", ""threshold"": 0.9}"
sleep,gru,density_hard,2,objective_e20_bs32_eval5,experiments/sleep/gru/density_hard/seed_2_objective_e20_bs32_eval5,0.9500000000000001,none,0.5,0.0,0.0,0.0,0.0,0.4320386560371119,0.0,0.7606832060481608,0.17648108129156254,0.0,0.2393167939518393,-9578,9578,269,12482208,"{""initial_prob"": 0.0, ""scale"": 0.5, ""smooth"": ""none"", ""threshold"": 0.9500000000000001}"
sleep,gru,density_hard,2,objective_e20_bs32_eval5,experiments/sleep/gru/density_hard/seed_2_objective_e20_bs32_eval5,1.0,none,0.5,0.0,0.0,0.0,0.0,0.4320386560371119,0.0,0.7606832060481608,0.17648108129156254,0.0,0.2393167939518393,-9578,9578,269,12482208,"{""initial_prob"": 0.0, ""scale"": 0.5, ""smooth"": ""none"", ""threshold"": 1.0}"
sleep,gru,density_hard,2,objective_e20_bs32_eval5,experiments/sleep/gru/density_hard/seed_2_objective_e20_bs32_eval5,0.0,none,0.5,0.2393167939518393,0.2393167939518393,1.0,0.3862076187779625,0.19310380938898125,0.2393167939518393,0.2393167939518393,0.17775845121106768,1.0,0.2393167939518393,-9578,9578,269,12482208,"{""initial_prob"": 0.2393167939518393, ""scale"": 0.5, ""smooth"": ""none"", ""threshold"": 0.0}"
sleep,gru,density_hard,2,objective_e20_bs32_eval5,experiments/sleep/gru/density_hard/seed_2_objective_e20_bs32_eval5,0.05,none,0.5,0.2393167939518393,0.2393167939518393,1.0,0.3862076187779625,0.19310380938898125,0.2393167939518393,0.2393167939518393,0.17775845121106768,1.0,0.2393167939518393,-9578,9578,269,12482208,"{""initial_prob"": 0.2393167939518393, ""scale"": 0.5, ""smooth"": ""none"", ""threshold"": 0.05}"
sleep,gru,density_hard,2,objective_e20_bs32_eval5,experiments/sleep/gru/density_hard/seed_2_objective_e20_bs32_eval5,0.1,none,0.5,0.2393167939518393,0.2393167939518393,1.0,0.3862076187779625,0.19310380938898125,0.2393167939518393,0.2393167939518393,0.17775845121106768,1.0,0.2393167939518393,-9578,9578,269,12482208,"{""initial_prob"": 0.2393167939518393, ""scale"": 0.5, ""smooth"": ""none"", ""threshold"": 0.1}"
sleep,gru,density_hard,2,objective_e20_bs32_eval5,experiments/sleep/gru/density_hard/seed_2_objective_e20_bs32_eval5,0.15000000000000002,none,0.5,0.2393167939518393,0.23932358125643835,1.0,0.3862164569059677,0.19314550981988304,0.23932358125643835,0.23934515431885128,0.17775845121106768,0.999971639632988,0.2393167939518393,-9576,9576,269,12482208,"{""initial_prob"": 0.2393167939518393, ""scale"": 0.5, ""smooth"": ""none"", ""threshold"": 0.15000000000000002}"
sleep,gru,density_hard,2,objective_e20_bs32_eval5,experiments/sleep/gru/density_hard/seed_2_objective_e20_bs32_eval5,0.2,none,0.5,0.2393167939518393,0.2398593489468636,0.9999631762431868,0.38691104823694394,0.19645677394797625,0.2398572303245039,0.24159788075955793,0.17775845121106768,0.9977012881054378,0.2393167939518393,-9470,9470,269,12482208,"{""initial_prob"": 0.2393167939518393, ""scale"": 0.5, ""smooth"": ""none"", ""threshold"": 0.2}"
sleep,gru,density_hard,2,objective_e20_bs32_eval5,experiments/sleep/gru/density_hard/seed_2_objective_e20_bs32_eval5,0.25,none,0.5,0.2393167939518393,0.24313959939249885,0.9997144485039847,0.3911483748675804,0.21609133647748058,0.24312271483418257,0.25518385849683006,0.17775845121106768,0.9839962609179401,0.2393167939518393,-9279,9279,269,12482208,"{""initial_prob"": 0.2393167939518393, ""scale"": 0.5, ""smooth"": ""none"", ""threshold"": 0.25}"
sleep,gru,density_hard,2,objective_e20_bs32_eval5,experiments/sleep/gru/density_hard/seed_2_objective_e20_bs32_eval5,0.30000000000000004,none,0.5,0.2393167939518393,0.24652608722763816,0.9992210101626874,0.3954800238781892,0.23544578922052686,0.24647871622893736,0.26894368368160504,0.17775845121106768,0.9700002595694608,0.2393167939518393,-9030,9030,269,12482208,"{""initial_prob"": 0.2393167939518393, ""scale"": 0.5, ""smooth"": ""none"", ""threshold"": 0.30000000000000004}"
sleep,gru,density_hard,2,objective_e20_bs32_eval5,experiments/sleep/gru/density_hard/seed_2_objective_e20_bs32_eval5,0.35000000000000003,none,0.5,0.2393167939518393,0.27044913608818477,0.9971759526138507,0.4254970611041923,0.3458888948059378,0.2702421510896586,0.3555775548684976,0.17775845121106768,0.882387555150499,0.2393167939518393,-7227,7227,269,12482208,"{""initial_prob"": 0.2393167939518393, ""scale"": 0.5, ""smooth"": ""none"", ""threshold"": 0.35000000000000003}"
sleep,gru,density_hard,2,objective_e20_bs32_eval5,experiments/sleep/gru/density_hard/seed_2_objective_e20_bs32_eval5,0.4,none,0.5,0.2393167939518393,0.38004183506272304,0.9909021887371527,0.5493795219027969,0.6035714944527923,0.378720368420157,0.6109795638720329,0.17775845121106768,0.6239827120329993,0.2393167939518393,-2763,2763,269,12482208,"{""initial_prob"": 0.2393167939518393, ""scale"": 0.5, ""smooth"": ""none"", ""threshold"": 0.4}"
sleep,gru,density_hard,2,objective_e20_bs32_eval5,experiments/sleep/gru/density_hard/seed_2_objective_e20_bs32_eval5,0.45,none,0.5,0.2393167939518393,0.5601608979129155,0.9726938452772862,0.7109154473840219,0.7850865031720775,0.5514886094487284,0.810684455827046,0.17775845121106768,0.4155626953180078,0.2393167939518393,-213,213,269,12482208,"{""initial_prob"": 0.2393167939518393, ""scale"": 0.5, ""smooth"": ""none"", ""threshold"": 0.45}"
sleep,gru,density_hard,2,objective_e20_bs32_eval5,experiments/sleep/gru/density_hard/seed_2_objective_e20_bs32_eval5,0.5,none,0.5,0.2393167939518393,0.7152411962661127,0.9212440270192642,0.8052766631347285,0.8659335251514404,0.6740277336907323,0.893377037139583,0.17775845121106768,0.30824450289564154,0.2393167939518393,47,47,269,12482208,"{""initial_prob"": 0.2393167939518393, ""scale"": 0.5, ""smooth"": ""none"", ""threshold"": 0.5}"
sleep,gru,density_hard,2,objective_e20_bs32_eval5,experiments/sleep/gru/density_hard/seed_2_objective_e20_bs32_eval5,0.55,none,0.5,0.2393167939518393,0.7833060663999106,0.7981944307750196,0.7906801684976511,0.8620006663765276,0.6538222130330749,0.8988603618846922,0.17775845121106768,0.24386550841005053,0.2393167939518393,-1071,1071,269,12482208,"{""initial_prob"": 0.2393167939518393, ""scale"": 0.5, ""smooth"": ""none"", ""threshold"": 0.55}"
sleep,gru,density_hard,2,objective_e20_bs32_eval5,experiments/sleep/gru/density_hard/seed_2_objective_e20_bs32_eval5,0.6000000000000001,none,0.5,0.2393167939518393,0.8095274790591624,0.47827264443449086,0.6012964917283153,0.7537793768587011,0.4298956055892865,0.8482110697081798,0.17775845121106768,0.14138948814184157,0.2393167939518393,-4265,4265,269,12482208,"{""initial_prob"": 0.2393167939518393, ""scale"": 0.5, ""smooth"": ""none"", ""threshold"": 0.6000000000000001}"
sleep,gru,density_hard,2,objective_e20_bs32_eval5,experiments/sleep/gru/density_hard/seed_2_objective_e20_bs32_eval5,0.65,none,0.5,0.2393167939518393,0.6526880510223223,0.11647956850591289,0.19768076716145377,0.5329853428921725,0.10968132812416269,0.7737254498563074,0.17775845121106768,0.042708789983310645,0.2393167939518393,-8166,8166,269,12482208,"{""initial_prob"": 0.2393167939518393, ""scale"": 0.5, ""smooth"": ""none"", ""threshold"": 0.65}"
sleep,gru,density_hard,2,objective_e20_bs32_eval5,experiments/sleep/gru/density_hard/seed_2_objective_e20_bs32_eval5,0.7000000000000001,none,0.5,0.2393167939518393,0.3268545786004768,0.015605238614596536,0.02978827549937344,0.4453579237948956,0.015119327090048476,0.7567265342798325,0.17775845121106768,0.011425863116525537,0.2393167939518393,-9363,9363,269,12482208,"{""initial_prob"": 0.2393167939518393, ""scale"": 0.5, ""smooth"": ""none"", ""threshold"": 0.7000000000000001}"
sleep,gru,density_hard,2,objective_e20_bs32_eval5,experiments/sleep/gru/density_hard/seed_2_objective_e20_bs32_eval5,0.75,none,0.5,0.2393167939518393,0.08403863242384955,0.0019312386641412264,0.003775710121802484,0.43241021647322,0.0018914257986675758,0.756107973845653,0.17775845121106768,0.005499587893423984,0.2393167939518393,-9522,9522,269,12482208,"{""initial_prob"": 0.2393167939518393, ""scale"": 0.5, ""smooth"": ""none"", ""threshold"": 0.75}"
sleep,gru,density_hard,2,objective_e20_bs32_eval5,experiments/sleep/gru/density_hard/seed_2_objective_e20_bs32_eval5,0.8,none,0.5,0.2393167939518393,0.01881412578586954,0.0002694829475877426,0.000531355064325316,0.4312331242769534,0.0002657481354714669,0.7573843505892547,0.17775845121106768,0.0034278390489887686,0.2393167939518393,-9560,9560,269,12482208,"{""initial_prob"": 0.2393167939518393, ""scale"": 0.5, ""smooth"": ""none"", ""threshold"": 0.8}"
sleep,gru,density_hard,2,objective_e20_bs32_eval5,experiments/sleep/gru/density_hard/seed_2_objective_e20_bs32_eval5,0.8500000000000001,none,0.5,0.2393167939518393,0.0,0.0,0.0,0.43116445877056925,0.0,0.757977354647511,0.17775845121106768,0.0027058514006496285,0.2393167939518393,-9577,9577,269,12482208,"{""initial_prob"": 0.2393167939518393, ""scale"": 0.5, ""smooth"": ""none"", ""threshold"": 0.8500000000000001}"
sleep,gru,density_hard,2,objective_e20_bs32_eval5,experiments/sleep/gru/density_hard/seed_2_objective_e20_bs32_eval5,0.9,none,0.5,0.2393167939518393,0.0,0.0,0.0,0.4314845030413842,0.0,0.7589670032737798,0.17775845121106768,0.0017162027743809428,0.2393167939518393,-9567,9567,269,12482208,"{""initial_prob"": 0.2393167939518393, ""scale"": 0.5, ""smooth"": ""none"", ""threshold"": 0.9}"
sleep,gru,density_hard,2,objective_e20_bs32_eval5,experiments/sleep/gru/density_hard/seed_2_objective_e20_bs32_eval5,0.9500000000000001,none,0.5,0.2393167939518393,0.0,0.0,0.0,0.4320386560371119,0.0,0.7606832060481608,0.17775845121106768,0.0,0.2393167939518393,-9578,9578,269,12482208,"{""initial_prob"": 0.2393167939518393, ""scale"": 0.5, ""smooth"": ""none"", ""threshold"": 0.9500000000000001}"
sleep,gru,density_hard,2,objective_e20_bs32_eval5,experiments/sleep/gru/density_hard/seed_2_objective_e20_bs32_eval5,1.0,none,0.5,0.2393167939518393,0.0,0.0,0.0,0.4320386560371119,0.0,0.7606832060481608,0.17775845121106768,0.0,0.2393167939518393,-9578,9578,269,12482208,"{""initial_prob"": 0.2393167939518393, ""scale"": 0.5, ""smooth"": ""none"", ""threshold"": 1.0}"
sleep,gru,density_hard,2,objective_e20_bs32_eval5,experiments/sleep/gru/density_hard/seed_2_objective_e20_bs32_eval5,0.0,none,0.5,0.5,0.2393167939518393,1.0,0.3862076187779625,0.19310380938898125,0.2393167939518393,0.2393167939518393,0.18265696065216425,1.0,0.2393167939518393,-9578,9578,269,12482208,"{""initial_prob"": 0.5, ""scale"": 0.5, ""smooth"": ""none"", ""threshold"": 0.0}"
sleep,gru,density_hard,2,objective_e20_bs32_eval5,experiments/sleep/gru/density_hard/seed_2_objective_e20_bs32_eval5,0.05,none,0.5,0.5,0.2393167939518393,1.0,0.3862076187779625,0.19310380938898125,0.2393167939518393,0.2393167939518393,0.18265696065216425,1.0,0.2393167939518393,-9578,9578,269,12482208,"{""initial_prob"": 0.5, ""scale"": 0.5, ""smooth"": ""none"", ""threshold"": 0.05}"
sleep,gru,density_hard,2,objective_e20_bs32_eval5,experiments/sleep/gru/density_hard/seed_2_objective_e20_bs32_eval5,0.1,none,0.5,0.5,0.2393167939518393,1.0,0.3862076187779625,0.19310380938898125,0.2393167939518393,0.2393167939518393,0.18265696065216425,1.0,0.2393167939518393,-9578,9578,269,12482208,"{""initial_prob"": 0.5, ""scale"": 0.5, ""smooth"": ""none"", ""threshold"": 0.1}"
sleep,gru,density_hard,2,objective_e20_bs32_eval5,experiments/sleep/gru/density_hard/seed_2_objective_e20_bs32_eval5,0.15000000000000002,none,0.5,0.5,0.2393167939518393,1.0,0.3862076187779625,0.19310380938898125,0.2393167939518393,0.2393167939518393,0.18265696065216425,1.0,0.2393167939518393,-9578,9578,269,12482208,"{""initial_prob"": 0.5, ""scale"": 0.5, ""smooth"": ""none"", ""threshold"": 0.15000000000000002}"
sleep,gru,density_hard,2,objective_e20_bs32_eval5,experiments/sleep/gru/density_hard/seed_2_objective_e20_bs32_eval5,0.2,none,0.5,0.5,0.2393167939518393,1.0,0.3862076187779625,0.19310380938898125,0.2393167939518393,0.2393167939518393,0.18265696065216425,1.0,0.2393167939518393,-9578,9578,269,12482208,"{""initial_prob"": 0.5, ""scale"": 0.5, ""smooth"": ""none"", ""threshold"": 0.2}"
sleep,gru,density_hard,2,objective_e20_bs32_eval5,experiments/sleep/gru/density_hard/seed_2_objective_e20_bs32_eval5,0.25,none,0.5,0.5,0.23935228775907613,1.0,0.38625383617415004,0.19332182467564427,0.23935228775907613,0.23946508502341893,0.18265696065216425,0.9998517089284203,0.2393167939518393,-9574,9574,269,12482208,"{""initial_prob"": 0.5, ""scale"": 0.5, ""smooth"": ""none"", ""threshold"": 0.25}"
sleep,gru,density_hard,2,objective_e20_bs32_eval5,experiments/sleep/gru/density_hard/seed_2_objective_e20_bs32_eval5,0.30000000000000004,none,0.5,0.5,0.24032533778861348,0.999957485298952,0.38751664693780347,0.19928664969963877,0.24032288221883813,0.2435353584878573,0.18265696065216425,0.9957610865000808,0.2393167939518393,-9489,9489,269,12482208,"{""initial_prob"": 0.5, ""scale"": 0.5, ""smooth"": ""none"", ""threshold"": 0.30000000000000004}"
sleep,gru,density_hard,2,objective_e20_bs32_eval5,experiments/sleep/gru/density_hard/seed_2_objective_e20_bs32_eval5,0.35000000000000003,none,0.5,0.5,0.2563923310241682,0.9990141276016821,0.4080583768578628,0.2852696034573543,0.2563274751573156,0.30636438681361505,0.18265696065216425,0.9324805354950022,0.2393167939518393,-8112,8112,269,12482208,"{""initial_prob"": 0.5, ""scale"": 0.5, ""smooth"": ""none"", ""threshold"": 0.35000000000000003}"
sleep,gru,density_hard,2,objective_e20_bs32_eval5,experiments/sleep/gru/density_hard/seed_2_objective_e20_bs32_eval5,0.4,none,0.5,0.5,0.3497947396040249,0.9956658438230827,0.5177092199692603,0.5532214056964252,0.3492629293413835,0.5560440909172479,0.18265696065216425,0.6811982303130985,0.2393167939518393,-3646,3646,269,12482208,"{""initial_prob"": 0.5, ""scale"": 0.5, ""smooth"": ""none"", ""threshold"": 0.4}"
sleep,gru,density_hard,2,objective_e20_bs32_eval5,experiments/sleep/gru/density_hard/seed_2_objective_e20_bs32_eval5,0.45,none,0.5,0.5,0.522815915094127,0.9860059681266952,0.6833140720546976,0.7581337341236494,0.5189651211059984,0.7812786808231365,0.18265696065216425,0.45134009944394454,0.2393167939518393,-368,368,269,12482208,"{""initial_prob"": 0.5, ""scale"": 0.5, ""smooth"": ""none"", ""threshold"": 0.45}"
sleep,gru,density_hard,2,objective_e20_bs32_eval5,experiments/sleep/gru/density_hard/seed_2_objective_e20_bs32_eval5,0.5,none,0.5,0.5,0.7029528375795795,0.9590854585662436,0.8112831649473632,0.8684136569978506,0.682486477035079,0.8932178505597728,0.18265696065216425,0.326515869628194,0.2393167939518393,512,512,269,12482208,"{""initial_prob"": 0.5, ""scale"": 0.5, ""smooth"": ""none"", ""threshold"": 0.5}"
sleep,gru,density_hard,2,objective_e20_bs32_eval5,experiments/sleep/gru/density_hard/seed_2_objective_e20_bs32_eval5,0.55,none,0.5,0.5,0.7853805124713615,0.8727216974278941,0.8267507393436755,0.8840950024004179,0.7046675988367426,0.912466207901679,0.18265696065216425,0.2659309154277833,0.2393167939518393,-293,293,269,12482208,"{""initial_prob"": 0.5, ""scale"": 0.5, ""smooth"": ""none"", ""threshold"": 0.55}"
sleep,gru,density_hard,2,objective_e20_bs32_eval5,experiments/sleep/gru/density_hard/seed_2_objective_e20_bs32_eval5,0.6000000000000001,none,0.5,0.5,0.8213533710816365,0.567906689939281,0.6715115295240882,0.7940785997031109,0.5054703480290866,0.8670320988081596,0.18265696065216425,0.1654703238401411,0.2393167939518393,-3361,3361,269,12482208,"{""initial_prob"": 0.5, ""scale"": 0.5, ""smooth"": ""none"", ""threshold"": 0.6000000000000001}"
sleep,gru,density_hard,2,objective_e20_bs32_eval5,experiments/sleep/gru/density_hard/seed_2_objective_e20_bs32_eval5,0.65,none,0.5,0.5,0.7058800619120912,0.16381382979791792,0.2659163584383728,0.569488990454476,0.15334690441973264,0.7835516761137132,0.18265696065216425,0.05553833103886748,0.2393167939518393,-7636,7636,269,12482208,"{""initial_prob"": 0.5, ""scale"": 0.5, ""smooth"": ""none"", ""threshold"": 0.65}"
sleep,gru,density_hard,2,objective_e20_bs32_eval5,experiments/sleep/gru/density_hard/seed_2_objective_e20_bs32_eval5,0.7000000000000001,none,0.5,0.5,0.3790827656760736,0.02034345183218276,0.038614650946303584,0.4499581244452884,0.01968743723151286,0.7575773452901923,0.18265696065216425,0.01284292009875176,0.2393167939518393,-9307,9307,269,12482208,"{""initial_prob"": 0.5, ""scale"": 0.5, ""smooth"": ""none"", ""threshold"": 0.7000000000000001}"
sleep,gru,density_hard,2,objective_e20_bs32_eval5,experiments/sleep/gru/density_hard/seed_2_objective_e20_bs32_eval5,0.75,none,0.5,0.5,0.10090000708666998,0.0023831665886672546,0.00465635431461689,0.4328625639846197,0.0023336102153057817,0.75617142415829,0.18265696065216425,0.005652445464776745,0.2393167939518393,-9516,9516,269,12482208,"{""initial_prob"": 0.5, ""scale"": 0.5, ""smooth"": ""none"", ""threshold"": 0.75}"
sleep,gru,density_hard,2,objective_e20_bs32_eval5,experiments/sleep/gru/density_hard/seed_2_objective_e20_bs32_eval5,0.8,none,0.5,0.5,0.01881192746307721,0.0002694829475877426,0.0005313541875000413,0.43123299412631194,0.0002657476968257841,0.7573839500190992,0.18265696065216425,0.0034282396191443053,0.2393167939518393,-9560,9560,269,12482208,"{""initial_prob"": 0.5, ""scale"": 0.5, ""smooth"": ""none"", ""threshold"": 0.8}"
sleep,gru,density_hard,2,objective_e20_bs32_eval5,experiments/sleep/gru/density_hard/seed_2_objective_e20_bs32_eval5,0.8500000000000001,none,0.5,0.5,0.0,0.0,0.0,0.43116445877056925,0.0,0.757977354647511,0.18265696065216425,0.0027058514006496285,0.2393167939518393,-9577,9577,269,12482208,"{""initial_prob"": 0.5, ""scale"": 0.5, ""smooth"": ""none"", ""threshold"": 0.8500000000000001}"
sleep,gru,density_hard,2,objective_e20_bs32_eval5,experiments/sleep/gru/density_hard/seed_2_objective_e20_bs32_eval5,0.9,none,0.5,0.5,0.0,0.0,0.0,0.4314845030413842,0.0,0.7589670032737798,0.18265696065216425,0.0017162027743809428,0.2393167939518393,-9567,9567,269,12482208,"{""initial_prob"": 0.5, ""scale"": 0.5, ""smooth"": ""none"", ""threshold"": 0.9}"
sleep,gru,density_hard,2,objective_e20_bs32_eval5,experiments/sleep/gru/density_hard/seed_2_objective_e20_bs32_eval5,0.9500000000000001,none,0.5,0.5,0.0,0.0,0.0,0.4320386560371119,0.0,0.7606832060481608,0.18265696065216425,0.0,0.2393167939518393,-9578,9578,269,12482208,"{""initial_prob"": 0.5, ""scale"": 0.5, ""smooth"": ""none"", ""threshold"": 0.9500000000000001}"
sleep,gru,density_hard,2,objective_e20_bs32_eval5,experiments/sleep/gru/density_hard/seed_2_objective_e20_bs32_eval5,1.0,none,0.5,0.5,0.0,0.0,0.0,0.4320386560371119,0.0,0.7606832060481608,0.18265696065216425,0.0,0.2393167939518393,-9578,9578,269,12482208,"{""initial_prob"": 0.5, ""scale"": 0.5, ""smooth"": ""none"", ""threshold"": 1.0}"
sleep,gru,density_hard,2,objective_e20_bs32_eval5,experiments/sleep/gru/density_hard/seed_2_objective_e20_bs32_eval5,0.0,none,0.5,1.0,0.2393167939518393,1.0,0.3862076187779625,0.19310380938898125,0.2393167939518393,0.2393167939518393,0.20228631434362573,1.0,0.2393167939518393,-9578,9578,269,12482208,"{""initial_prob"": 1.0, ""scale"": 0.5, ""smooth"": ""none"", ""threshold"": 0.0}"
sleep,gru,density_hard,2,objective_e20_bs32_eval5,experiments/sleep/gru/density_hard/seed_2_objective_e20_bs32_eval5,0.05,none,0.5,1.0,0.2393167939518393,1.0,0.3862076187779625,0.19310380938898125,0.2393167939518393,0.2393167939518393,0.20228631434362573,1.0,0.2393167939518393,-9578,9578,269,12482208,"{""initial_prob"": 1.0, ""scale"": 0.5, ""smooth"": ""none"", ""threshold"": 0.05}"
sleep,gru,density_hard,2,objective_e20_bs32_eval5,experiments/sleep/gru/density_hard/seed_2_objective_e20_bs32_eval5,0.1,none,0.5,1.0,0.2393167939518393,1.0,0.3862076187779625,0.19310380938898125,0.2393167939518393,0.2393167939518393,0.20228631434362573,1.0,0.2393167939518393,-9578,9578,269,12482208,"{""initial_prob"": 1.0, ""scale"": 0.5, ""smooth"": ""none"", ""threshold"": 0.1}"
sleep,gru,density_hard,2,objective_e20_bs32_eval5,experiments/sleep/gru/density_hard/seed_2_objective_e20_bs32_eval5,0.15000000000000002,none,0.5,1.0,0.2393167939518393,1.0,0.3862076187779625,0.19310380938898125,0.2393167939518393,0.2393167939518393,0.20228631434362573,1.0,0.2393167939518393,-9578,9578,269,12482208,"{""initial_prob"": 1.0, ""scale"": 0.5, ""smooth"": ""none"", ""threshold"": 0.15000000000000002}"
sleep,gru,density_hard,2,objective_e20_bs32_eval5,experiments/sleep/gru/density_hard/seed_2_objective_e20_bs32_eval5,0.2,none,0.5,1.0,0.2393167939518393,1.0,0.3862076187779625,0.19310380938898125,0.2393167939518393,0.2393167939518393,0.20228631434362573,1.0,0.2393167939518393,-9578,9578,269,12482208,"{""initial_prob"": 1.0, ""scale"": 0.5, ""smooth"": ""none"", ""threshold"": 0.2}"
sleep,gru,density_hard,2,objective_e20_bs32_eval5,experiments/sleep/gru/density_hard/seed_2_objective_e20_bs32_eval5,0.25,none,0.5,1.0,0.23935228775907613,1.0,0.38625383617415004,0.19332182467564427,0.23935228775907613,0.23946508502341893,0.20228631434362573,0.9998517089284203,0.2393167939518393,-9574,9574,269,12482208,"{""initial_prob"": 1.0, ""scale"": 0.5, ""smooth"": ""none"", ""threshold"": 0.25}"
sleep,gru,density_hard,2,objective_e20_bs32_eval5,experiments/sleep/gru/density_hard/seed_2_objective_e20_bs32_eval5,0.30000000000000004,none,0.5,1.0,0.24026004684588192,0.9999581548218032,0.38743181288317,0.19889164530188103,0.2402576312607739,0.24326441283465233,0.20228631434362573,0.9960323526094101,0.2393167939518393,-9493,9493,269,12482208,"{""initial_prob"": 1.0, ""scale"": 0.5, ""smooth"": ""none"", ""threshold"": 0.30000000000000004}"
sleep,gru,density_hard,2,objective_e20_bs32_eval5,experiments/sleep/gru/density_hard/seed_2_objective_e20_bs32_eval5,0.35000000000000003,none,0.5,1.0,0.2543264148078182,0.9990830884553505,0.40544326386620927,0.2754284283605184,0.2542670666264651,0.2987578800160997,0.20228631434362573,0.9401200492733337,0.2393167939518393,-8282,8282,269,12482208,"{""initial_prob"": 1.0, ""scale"": 0.5, ""smooth"": ""none"", ""threshold"": 0.35000000000000003}"
sleep,gru,density_hard,2,objective_e20_bs32_eval5,experiments/sleep/gru/density_hard/seed_2_objective_e20_bs32_eval5,0.4,none,0.5,1.0,0.33081057171440265,0.9959436958063097,0.4966536931073364,0.5161025794905103,0.3303654592626054,0.5168842723979603,0.20228631434362573,0.7204910381240243,0.2393167939518393,-4397,4397,269,12482208,"{""initial_prob"": 1.0, ""scale"": 0.5, ""smooth"": ""none"", ""threshold"": 0.4}"
sleep,gru,density_hard,2,objective_e20_bs32_eval5,experiments/sleep/gru/density_hard/seed_2_objective_e20_bs32_eval5,0.45,none,0.5,1.0,0.46597106858186715,0.9877246332855963,0.6332151938613688,0.7073682165582317,0.46328814237428867,0.7261586251406802,0.20228631434362573,0.5072827659978106,0.2393167939518393,-1494,1494,269,12482208,"{""initial_prob"": 1.0, ""scale"": 0.5, ""smooth"": ""none"", ""threshold"": 0.45}"
sleep,gru,density_hard,2,objective_e20_bs32_eval5,experiments/sleep/gru/density_hard/seed_2_objective_e20_bs32_eval5,0.5,none,0.5,1.0,0.599039780007343,0.9634771937083598,0.7387582674236748,0.8101128219109488,0.5857388384339465,0.8369259669443099,0.20228631434362573,0.38490978519185065,0.2393167939518393,-595,595,269,12482208,"{""initial_prob"": 1.0, ""scale"": 0.5, ""smooth"": ""none"", ""threshold"": 0.5}"
sleep,gru,density_hard,2,objective_e20_bs32_eval5,experiments/sleep/gru/density_hard/seed_2_objective_e20_bs32_eval5,0.55,none,0.5,1.0,0.6644234007483348,0.8869768432131473,0.7597371121302127,0.8332903354247269,0.6125613525654215,0.865742423135394,0.20228631434362573,0.31947769176735397,0.2393167939518393,-957,957,269,12482208,"{""initial_prob"": 1.0, ""scale"": 0.5, ""smooth"": ""none"", ""threshold"": 0.55}"
sleep,gru,density_hard,2,objective_e20_bs32_eval5,experiments/sleep/gru/density_hard/seed_2_objective_e20_bs32_eval5,0.6000000000000001,none,0.5,1.0,0.6813272601874717,0.6266817577117316,0.6528630294567378,0.7746684228407014,0.4846300292638071,0.84051163063458,0.20228631434362573,0.22012251358093055,0.2393167939518393,-3364,3364,269,12482208,"{""initial_prob"": 1.0, ""scale"": 0.5, ""smooth"": ""none"", ""threshold"": 0.6000000000000001}"
sleep,gru,density_hard,2,objective_e20_bs32_eval5,experiments/sleep/gru/density_hard/seed_2_objective_e20_bs32_eval5,0.65,none,0.5,1.0,0.5699276963651753,0.26418969992655333,0.3610259844763786,0.6126838731094659,0.2202755998917027,0.7761980893124037,0.20228631434362573,0.11093518069879944,0.2393167939518393,-7009,7009,269,12482208,"{""initial_prob"": 1.0, ""scale"": 0.5, ""smooth"": ""none"", ""threshold"": 0.65}"
sleep,gru,density_hard,2,objective_e20_bs32_eval5,experiments/sleep/gru/density_hard/seed_2_objective_e20_bs32_eval5,0.7000000000000001,none,0.5,1.0,0.4648278756157873,0.12088302029792428,0.19186871173174236,0.5241938625545066,0.10611436955748114,0.7563052145902391,0.20228631434362573,0.062236665179750246,0.2393167939518393,-8573,8573,269,12482208,"{""initial_prob"": 1.0, ""scale"": 0.5, ""smooth"": ""none"", ""threshold"": 0.7000000000000001}"
sleep,gru,density_hard,2,objective_e20_bs32_eval5,experiments/sleep/gru/density_hard/seed_2_objective_e20_bs32_eval5,0.75,none,0.5,1.0,0.408838412860939,0.07859595701931105,0.1318456321943648,0.49369201873225865,0.07057534134571161,0.7522951067631625,0.20228631434362573,0.04600676418787445,0.2393167939518393,-8971,8971,269,12482208,"{""initial_prob"": 1.0, ""scale"": 0.5, ""smooth"": ""none"", ""threshold"": 0.75}"
sleep,gru,density_hard,2,objective_e20_bs32_eval5,experiments/sleep/gru/density_hard/seed_2_objective_e20_bs32_eval5,0.8,none,0.5,1.0,0.3903402750912909,0.058435619686917725,0.10165330236818727,0.4791759646100886,0.05354833366054776,0.7528257019911861,0.20228631434362573,0.0358267543690988,0.2393167939518393,-9141,9141,269,12482208,"{""initial_prob"": 1.0, ""scale"": 0.5, ""smooth"": ""none"", ""threshold"": 0.8}"
sleep,gru,density_hard,2,objective_e20_bs32_eval5,experiments/sleep/gru/density_hard/seed_2_objective_e20_bs32_eval5,0.8500000000000001,none,0.5,1.0,0.37559748698656514,0.046691519354901345,0.08305789196465498,0.4702613824080446,0.043328325678953436,0.7532812303720624,0.20228631434362573,0.029750105109608814,0.2393167939518393,-9220,9220,269,12482208,"{""initial_prob"": 1.0, ""scale"": 0.5, ""smooth"": ""none"", ""threshold"": 0.8500000000000001}"
sleep,gru,density_hard,2,objective_e20_bs32_eval5,experiments/sleep/gru/density_hard/seed_2_objective_e20_bs32_eval5,0.9,none,0.5,1.0,0.37705717946505035,0.0380265546153223,0.06908574945628111,0.46392825996981296,0.035778776523518595,0.7547486790798551,0.20228631434362573,0.02413531323945251,0.2393167939518393,-9234,9234,269,12482208,"{""initial_prob"": 1.0, ""scale"": 0.5, ""smooth"": ""none"", ""threshold"": 0.9}"
sleep,gru,density_hard,2,objective_e20_bs32_eval5,experiments/sleep/gru/density_hard/seed_2_objective_e20_bs32_eval5,0.9500000000000001,none,0.5,1.0,0.4012037999245901,0.02920893866568113,0.0544534867755907,0.4575987387097974,0.027988786906638072,0.757240545903417,0.20228631434362573,0.017423039257157068,0.2393167939518393,-9287,9287,269,12482208,"{""initial_prob"": 1.0, ""scale"": 0.5, ""smooth"": ""none"", ""threshold"": 0.9500000000000001}"
sleep,gru,density_hard,2,objective_e20_bs32_eval5,experiments/sleep/gru/density_hard/seed_2_objective_e20_bs32_eval5,1.0,none,0.5,1.0,0.0,0.0,0.0,0.4320386560371119,0.0,0.7606832060481608,0.20228631434362573,0.0,0.2393167939518393,-9578,9578,269,12482208,"{""initial_prob"": 1.0, ""scale"": 0.5, ""smooth"": ""none"", ""threshold"": 1.0}"
sleep,gru,density_hard,2,objective_e20_bs32_eval5,experiments/sleep/gru/density_hard/seed_2_objective_e20_bs32_eval5,0.0,none,1.0,0.0,0.2393167939518393,1.0,0.3862076187779625,0.19310380938898125,0.2393167939518393,0.2393167939518393,0.13245077004734454,1.0,0.2393167939518393,-9578,9578,269,12482208,"{""initial_prob"": 0.0, ""scale"": 1.0, ""smooth"": ""none"", ""threshold"": 0.0}"
sleep,gru,density_hard,2,objective_e20_bs32_eval5,experiments/sleep/gru/density_hard/seed_2_objective_e20_bs32_eval5,0.05,none,1.0,0.0,0.2426932773389241,0.9997147832654102,0.3905706423650165,0.21351472478310443,0.24267647443622525,0.25337408253411575,0.13245077004734454,0.9858061971087166,0.2393167939518393,-9309,9309,269,12482208,"{""initial_prob"": 0.0, ""scale"": 1.0, ""smooth"": ""none"", ""threshold"": 0.05}"
sleep,gru,density_hard,2,objective_e20_bs32_eval5,experiments/sleep/gru/density_hard/seed_2_objective_e20_bs32_eval5,0.1,none,1.0,0.0,0.24303537824782703,0.9996207153048237,0.3910063289577035,0.21557549603380474,0.24301296891019583,0.25480932540140333,0.13245077004734454,0.9843259301559467,0.2393167939518393,-9307,9307,269,12482208,"{""initial_prob"": 0.0, ""scale"": 1.0, ""smooth"": ""none"", ""threshold"": 0.1}"
sleep,gru,density_hard,2,objective_e20_bs32_eval5,experiments/sleep/gru/density_hard/seed_2_objective_e20_bs32_eval5,0.15000000000000002,none,1.0,0.0,0.2434099946054296,0.9994891540645728,0.39148091759396153,0.21784334086781523,0.24337971608541972,0.25639061614739955,0.13245077004734454,0.9826816697815002,0.2393167939518393,-9283,9283,269,12482208,"{""initial_prob"": 0.0, ""scale"": 1.0, ""smooth"": ""none"", ""threshold"": 0.15000000000000002}"
sleep,gru,density_hard,2,objective_e20_bs32_eval5,experiments/sleep/gru/density_hard/seed_2_objective_e20_bs32_eval5,0.2,none,1.0,0.0,0.2454163038404804,0.9992310530054546,0.39405152047671055,0.22935434842767943,0.24536996391919189,0.2645523131804886,0.13245077004734454,0.9743964369124437,0.2393167939518393,-9086,9086,269,12482208,"{""initial_prob"": 0.0, ""scale"": 1.0, ""smooth"": ""none"", ""threshold"": 0.2}"
sleep,gru,density_hard,2,objective_e20_bs32_eval5,experiments/sleep/gru/density_hard/seed_2_objective_e20_bs32_eval5,0.25,none,1.0,0.0,0.26458703055568294,0.9986482333635288,0.41833754674573936,0.3216084727642504,0.2644923042113141,0.33540067590605765,0.13245077004734454,0.9032691171305589,0.2393167939518393,-7387,7387,269,12482208,"{""initial_prob"": 0.0, ""scale"": 1.0, ""smooth"": ""none"", ""threshold"": 0.25}"
sleep,gru,density_hard,2,objective_e20_bs32_eval5,experiments/sleep/gru/density_hard/seed_2_objective_e20_bs32_eval5,0.30000000000000004,none,1.0,0.0,0.34033779594424396,0.9963129376587188,0.5073620815805786,0.535291765006169,0.33990968293089624,0.5369703821631557,0.13245077004734454,0.7005816599114516,0.2393167939518393,-3305,3305,269,12482208,"{""initial_prob"": 0.0, ""scale"": 1.0, ""smooth"": ""none"", ""threshold"": 0.30000000000000004}"
sleep,gru,density_hard,2,objective_e20_bs32_eval5,experiments/sleep/gru/density_hard/seed_2_objective_e20_bs32_eval5,0.35000000000000003,none,1.0,0.0,0.4511015771956427,0.99210900367635,0.6202032360904571,0.6923110839582167,0.4494888322053759,0.7092097808336474,0.13245077004734454,0.5263301172356686,0.2393167939518393,-578,578,269,12482208,"{""initial_prob"": 0.0, ""scale"": 1.0, ""smooth"": ""none"", ""threshold"": 0.35000000000000003}"
sleep,gru,density_hard,2,objective_e20_bs32_eval5,experiments/sleep/gru/density_hard/seed_2_objective_e20_bs32_eval5,0.4,none,1.0,0.0,0.557398805573988,0.9864481879698795,0.712305097635198,0.7848456536670303,0.5531629397049542,0.8093031297026936,0.13245077004734454,0.4235273118345729,0.2393167939518393,462,462,269,12482208,"{""initial_prob"": 0.0, ""scale"": 1.0, ""smooth"": ""none"", ""threshold"": 0.4}"
sleep,gru,density_hard,2,objective_e20_bs32_eval5,experiments/sleep/gru/density_hard/seed_2_objective_e20_bs32_eval5,0.45,none,1.0,0.0,0.6429108861692129,0.9779864234156244,0.7758148704690526,0.8394823018663131,0.6337398255820259,0.8647352295363128,0.13245077004734454,0.3640451272723544,0.2393167939518393,824,824,269,12482208,"{""initial_prob"": 0.0, ""scale"": 1.0, ""smooth"": ""none"", ""threshold"": 0.45}"
sleep,gru,density_hard,2,objective_e20_bs32_eval5,experiments/sleep/gru/density_hard/seed_2_objective_e20_bs32_eval5,0.5,none,1.0,0.0,0.7326962322401107,0.962837799385512,0.8321480014078454,0.8839355485615374,0.7125457698501176,0.9070429686799002,0.13245077004734454,0.31448674785743036,0.2393167939518393,832,832,269,12482208,"{""initial_prob"": 0.0, ""scale"": 1.0, ""smooth"": ""none"", ""threshold"": 0.5}"
sleep,gru,density_hard,2,objective_e20_bs32_eval5,experiments/sleep/gru/density_hard/seed_2_objective_e20_bs32_eval5,0.55,none,1.0,0.0,0.7965458929061806,0.9341206252540002,0.8598651903383738,0.905316430250555,0.7541785261284744,0.9271345261992109,0.13245077004734454,0.28065018624909954,0.2393167939518393,544,544,269,12482208,"{""initial_prob"": 0.0, ""scale"": 1.0, ""smooth"": ""none"", ""threshold"": 0.55}"
sleep,gru,density_hard,2,objective_e20_bs32_eval5,experiments/sleep/gru/density_hard/seed_2_objective_e20_bs32_eval5,0.6000000000000001,none,1.0,0.0,0.8274278932096543,0.8746961203159345,0.8504056840518708,0.9007794595766996,0.7397441621399263,0.9263539751941323,0.13245077004734454,0.2529881732462718,0.2393167939518393,-70,70,269,12482208,"{""initial_prob"": 0.0, ""scale"": 1.0, ""smooth"": ""none"", ""threshold"": 0.6000000000000001}"
sleep,gru,density_hard,2,objective_e20_bs32_eval5,experiments/sleep/gru/density_hard/seed_2_objective_e20_bs32_eval5,0.65,none,1.0,0.0,0.8464537303631096,0.7455973851115526,0.7928309359445287,0.8663323115149566,0.6567687654958799,0.9067493507558919,0.13245077004734454,0.21080180685981198,0.2393167939518393,-1420,1420,269,12482208,"{""initial_prob"": 0.0, ""scale"": 1.0, ""smooth"": ""none"", ""threshold"": 0.65}"
sleep,gru,density_hard,2,objective_e20_bs32_eval5,experiments/sleep/gru/density_hard/seed_2_objective_e20_bs32_eval5,0.7000000000000001,none,1.0,0.0,0.8466545655223772,0.4688989897569699,0.6035413288245346,0.7564964714789522,0.43219419327068603,0.8525742400703465,0.13245077004734454,0.1325397718096029,0.2393167939518393,-4261,4261,269,12482208,"{""initial_prob"": 0.0, ""scale"": 1.0, ""smooth"": ""none"", ""threshold"": 0.7000000000000001}"
sleep,gru,density_hard,2,objective_e20_bs32_eval5,experiments/sleep/gru/density_hard/seed_2_objective_e20_bs32_eval5,0.75,none,1.0,0.0,0.776621510862258,0.1411538289007573,0.2388887456775757,0.556768436783276,0.13564659534782572,0.7847474581420211,0.13245077004734454,0.043496711479251104,0.2393167939518393,-7849,7849,269,12482208,"{""initial_prob"": 0.0, ""scale"": 1.0, ""smooth"": ""none"", ""threshold"": 0.75}"
sleep,gru,density_hard,2,objective_e20_bs32_eval5,experiments/sleep/gru/density_hard/seed_2_objective_e20_bs32_eval5,0.8,none,1.0,0.0,0.48516126967361994,0.02029792427830458,0.03896562504920186,0.45104791956604484,0.01986993473797699,0.7603860631067837,0.13245077004734454,0.010012411265699146,0.2393167939518393,-9276,9276,269,12482208,"{""initial_prob"": 0.0, ""scale"": 1.0, ""smooth"": ""none"", ""threshold"": 0.8}"
sleep,gru,density_hard,2,objective_e20_bs32_eval5,experiments/sleep/gru/density_hard/seed_2_objective_e20_bs32_eval5,0.8500000000000001,none,1.0,0.0,0.12148342457420924,0.002139460270848774,0.004204868067412108,0.43306976817873016,0.0021068635753913323,0.7574925846452807,0.13245077004734454,0.004214638948493728,0.2393167939518393,-9524,9524,269,12482208,"{""initial_prob"": 0.0, ""scale"": 1.0, ""smooth"": ""none"", ""threshold"": 0.8500000000000001}"
sleep,gru,density_hard,2,objective_e20_bs32_eval5,experiments/sleep/gru/density_hard/seed_2_objective_e20_bs32_eval5,0.9,none,1.0,0.0,0.02991289731051345,0.00026211819622509627,0.0005196825622275068,0.4316568895664841,0.0002599088161535155,0.7587115997426096,0.13245077004734454,0.0020970648782651273,0.2393167939518393,-9549,9549,269,12482208,"{""initial_prob"": 0.0, ""scale"": 1.0, ""smooth"": ""none"", ""threshold"": 0.9}"
sleep,gru,density_hard,2,objective_e20_bs32_eval5,experiments/sleep/gru/density_hard/seed_2_objective_e20_bs32_eval5,0.9500000000000001,none,1.0,0.0,0.0,0.0,0.0,0.4320386560371119,0.0,0.7606832060481608,0.13245077004734454,0.0,0.2393167939518393,-9578,9578,269,12482208,"{""initial_prob"": 0.0, ""scale"": 1.0, ""smooth"": ""none"", ""threshold"": 0.9500000000000001}"
sleep,gru,density_hard,2,objective_e20_bs32_eval5,experiments/sleep/gru/density_hard/seed_2_objective_e20_bs32_eval5,1.0,none,1.0,0.0,0.0,0.0,0.0,0.4320386560371119,0.0,0.7606832060481608,0.13245077004734454,0.0,0.2393167939518393,-9578,9578,269,12482208,"{""initial_prob"": 0.0, ""scale"": 1.0, ""smooth"": ""none"", ""threshold"": 1.0}"
sleep,gru,density_hard,2,objective_e20_bs32_eval5,experiments/sleep/gru/density_hard/seed_2_objective_e20_bs32_eval5,0.0,none,1.0,0.2393167939518393,0.2393167939518393,1.0,0.3862076187779625,0.19310380938898125,0.2393167939518393,0.2393167939518393,0.13336270048825088,1.0,0.2393167939518393,-9578,9578,269,12482208,"{""initial_prob"": 0.2393167939518393, ""scale"": 1.0, ""smooth"": ""none"", ""threshold"": 0.0}"
sleep,gru,density_hard,2,objective_e20_bs32_eval5,experiments/sleep/gru/density_hard/seed_2_objective_e20_bs32_eval5,0.05,none,1.0,0.2393167939518393,0.2393167939518393,1.0,0.3862076187779625,0.19310380938898125,0.2393167939518393,0.2393167939518393,0.13336270048825088,1.0,0.2393167939518393,-9578,9578,269,12482208,"{""initial_prob"": 0.2393167939518393, ""scale"": 1.0, ""smooth"": ""none"", ""threshold"": 0.05}"
sleep,gru,density_hard,2,objective_e20_bs32_eval5,experiments/sleep/gru/density_hard/seed_2_objective_e20_bs32_eval5,0.1,none,1.0,0.2393167939518393,0.2393259779955165,1.0,0.3862195778105158,0.19316023393255244,0.2393259779955165,0.2393551685727397,0.13336270048825088,0.9999616253790996,0.2393167939518393,-9574,9574,269,12482208,"{""initial_prob"": 0.2393167939518393, ""scale"": 1.0, ""smooth"": ""none"", ""threshold"": 0.1}"
sleep,gru,density_hard,2,objective_e20_bs32_eval5,experiments/sleep/gru/density_hard/seed_2_objective_e20_bs32_eval5,0.15000000000000002,none,1.0,0.2393167939518393,0.2397190715893498,0.9999993304771488,0.3867312297572799,0.19556749443657426,0.2397190331150434,0.24099526301756868,0.13336270048825088,0.9983212104781461,0.2393167939518393,-9508,9508,269,12482208,"{""initial_prob"": 0.2393167939518393, ""scale"": 1.0, ""smooth"": ""none"", ""threshold"": 0.15000000000000002}"
sleep,gru,density_hard,2,objective_e20_bs32_eval5,experiments/sleep/gru/density_hard/seed_2_objective_e20_bs32_eval5,0.2,none,1.0,0.2393167939518393,0.24170644492797835,0.9999424210348011,0.38930898154300353,0.20753986370151078,0.2417030809024764,0.24923282803811633,0.13336270048825088,0.990056406687022,0.2393167939518393,-9239,9239,269,12482208,"{""initial_prob"": 0.2393167939518393, ""scale"": 1.0, ""smooth"": ""none"", ""threshold"": 0.2}"
sleep,gru,density_hard,2,objective_e20_bs32_eval5,experiments/sleep/gru/density_hard/seed_2_objective_e20_bs32_eval5,0.25,none,1.0,0.2393167939518393,0.2611693559781841,0.9993184257375296,0.4141116692329296,0.3066244125905704,0.26112284276196795,0.3232871139465069,0.13336270048825088,0.9157034556706634,0.2393167939518393,-7581,7581,269,12482208,"{""initial_prob"": 0.2393167939518393, ""scale"": 1.0, ""smooth"": ""none"", ""threshold"": 0.25}"
sleep,gru,density_hard,2,objective_e20_bs32_eval5,experiments/sleep/gru/density_hard/seed_2_objective_e20_bs32_eval5,0.30000000000000004,none,1.0,0.2393167939518393,0.33678719642602645,0.9975495463647922,0.5035639119306197,0.5280294056476869,0.3365087997712553,0.5292976210619147,0.13336270048825088,0.7088463034745135,0.2393167939518393,-3403,3403,269,12482208,"{""initial_prob"": 0.2393167939518393, ""scale"": 1.0, ""smooth"": ""none"", ""threshold"": 0.30000000000000004}"
sleep,gru,density_hard,2,objective_e20_bs32_eval5,experiments/sleep/gru/density_hard/seed_2_objective_e20_bs32_eval5,0.35000000000000003,none,1.0,0.2393167939518393,0.44611468628834283,0.9936609576453149,0.6157719756750376,0.6870182033322909,0.4448486556073933,0.7032364786742858,0.13336270048825088,0.5330462366914571,0.2393167939518393,-610,610,269,12482208,"{""initial_prob"": 0.2393167939518393, ""scale"": 1.0, ""smooth"": ""none"", ""threshold"": 0.35000000000000003}"
sleep,gru,density_hard,2,objective_e20_bs32_eval5,experiments/sleep/gru/density_hard/seed_2_objective_e20_bs32_eval5,0.4,none,1.0,0.2393167939518393,0.5546192171780606,0.9889307787019425,0.7106734680327136,0.7831073769983843,0.5511974278140002,0.8072975550479531,0.13336270048825088,0.42672113779869714,0.2393167939518393,484,484,269,12482208,"{""initial_prob"": 0.2393167939518393, ""scale"": 1.0, ""smooth"": ""none"", ""threshold"": 0.4}"
sleep,gru,density_hard,2,objective_e20_bs32_eval5,experiments/sleep/gru/density_hard/seed_2_objective_e20_bs32_eval5,0.45,none,1.0,0.2393167939518393,0.6411787319295337,0.9821217313057503,0.7758459761959511,0.839213660757966,0.6337813388751651,0.8641875700196632,0.13336270048825088,0.36657208404154135,0.2393167939518393,886,886,269,12482208,"{""initial_prob"": 0.2393167939518393, ""scale"": 1.0, ""smooth"": ""none"", ""threshold"": 0.45}"
sleep,gru,density_hard,2,objective_e20_bs32_eval5,experiments/sleep/gru/density_hard/seed_2_objective_e20_bs32_eval5,0.5,none,1.0,0.2393167939518393,0.7322612103006677,0.9702822239674451,0.8346336679052816,0.8854467948206657,0.7161985419683847,0.9079863113961889,0.13336270048825088,0.3171065567886707,0.2393167939518393,906,906,269,12482208,"{""initial_prob"": 0.2393167939518393, ""scale"": 1.0, ""smooth"": ""none"", ""threshold"": 0.5}"
sleep,gru,density_hard,2,objective_e20_bs32_eval5,experiments/sleep/gru/density_hard/seed_2_objective_e20_bs32_eval5,0.55,none,1.0,0.2393167939518393,0.7962176874110501,0.9491584432522474,0.8659872532870875,0.9091683765297582,0.7636486060648501,0.9296965729140229,0.13336270048825088,0.2852857443170311,0.2393167939518393,692,692,269,12482208,"{""initial_prob"": 0.2393167939518393, ""scale"": 1.0, ""smooth"": ""none"", ""threshold"": 0.55}"
sleep,gru,density_hard,2,objective_e20_bs32_eval5,experiments/sleep/gru/density_hard/seed_2_objective_e20_bs32_eval5,0.6000000000000001,none,1.0,0.2393167939518393,0.8291001387454677,0.8979935069673896,0.8621727525514561,0.9082057746171781,0.7577360750366865,0.931290441562903,0.13336270048825088,0.2592026186392664,0.2393167939518393,156,156,269,12482208,"{""initial_prob"": 0.2393167939518393, ""scale"": 1.0, ""smooth"": ""none"", ""threshold"": 0.6000000000000001}"
sleep,gru,density_hard,2,objective_e20_bs32_eval5,experiments/sleep/gru/density_hard/seed_2_objective_e20_bs32_eval5,0.65,none,1.0,0.2393167939518393,0.8496969954958492,0.7751266904615088,0.8107006633470137,0.8772671626679527,0.6816624195121033,0.9133707754269117,0.13336270048825088,0.21831409955674508,0.2393167939518393,-1118,1118,269,12482208,"{""initial_prob"": 0.2393167939518393, ""scale"": 1.0, ""smooth"": ""none"", ""threshold"": 0.65}"
sleep,gru,density_hard,2,objective_e20_bs32_eval5,experiments/sleep/gru/density_hard/seed_2_objective_e20_bs32_eval5,0.7000000000000001,none,1.0,0.2393167939518393,0.8484880917707416,0.4856608290969275,0.6177382804616025,0.7645739898147733,0.4469039920080363,0.8561557378309992,0.13336270048825088,0.13698105335209923,0.2393167939518393,-4055,4055,269,12482208,"{""initial_prob"": 0.2393167939518393, ""scale"": 1.0, ""smooth"": ""none"", ""threshold"": 0.7000000000000001}"
sleep,gru,density_hard,2,objective_e20_bs32_eval5,experiments/sleep/gru/density_hard/seed_2_objective_e20_bs32_eval5,0.75,none,1.0,0.2393167939518393,0.7791348473028392,0.14577052372085986,0.24559246448055685,0.560345191472861,0.13998598359180103,0.7856794246658925,0.13336270048825088,0.04477445016138171,0.2393167939518393,-7783,7783,269,12482208,"{""initial_prob"": 0.2393167939518393, ""scale"": 1.0, ""smooth"": ""none"", ""threshold"": 0.75}"
sleep,gru,density_hard,2,objective_e20_bs32_eval5,experiments/sleep/gru/density_hard/seed_2_objective_e20_bs32_eval5,0.8,none,1.0,0.2393167939518393,0.4879214418184412,0.020608917642663604,0.03954742376121612,0.45135019519673397,0.020172599041946543,0.7604390184813457,0.13336270048825088,0.010108307760934604,0.2393167939518393,-9272,9272,269,12482208,"{""initial_prob"": 0.2393167939518393, ""scale"": 1.0, ""smooth"": ""none"", ""threshold"": 0.8}"
sleep,gru,density_hard,2,objective_e20_bs32_eval5,experiments/sleep/gru/density_hard/seed_2_objective_e20_bs32_eval5,0.8500000000000001,none,1.0,0.2393167939518393,0.12773426441445693,0.0022656653282904873,0.004452357700365142,0.4332009237317471,0.002231145779729078,0.7575227876350081,0.13336270048825088,0.004244841938221187,0.2393167939518393,-9522,9522,269,12482208,"{""initial_prob"": 0.2393167939518393, ""scale"": 1.0, ""smooth"": ""none"", ""threshold"": 0.8500000000000001}"
sleep,gru,density_hard,2,objective_e20_bs32_eval5,experiments/sleep/gru/density_hard/seed_2_objective_e20_bs32_eval5,0.9,none,1.0,0.2393167939518393,0.02991289731051345,0.00026211819622509627,0.0005196825622275068,0.4316568895664841,0.0002599088161535155,0.7587115997426096,0.13336270048825088,0.0020970648782651273,0.2393167939518393,-9549,9549,269,12482208,"{""initial_prob"": 0.2393167939518393, ""scale"": 1.0, ""smooth"": ""none"", ""threshold"": 0.9}"
sleep,gru,density_hard,2,objective_e20_bs32_eval5,experiments/sleep/gru/density_hard/seed_2_objective_e20_bs32_eval5,0.9500000000000001,none,1.0,0.2393167939518393,0.0,0.0,0.0,0.4320386560371119,0.0,0.7606832060481608,0.13336270048825088,0.0,0.2393167939518393,-9578,9578,269,12482208,"{""initial_prob"": 0.2393167939518393, ""scale"": 1.0, ""smooth"": ""none"", ""threshold"": 0.9500000000000001}"
sleep,gru,density_hard,2,objective_e20_bs32_eval5,experiments/sleep/gru/density_hard/seed_2_objective_e20_bs32_eval5,1.0,none,1.0,0.2393167939518393,0.0,0.0,0.0,0.4320386560371119,0.0,0.7606832060481608,0.13336270048825088,0.0,0.2393167939518393,-9578,9578,269,12482208,"{""initial_prob"": 0.2393167939518393, ""scale"": 1.0, ""smooth"": ""none"", ""threshold"": 1.0}"
sleep,gru,density_hard,2,objective_e20_bs32_eval5,experiments/sleep/gru/density_hard/seed_2_objective_e20_bs32_eval5,0.0,none,1.0,0.5,0.2393167939518393,1.0,0.3862076187779625,0.19310380938898125,0.2393167939518393,0.2393167939518393,0.13641515396535142,1.0,0.2393167939518393,-9578,9578,269,12482208,"{""initial_prob"": 0.5, ""scale"": 1.0, ""smooth"": ""none"", ""threshold"": 0.0}"
sleep,gru,density_hard,2,objective_e20_bs32_eval5,experiments/sleep/gru/density_hard/seed_2_objective_e20_bs32_eval5,0.05,none,1.0,0.5,0.2393167939518393,1.0,0.3862076187779625,0.19310380938898125,0.2393167939518393,0.2393167939518393,0.13641515396535142,1.0,0.2393167939518393,-9578,9578,269,12482208,"{""initial_prob"": 0.5, ""scale"": 1.0, ""smooth"": ""none"", ""threshold"": 0.05}"
sleep,gru,density_hard,2,objective_e20_bs32_eval5,experiments/sleep/gru/density_hard/seed_2_objective_e20_bs32_eval5,0.1,none,1.0,0.5,0.2393167939518393,1.0,0.3862076187779625,0.19310380938898125,0.2393167939518393,0.2393167939518393,0.13641515396535142,1.0,0.2393167939518393,-9578,9578,269,12482208,"{""initial_prob"": 0.5, ""scale"": 1.0, ""smooth"": ""none"", ""threshold"": 0.1}"
sleep,gru,density_hard,2,objective_e20_bs32_eval5,experiments/sleep/gru/density_hard/seed_2_objective_e20_bs32_eval5,0.15000000000000002,none,1.0,0.5,0.23938673357824947,0.9999996652385744,0.3862986614494639,0.19353359557396274,0.2393867143944036,0.2396091300513499,0.13641515396535142,0.9997075036724272,0.2393167939518393,-9570,9570,269,12482208,"{""initial_prob"": 0.5, ""scale"": 1.0, ""smooth"": ""none"", ""threshold"": 0.15000000000000002}"
sleep,gru,density_hard,2,objective_e20_bs32_eval5,experiments/sleep/gru/density_hard/seed_2_objective_e20_bs32_eval5,0.2,none,1.0,0.5,0.2405797881152505,0.9999829271672956,0.3878492844789121,0.2007954442803426,0.24057879995019538,0.24457539883969245,0.13641515396535142,0.9947332234809739,0.2393167939518393,-9443,9443,269,12482208,"{""initial_prob"": 0.5, ""scale"": 1.0, ""smooth"": ""none"", ""threshold"": 0.2}"
sleep,gru,density_hard,2,objective_e20_bs32_eval5,experiments/sleep/gru/density_hard/seed_2_objective_e20_bs32_eval5,0.25,none,1.0,0.5,0.25591094993517816,0.9995986210507358,0.4074970650619723,0.28259901396575227,0.255884655608393,0.304343510378933,0.13641515396535142,0.934781170126311,0.2393167939518393,-7976,7976,269,12482208,"{""initial_prob"": 0.5, ""scale"": 1.0, ""smooth"": ""none"", ""threshold"": 0.25}"
sleep,gru,density_hard,2,objective_e20_bs32_eval5,experiments/sleep/gru/density_hard/seed_2_objective_e20_bs32_eval5,0.30000000000000004,none,1.0,0.5,0.32579058929572935,0.9979746933752722,0.49122116694423124,0.5048855738086777,0.32557533031488006,0.5052626907034397,0.13641515396535142,0.7330847234720012,0.2393167939518393,-3830,3830,269,12482208,"{""initial_prob"": 0.5, ""scale"": 1.0, ""smooth"": ""none"", ""threshold"": 0.30000000000000004}"
sleep,gru,density_hard,2,objective_e20_bs32_eval5,experiments/sleep/gru/density_hard/seed_2_objective_e20_bs32_eval5,0.35000000000000003,none,1.0,0.5,0.4295582852081355,0.9946903490289576,0.6000040588009192,0.6684709012400789,0.42857557021702675,0.6826105605674894,0.13641515396535142,0.5541648560895637,0.2393167939518393,-869,869,269,12482208,"{""initial_prob"": 0.5, ""scale"": 1.0, ""smooth"": ""none"", ""threshold"": 0.35000000000000003}"
sleep,gru,density_hard,2,objective_e20_bs32_eval5,experiments/sleep/gru/density_hard/seed_2_objective_e20_bs32_eval5,0.4,none,1.0,0.5,0.53378949889222,0.9901801083421877,0.6936460429866336,0.7673408850474246,0.5309786365806035,0.790683747619011,0.13641515396535142,0.4439329163558242,0.2393167939518393,345,345,269,12482208,"{""initial_prob"": 0.5, ""scale"": 1.0, ""smooth"": ""none"", ""threshold"": 0.4}"
sleep,gru,density_hard,2,objective_e20_bs32_eval5,experiments/sleep/gru/density_hard/seed_2_objective_e20_bs32_eval5,0.45,none,1.0,0.5,0.619323844826743,0.9834919098206282,0.7600374393376403,0.826195441648266,0.6129519256868899,0.8513782176999454,0.13641515396535142,0.38003724981990367,0.2393167939518393,821,821,269,12482208,"{""initial_prob"": 0.5, ""scale"": 1.0, ""smooth"": ""none"", ""threshold"": 0.45}"
sleep,gru,density_hard,2,objective_e20_bs32_eval5,experiments/sleep/gru/density_hard/seed_2_objective_e20_bs32_eval5,0.5,none,1.0,0.5,0.7219840018913042,0.9732592573250821,0.8289991535564388,0.8810905309555805,0.7079406954095605,0.9039105100636041,0.13641515396535142,0.3226072662785302,0.2393167939518393,1062,1062,269,12482208,"{""initial_prob"": 0.5, ""scale"": 1.0, ""smooth"": ""none"", ""threshold"": 0.5}"
sleep,gru,density_hard,2,objective_e20_bs32_eval5,experiments/sleep/gru/density_hard/seed_2_objective_e20_bs32_eval5,0.55,none,1.0,0.5,0.7923765060919683,0.953506659409039,0.8655061120325842,0.9086753743567759,0.7629006389653133,0.929081537497212,0.13641515396535142,0.2879819820339478,0.2393167939518393,746,746,269,12482208,"{""initial_prob"": 0.5, ""scale"": 1.0, ""smooth"": ""none"", ""threshold"": 0.55}"
sleep,gru,density_hard,2,objective_e20_bs32_eval5,experiments/sleep/gru/density_hard/seed_2_objective_e20_bs32_eval5,0.6000000000000001,none,1.0,0.5,0.8270574146864691,0.9088508242830582,0.8660271276935942,0.910547515252089,0.7637106220470403,0.9327052553522582,0.13641515396535142,0.2629844815917184,0.2393167939518393,260,260,269,12482208,"{""initial_prob"": 0.5, ""scale"": 1.0, ""smooth"": ""none"", ""threshold"": 0.6000000000000001}"
sleep,gru,density_hard,2,objective_e20_bs32_eval5,experiments/sleep/gru/density_hard/seed_2_objective_e20_bs32_eval5,0.65,none,1.0,0.5,0.8492969166542355,0.7966662448672704,0.8221401319125943,0.8842206493578786,0.6979948584610286,0.9175080242213557,0.13641515396535142,0.22448640496937722,0.2393167939518393,-894,894,269,12482208,"{""initial_prob"": 0.5, ""scale"": 1.0, ""smooth"": ""none"", ""threshold"": 0.65}"
sleep,gru,density_hard,2,objective_e20_bs32_eval5,experiments/sleep/gru/density_hard/seed_2_objective_e20_bs32_eval5,0.7000000000000001,none,1.0,0.5,0.8533042569485505,0.523697426555017,0.6490525738434788,0.7825345298214943,0.48044251114201336,0.8644667674180722,0.13641515396535142,0.14687561687803952,0.2393167939518393,-3669,3669,269,12482208,"{""initial_prob"": 0.5, ""scale"": 1.0, ""smooth"": ""none"", ""threshold"": 0.7000000000000001}"
sleep,gru,density_hard,2,objective_e20_bs32_eval5,experiments/sleep/gru/density_hard/seed_2_objective_e20_bs32_eval5,0.75,none,1.0,0.5,0.8011214274363806,0.17720696491231594,0.29021808585439507,0.5843751702263551,0.16973982673072077,0.7925638637010375,0.13641515396535142,0.05293654776462626,0.2393167939518393,-7431,7431,269,12482208,"{""initial_prob"": 0.5, ""scale"": 1.0, ""smooth"": ""none"", ""threshold"": 0.75}"
sleep,gru,density_hard,2,objective_e20_bs32_eval5,experiments/sleep/gru/density_hard/seed_2_objective_e20_bs32_eval5,0.8,none,1.0,0.5,0.5502641294333644,0.02779189355122285,0.0529114186244752,0.45837203463676174,0.027174633517236188,0.7618982955579654,0.13641515396535142,0.012087044215254224,0.2393167939518393,-9180,9180,269,12482208,"{""initial_prob"": 0.5, ""scale"": 1.0, ""smooth"": ""none"", ""threshold"": 0.8}"
sleep,gru,density_hard,2,objective_e20_bs32_eval5,experiments/sleep/gru/density_hard/seed_2_objective_e20_bs32_eval5,0.8500000000000001,none,1.0,0.5,0.1466553424050516,0.002659010003340919,0.00522331599352001,0.4336094756820979,0.002618496614382446,0.7576168415075282,0.13641515396535142,0.004339056038803391,0.2393167939518393,-9516,9516,269,12482208,"{""initial_prob"": 0.5, ""scale"": 1.0, ""smooth"": ""none"", ""threshold"": 0.8500000000000001}"
sleep,gru,density_hard,2,objective_e20_bs32_eval5,experiments/sleep/gru/density_hard/seed_2_objective_e20_bs32_eval5,0.9,none,1.0,0.5,0.02991289731051345,0.00026211819622509627,0.0005196825622275068,0.4316568895664841,0.0002599088161535155,0.7587115997426096,0.13641515396535142,0.0020970648782651273,0.2393167939518393,-9549,9549,269,12482208,"{""initial_prob"": 0.5, ""scale"": 1.0, ""smooth"": ""none"", ""threshold"": 0.9}"
sleep,gru,density_hard,2,objective_e20_bs32_eval5,experiments/sleep/gru/density_hard/seed_2_objective_e20_bs32_eval5,0.9500000000000001,none,1.0,0.5,0.0,0.0,0.0,0.4320386560371119,0.0,0.7606832060481608,0.13641515396535142,0.0,0.2393167939518393,-9578,9578,269,12482208,"{""initial_prob"": 0.5, ""scale"": 1.0, ""smooth"": ""none"", ""threshold"": 0.9500000000000001}"
sleep,gru,density_hard,2,objective_e20_bs32_eval5,experiments/sleep/gru/density_hard/seed_2_objective_e20_bs32_eval5,1.0,none,1.0,0.5,0.0,0.0,0.0,0.4320386560371119,0.0,0.7606832060481608,0.13641515396535142,0.0,0.2393167939518393,-9578,9578,269,12482208,"{""initial_prob"": 0.5, ""scale"": 1.0, ""smooth"": ""none"", ""threshold"": 1.0}"
sleep,gru,density_hard,2,objective_e20_bs32_eval5,experiments/sleep/gru/density_hard/seed_2_objective_e20_bs32_eval5,0.0,none,1.0,1.0,0.2393167939518393,1.0,0.3862076187779625,0.19310380938898125,0.2393167939518393,0.2393167939518393,0.1482784168416889,1.0,0.2393167939518393,-9578,9578,269,12482208,"{""initial_prob"": 1.0, ""scale"": 1.0, ""smooth"": ""none"", ""threshold"": 0.0}"
sleep,gru,density_hard,2,objective_e20_bs32_eval5,experiments/sleep/gru/density_hard/seed_2_objective_e20_bs32_eval5,0.05,none,1.0,1.0,0.2393167939518393,1.0,0.3862076187779625,0.19310380938898125,0.2393167939518393,0.2393167939518393,0.1482784168416889,1.0,0.2393167939518393,-9578,9578,269,12482208,"{""initial_prob"": 1.0, ""scale"": 1.0, ""smooth"": ""none"", ""threshold"": 0.05}"
sleep,gru,density_hard,2,objective_e20_bs32_eval5,experiments/sleep/gru/density_hard/seed_2_objective_e20_bs32_eval5,0.1,none,1.0,1.0,0.2393167939518393,1.0,0.3862076187779625,0.19310380938898125,0.2393167939518393,0.2393167939518393,0.1482784168416889,1.0,0.2393167939518393,-9578,9578,269,12482208,"{""initial_prob"": 1.0, ""scale"": 1.0, ""smooth"": ""none"", ""threshold"": 0.1}"
sleep,gru,density_hard,2,objective_e20_bs32_eval5,experiments/sleep/gru/density_hard/seed_2_objective_e20_bs32_eval5,0.15000000000000002,none,1.0,1.0,0.23938673357824947,0.9999996652385744,0.3862986614494639,0.19353359557396274,0.2393867143944036,0.2396091300513499,0.1482784168416889,0.9997075036724272,0.2393167939518393,-9570,9570,269,12482208,"{""initial_prob"": 1.0, ""scale"": 1.0, ""smooth"": ""none"", ""threshold"": 0.15000000000000002}"
sleep,gru,density_hard,2,objective_e20_bs32_eval5,experiments/sleep/gru/density_hard/seed_2_objective_e20_bs32_eval5,0.2,none,1.0,1.0,0.24047915936591785,0.9999835966901468,0.3877185567043093,0.20018942620455824,0.2404782107469819,0.24415880587793443,0.1482784168416889,0.9951501368988563,0.2393167939518393,-9453,9453,269,12482208,"{""initial_prob"": 1.0, ""scale"": 1.0, ""smooth"": ""none"", ""threshold"": 0.2}"
sleep,gru,density_hard,2,objective_e20_bs32_eval5,experiments/sleep/gru/density_hard/seed_2_objective_e20_bs32_eval5,0.25,none,1.0,1.0,0.2552615570632187,0.9996029729492683,0.40667371691112125,0.27952400110062775,0.2552356797395755,0.3019634026287657,0.1482784168416889,0.937163360841287,0.2393167939518393,-8032,8032,269,12482208,"{""initial_prob"": 1.0, ""scale"": 1.0, ""smooth"": ""none"", ""threshold"": 0.25}"
sleep,gru,density_hard,2,objective_e20_bs32_eval5,experiments/sleep/gru/density_hard/seed_2_objective_e20_bs32_eval5,0.30000000000000004,none,1.0,1.0,0.3210864538133488,0.998011851893511,0.4858592949468817,0.4943693599729415,0.32088120564055306,0.4945125894393043,0.1482784168416889,0.7438526100510423,0.2393167939518393,-4110,4110,269,12482208,"{""initial_prob"": 1.0, ""scale"": 1.0, ""smooth"": ""none"", ""threshold"": 0.30000000000000004}"
sleep,gru,density_hard,2,objective_e20_bs32_eval5,experiments/sleep/gru/density_hard/seed_2_objective_e20_bs32_eval5,0.35000000000000003,none,1.0,1.0,0.41697691912538204,0.9948034983908018,0.5876410987821247,0.6534020608710531,0.41607065900558454,0.6658790656268506,0.1482784168416889,0.5709505081152308,0.2393167939518393,-1277,1277,269,12482208,"{""initial_prob"": 1.0, ""scale"": 1.0, ""smooth"": ""none"", ""threshold"": 0.35000000000000003}"
sleep,gru,density_hard,2,objective_e20_bs32_eval5,experiments/sleep/gru/density_hard/seed_2_objective_e20_bs32_eval5,0.4,none,1.0,1.0,0.5141681259728708,0.990771297019753,0.6770013640062026,0.7514504200410858,0.5117173560029102,0.773750445434013,0.1482784168416889,0.4611491812986933,0.2393167939518393,-27,27,269,12482208,"{""initial_prob"": 1.0, ""scale"": 1.0, ""smooth"": ""none"", ""threshold"": 0.4}"
sleep,gru,density_hard,2,objective_e20_bs32_eval5,experiments/sleep/gru/density_hard/seed_2_objective_e20_bs32_eval5,0.45,none,1.0,1.0,0.5983648987355527,0.9844325894264935,0.7443149374316609,0.8129532627586804,0.5927560656883679,0.838140655883959,0.1482784168416889,0.39372505249071316,0.2393167939518393,495,495,269,12482208,"{""initial_prob"": 1.0, ""scale"": 1.0, ""smooth"": ""none"", ""threshold"": 0.45}"
sleep,gru,density_hard,2,objective_e20_bs32_eval5,experiments/sleep/gru/density_hard/seed_2_objective_e20_bs32_eval5,0.5,none,1.0,1.0,0.681693009779812,0.9744613856043214,0.8021999841539411,0.8605654118909875,0.6697278122736638,0.8849963884594777,0.1482784168416889,0.3420967668540694,0.2393167939518393,635,635,269,12482208,"{""initial_prob"": 1.0, ""scale"": 1.0, ""smooth"": ""none"", ""threshold"": 0.5}"
sleep,gru,density_hard,2,objective_e20_bs32_eval5,experiments/sleep/gru/density_hard/seed_2_objective_e20_bs32_eval5,0.55,none,1.0,1.0,0.7436227007942225,0.9557850456715012,0.8364601826949556,0.8874535379783032,0.718892615666853,0.9105579717947337,0.1482784168416889,0.30759605992785893,0.2393167939518393,493,493,269,12482208,"{""initial_prob"": 1.0, ""scale"": 1.0, ""smooth"": ""none"", ""threshold"": 0.55}"
sleep,gru,density_hard,2,objective_e20_bs32_eval5,experiments/sleep/gru/density_hard/seed_2_objective_e20_bs32_eval5,0.6000000000000001,none,1.0,1.0,0.7732849487296205,0.9127394130025355,0.8372449013275824,0.8898970205463779,0.7200526596559428,0.9150756821229065,0.1482784168416889,0.2824752639917553,0.2393167939518393,73,73,269,12482208,"{""initial_prob"": 1.0, ""scale"": 1.0, ""smooth"": ""none"", ""threshold"": 0.6000000000000001}"
sleep,gru,density_hard,2,objective_e20_bs32_eval5,experiments/sleep/gru/density_hard/seed_2_objective_e20_bs32_eval5,0.65,none,1.0,1.0,0.7903391808415663,0.8066719291162767,0.798422036879222,0.8670699047198225,0.6644779293434561,0.90252109242211,0.1482784168416889,0.24426239332015617,0.2393167939518393,-995,995,269,12482208,"{""initial_prob"": 1.0, ""scale"": 1.0, ""smooth"": ""none"", ""threshold"": 0.65}"
sleep,gru,density_hard,2,objective_e20_bs32_eval5,experiments/sleep/gru/density_hard/seed_2_objective_e20_bs32_eval5,0.7000000000000001,none,1.0,1.0,0.7762259963275883,0.545115462563295,0.6404594212868185,0.7742458006581532,0.4710851822407682,0.8535302408035501,0.1482784168416889,0.16806353491305384,0.2393167939518393,-3604,3604,269,12482208,"{""initial_prob"": 1.0, ""scale"": 1.0, ""smooth"": ""none"", ""threshold"": 0.7000000000000001}"
sleep,gru,density_hard,2,objective_e20_bs32_eval5,experiments/sleep/gru/density_hard/seed_2_objective_e20_bs32_eval5,0.75,none,1.0,1.0,0.6709276184473159,0.2137973930119222,0.3242647689752639,0.5988327353123568,0.19350596858727578,0.7867532731388549,0.1482784168416889,0.07626054621105496,0.2393167939518393,-7186,7186,269,12482208,"{""initial_prob"": 1.0, ""scale"": 1.0, ""smooth"": ""none"", ""threshold"": 0.75}"
sleep,gru,density_hard,2,objective_e20_bs32_eval5,experiments/sleep/gru/density_hard/seed_2_objective_e20_bs32_eval5,0.8,none,1.0,1.0,0.4785704274702172,0.07429996364490918,0.12862966052801858,0.49442644561290816,0.06873554518573391,0.7590907794518406,0.1482784168416889,0.0371548847767959,0.2393167939518393,-8771,8771,269,12482208,"{""initial_prob"": 1.0, ""scale"": 1.0, ""smooth"": ""none"", ""threshold"": 0.8}"
sleep,gru,density_hard,2,objective_e20_bs32_eval5,experiments/sleep/gru/density_hard/seed_2_objective_e20_bs32_eval5,0.8500000000000001,none,1.0,1.0,0.4031735568600553,0.04545457588740232,0.08169832294670402,0.4703232786940303,0.042588881573726645,0.7554582490533726,0.1482784168416889,0.026981043738415512,0.2393167939518393,-9115,9115,269,12482208,"{""initial_prob"": 1.0, ""scale"": 1.0, ""smooth"": ""none"", ""threshold"": 0.8500000000000001}"
sleep,gru,density_hard,2,objective_e20_bs32_eval5,experiments/sleep/gru/density_hard/seed_2_objective_e20_bs32_eval5,0.9,none,1.0,1.0,0.3881450133358001,0.033712149362513814,0.062036176321837805,0.46090856214253817,0.03201100844292136,0.7560332274546299,0.1482784168416889,0.020785745598855588,0.2393167939518393,-9218,9218,269,12482208,"{""initial_prob"": 1.0, ""scale"": 1.0, ""smooth"": ""none"", ""threshold"": 0.9}"
sleep,gru,density_hard,2,objective_e20_bs32_eval5,experiments/sleep/gru/density_hard/seed_2_objective_e20_bs32_eval5,0.9500000000000001,none,1.0,1.0,0.41829390428054736,0.026984783754161922,0.05069890320829734,0.4560641270121968,0.026008759391630762,0.7581603350945602,0.1482784168416889,0.015438694820659935,0.2393167939518393,-9273,9273,269,12482208,"{""initial_prob"": 1.0, ""scale"": 1.0, ""smooth"": ""none"", ""threshold"": 0.9500000000000001}"
sleep,gru,density_hard,2,objective_e20_bs32_eval5,experiments/sleep/gru/density_hard/seed_2_objective_e20_bs32_eval5,1.0,none,1.0,1.0,0.0,0.0,0.0,0.4320386560371119,0.0,0.7606832060481608,0.1482784168416889,0.0,0.2393167939518393,-9578,9578,269,12482208,"{""initial_prob"": 1.0, ""scale"": 1.0, ""smooth"": ""none"", ""threshold"": 1.0}"
sleep,gru,density_hard,2,objective_e20_bs32_eval5,experiments/sleep/gru/density_hard/seed_2_objective_e20_bs32_eval5,0.0,none,2.0,0.0,0.2393167939518393,1.0,0.3862076187779625,0.19310380938898125,0.2393167939518393,0.2393167939518393,0.09180273077299723,1.0,0.2393167939518393,-9578,9578,269,12482208,"{""initial_prob"": 0.0, ""scale"": 2.0, ""smooth"": ""none"", ""threshold"": 0.0}"
sleep,gru,density_hard,2,objective_e20_bs32_eval5,experiments/sleep/gru/density_hard/seed_2_objective_e20_bs32_eval5,0.05,none,2.0,0.0,0.24243393679788403,0.9997733665148858,0.3902392016267997,0.21195570566880337,0.24242061430565928,0.2522897391230782,0.09180273077299723,0.9869185804306417,0.2393167939518393,-9299,9299,269,12482208,"{""initial_prob"": 0.0, ""scale"": 2.0, ""smooth"": ""none"", ""threshold"": 0.05}"
sleep,gru,density_hard,2,objective_e20_bs32_eval5,experiments/sleep/gru/density_hard/seed_2_objective_e20_bs32_eval5,0.1,none,2.0,0.0,0.24868628647649607,0.9996049815178217,0.3982853315901031,0.24666950372833762,0.2486618493576644,0.27718381235114814,0.09180273077299723,0.9619439124872778,0.2393167939518393,-8420,8420,269,12482208,"{""initial_prob"": 0.0, ""scale"": 2.0, ""smooth"": ""none"", ""threshold"": 0.1}"
sleep,gru,density_hard,2,objective_e20_bs32_eval5,experiments/sleep/gru/density_hard/seed_2_objective_e20_bs32_eval5,0.15000000000000002,none,2.0,0.0,0.30656750962485174,0.9985625344385817,0.4691131443643902,0.4589258440333637,0.3064322765836401,0.45911764969787394,0.09180273077299723,0.7795111249548157,0.2393167939518393,-3813,3813,269,12482208,"{""initial_prob"": 0.0, ""scale"": 2.0, ""smooth"": ""none"", ""threshold"": 0.15000000000000002}"
sleep,gru,density_hard,2,objective_e20_bs32_eval5,experiments/sleep/gru/density_hard/seed_2_objective_e20_bs32_eval5,0.2,none,2.0,0.0,0.3884049914805304,0.9969051306205606,0.5590126320282822,0.6153410813227664,0.38793721891894745,0.6235896725963868,0.09180273077299723,0.6142458129202782,0.2393167939518393,-1061,1061,269,12482208,"{""initial_prob"": 0.0, ""scale"": 2.0, ""smooth"": ""none"", ""threshold"": 0.2}"
sleep,gru,density_hard,2,objective_e20_bs32_eval5,experiments/sleep/gru/density_hard/seed_2_objective_e20_bs32_eval5,0.25,none,2.0,0.0,0.45478886657101864,0.994830948827699,0.6242161356254327,0.69625971246821,0.45371671509550804,0.7133475904263092,0.09180273077299723,0.523495122016874,0.2393167939518393,132,132,269,12482208,"{""initial_prob"": 0.0, ""scale"": 2.0, ""smooth"": ""none"", ""threshold"": 0.25}"
sleep,gru,density_hard,2,objective_e20_bs32_eval5,experiments/sleep/gru/density_hard/seed_2_objective_e20_bs32_eval5,0.30000000000000004,none,2.0,0.0,0.5056449688832972,0.991849228810104,0.6698170493229382,0.7442921448644018,0.5035525744650404,0.7659830696620341,0.09180273077299723,0.46943249143100324,0.2393167939518393,667,667,269,12482208,"{""initial_prob"": 0.0, ""scale"": 2.0, ""smooth"": ""none"", ""threshold"": 0.30000000000000004}"
sleep,gru,density_hard,2,objective_e20_bs32_eval5,experiments/sleep/gru/density_hard/seed_2_objective_e20_bs32_eval5,0.35000000000000003,none,2.0,0.0,0.5578803788638239,0.989230390177832,0.7134230281363365,0.7855489275380745,0.5545125116788868,0.8098068867302964,0.09180273077299723,0.4243552102320359,0.2393167939518393,1074,1074,269,12482208,"{""initial_prob"": 0.0, ""scale"": 2.0, ""smooth"": ""none"", ""threshold"": 0.35000000000000003}"
sleep,gru,density_hard,2,objective_e20_bs32_eval5,experiments/sleep/gru/density_hard/seed_2_objective_e20_bs32_eval5,0.4,none,2.0,0.0,0.6116822215328496,0.985495122191268,0.7548439727377776,0.8217195511342339,0.6062244057859038,0.846805549146433,0.09180273077299723,0.38556872309770834,0.2393167939518393,1291,1291,269,12482208,"{""initial_prob"": 0.0, ""scale"": 2.0, ""smooth"": ""none"", ""threshold"": 0.4}"
sleep,gru,density_hard,2,objective_e20_bs32_eval5,experiments/sleep/gru/density_hard/seed_2_objective_e20_bs32_eval5,0.45,none,2.0,0.0,0.6748109470361656,0.9813470933669701,0.7997108310810211,0.8582179766409344,0.6662651399256296,0.8823612777482959,0.09180273077299723,0.3480276085769441,0.2393167939518393,1394,1394,269,12482208,"{""initial_prob"": 0.0, ""scale"": 2.0, ""smooth"": ""none"", ""threshold"": 0.45}"
sleep,gru,density_hard,2,objective_e20_bs32_eval5,experiments/sleep/gru/density_hard/seed_2_objective_e20_bs32_eval5,0.5,none,2.0,0.0,0.73224003528085,0.9765884597024239,0.8369443396885459,0.8868852349478735,0.7196081565558271,0.9089344609543439,0.09180273077299723,0.3191767834665149,0.2393167939518393,1346,1346,269,12482208,"{""initial_prob"": 0.0, ""scale"": 2.0, ""smooth"": ""none"", ""threshold"": 0.5}"
sleep,gru,density_hard,2,objective_e20_bs32_eval5,experiments/sleep/gru/density_hard/seed_2_objective_e20_bs32_eval5,0.55,none,2.0,0.0,0.7783232445975438,0.9708888116705867,0.8640065420713878,0.9069911976889206,0.7605735191880687,0.9268568509673929,0.09180273077299723,0.2985263504661996,0.2393167939518393,1182,1182,269,12482208,"{""initial_prob"": 0.0, ""scale"": 2.0, ""smooth"": ""none"", ""threshold"": 0.55}"
sleep,gru,density_hard,2,objective_e20_bs32_eval5,experiments/sleep/gru/density_hard/seed_2_objective_e20_bs32_eval5,0.6000000000000001,none,2.0,0.0,0.8116887852242458,0.9613266863104671,0.8801932106543555,0.9188986320841442,0.7860223915669362,0.9373706959537927,0.09180273077299723,0.2834357511107009,0.2393167939518393,1027,1027,269,12482208,"{""initial_prob"": 0.0, ""scale"": 2.0, ""smooth"": ""none"", ""threshold"": 0.6000000000000001}"
sleep,gru,density_hard,2,objective_e20_bs32_eval5,experiments/sleep/gru/density_hard/seed_2_objective_e20_bs32_eval5,0.65,none,2.0,0.0,0.8319931615869834,0.9449042950560425,0.8848613170126597,0.9226680204445439,0.7934988988474585,0.9411512770817471,0.09180273077299723,0.27179486193468333,0.2393167939518393,854,854,269,12482208,"{""initial_prob"": 0.0, ""scale"": 2.0, ""smooth"": ""none"", ""threshold"": 0.65}"
sleep,gru,density_hard,2,objective_e20_bs32_eval5,experiments/sleep/gru/density_hard/seed_2_objective_e20_bs32_eval5,0.7000000000000001,none,2.0,0.0,0.851397130152029,0.9181541790612084,0.8835164360816006,0.9224787571767439,0.791338506570415,0.942061292361095,0.09180273077299723,0.25808134265988836,0.2393167939518393,582,582,269,12482208,"{""initial_prob"": 0.0, ""scale"": 2.0, ""smooth"": ""none"", ""threshold"": 0.7000000000000001}"
sleep,gru,density_hard,2,objective_e20_bs32_eval5,experiments/sleep/gru/density_hard/seed_2_objective_e20_bs32_eval5,0.75,none,2.0,0.0,0.8659830972416258,0.8565851924309102,0.8612585085188689,0.9089600984260315,0.7563248682531561,0.9339539927551279,0.09180273077299723,0.2367196572914023,0.2393167939518393,-1,1,269,12482208,"{""initial_prob"": 0.0, ""scale"": 2.0, ""smooth"": ""none"", ""threshold"": 0.75}"
sleep,gru,density_hard,2,objective_e20_bs32_eval5,experiments/sleep/gru/density_hard/seed_2_objective_e20_bs32_eval5,0.8,none,2.0,0.0,0.8831619578567069,0.7178352853272059,0.7919624080644053,0.8671676129779955,0.6555776189013065,0.9097462564315544,0.09180273077299723,0.1945170277566277,0.2393167939518393,-1371,1371,269,12482208,"{""initial_prob"": 0.0, ""scale"": 2.0, ""smooth"": ""none"", ""threshold"": 0.8}"
sleep,gru,density_hard,2,objective_e20_bs32_eval5,experiments/sleep/gru/density_hard/seed_2_objective_e20_bs32_eval5,0.8500000000000001,none,2.0,0.0,0.8908569103090994,0.39352009003743305,0.5458990490498045,0.7256136704491936,0.37542032325409164,0.8433212297055136,0.09180273077299723,0.10571390894944228,0.2393167939518393,-4563,4563,269,12482208,"{""initial_prob"": 0.0, ""scale"": 2.0, ""smooth"": ""none"", ""threshold"": 0.8500000000000001}"
sleep,gru,density_hard,2,objective_e20_bs32_eval5,experiments/sleep/gru/density_hard/seed_2_objective_e20_bs32_eval5,0.9,none,2.0,0.0,0.8266239214087188,0.05904053358293145,0.11020949777835684,0.48967914441107513,0.05831836790839738,0.771849099133743,0.09180273077299723,0.017092889334963814,0.2393167939518393,-8596,8596,269,12482208,"{""initial_prob"": 0.0, ""scale"": 2.0, ""smooth"": ""none"", ""threshold"": 0.9}"
sleep,gru,density_hard,2,objective_e20_bs32_eval5,experiments/sleep/gru/density_hard/seed_2_objective_e20_bs32_eval5,0.9500000000000001,none,2.0,0.0,0.6302114803625377,0.000698312333749107,0.0013950788359986517,0.4327455723938419,0.0006980263188715398,0.7607522643429753,0.09180273077299723,0.000265177442965219,0.2393167939518393,-9536,9536,269,12482208,"{""initial_prob"": 0.0, ""scale"": 2.0, ""smooth"": ""none"", ""threshold"": 0.9500000000000001}"
sleep,gru,density_hard,2,objective_e20_bs32_eval5,experiments/sleep/gru/density_hard/seed_2_objective_e20_bs32_eval5,1.0,none,2.0,0.0,0.0,0.0,0.0,0.4320386560371119,0.0,0.7606832060481608,0.09180273077299723,0.0,0.2393167939518393,-9578,9578,269,12482208,"{""initial_prob"": 0.0, ""scale"": 2.0, ""smooth"": ""none"", ""threshold"": 1.0}"
sleep,gru,density_hard,2,objective_e20_bs32_eval5,experiments/sleep/gru/density_hard/seed_2_objective_e20_bs32_eval5,0.0,none,2.0,0.2393167939518393,0.2393167939518393,1.0,0.3862076187779625,0.19310380938898125,0.2393167939518393,0.2393167939518393,0.09263604983938784,1.0,0.2393167939518393,-9578,9578,269,12482208,"{""initial_prob"": 0.2393167939518393, ""scale"": 2.0, ""smooth"": ""none"", ""threshold"": 0.0}"
sleep,gru,density_hard,2,objective_e20_bs32_eval5,experiments/sleep/gru/density_hard/seed_2_objective_e20_bs32_eval5,0.05,none,2.0,0.2393167939518393,0.23938625058079535,0.9999993304771488,0.38629800760129784,0.1935309533774092,0.23938621221324863,0.2396072874286344,0.09263604983938784,0.9997091860670805,0.2393167939518393,-9558,9558,269,12482208,"{""initial_prob"": 0.2393167939518393, ""scale"": 2.0, ""smooth"": ""none"", ""threshold"": 0.05}"
sleep,gru,density_hard,2,objective_e20_bs32_eval5,experiments/sleep/gru/density_hard/seed_2_objective_e20_bs32_eval5,0.1,none,2.0,0.2393167939518393,0.24540685056381442,0.999890533013837,0.39409058406681957,0.22873638550493194,0.2454002574222512,0.26418731365476367,0.09263604983938784,0.9750770857207315,0.2393167939518393,-8631,8631,269,12482208,"{""initial_prob"": 0.2393167939518393, ""scale"": 2.0, ""smooth"": ""none"", ""threshold"": 0.1}"
sleep,gru,density_hard,2,objective_e20_bs32_eval5,experiments/sleep/gru/density_hard/seed_2_objective_e20_bs32_eval5,0.15000000000000002,none,2.0,0.2393167939518393,0.3016351427608443,0.9988383778532554,0.4633462380018417,0.44572390906453174,0.3015293682028529,0.4462841830547929,0.09263604983938784,0.7924766195211617,0.2393167939518393,-3950,3950,269,12482208,"{""initial_prob"": 0.2393167939518393, ""scale"": 2.0, ""smooth"": ""none"", ""threshold"": 0.15000000000000002}"
sleep,gru,density_hard,2,objective_e20_bs32_eval5,experiments/sleep/gru/density_hard/seed_2_objective_e20_bs32_eval5,0.2,none,2.0,0.2393167939518393,0.3814883576315932,0.9972767158029487,0.5518698779744774,0.6051952164405408,0.3810913602173873,0.6123977424506947,0.09263604983938784,0.6256155962150286,0.2393167939518393,-1108,1108,269,12482208,"{""initial_prob"": 0.2393167939518393, ""scale"": 2.0, ""smooth"": ""none"", ""threshold"": 0.2}"
sleep,gru,density_hard,2,objective_e20_bs32_eval5,experiments/sleep/gru/density_hard/seed_2_objective_e20_bs32_eval5,0.25,none,2.0,0.2393167939518393,0.4522102697015264,0.9950441918557902,0.6218245848485489,0.6935593289085511,0.45119407733754635,0.7103517262330511,0.09263604983938784,0.5265930514857627,0.2393167939518393,140,140,269,12482208,"{""initial_prob"": 0.2393167939518393, ""scale"": 2.0, ""smooth"": ""none"", ""threshold"": 0.25}"
sleep,gru,density_hard,2,objective_e20_bs32_eval5,experiments/sleep/gru/density_hard/seed_2_objective_e20_bs32_eval5,0.30000000000000004,none,2.0,0.2393167939518393,0.5032110212441254,0.9923393195371455,0.6677890657216198,0.7422217735768702,0.5012637627714275,0.7637139999589816,0.09263604983938784,0.471936135017138,0.2393167939518393,647,647,269,12482208,"{""initial_prob"": 0.2393167939518393, ""scale"": 2.0, ""smooth"": ""none"", ""threshold"": 0.30000000000000004}"
sleep,gru,density_hard,2,objective_e20_bs32_eval5,experiments/sleep/gru/density_hard/seed_2_objective_e20_bs32_eval5,0.35000000000000003,none,2.0,0.2393167939518393,0.5562593219570413,0.9896793052495279,0.7122124120642177,0.7844123336264635,0.5530511543490148,0.8085919574485539,0.09263604983938784,0.42578500534520813,0.2393167939518393,1068,1068,269,12482208,"{""initial_prob"": 0.2393167939518393, ""scale"": 2.0, ""smooth"": ""none"", ""threshold"": 0.35000000000000003}"
sleep,gru,density_hard,2,objective_e20_bs32_eval5,experiments/sleep/gru/density_hard/seed_2_objective_e20_bs32_eval5,0.4,none,2.0,0.2393167939518393,0.6100792371228541,0.9859065439832995,0.7537424447614859,0.8207654240932405,0.6048047143972832,0.8458279977388616,0.09263604983938784,0.38674319479374164,0.2393167939518393,1291,1291,269,12482208,"{""initial_prob"": 0.2393167939518393, ""scale"": 2.0, ""smooth"": ""none"", ""threshold"": 0.4}"
sleep,gru,density_hard,2,objective_e20_bs32_eval5,experiments/sleep/gru/density_hard/seed_2_objective_e20_bs32_eval5,0.45,none,2.0,0.2393167939518393,0.6734921819393256,0.9816396748529226,0.7988809396445439,0.8575513059747493,0.6651138642393412,0.8817158791136953,0.09263604983938784,0.3488130465379202,0.2393167939518393,1410,1410,269,12482208,"{""initial_prob"": 0.2393167939518393, ""scale"": 2.0, ""smooth"": ""none"", ""threshold"": 0.45}"
sleep,gru,density_hard,2,objective_e20_bs32_eval5,experiments/sleep/gru/density_hard/seed_2_objective_e20_bs32_eval5,0.5,none,2.0,0.2393167939518393,0.7303606031583402,0.9769674096361746,0.8358540376784592,0.8860541332138152,0.717997626355718,0.9081703333256423,0.09263604983938784,0.32012228926164343,0.2393167939518393,1362,1362,269,12482208,"{""initial_prob"": 0.2393167939518393, ""scale"": 2.0, ""smooth"": ""none"", ""threshold"": 0.5}"
sleep,gru,density_hard,2,objective_e20_bs32_eval5,experiments/sleep/gru/density_hard/seed_2_objective_e20_bs32_eval5,0.55,none,2.0,0.2393167939518393,0.7781348697792386,0.9715790897301221,0.8641636129820626,0.9070805378167208,0.7608169828498508,0.9269026761931863,0.09263604983938784,0.29881091550469274,0.2393167939518393,1194,1194,269,12482208,"{""initial_prob"": 0.2393167939518393, ""scale"": 2.0, ""smooth"": ""none"", ""threshold"": 0.55}"
sleep,gru,density_hard,2,objective_e20_bs32_eval5,experiments/sleep/gru/density_hard/seed_2_objective_e20_bs32_eval5,0.6000000000000001,none,2.0,0.2393167939518393,0.8117034390347794,0.9626339296773369,0.8807493828727844,0.9192543372408519,0.7869098925613344,0.9376160852310745,0.09263604983938784,0.28381605241636737,0.2393167939518393,1035,1035,269,12482208,"{""initial_prob"": 0.2393167939518393, ""scale"": 2.0, ""smooth"": ""none"", ""threshold"": 0.6000000000000001}"
sleep,gru,density_hard,2,objective_e20_bs32_eval5,experiments/sleep/gru/density_hard/seed_2_objective_e20_bs32_eval5,0.65,none,2.0,0.2393167939518393,0.831606797442827,0.9465704026711284,0.8853722576906934,0.9229798546585852,0.7943210312138494,0.9413429899581869,0.09263604983938784,0.2724006041238858,0.2393167939518393,872,872,269,12482208,"{""initial_prob"": 0.2393167939518393, ""scale"": 2.0, ""smooth"": ""none"", ""threshold"": 0.65}"
sleep,gru,density_hard,2,objective_e20_bs32_eval5,experiments/sleep/gru/density_hard/seed_2_objective_e20_bs32_eval5,0.7000000000000001,none,2.0,0.2393167939518393,0.851278308586604,0.9211191610075248,0.8848227046597619,0.9233037107189604,0.793436800011073,0.9426108746144913,0.09263604983938784,0.2589509003535272,0.2393167939518393,618,618,269,12482208,"{""initial_prob"": 0.2393167939518393, ""scale"": 2.0, ""smooth"": ""none"", ""threshold"": 0.7000000000000001}"
sleep,gru,density_hard,2,objective_e20_bs32_eval5,experiments/sleep/gru/density_hard/seed_2_objective_e20_bs32_eval5,0.75,none,2.0,0.2393167939518393,0.8658906144206402,0.8622209010304627,0.8640518613345357,0.910700298145694,0.7606437582173794,0.9350685391558929,0.09263604983938784,0.23830255031802067,0.2393167939518393,69,69,269,12482208,"{""initial_prob"": 0.2393167939518393, ""scale"": 2.0, ""smooth"": ""none"", ""threshold"": 0.75}"
sleep,gru,density_hard,2,objective_e20_bs32_eval5,experiments/sleep/gru/density_hard/seed_2_objective_e20_bs32_eval5,0.8,none,2.0,0.2393167939518393,0.8836456302182346,0.7266672960181467,0.7975050939318835,0.8705176756878656,0.6632087087499962,0.9116880603175336,0.09263604983938784,0.1968025208360572,0.2393167939518393,-1271,1271,269,12482208,"{""initial_prob"": 0.2393167939518393, ""scale"": 2.0, ""smooth"": ""none"", ""threshold"": 0.8}"
sleep,gru,density_hard,2,objective_e20_bs32_eval5,experiments/sleep/gru/density_hard/seed_2_objective_e20_bs32_eval5,0.8500000000000001,none,2.0,0.2393167939518393,0.8928195167887938,0.40625173657489516,0.5584135253616636,0.7326616947706677,0.3873604082625413,0.8462347366747934,0.09263604983938784,0.10889419564230944,0.2393167939518393,-4427,4427,269,12482208,"{""initial_prob"": 0.2393167939518393, ""scale"": 2.0, ""smooth"": ""none"", ""threshold"": 0.8500000000000001}"
sleep,gru,density_hard,2,objective_e20_bs32_eval5,experiments/sleep/gru/density_hard/seed_2_objective_e20_bs32_eval5,0.9,none,2.0,0.2393167939518393,0.826768863102513,0.060916871373278406,0.11347297930565295,0.491393290428113,0.06014914075489285,0.7722070486247304,0.09263604983938784,0.017633018132689346,0.2393167939518393,-8554,8554,269,12482208,"{""initial_prob"": 0.2393167939518393, ""scale"": 2.0, ""smooth"": ""none"", ""threshold"": 0.9}"
sleep,gru,density_hard,2,objective_e20_bs32_eval5,experiments/sleep/gru/density_hard/seed_2_objective_e20_bs32_eval5,0.9500000000000001,none,2.0,0.2393167939518393,0.6348448687350835,0.0007123723136232502,0.0014231476843420987,0.4327604326181113,0.0007120805400568727,0.7607556291322817,0.09263604983938784,0.0002685422322717263,0.2393167939518393,-9534,9534,269,12482208,"{""initial_prob"": 0.2393167939518393, ""scale"": 2.0, ""smooth"": ""none"", ""threshold"": 0.9500000000000001}"
sleep,gru,density_hard,2,objective_e20_bs32_eval5,experiments/sleep/gru/density_hard/seed_2_objective_e20_bs32_eval5,1.0,none,2.0,0.2393167939518393,0.0,0.0,0.0,0.4320386560371119,0.0,0.7606832060481608,0.09263604983938784,0.0,0.2393167939518393,-9578,9578,269,12482208,"{""initial_prob"": 0.2393167939518393, ""scale"": 2.0, ""smooth"": ""none"", ""threshold"": 1.0}"
sleep,gru,density_hard,2,objective_e20_bs32_eval5,experiments/sleep/gru/density_hard/seed_2_objective_e20_bs32_eval5,0.0,none,2.0,0.5,0.2393167939518393,1.0,0.3862076187779625,0.19310380938898125,0.2393167939518393,0.2393167939518393,0.09494518986005594,1.0,0.2393167939518393,-9578,9578,269,12482208,"{""initial_prob"": 0.5, ""scale"": 2.0, ""smooth"": ""none"", ""threshold"": 0.0}"
sleep,gru,density_hard,2,objective_e20_bs32_eval5,experiments/sleep/gru/density_hard/seed_2_objective_e20_bs32_eval5,0.05,none,2.0,0.5,0.2393499412001358,0.9999993304771488,0.38625073079835603,0.1933080596133944,0.23934990284422714,0.23945563156774827,0.09494518986005594,0.9998608419279665,0.2393167939518393,-9570,9570,269,12482208,"{""initial_prob"": 0.5, ""scale"": 2.0, ""smooth"": ""none"", ""threshold"": 0.05}"
sleep,gru,density_hard,2,objective_e20_bs32_eval5,experiments/sleep/gru/density_hard/seed_2_objective_e20_bs32_eval5,0.1,none,2.0,0.5,0.24504722749178132,0.9998908677752626,0.3936267769043112,0.2267371755136201,0.24504067376430835,0.26275615660306256,0.09494518986005594,0.9765084030004948,0.2393167939518393,-8705,8705,269,12482208,"{""initial_prob"": 0.5, ""scale"": 2.0, ""smooth"": ""none"", ""threshold"": 0.1}"
sleep,gru,density_hard,2,objective_e20_bs32_eval5,experiments/sleep/gru/density_hard/seed_2_objective_e20_bs32_eval5,0.15000000000000002,none,2.0,0.5,0.29994178792005355,0.9988788839857499,0.46135009221658324,0.4410607380802726,0.2998408474096655,0.4417972365145654,0.09494518986005594,0.7969829536569171,0.2393167939518393,-4132,4132,269,12482208,"{""initial_prob"": 0.5, ""scale"": 2.0, ""smooth"": ""none"", ""threshold"": 0.15000000000000002}"
sleep,gru,density_hard,2,objective_e20_bs32_eval5,experiments/sleep/gru/density_hard/seed_2_objective_e20_bs32_eval5,0.2,none,2.0,0.5,0.3784000699072078,0.9973396509509568,0.5486406882337602,0.6005393669133792,0.3780185125667392,0.607282141108368,0.09494518986005594,0.6307613204330516,0.2393167939518393,-1302,1302,269,12482208,"{""initial_prob"": 0.5, ""scale"": 2.0, ""smooth"": ""none"", ""threshold"": 0.2}"
sleep,gru,density_hard,2,objective_e20_bs32_eval5,experiments/sleep/gru/density_hard/seed_2_objective_e20_bs32_eval5,0.25,none,2.0,0.5,0.4425406520886162,0.9952755120008624,0.6126650751177434,0.6831509578654373,0.44161295454285515,0.6988311683317567,0.09494518986005594,0.5382243269780475,0.2393167939518393,-45,45,269,12482208,"{""initial_prob"": 0.5, ""scale"": 2.0, ""smooth"": ""none"", ""threshold"": 0.25}"
sleep,gru,density_hard,2,objective_e20_bs32_eval5,experiments/sleep/gru/density_hard/seed_2_objective_e20_bs32_eval5,0.30000000000000004,none,2.0,0.5,0.49105541795481056,0.9926315662616723,0.657061919166425,0.7314338739162147,0.48927193929788637,0.7520291281798861,0.09494518986005594,0.48376088589454685,0.2393167939518393,552,552,269,12482208,"{""initial_prob"": 0.5, ""scale"": 2.0, ""smooth"": ""none"", ""threshold"": 0.30000000000000004}"
sleep,gru,density_hard,2,objective_e20_bs32_eval5,experiments/sleep/gru/density_hard/seed_2_objective_e20_bs32_eval5,0.35000000000000003,none,2.0,0.5,0.5420063662282004,0.9900050281166122,0.7005026592071956,0.7737179496869079,0.5390566315278714,0.7974073176796925,0.09494518986005594,0.4371255470186044,0.2393167939518393,979,979,269,12482208,"{""initial_prob"": 0.5, ""scale"": 2.0, ""smooth"": ""none"", ""threshold"": 0.35000000000000003}"
sleep,gru,density_hard,2,objective_e20_bs32_eval5,experiments/sleep/gru/density_hard/seed_2_objective_e20_bs32_eval5,0.4,none,2.0,0.5,0.5940783987328194,0.9863524462021651,0.7415328341685046,0.810416749664598,0.5892349473246354,0.8354452994213845,0.09494518986005594,0.39733931689008867,0.2393167939518393,1258,1258,269,12482208,"{""initial_prob"": 0.5, ""scale"": 2.0, ""smooth"": ""none"", ""threshold"": 0.4}"
sleep,gru,density_hard,2,objective_e20_bs32_eval5,experiments/sleep/gru/density_hard/seed_2_objective_e20_bs32_eval5,0.45,none,2.0,0.5,0.6554550196411758,0.9822526230231501,0.7862482845458599,0.8475431755327822,0.6477834589520441,0.8721866355696044,0.09494518986005594,0.3586356676639261,0.2393167939518393,1393,1393,269,12482208,"{""initial_prob"": 0.5, ""scale"": 2.0, ""smooth"": ""none"", ""threshold"": 0.45}"
sleep,gru,density_hard,2,objective_e20_bs32_eval5,experiments/sleep/gru/density_hard/seed_2_objective_e20_bs32_eval5,0.5,none,2.0,0.5,0.7237291961807926,0.9777065628638438,0.8317619764139115,0.8829553490387535,0.7119798873355352,0.9053464739571717,0.09494518986005594,0.32329993219148406,0.2393167939518393,1494,1494,269,12482208,"{""initial_prob"": 0.5, ""scale"": 2.0, ""smooth"": ""none"", ""threshold"": 0.5}"
sleep,gru,density_hard,2,objective_e20_bs32_eval5,experiments/sleep/gru/density_hard/seed_2_objective_e20_bs32_eval5,0.55,none,2.0,0.5,0.7743858666666666,0.972129437513767,0.8620632125918148,0.9055392847595498,0.7575668720186891,0.9255493899797216,0.09494518986005594,0.3004276166524384,0.2393167939518393,1214,1214,269,12482208,"{""initial_prob"": 0.5, ""scale"": 2.0, ""smooth"": ""none"", ""threshold"": 0.55}"
sleep,gru,density_hard,2,objective_e20_bs32_eval5,experiments/sleep/gru/density_hard/seed_2_objective_e20_bs32_eval5,0.6000000000000001,none,2.0,0.5,0.8098215295871827,0.9632602683045873,0.879901767415918,0.918633874716436,0.7855576786207157,0.9370712297055136,0.09494518986005594,0.2846606946463318,0.2393167939518393,1053,1053,269,12482208,"{""initial_prob"": 0.5, ""scale"": 2.0, ""smooth"": ""none"", ""threshold"": 0.6000000000000001}"
sleep,gru,density_hard,2,objective_e20_bs32_eval5,experiments/sleep/gru/density_hard/seed_2_objective_e20_bs32_eval5,0.65,none,2.0,0.5,0.8303394554038634,0.9478358008598012,0.88520572977933,0.9228274919237034,0.794052995629504,0.9411681811423107,0.09494518986005594,0.2731810750149333,0.2393167939518393,882,882,269,12482208,"{""initial_prob"": 0.5, ""scale"": 2.0, ""smooth"": ""none"", ""threshold"": 0.65}"
sleep,gru,density_hard,2,objective_e20_bs32_eval5,experiments/sleep/gru/density_hard/seed_2_objective_e20_bs32_eval5,0.7000000000000001,none,2.0,0.5,0.8510476288069218,0.9230373439760686,0.8855818688986349,0.9237782962532377,0.7946585255423165,0.9429193937482856,0.09494518986005594,0.2595604880162228,0.2393167939518393,632,632,269,12482208,"{""initial_prob"": 0.5, ""scale"": 2.0, ""smooth"": ""none"", ""threshold"": 0.7000000000000001}"
sleep,gru,density_hard,2,objective_e20_bs32_eval5,experiments/sleep/gru/density_hard/seed_2_objective_e20_bs32_eval5,0.75,none,2.0,0.5,0.8653520638061434,0.8649441852275139,0.8651480764427099,0.9113678830207433,0.7623444596461796,0.9354705513639895,0.09494518986005594,0.23920399339604018,0.2393167939518393,87,87,269,12482208,"{""initial_prob"": 0.5, ""scale"": 2.0, ""smooth"": ""none"", ""threshold"": 0.75}"
sleep,gru,density_hard,2,objective_e20_bs32_eval5,experiments/sleep/gru/density_hard/seed_2_objective_e20_bs32_eval5,0.8,none,2.0,0.5,0.8835376345600798,0.7348468566906423,0.8023616847966633,0.8734419095890774,0.6699532526733141,0.9133634850500809,0.09494518986005594,0.19904210857566226,0.2393167939518393,-1187,1187,269,12482208,"{""initial_prob"": 0.5, ""scale"": 2.0, ""smooth"": ""none"", ""threshold"": 0.8}"
sleep,gru,density_hard,2,objective_e20_bs32_eval5,experiments/sleep/gru/density_hard/seed_2_objective_e20_bs32_eval5,0.8500000000000001,none,2.0,0.5,0.893400746977455,0.4187992643282912,0.5702721724749699,0.7393217110525689,0.3988676456428461,0.8489501216451448,0.09494518986005594,0.11218447889988695,0.2393167939518393,-4301,4301,269,12482208,"{""initial_prob"": 0.5, ""scale"": 2.0, ""smooth"": ""none"", ""threshold"": 0.8500000000000001}"
sleep,gru,density_hard,2,objective_e20_bs32_eval5,experiments/sleep/gru/density_hard/seed_2_objective_e20_bs32_eval5,0.9,none,2.0,0.5,0.841058056140462,0.07113512912752469,0.13117566408856696,0.5008025443132811,0.07019154318995534,0.7744898979411335,0.09494518986005594,0.020240970187325832,0.2393167939518393,-8412,8412,269,12482208,"{""initial_prob"": 0.5, ""scale"": 2.0, ""smooth"": ""none"", ""threshold"": 0.9}"
sleep,gru,density_hard,2,objective_e20_bs32_eval5,experiments/sleep/gru/density_hard/seed_2_objective_e20_bs32_eval5,0.9500000000000001,none,2.0,0.5,0.6941529235382309,0.0009299672402468932,0.0018574460317651355,0.43299036243391575,0.0009295863441155979,0.7608077032525015,0.09494518986005594,0.00032061635249148226,0.2393167939518393,-9530,9530,269,12482208,"{""initial_prob"": 0.5, ""scale"": 2.0, ""smooth"": ""none"", ""threshold"": 0.9500000000000001}"
sleep,gru,density_hard,2,objective_e20_bs32_eval5,experiments/sleep/gru/density_hard/seed_2_objective_e20_bs32_eval5,1.0,none,2.0,0.5,0.0,0.0,0.0,0.4320386560371119,0.0,0.7606832060481608,0.09494518986005594,0.0,0.2393167939518393,-9578,9578,269,12482208,"{""initial_prob"": 0.5, ""scale"": 2.0, ""smooth"": ""none"", ""threshold"": 1.0}"
sleep,gru,density_hard,2,objective_e20_bs32_eval5,experiments/sleep/gru/density_hard/seed_2_objective_e20_bs32_eval5,0.0,none,2.0,1.0,0.2393167939518393,1.0,0.3862076187779625,0.19310380938898125,0.2393167939518393,0.2393167939518393,0.10346360516022676,1.0,0.2393167939518393,-9578,9578,269,12482208,"{""initial_prob"": 1.0, ""scale"": 2.0, ""smooth"": ""none"", ""threshold"": 0.0}"
sleep,gru,density_hard,2,objective_e20_bs32_eval5,experiments/sleep/gru/density_hard/seed_2_objective_e20_bs32_eval5,0.05,none,2.0,1.0,0.2393499412001358,0.9999993304771488,0.38625073079835603,0.1933080596133944,0.23934990284422714,0.23945563156774827,0.10346360516022676,0.9998608419279665,0.2393167939518393,-9570,9570,269,12482208,"{""initial_prob"": 1.0, ""scale"": 2.0, ""smooth"": ""none"", ""threshold"": 0.05}"
sleep,gru,density_hard,2,objective_e20_bs32_eval5,experiments/sleep/gru/density_hard/seed_2_objective_e20_bs32_eval5,0.1,none,2.0,1.0,0.24497401051652212,0.9998908677752626,0.3935323105811621,0.22632876343256758,0.2449674607047515,0.26246430118773856,0.10346360516022676,0.9768002584158187,0.2393167939518393,-8723,8723,269,12482208,"{""initial_prob"": 1.0, ""scale"": 2.0, ""smooth"": ""none"", ""threshold"": 0.1}"
sleep,gru,density_hard,2,objective_e20_bs32_eval5,experiments/sleep/gru/density_hard/seed_2_objective_e20_bs32_eval5,0.15000000000000002,none,2.0,1.0,0.29888801453318087,0.9988832358842823,0.4601030066398744,0.4381263808210857,0.2987881713022302,0.4389859550489785,0.10346360516022676,0.7997963180873128,0.2393167939518393,-4208,4208,269,12482208,"{""initial_prob"": 1.0, ""scale"": 2.0, ""smooth"": ""none"", ""threshold"": 0.15000000000000002}"
sleep,gru,density_hard,2,objective_e20_bs32_eval5,experiments/sleep/gru/density_hard/seed_2_objective_e20_bs32_eval5,0.2,none,2.0,1.0,0.37695621895683845,0.997347350463745,0.5471226220796911,0.5983352759852452,0.37657866410092933,0.6048649405617981,0.10346360516022676,0.6331822062250525,0.2393167939518393,-1382,1382,269,12482208,"{""initial_prob"": 1.0, ""scale"": 2.0, ""smooth"": ""none"", ""threshold"": 0.2}"
sleep,gru,density_hard,2,objective_e20_bs32_eval5,experiments/sleep/gru/density_hard/seed_2_objective_e20_bs32_eval5,0.25,none,2.0,1.0,0.4396742567644201,0.9953638890172141,0.609929261323455,0.679981842762194,0.43877569993607296,0.6953164856730476,0.10346360516022676,0.5417813098451812,0.2393167939518393,-169,169,269,12482208,"{""initial_prob"": 1.0, ""scale"": 2.0, ""smooth"": ""none"", ""threshold"": 0.25}"
sleep,gru,density_hard,2,objective_e20_bs32_eval5,experiments/sleep/gru/density_hard/seed_2_objective_e20_bs32_eval5,0.30000000000000004,none,2.0,1.0,0.4869581581527666,0.9927062180595755,0.6534000538291224,0.7276902994834193,0.48522210006549993,0.7479578132330433,0.10346360516022676,0.48786793169926346,0.2393167939518393,388,388,269,12482208,"{""initial_prob"": 1.0, ""scale"": 2.0, ""smooth"": ""none"", ""threshold"": 0.30000000000000004}"
sleep,gru,density_hard,2,objective_e20_bs32_eval5,experiments/sleep/gru/density_hard/seed_2_objective_e20_bs32_eval5,0.35000000000000003,none,2.0,1.0,0.535960838026514,0.9901817821493156,0.6954771470810396,0.7690468290072906,0.533127607174425,0.7924823076173703,0.10346360516022676,0.44213515749777604,0.2393167939518393,817,817,269,12482208,"{""initial_prob"": 1.0, ""scale"": 2.0, ""smooth"": ""none"", ""threshold"": 0.35000000000000003}"
sleep,gru,density_hard,2,objective_e20_bs32_eval5,experiments/sleep/gru/density_hard/seed_2_objective_e20_bs32_eval5,0.4,none,2.0,1.0,0.5857723380100743,0.9866319719925201,0.7351057400607037,0.8048798403279892,0.5811598355233126,0.8298307478933215,0.10346360516022676,0.4030876588501009,0.2393167939518393,1076,1076,269,12482208,"{""initial_prob"": 1.0, ""scale"": 2.0, ""smooth"": ""none"", ""threshold"": 0.4}"
sleep,gru,density_hard,2,objective_e20_bs32_eval5,experiments/sleep/gru/density_hard/seed_2_objective_e20_bs32_eval5,0.45,none,2.0,1.0,0.6455136268666598,0.9824504670256649,0.7791144369410477,0.8418236130363241,0.6381551723725534,0.8666847243692782,0.10346360516022676,0.36423227364902105,0.2393167939518393,1229,1229,269,12482208,"{""initial_prob"": 1.0, ""scale"": 2.0, ""smooth"": ""none"", ""threshold"": 0.45}"
sleep,gru,density_hard,2,objective_e20_bs32_eval5,experiments/sleep/gru/density_hard/seed_2_objective_e20_bs32_eval5,0.5,none,2.0,1.0,0.698176127350873,0.9780634185435066,0.8147529170693943,0.8700411038244069,0.6874118728517445,0.8935622607795031,0.10346360516022676,0.3352549484834734,0.2393167939518393,1211,1211,269,12482208,"{""initial_prob"": 1.0, ""scale"": 2.0, ""smooth"": ""none"", ""threshold"": 0.5}"
sleep,gru,density_hard,2,objective_e20_bs32_eval5,experiments/sleep/gru/density_hard/seed_2_objective_e20_bs32_eval5,0.55,none,2.0,1.0,0.7429755559550475,0.9726235453779155,0.8424293517065409,0.891135039244663,0.7277563170321283,0.9129257419841105,0.10346360516022676,0.3132877612678783,0.2393167939518393,1095,1095,269,12482208,"{""initial_prob"": 1.0, ""scale"": 2.0, ""smooth"": ""none"", ""threshold"": 0.55}"
sleep,gru,density_hard,2,objective_e20_bs32_eval5,experiments/sleep/gru/density_hard/seed_2_objective_e20_bs32_eval5,0.6000000000000001,none,2.0,1.0,0.7766828026687254,0.9638946412060517,0.8602207204784867,0.9045015690727962,0.7547257051730338,0.9250337760755148,0.10346360516022676,0.2970017804542273,0.2393167939518393,960,960,269,12482208,"{""initial_prob"": 1.0, ""scale"": 2.0, ""smooth"": ""none"", ""threshold"": 0.6000000000000001}"
sleep,gru,density_hard,2,objective_e20_bs32_eval5,experiments/sleep/gru/density_hard/seed_2_objective_e20_bs32_eval5,0.65,none,2.0,1.0,0.7944377639971562,0.9490208563063361,0.8648762847487949,0.9083782615252993,0.7619224875038366,0.929032988394361,0.10346360516022676,0.2858834751031228,0.2393167939518393,817,817,269,12482208,"{""initial_prob"": 1.0, ""scale"": 2.0, ""smooth"": ""none"", ""threshold"": 0.65}"
sleep,gru,density_hard,2,objective_e20_bs32_eval5,experiments/sleep/gru/density_hard/seed_2_objective_e20_bs32_eval5,0.7000000000000001,none,2.0,1.0,0.8127951006126294,0.9247412796322445,0.8651619499482528,0.909407708549369,0.7623660044786146,0.9310175731729514,0.10346360516022676,0.27227786942822935,0.2393167939518393,583,583,269,12482208,"{""initial_prob"": 1.0, ""scale"": 2.0, ""smooth"": ""none"", ""threshold"": 0.7000000000000001}"
sleep,gru,density_hard,2,objective_e20_bs32_eval5,experiments/sleep/gru/density_hard/seed_2_objective_e20_bs32_eval5,0.75,none,2.0,1.0,0.8272489433080753,0.8676601046732025,0.8469727689475516,0.898635697889703,0.734564411088939,0.9249670410876024,0.10346360516022676,0.25100743394117453,0.2393167939518393,74,74,269,12482208,"{""initial_prob"": 1.0, ""scale"": 2.0, ""smooth"": ""none"", ""threshold"": 0.75}"
sleep,gru,density_hard,2,objective_e20_bs32_eval5,experiments/sleep/gru/density_hard/seed_2_objective_e20_bs32_eval5,0.8,none,2.0,1.0,0.8406323747308854,0.7395663232683963,0.7868673672333126,0.8625073670524989,0.6486243515177494,0.9041198480268875,0.10346360516022676,0.2105446408199575,0.2393167939518393,-1198,1198,269,12482208,"{""initial_prob"": 1.0, ""scale"": 2.0, ""smooth"": ""none"", ""threshold"": 0.8}"
sleep,gru,density_hard,2,objective_e20_bs32_eval5,experiments/sleep/gru/density_hard/seed_2_objective_e20_bs32_eval5,0.8500000000000001,none,2.0,1.0,0.827899915918905,0.43213314667036246,0.5678628702948325,0.7358201480750505,0.39651431313126967,0.8426021261622944,0.10346360516022676,0.1249145183288085,0.2393167939518393,-4200,4200,269,12482208,"{""initial_prob"": 1.0, ""scale"": 2.0, ""smooth"": ""none"", ""threshold"": 0.8500000000000001}"
sleep,gru,density_hard,2,objective_e20_bs32_eval5,experiments/sleep/gru/density_hard/seed_2_objective_e20_bs32_eval5,0.9,none,2.0,1.0,0.6537980647265611,0.09662687692362285,0.16836984387623263,0.517983253139024,0.09192349411441743,0.7715626914725343,0.10346360516022676,0.03536938336550713,0.2393167939518393,-8155,8155,269,12482208,"{""initial_prob"": 1.0, ""scale"": 2.0, ""smooth"": ""none"", ""threshold"": 0.9}"
sleep,gru,density_hard,2,objective_e20_bs32_eval5,experiments/sleep/gru/density_hard/seed_2_objective_e20_bs32_eval5,0.9500000000000001,none,2.0,1.0,0.4472112074220723,0.02578633785060401,0.04876109569876987,0.45546536791174597,0.024989813185501242,0.7592263323924742,0.10346360516022676,0.013799081060017586,0.2393167939518393,-9179,9179,269,12482208,"{""initial_prob"": 1.0, ""scale"": 2.0, ""smooth"": ""none"", ""threshold"": 0.9500000000000001}"
sleep,gru,density_hard,2,objective_e20_bs32_eval5,experiments/sleep/gru/density_hard/seed_2_objective_e20_bs32_eval5,1.0,none,2.0,1.0,0.0,0.0,0.0,0.4320386560371119,0.0,0.7606832060481608,0.10346360516022676,0.0,0.2393167939518393,-9578,9578,269,12482208,"{""initial_prob"": 1.0, ""scale"": 2.0, ""smooth"": ""none"", ""threshold"": 1.0}"
sleep,gru,density_hard,2,objective_e20_bs32_eval5,experiments/sleep/gru/density_hard/seed_2_objective_e20_bs32_eval5,0.0,none,4.0,0.0,0.2393167939518393,1.0,0.3862076187779625,0.19310380938898125,0.2393167939518393,0.2393167939518393,0.0817949822304864,1.0,0.2393167939518393,-9578,9578,269,12482208,"{""initial_prob"": 0.0, ""scale"": 4.0, ""smooth"": ""none"", ""threshold"": 0.0}"
sleep,gru,density_hard,2,objective_e20_bs32_eval5,experiments/sleep/gru/density_hard/seed_2_objective_e20_bs32_eval5,0.05,none,4.0,0.0,0.3063941701374102,0.9980844951228608,0.468857450496011,0.45862793562497495,0.3062141083127084,0.4588212277827769,0.0817949822304864,0.7795787411970703,0.2393167939518393,-1640,1640,269,12482208,"{""initial_prob"": 0.0, ""scale"": 4.0, ""smooth"": ""none"", ""threshold"": 0.05}"
sleep,gru,density_hard,2,objective_e20_bs32_eval5,experiments/sleep/gru/density_hard/seed_2_objective_e20_bs32_eval5,0.1,none,4.0,0.0,0.3901407927788322,0.9955269178314691,0.5605898989799976,0.6179094718061544,0.38945808326810366,0.6265083068636574,0.0817949822304864,0.6106675197208699,0.2393167939518393,120,120,269,12482208,"{""initial_prob"": 0.0, ""scale"": 4.0, ""smooth"": ""none"", ""threshold"": 0.1}"
sleep,gru,density_hard,2,objective_e20_bs32_eval5,experiments/sleep/gru/density_hard/seed_2_objective_e20_bs32_eval5,0.15000000000000002,none,4.0,0.0,0.4367937721108989,0.9935364263950011,0.6068116633040029,0.6767421385866752,0.4355560890949473,0.6918702203969042,0.0817949822304864,0.544352890129695,0.2393167939518393,725,725,269,12482208,"{""initial_prob"": 0.0, ""scale"": 4.0, ""smooth"": ""none"", ""threshold"": 0.15000000000000002}"
sleep,gru,density_hard,2,objective_e20_bs32_eval5,experiments/sleep/gru/density_hard/seed_2_objective_e20_bs32_eval5,0.2,none,4.0,0.0,0.4746620649801259,0.9915318749786589,0.6419922418779281,0.7160402022081467,0.4727456364208923,0.7353496272454361,0.0817949822304864,0.49991403764462183,0.2393167939518393,1091,1091,269,12482208,"{""initial_prob"": 0.0, ""scale"": 4.0, ""smooth"": ""none"", ""threshold"": 0.2}"
sleep,gru,density_hard,2,objective_e20_bs32_eval5,experiments/sleep/gru/density_hard/seed_2_objective_e20_bs32_eval5,0.25,none,4.0,0.0,0.5111458322703966,0.9893582690424015,0.6740486152631405,0.7487790432869098,0.5083509267550621,0.7710090234035517,0.0817949822304864,0.46321428067854664,0.2393167939518393,1411,1411,269,12482208,"{""initial_prob"": 0.0, ""scale"": 4.0, ""smooth"": ""none"", ""threshold"": 0.25}"
sleep,gru,density_hard,2,objective_e20_bs32_eval5,experiments/sleep/gru/density_hard/seed_2_objective_e20_bs32_eval5,0.30000000000000004,none,4.0,0.0,0.5430419264813651,0.9870571190030001,0.7006257549567398,0.7741748369245547,0.5392024335016844,0.7981290649859384,0.0817949822304864,0.4349928313964965,0.2393167939518393,1492,1492,269,12482208,"{""initial_prob"": 0.0, ""scale"": 4.0, ""smooth"": ""none"", ""threshold"": 0.30000000000000004}"
sleep,gru,density_hard,2,objective_e20_bs32_eval5,experiments/sleep/gru/density_hard/seed_2_objective_e20_bs32_eval5,0.35000000000000003,none,4.0,0.0,0.575071594483218,0.9849511348747089,0.7261655986942954,0.7972790088254329,0.5700627946222538,0.8222252024641794,0.0817949822304864,0.4098886991788632,0.2393167939518393,1642,1642,269,12482208,"{""initial_prob"": 0.0, ""scale"": 4.0, ""smooth"": ""none"", ""threshold"": 0.35000000000000003}"
sleep,gru,density_hard,2,objective_e20_bs32_eval5,experiments/sleep/gru/density_hard/seed_2_objective_e20_bs32_eval5,0.4,none,4.0,0.0,0.6100112777719812,0.982493651249564,0.752691180641862,0.8201698869821179,0.6034521434949807,0.8454903170977442,0.0817949822304864,0.38544735034058075,0.2393167939518393,1736,1736,269,12482208,"{""initial_prob"": 0.0, ""scale"": 4.0, ""smooth"": ""none"", ""threshold"": 0.4}"
sleep,gru,density_hard,2,objective_e20_bs32_eval5,experiments/sleep/gru/density_hard/seed_2_objective_e20_bs32_eval5,0.45,none,4.0,0.0,0.6509669410165535,0.9798597483531412,0.7822490362323198,0.844514089259667,0.642371929488824,0.8694484181003874,0.0817949822304864,0.3602285749444329,0.2393167939518393,1676,1676,269,12482208,"{""initial_prob"": 0.0, ""scale"": 4.0, ""smooth"": ""none"", ""threshold"": 0.45}"
sleep,gru,density_hard,2,objective_e20_bs32_eval5,experiments/sleep/gru/density_hard/seed_2_objective_e20_bs32_eval5,0.5,none,4.0,0.0,0.7069668937228315,0.9763414057703497,0.8201005734460739,0.8742120299374339,0.6950597271169977,0.8974896909264771,0.0817949822304864,0.33050330518446736,0.2393167939518393,1682,1682,269,12482208,"{""initial_prob"": 0.0, ""scale"": 4.0, ""smooth"": ""none"", ""threshold"": 0.5}"
sleep,gru,density_hard,2,objective_e20_bs32_eval5,experiments/sleep/gru/density_hard/seed_2_objective_e20_bs32_eval5,0.55,none,4.0,0.0,0.7705428165369196,0.9728354493603044,0.8599526354554657,0.9039809933872242,0.7543130769825774,0.9241696661359913,0.0817949822304864,0.3021452614793793,0.2393167939518393,1625,1625,269,12482208,"{""initial_prob"": 0.0, ""scale"": 4.0, ""smooth"": ""none"", ""threshold"": 0.55}"
sleep,gru,density_hard,2,objective_e20_bs32_eval5,experiments/sleep/gru/density_hard/seed_2_objective_e20_bs32_eval5,0.6000000000000001,none,4.0,0.0,0.7955191983303314,0.9687282614299267,0.8736211302663776,0.9139846658199757,0.7756014905295411,0.9329256490518344,0.0817949822304864,0.2914234404682248,0.2393167939518393,1513,1513,269,12482208,"{""initial_prob"": 0.0, ""scale"": 4.0, ""smooth"": ""none"", ""threshold"": 0.6000000000000001}"
sleep,gru,density_hard,2,objective_e20_bs32_eval5,experiments/sleep/gru/density_hard/seed_2_objective_e20_bs32_eval5,0.65,none,4.0,0.0,0.815245955542188,0.9636398877611893,0.8832534409713194,0.9210000312214719,0.7909166442738377,0.939035545634234,0.0817949822304864,0.2828780773401629,0.2393167939518393,1476,1476,269,12482208,"{""initial_prob"": 0.0, ""scale"": 4.0, ""smooth"": ""none"", ""threshold"": 0.65}"
sleep,gru,density_hard,2,objective_e20_bs32_eval5,experiments/sleep/gru/density_hard/seed_2_objective_e20_bs32_eval5,0.7000000000000001,none,4.0,0.0,0.830421399884505,0.9565298898434053,0.8890257890309695,0.925271077359561,0.8002218055588618,0.9428508962516888,0.0817949822304864,0.2756596429093314,0.2393167939518393,1376,1376,269,12482208,"{""initial_prob"": 0.0, ""scale"": 4.0, ""smooth"": ""none"", ""threshold"": 0.7000000000000001}"
sleep,gru,density_hard,2,objective_e20_bs32_eval5,experiments/sleep/gru/density_hard/seed_2_objective_e20_bs32_eval5,0.75,none,4.0,0.0,0.8443619008663786,0.9453545491734405,0.8920087471006988,0.9276557890872561,0.8050684017284098,0.9452205891778122,0.0817949822304864,0.267941056582297,0.2393167939518393,1277,1277,269,12482208,"{""initial_prob"": 0.0, ""scale"": 4.0, ""smooth"": ""none"", ""threshold"": 0.75}"
sleep,gru,density_hard,2,objective_e20_bs32_eval5,experiments/sleep/gru/density_hard/seed_2_objective_e20_bs32_eval5,0.8,none,4.0,0.0,0.8586068320899691,0.9262209251332852,0.8911331764375467,0.9275438703763723,0.8036431043852548,0.9458409922347072,0.0817949822304864,0.2581626584014623,0.2393167939518393,1101,1101,269,12482208,"{""initial_prob"": 0.0, ""scale"": 4.0, ""smooth"": ""none"", ""threshold"": 0.8}"
sleep,gru,density_hard,2,objective_e20_bs32_eval5,experiments/sleep/gru/density_hard/seed_2_objective_e20_bs32_eval5,0.8500000000000001,none,4.0,0.0,0.8753359515574484,0.8854275673355869,0.8803528399726869,0.9212125775322009,0.7862770267297523,0.9424027383616744,0.0817949822304864,0.24207584106914418,0.2393167939518393,848,848,269,12482208,"{""initial_prob"": 0.0, ""scale"": 4.0, ""smooth"": ""none"", ""threshold"": 0.8500000000000001}"
sleep,gru,density_hard,2,objective_e20_bs32_eval5,experiments/sleep/gru/density_hard/seed_2_objective_e20_bs32_eval5,0.9,none,4.0,0.0,0.8935314470656017,0.7600731386762596,0.8214167490015799,0.8853111539972981,0.6969526745825789,0.9209074227893014,0.0817949822304864,0.20357231669268772,0.2393167939518393,296,296,269,12482208,"{""initial_prob"": 0.0, ""scale"": 4.0, ""smooth"": ""none"", ""threshold"": 0.9}"
sleep,gru,density_hard,2,objective_e20_bs32_eval5,experiments/sleep/gru/density_hard/seed_2_objective_e20_bs32_eval5,0.9500000000000001,none,4.0,0.0,0.9231660546300022,0.36406008030257075,0.5221893789451545,0.7132516014277601,0.35335338067364913,0.8405575359744045,0.0817949822304864,0.09437705252147698,0.2393167939518393,-2240,2240,269,12482208,"{""initial_prob"": 0.0, ""scale"": 4.0, ""smooth"": ""none"", ""threshold"": 0.9500000000000001}"
sleep,gru,density_hard,2,objective_e20_bs32_eval5,experiments/sleep/gru/density_hard/seed_2_objective_e20_bs32_eval5,1.0,none,4.0,0.0,0.0,0.0,0.0,0.4320386560371119,0.0,0.7606832060481608,0.0817949822304864,0.0,0.2393167939518393,-9578,9578,269,12482208,"{""initial_prob"": 0.0, ""scale"": 4.0, ""smooth"": ""none"", ""threshold"": 1.0}"
sleep,gru,density_hard,2,objective_e20_bs32_eval5,experiments/sleep/gru/density_hard/seed_2_objective_e20_bs32_eval5,0.0,none,4.0,0.2393167939518393,0.2393167939518393,1.0,0.3862076187779625,0.19310380938898125,0.2393167939518393,0.2393167939518393,0.0825023048632805,1.0,0.2393167939518393,-9578,9578,269,12482208,"{""initial_prob"": 0.2393167939518393, ""scale"": 4.0, ""smooth"": ""none"", ""threshold"": 0.0}"
sleep,gru,density_hard,2,objective_e20_bs32_eval5,experiments/sleep/gru/density_hard/seed_2_objective_e20_bs32_eval5,0.05,none,4.0,0.2393167939518393,0.30233489241561706,0.9982632577241177,0.46410924787807584,0.44781766307752413,0.3021759504944485,0.44829832991086194,0.0825023048632805,0.7901872008542078,0.2393167939518393,-1827,1827,269,12482208,"{""initial_prob"": 0.2393167939518393, ""scale"": 4.0, ""smooth"": ""none"", ""threshold"": 0.05}"
sleep,gru,density_hard,2,objective_e20_bs32_eval5,experiments/sleep/gru/density_hard/seed_2_objective_e20_bs32_eval5,0.1,none,4.0,0.2393167939518393,0.3842510823137175,0.9957210794583025,0.5545139431988699,0.6094059222814547,0.38361763545890776,0.6171201441283465,0.0825023048632805,0.6201486147322653,0.2393167939518393,37,37,269,12482208,"{""initial_prob"": 0.2393167939518393, ""scale"": 4.0, ""smooth"": ""none"", ""threshold"": 0.1}"
sleep,gru,density_hard,2,objective_e20_bs32_eval5,experiments/sleep/gru/density_hard/seed_2_objective_e20_bs32_eval5,0.15000000000000002,none,4.0,0.2393167939518393,0.429630956858973,0.9937379527731971,0.599901521844195,0.6685574026990517,0.42847094772531924,0.6827789602608769,0.0825023048632805,0.5535406075591754,0.2393167939518393,666,666,269,12482208,"{""initial_prob"": 0.2393167939518393, ""scale"": 4.0, ""smooth"": ""none"", ""threshold"": 0.15000000000000002}"
sleep,gru,density_hard,2,objective_e20_bs32_eval5,experiments/sleep/gru/density_hard/seed_2_objective_e20_bs32_eval5,0.2,none,4.0,0.2393167939518393,0.4664778489518113,0.9917799331950099,0.6345152078520493,0.7080491730396528,0.46468127034497164,0.7265702510325096,0.0825023048632805,0.5088121428516493,0.2393167939518393,1072,1072,269,12482208,"{""initial_prob"": 0.2393167939518393, ""scale"": 4.0, ""smooth"": ""none"", ""threshold"": 0.2}"
sleep,gru,density_hard,2,objective_e20_bs32_eval5,experiments/sleep/gru/density_hard/seed_2_objective_e20_bs32_eval5,0.25,none,4.0,0.2393167939518393,0.5087199481344957,0.989512259298166,0.6719714377135166,0.746732780071899,0.5059917058986857,0.7688014011623584,0.0825023048632805,0.4654956078283586,0.2393167939518393,1425,1425,269,12482208,"{""initial_prob"": 0.2393167939518393, ""scale"": 4.0, ""smooth"": ""none"", ""threshold"": 0.25}"
sleep,gru,density_hard,2,objective_e20_bs32_eval5,experiments/sleep/gru/density_hard/seed_2_objective_e20_bs32_eval5,0.30000000000000004,none,4.0,0.2393167939518393,0.5412916237102047,0.9870838999170461,0.6991740428507508,0.7728367229651001,0.5374846950186831,0.7967234643101605,0.0825023048632805,0.4364112503172516,0.2393167939518393,1492,1492,269,12482208,"{""initial_prob"": 0.2393167939518393, ""scale"": 4.0, ""smooth"": ""none"", ""threshold"": 0.30000000000000004}"
sleep,gru,density_hard,2,objective_e20_bs32_eval5,experiments/sleep/gru/density_hard/seed_2_objective_e20_bs32_eval5,0.35000000000000003,none,4.0,0.2393167939518393,0.5739837772644113,0.9850465418809977,0.7253235911409711,0.7965326632878897,0.569025664945202,0.8214542651428337,0.0825023048632805,0.4107053014979401,0.2393167939518393,1640,1640,269,12482208,"{""initial_prob"": 0.2393167939518393, ""scale"": 4.0, ""smooth"": ""none"", ""threshold"": 0.35000000000000003}"
sleep,gru,density_hard,2,objective_e20_bs32_eval5,experiments/sleep/gru/density_hard/seed_2_objective_e20_bs32_eval5,0.4,none,4.0,0.2393167939518393,0.6089060601836178,0.9825917363472574,0.7518779658411943,0.8194816645658443,0.6024074131083952,0.8447990932373504,0.0825023048632805,0.3861855210232036,0.2393167939518393,1738,1738,269,12482208,"{""initial_prob"": 0.2393167939518393, ""scale"": 4.0, ""smooth"": ""none"", ""threshold"": 0.4}"
sleep,gru,density_hard,2,objective_e20_bs32_eval5,experiments/sleep/gru/density_hard/seed_2_objective_e20_bs32_eval5,0.45,none,4.0,0.2393167939518393,0.6501326427839327,0.9799635243950694,0.7816793742290448,0.8440515895422802,0.6416039897004919,0.8689976164473465,0.0825023048632805,0.3607290472967603,0.2393167939518393,1688,1688,269,12482208,"{""initial_prob"": 0.2393167939518393, ""scale"": 4.0, ""smooth"": ""none"", ""threshold"": 0.45}"
sleep,gru,density_hard,2,objective_e20_bs32_eval5,experiments/sleep/gru/density_hard/seed_2_objective_e20_bs32_eval5,0.5,none,4.0,0.2393167939518393,0.7064029959456135,0.9766118930022141,0.8198163564960201,0.8739819805110443,0.694651515472605,0.8972636892447233,0.0825023048632805,0.3308587711404905,0.2393167939518393,1678,1678,269,12482208,"{""initial_prob"": 0.2393167939518393, ""scale"": 4.0, ""smooth"": ""none"", ""threshold"": 0.5}"
sleep,gru,density_hard,2,objective_e20_bs32_eval5,experiments/sleep/gru/density_hard/seed_2_objective_e20_bs32_eval5,0.55,none,4.0,0.2393167939518393,0.7696656642471978,0.9731250179934267,0.8595190701921211,0.903655039974208,0.7536461572723645,0.9238738851331431,0.0825023048632805,0.3025796397560432,0.2393167939518393,1629,1629,269,12482208,"{""initial_prob"": 0.2393167939518393, ""scale"": 4.0, ""smooth"": ""none"", ""threshold"": 0.55}"
sleep,gru,density_hard,2,objective_e20_bs32_eval5,experiments/sleep/gru/density_hard/seed_2_objective_e20_bs32_eval5,0.6000000000000001,none,4.0,0.2393167939518393,0.7950345774817155,0.968874552172903,0.8733882684425998,0.9138131731134448,0.7752344876040386,0.9327739931909482,0.0825023048632805,0.2916451159922988,0.2393167939518393,1517,1517,269,12482208,"{""initial_prob"": 0.2393167939518393, ""scale"": 4.0, ""smooth"": ""none"", ""threshold"": 0.6000000000000001}"
sleep,gru,density_hard,2,objective_e20_bs32_eval5,experiments/sleep/gru/density_hard/seed_2_objective_e20_bs32_eval5,0.65,none,4.0,0.2393167939518393,0.8149013515648044,0.9636971319649625,0.8830751882559225,0.920872106055809,0.7906308275818504,0.9389265104378969,0.0825023048632805,0.2830145115351387,0.2393167939518393,1490,1490,269,12482208,"{""initial_prob"": 0.2393167939518393, ""scale"": 4.0, ""smooth"": ""none"", ""threshold"": 0.65}"
sleep,gru,density_hard,2,objective_e20_bs32_eval5,experiments/sleep/gru/density_hard/seed_2_objective_e20_bs32_eval5,0.7000000000000001,none,4.0,0.2393167939518393,0.8302708363115681,0.956577425965837,0.8889600266797826,0.9252235865912892,0.8001152506000535,0.942809957981793,0.0825023048632805,0.27572333356406176,0.2393167939518393,1378,1378,269,12482208,"{""initial_prob"": 0.2393167939518393, ""scale"": 4.0, ""smooth"": ""none"", ""threshold"": 0.7000000000000001}"
sleep,gru,density_hard,2,objective_e20_bs32_eval5,experiments/sleep/gru/density_hard/seed_2_objective_e20_bs32_eval5,0.75,none,4.0,0.2393167939518393,0.8443393265667601,0.9456588473092881,0.8921315853301128,0.9277335571110886,0.8052685440950516,0.9452728235260941,0.0825023048632805,0.2680344695425681,0.2393167939518393,1279,1279,269,12482208,"{""initial_prob"": 0.2393167939518393, ""scale"": 4.0, ""smooth"": ""none"", ""threshold"": 0.75}"
sleep,gru,density_hard,2,objective_e20_bs32_eval5,experiments/sleep/gru/density_hard/seed_2_objective_e20_bs32_eval5,0.8,none,4.0,0.2393167939518393,0.8585039186450097,0.9267260801244777,0.8913114521330904,0.9276542510734376,0.8039331278815427,0.945911011897895,0.0825023048632805,0.25833442288415637,0.2393167939518393,1107,1107,269,12482208,"{""initial_prob"": 0.2393167939518393, ""scale"": 4.0, ""smooth"": ""none"", ""threshold"": 0.8}"
sleep,gru,density_hard,2,objective_e20_bs32_eval5,experiments/sleep/gru/density_hard/seed_2_objective_e20_bs32_eval5,0.8500000000000001,none,4.0,0.2393167939518393,0.8752803962790815,0.8862785308793982,0.8807451306475332,0.9214580719833975,0.7869031038096613,0.9425620050555158,0.0825023048632805,0.24232387410945244,0.2393167939518393,860,860,269,12482208,"{""initial_prob"": 0.2393167939518393, ""scale"": 4.0, ""smooth"": ""none"", ""threshold"": 0.8500000000000001}"
sleep,gru,density_hard,2,objective_e20_bs32_eval5,experiments/sleep/gru/density_hard/seed_2_objective_e20_bs32_eval5,0.9,none,4.0,0.2393167939518393,0.8935303919551585,0.7618346532976343,0.8224438691854865,0.8859362080287032,0.6984328370118574,0.9212785109813905,0.0825023048632805,0.20404434856397202,0.2393167939518393,306,306,269,12482208,"{""initial_prob"": 0.2393167939518393, ""scale"": 4.0, ""smooth"": ""none"", ""threshold"": 0.9}"
sleep,gru,density_hard,2,objective_e20_bs32_eval5,experiments/sleep/gru/density_hard/seed_2_objective_e20_bs32_eval5,0.9500000000000001,none,4.0,0.2393167939518393,0.9233148252890635,0.36668327083337515,0.5249063563172975,0.7147683588077822,0.35584612445812064,0.8411483769538209,0.0825023048632805,0.09504175863757437,0.2393167939518393,-2208,2208,269,12482208,"{""initial_prob"": 0.2393167939518393, ""scale"": 4.0, ""smooth"": ""none"", ""threshold"": 0.9500000000000001}"
sleep,gru,density_hard,2,objective_e20_bs32_eval5,experiments/sleep/gru/density_hard/seed_2_objective_e20_bs32_eval5,1.0,none,4.0,0.2393167939518393,0.0,0.0,0.0,0.4320386560371119,0.0,0.7606832060481608,0.0825023048632805,0.0,0.2393167939518393,-9578,9578,269,12482208,"{""initial_prob"": 0.2393167939518393, ""scale"": 4.0, ""smooth"": ""none"", ""threshold"": 1.0}"
sleep,gru,density_hard,2,objective_e20_bs32_eval5,experiments/sleep/gru/density_hard/seed_2_objective_e20_bs32_eval5,0.0,none,4.0,0.5,0.2393167939518393,1.0,0.3862076187779625,0.19310380938898125,0.2393167939518393,0.2393167939518393,0.08433810436354423,1.0,0.2393167939518393,-9578,9578,269,12482208,"{""initial_prob"": 0.5, ""scale"": 4.0, ""smooth"": ""none"", ""threshold"": 0.0}"
sleep,gru,density_hard,2,objective_e20_bs32_eval5,experiments/sleep/gru/density_hard/seed_2_objective_e20_bs32_eval5,0.05,none,4.0,0.5,0.30198591771945194,0.9982632577241177,0.46369796144125425,0.4468734363408753,0.30182734241260534,0.44738519018430073,0.08433810436354423,0.7911003405807691,0.2393167939518393,-1879,1879,269,12482208,"{""initial_prob"": 0.5, ""scale"": 4.0, ""smooth"": ""none"", ""threshold"": 0.05}"
sleep,gru,density_hard,2,objective_e20_bs32_eval5,experiments/sleep/gru/density_hard/seed_2_objective_e20_bs32_eval5,0.1,none,4.0,0.5,0.38300138250076193,0.995756898930839,0.5532170128170543,0.607564853645389,0.3823773279876838,0.615091416518616,0.08433810436354423,0.6221944867446528,0.2393167939518393,-67,67,269,12482208,"{""initial_prob"": 0.5, ""scale"": 4.0, ""smooth"": ""none"", ""threshold"": 0.1}"
sleep,gru,density_hard,2,objective_e20_bs32_eval5,experiments/sleep/gru/density_hard/seed_2_objective_e20_bs32_eval5,0.15000000000000002,none,4.0,0.5,0.42833715783150594,0.9937439784788574,0.5986402048172714,0.6670504371694398,0.4271852288578127,0.6811064997474806,0.08433810436354423,0.5552159521776916,0.2393167939518393,594,594,269,12482208,"{""initial_prob"": 0.5, ""scale"": 4.0, ""smooth"": ""none"", ""threshold"": 0.15000000000000002}"
sleep,gru,density_hard,2,objective_e20_bs32_eval5,experiments/sleep/gru/density_hard/seed_2_objective_e20_bs32_eval5,0.2,none,4.0,0.5,0.46482432519572114,0.991786963184947,0.6329852165471862,0.706401665081893,0.4630419686818517,0.7247599943856087,0.08433810436354423,0.5106257642878568,0.2393167939518393,1002,1002,269,12482208,"{""initial_prob"": 0.5, ""scale"": 4.0, ""smooth"": ""none"", ""threshold"": 0.2}"
sleep,gru,density_hard,2,objective_e20_bs32_eval5,experiments/sleep/gru/density_hard/seed_2_objective_e20_bs32_eval5,0.25,none,4.0,0.5,0.4999187436637391,0.9896257434214358,0.6642734911753573,0.7391276940097516,0.4973125013142677,0.7606062164642666,0.08433810436354423,0.4737451098395412,0.2393167939518393,1326,1326,269,12482208,"{""initial_prob"": 0.5, ""scale"": 4.0, ""smooth"": ""none"", ""threshold"": 0.25}"
sleep,gru,density_hard,2,objective_e20_bs32_eval5,experiments/sleep/gru/density_hard/seed_2_objective_e20_bs32_eval5,0.30000000000000004,none,4.0,0.5,0.5306330646235028,0.9872830829652631,0.6902687593079464,0.7645374503577268,0.5270308425591289,0.7879629950085754,0.08433810436354423,0.44526705531585437,0.2393167939518393,1439,1439,269,12482208,"{""initial_prob"": 0.5, ""scale"": 4.0, ""smooth"": ""none"", ""threshold"": 0.30000000000000004}"
sleep,gru,density_hard,2,objective_e20_bs32_eval5,experiments/sleep/gru/density_hard/seed_2_objective_e20_bs32_eval5,0.35000000000000003,none,4.0,0.5,0.561850389837685,0.9852564372948331,0.7156153714481341,0.7879339546261681,0.5571659419927699,0.8125959766092665,0.08433810436354423,0.4196640530265158,0.2393167939518393,1607,1607,269,12482208,"{""initial_prob"": 0.5, ""scale"": 4.0, ""smooth"": ""none"", ""threshold"": 0.35000000000000003}"
sleep,gru,density_hard,2,objective_e20_bs32_eval5,experiments/sleep/gru/density_hard/seed_2_objective_e20_bs32_eval5,0.4,none,4.0,0.5,0.5958356038719406,0.9828019665225184,0.7418908737401363,0.8110394335219095,0.5896872204922691,0.836343778280253,0.08433810436354423,0.3947414592033717,0.2393167939518393,1709,1709,269,12482208,"{""initial_prob"": 0.5, ""scale"": 4.0, ""smooth"": ""none"", ""threshold"": 0.4}"
sleep,gru,density_hard,2,objective_e20_bs32_eval5,experiments/sleep/gru/density_hard/seed_2_objective_e20_bs32_eval5,0.45,none,4.0,0.5,0.6358183216161561,0.9802363549569129,0.771325677318645,0.8356906335992675,0.6277706492924576,0.8609043367968231,0.08433810436354423,0.3689529128179886,0.2393167939518393,1691,1691,269,12482208,"{""initial_prob"": 0.5, ""scale"": 4.0, ""smooth"": ""none"", ""threshold"": 0.45}"
sleep,gru,density_hard,2,objective_e20_bs32_eval5,experiments/sleep/gru/density_hard/seed_2_objective_e20_bs32_eval5,0.5,none,4.0,0.5,0.7019213630311711,0.976844217431563,0.8168714352359825,0.8717257193233776,0.6904333641871901,0.8951832079708975,0.08433810436354423,0.3330504506894934,0.2393167939518393,1810,1810,269,12482208,"{""initial_prob"": 0.5, ""scale"": 4.0, ""smooth"": ""none"", ""threshold"": 0.5}"
sleep,gru,density_hard,2,objective_e20_bs32_eval5,experiments/sleep/gru/density_hard/seed_2_objective_e20_bs32_eval5,0.55,none,4.0,0.5,0.7671313156793447,0.9732468711523359,0.8579838088031665,0.9025327623581906,0.7512886554646822,0.9228945712168872,0.08433810436354423,0.3036172766869451,0.2393167939518393,1635,1635,269,12482208,"{""initial_prob"": 0.5, ""scale"": 4.0, ""smooth"": ""none"", ""threshold"": 0.55}"
sleep,gru,density_hard,2,objective_e20_bs32_eval5,experiments/sleep/gru/density_hard/seed_2_objective_e20_bs32_eval5,0.6000000000000001,none,4.0,0.5,0.793901873522107,0.9691647903288764,0.8728220646100168,0.9133980604650427,0.7743427521121908,0.9324093141213478,0.08433810436354423,0.2921487127918394,0.2393167939518393,1523,1523,269,12482208,"{""initial_prob"": 0.5, ""scale"": 4.0, ""smooth"": ""none"", ""threshold"": 0.6000000000000001}"
sleep,gru,density_hard,2,objective_e20_bs32_eval5,experiments/sleep/gru/density_hard/seed_2_objective_e20_bs32_eval5,0.65,none,4.0,0.5,0.8142778704204772,0.9641155837469311,0.8828844736612995,0.9207248179213983,0.790325130073983,0.9387871120237702,0.08433810436354423,0.2833541950270337,0.2393167939518393,1498,1498,269,12482208,"{""initial_prob"": 0.5, ""scale"": 4.0, ""smooth"": ""none"", ""threshold"": 0.65}"
sleep,gru,density_hard,2,objective_e20_bs32_eval5,experiments/sleep/gru/density_hard/seed_2_objective_e20_bs32_eval5,0.7000000000000001,none,4.0,0.5,0.8299347323422049,0.9567966946995884,0.8888619707508341,0.9251487383828936,0.7999563936727723,0.9427400184326363,0.08433810436354423,0.275898222493969,0.2393167939518393,1396,1396,269,12482208,"{""initial_prob"": 0.5, ""scale"": 4.0, ""smooth"": ""none"", ""threshold"": 0.7000000000000001}"
sleep,gru,density_hard,2,objective_e20_bs32_eval5,experiments/sleep/gru/density_hard/seed_2_objective_e20_bs32_eval5,0.75,none,4.0,0.5,0.844048569643883,0.9458590346417819,0.8920582977161597,0.9276772341644868,0.8051491300285274,0.9452195476954077,0.08433810436354423,0.26818356175445884,0.2393167939518393,1283,1283,269,12482208,"{""initial_prob"": 0.5, ""scale"": 4.0, ""smooth"": ""none"", ""threshold"": 0.75}"
sleep,gru,density_hard,2,objective_e20_bs32_eval5,experiments/sleep/gru/density_hard/seed_2_objective_e20_bs32_eval5,0.8,none,4.0,0.5,0.85847082400182,0.9272473036640977,0.891534609519187,0.9277953280453475,0.8042962975438238,0.9460052259984771,0.08433810436354423,0.2584896838764424,0.2393167939518393,1107,1107,269,12482208,"{""initial_prob"": 0.5, ""scale"": 4.0, ""smooth"": ""none"", ""threshold"": 0.8}"
sleep,gru,density_hard,2,objective_e20_bs32_eval5,experiments/sleep/gru/density_hard/seed_2_objective_e20_bs32_eval5,0.8500000000000001,none,4.0,0.5,0.8752497841066141,0.8872372876022445,0.8812027695298519,0.9217455278189044,0.7876340283391184,0.942750273028618,0.08433810436354423,0.24259449930653296,0.2393167939518393,860,860,269,12482208,"{""initial_prob"": 0.5, ""scale"": 4.0, ""smooth"": ""none"", ""threshold"": 0.8500000000000001}"
sleep,gru,density_hard,2,objective_e20_bs32_eval5,experiments/sleep/gru/density_hard/seed_2_objective_e20_bs32_eval5,0.9,none,4.0,0.5,0.893434680064623,0.763280487894692,0.8232450232730777,0.88642102447423,0.6995891579425373,0.9215613936252304,0.08433810436354423,0.2044534909208371,0.2393167939518393,318,318,269,12482208,"{""initial_prob"": 0.5, ""scale"": 4.0, ""smooth"": ""none"", ""threshold"": 0.9}"
sleep,gru,density_hard,2,objective_e20_bs32_eval5,experiments/sleep/gru/density_hard/seed_2_objective_e20_bs32_eval5,0.9500000000000001,none,4.0,0.5,0.9229751261914834,0.36959703428157853,0.527829516661089,0.7163887374661171,0.3585383096826949,0.8417525168624013,0.08433810436354423,0.09583224378251028,0.2393167939518393,-2168,2168,269,12482208,"{""initial_prob"": 0.5, ""scale"": 4.0, ""smooth"": ""none"", ""threshold"": 0.9500000000000001}"
sleep,gru,density_hard,2,objective_e20_bs32_eval5,experiments/sleep/gru/density_hard/seed_2_objective_e20_bs32_eval5,1.0,none,4.0,0.5,0.0,0.0,0.0,0.4320386560371119,0.0,0.7606832060481608,0.08433810436354423,0.0,0.2393167939518393,-9578,9578,269,12482208,"{""initial_prob"": 0.5, ""scale"": 4.0, ""smooth"": ""none"", ""threshold"": 1.0}"
sleep,gru,density_hard,2,objective_e20_bs32_eval5,experiments/sleep/gru/density_hard/seed_2_objective_e20_bs32_eval5,0.0,none,4.0,1.0,0.2393167939518393,1.0,0.3862076187779625,0.19310380938898125,0.2393167939518393,0.2393167939518393,0.09096789744881385,1.0,0.2393167939518393,-9578,9578,269,12482208,"{""initial_prob"": 1.0, ""scale"": 4.0, ""smooth"": ""none"", ""threshold"": 0.0}"
sleep,gru,density_hard,2,objective_e20_bs32_eval5,experiments/sleep/gru/density_hard/seed_2_objective_e20_bs32_eval5,0.05,none,4.0,1.0,0.3017662421457285,0.9982649315312456,0.4634391284664661,0.44627683551066,0.3016080501932474,0.44680876973048356,0.09096789744881385,0.7916775621748973,0.2393167939518393,-1903,1903,269,12482208,"{""initial_prob"": 1.0, ""scale"": 4.0, ""smooth"": ""none"", ""threshold"": 0.05}"
sleep,gru,density_hard,2,objective_e20_bs32_eval5,experiments/sleep/gru/density_hard/seed_2_objective_e20_bs32_eval5,0.1,none,4.0,1.0,0.3822998417480536,0.995759242260818,0.5524851657710517,0.6065269196164138,0.38167841372440603,0.61394931089115,0.09096789744881385,0.6233377139685543,0.2393167939518393,-119,119,269,12482208,"{""initial_prob"": 1.0, ""scale"": 4.0, ""smooth"": ""none"", ""threshold"": 0.1}"
sleep,gru,density_hard,2,objective_e20_bs32_eval5,experiments/sleep/gru/density_hard/seed_2_objective_e20_bs32_eval5,0.15000000000000002,none,4.0,1.0,0.4269849112155817,0.9937791284285429,0.5973246522008624,0.6654656810295383,0.425846688713887,0.6793452728876174,0.09096789744881385,0.5569940029840874,0.2393167939518393,506,506,269,12482208,"{""initial_prob"": 1.0, ""scale"": 4.0, ""smooth"": ""none"", ""threshold"": 0.15000000000000002}"
sleep,gru,density_hard,2,objective_e20_bs32_eval5,experiments/sleep/gru/density_hard/seed_2_objective_e20_bs32_eval5,0.2,none,4.0,1.0,0.46288434816382484,0.9918167569518231,0.6311900794261175,0.7044560163130449,0.4611232501598811,0.7226187866762035,0.09096789744881385,0.5127812322947991,0.2393167939518393,898,898,269,12482208,"{""initial_prob"": 1.0, ""scale"": 4.0, ""smooth"": ""none"", ""threshold"": 0.2}"
sleep,gru,density_hard,2,objective_e20_bs32_eval5,experiments/sleep/gru/density_hard/seed_2_objective_e20_bs32_eval5,0.25,none,4.0,1.0,0.4977823952152272,0.9896384643556076,0.6623876517721965,0.7372459605975097,0.49520150785823025,0.758573002468794,0.09096789744881385,0.475784412501378,0.2393167939518393,1238,1238,269,12482208,"{""initial_prob"": 1.0, ""scale"": 4.0, ""smooth"": ""none"", ""threshold"": 0.25}"
sleep,gru,density_hard,2,objective_e20_bs32_eval5,experiments/sleep/gru/density_hard/seed_2_objective_e20_bs32_eval5,0.30000000000000004,none,4.0,1.0,0.5281460917512613,0.9873349709862272,0.6881737014038131,0.7625620465390142,0.5245920913006868,0.7858676125249635,0.09096789744881385,0.44738727314910953,0.2393167939518393,1361,1361,269,12482208,"{""initial_prob"": 1.0, ""scale"": 4.0, ""smooth"": ""none"", ""threshold"": 0.30000000000000004}"
sleep,gru,density_hard,2,objective_e20_bs32_eval5,experiments/sleep/gru/density_hard/seed_2_objective_e20_bs32_eval5,0.35000000000000003,none,4.0,1.0,0.5585864235123407,0.985323389579948,0.7129798172422392,0.7855719250285549,0.5539771845026569,0.8101471310204093,0.09096789744881385,0.4221449442278161,0.2393167939518393,1537,1537,269,12482208,"{""initial_prob"": 1.0, ""scale"": 4.0, ""smooth"": ""none"", ""threshold"": 0.35000000000000003}"
sleep,gru,density_hard,2,objective_e20_bs32_eval5,experiments/sleep/gru/density_hard/seed_2_objective_e20_bs32_eval5,0.4,none,4.0,1.0,0.5923947312719899,0.9828207131623505,0.739223087634759,0.8087642972424354,0.5863234648292874,0.8340523567625215,0.09096789744881385,0.3970418534925872,0.2393167939518393,1653,1653,269,12482208,"{""initial_prob"": 1.0, ""scale"": 4.0, ""smooth"": ""none"", ""threshold"": 0.4}"
sleep,gru,density_hard,2,objective_e20_bs32_eval5,experiments/sleep/gru/density_hard/seed_2_objective_e20_bs32_eval5,0.45,none,4.0,1.0,0.6314458844586289,0.9802497454139358,0.7681036741809497,0.833068481579023,0.6235132438358895,0.8583508622833396,0.09096789744881385,0.37151279645396074,0.2393167939518393,1607,1607,269,12482208,"{""initial_prob"": 1.0, ""scale"": 4.0, ""smooth"": ""none"", ""threshold"": 0.45}"
sleep,gru,density_hard,2,objective_e20_bs32_eval5,experiments/sleep/gru/density_hard/seed_2_objective_e20_bs32_eval5,0.5,none,4.0,1.0,0.6841440630486813,0.977000216255881,0.804757185605296,0.8624007910552443,0.6733001662200679,0.8865490784963685,0.09096789744881385,0.3417592464410143,0.2393167939518393,1619,1619,269,12482208,"{""initial_prob"": 1.0, ""scale"": 4.0, ""smooth"": ""none"", ""threshold"": 0.5}"
sleep,gru,density_hard,2,objective_e20_bs32_eval5,experiments/sleep/gru/density_hard/seed_2_objective_e20_bs32_eval5,0.55,none,4.0,1.0,0.7430705498945449,0.9734919165158566,0.8428160208303023,0.8913842057682626,0.7283336409781954,0.9131017525104532,0.09096789744881385,0.3135273823349202,0.2393167939518393,1578,1578,269,12482208,"{""initial_prob"": 1.0, ""scale"": 4.0, ""smooth"": ""none"", ""threshold"": 0.55}"
sleep,gru,density_hard,2,objective_e20_bs32_eval5,experiments/sleep/gru/density_hard/seed_2_objective_e20_bs32_eval5,0.6000000000000001,none,4.0,1.0,0.7666891786173708,0.9694620584747867,0.8562342420786302,0.9014001132391336,0.7486097884541613,0.9220893450902277,0.09096789744881385,0.30261096434220613,0.2393167939518393,1470,1470,269,12482208,"{""initial_prob"": 1.0, ""scale"": 4.0, ""smooth"": ""none"", ""threshold"": 0.6000000000000001}"
sleep,gru,density_hard,2,objective_e20_bs32_eval5,experiments/sleep/gru/density_hard/seed_2_objective_e20_bs32_eval5,0.65,none,4.0,1.0,0.7858542289288634,0.9645025679548956,0.866061620338815,0.9086967935101781,0.7637642713862367,0.9286058203804968,0.09096789744881385,0.2937207103102272,0.2393167939518393,1467,1467,269,12482208,"{""initial_prob"": 1.0, ""scale"": 4.0, ""smooth"": ""none"", ""threshold"": 0.65}"
sleep,gru,density_hard,2,objective_e20_bs32_eval5,experiments/sleep/gru/density_hard/seed_2_objective_e20_bs32_eval5,0.7000000000000001,none,4.0,1.0,0.8019402844019228,0.9572884592337578,0.872755384460202,0.9137328773075628,0.7742377940233228,0.9331974759593815,0.09096789744881385,0.28567613999061703,0.2393167939518393,1365,1365,269,12482208,"{""initial_prob"": 1.0, ""scale"": 4.0, ""smooth"": ""none"", ""threshold"": 0.7000000000000001}"
sleep,gru,density_hard,2,objective_e20_bs32_eval5,experiments/sleep/gru/density_hard/seed_2_objective_e20_bs32_eval5,0.75,none,4.0,1.0,0.8163082538167525,0.9465319051071872,0.8766101710679598,0.9168077390882485,0.780325892661247,0.9362307534051668,0.09096789744881385,0.2774944144497512,0.2393167939518393,1278,1278,269,12482208,"{""initial_prob"": 1.0, ""scale"": 4.0, ""smooth"": ""none"", ""threshold"": 0.75}"
sleep,gru,density_hard,2,objective_e20_bs32_eval5,experiments/sleep/gru/density_hard/seed_2_objective_e20_bs32_eval5,0.8,none,4.0,1.0,0.830813434175244,0.9282033822955394,0.8768123561266054,0.9175071577120069,0.7806463692058201,0.9375824373380094,0.09096789744881385,0.26737008388259514,0.2393167939518393,1108,1108,269,12482208,"{""initial_prob"": 1.0, ""scale"": 4.0, ""smooth"": ""none"", ""threshold"": 0.8}"
sleep,gru,density_hard,2,objective_e20_bs32_eval5,experiments/sleep/gru/density_hard/seed_2_objective_e20_bs32_eval5,0.8500000000000001,none,4.0,1.0,0.8474969881883354,0.8887664777942703,0.8676412628507674,0.9123285266532236,0.7662247257747097,0.9351061927505133,0.09096789744881385,0.25097050137283405,0.2393167939518393,885,885,269,12482208,"{""initial_prob"": 1.0, ""scale"": 4.0, ""smooth"": ""none"", ""threshold"": 0.8500000000000001}"
sleep,gru,density_hard,2,objective_e20_bs32_eval5,experiments/sleep/gru/density_hard/seed_2_objective_e20_bs32_eval5,0.9,none,4.0,1.0,0.8638541471277676,0.7662330836682621,0.8121204982019151,0.8786630083179006,0.6836724574947326,0.9151556359259516,0.09096789744881385,0.212272460128849,0.2393167939518393,367,367,269,12482208,"{""initial_prob"": 1.0, ""scale"": 4.0, ""smooth"": ""none"", ""threshold"": 0.9}"
sleep,gru,density_hard,2,objective_e20_bs32_eval5,experiments/sleep/gru/density_hard/seed_2_objective_e20_bs32_eval5,0.9500000000000001,none,4.0,1.0,0.871070703537073,0.3767649459259869,0.5260130316954407,0.7139782923732744,0.35686409921281914,0.8375036692226248,0.09096789744881385,0.10351189469042657,0.2393167939518393,-2011,2011,269,12482208,"{""initial_prob"": 1.0, ""scale"": 4.0, ""smooth"": ""none"", ""threshold"": 0.9500000000000001}"
sleep,gru,density_hard,2,objective_e20_bs32_eval5,experiments/sleep/gru/density_hard/seed_2_objective_e20_bs32_eval5,1.0,none,4.0,1.0,0.0,0.0,0.0,0.4320386560371119,0.0,0.7606832060481608,0.09096789744881385,0.0,0.2393167939518393,-9578,9578,269,12482208,"{""initial_prob"": 1.0, ""scale"": 4.0, ""smooth"": ""none"", ""threshold"": 1.0}"
sleep,gru,density_hard,2,objective_e20_bs32_eval5,experiments/sleep/gru/density_hard/seed_2_objective_e20_bs32_eval5,0.0,none,8.0,0.0,0.2393167939518393,1.0,0.3862076187779625,0.19310380938898125,0.2393167939518393,0.2393167939518393,0.09057927407214562,1.0,0.2393167939518393,-9578,9578,269,12482208,"{""initial_prob"": 0.0, ""scale"": 8.0, ""smooth"": ""none"", ""threshold"": 0.0}"
sleep,gru,density_hard,2,objective_e20_bs32_eval5,experiments/sleep/gru/density_hard/seed_2_objective_e20_bs32_eval5,0.05,none,8.0,0.0,0.3339223257274287,0.9929763705300144,0.4997773831189767,0.5231583190531502,0.3331354810248218,0.5243047544152445,0.09057927407214562,0.7116502945632696,0.2393167939518393,1183,1183,269,12482208,"{""initial_prob"": 0.0, ""scale"": 8.0, ""smooth"": ""none"", ""threshold"": 0.05}"
sleep,gru,density_hard,2,objective_e20_bs32_eval5,experiments/sleep/gru/density_hard/seed_2_objective_e20_bs32_eval5,0.1,none,8.0,0.0,0.4069755670592254,0.9891664507455472,0.5766842800721763,0.6409586080025772,0.40516961345822833,0.6524647722582415,0.09057927407214562,0.5816667211442078,0.2393167939518393,1461,1461,269,12482208,"{""initial_prob"": 0.0, ""scale"": 8.0, ""smooth"": ""none"", ""threshold"": 0.1}"
sleep,gru,density_hard,2,objective_e20_bs32_eval5,experiments/sleep/gru/density_hard/seed_2_objective_e20_bs32_eval5,0.15000000000000002,none,8.0,0.0,0.43934878856150367,0.9868622878533155,0.6080120366689404,0.6795209805928955,0.4367940331997941,0.6954768739633245,0.09057927407214562,0.5375517696869015,0.2393167939518393,1610,1610,269,12482208,"{""initial_prob"": 0.0, ""scale"": 8.0, ""smooth"": ""none"", ""threshold"": 0.15000000000000002}"
sleep,gru,density_hard,2,objective_e20_bs32_eval5,experiments/sleep/gru/density_hard/seed_2_objective_e20_bs32_eval5,0.2,none,8.0,0.0,0.4679115765164685,0.9848614188126548,0.6344116535873182,0.7091507814085973,0.46457020174042885,0.7283563933560473,0.09057927407214562,0.5037145671663219,0.2393167939518393,1764,1764,269,12482208,"{""initial_prob"": 0.0, ""scale"": 8.0, ""smooth"": ""none"", ""threshold"": 0.2}"
sleep,gru,density_hard,2,objective_e20_bs32_eval5,experiments/sleep/gru/density_hard/seed_2_objective_e20_bs32_eval5,0.25,none,8.0,0.0,0.4941297884017564,0.9828628931019731,0.6576360729180631,0.733499106850948,0.4899089283095146,0.7550945313521454,0.09057927407214562,0.4760198676388024,0.2393167939518393,1817,1817,269,12482208,"{""initial_prob"": 0.0, ""scale"": 8.0, ""smooth"": ""none"", ""threshold"": 0.25}"
sleep,gru,density_hard,2,objective_e20_bs32_eval5,experiments/sleep/gru/density_hard/seed_2_objective_e20_bs32_eval5,0.30000000000000004,none,8.0,0.0,0.5186622897876364,0.9806273563019843,0.6784738777787583,0.754224451561344,0.5134017908313222,0.7775715642617076,0.09057927407214562,0.4524728317297709,0.2393167939518393,1922,1922,269,12482208,"{""initial_prob"": 0.0, ""scale"": 8.0, ""smooth"": ""none"", ""threshold"": 0.30000000000000004}"
sleep,gru,density_hard,2,objective_e20_bs32_eval5,experiments/sleep/gru/density_hard/seed_2_objective_e20_bs32_eval5,0.35000000000000003,none,8.0,0.0,0.5459093213882297,0.9781635122097535,0.7007389245257136,0.7753082642691213,0.5393365026885869,0.8000558875481004,0.09057927407214562,0.42880922990547826,0.2393167939518393,2046,2046,269,12482208,"{""initial_prob"": 0.0, ""scale"": 8.0, ""smooth"": ""none"", ""threshold"": 0.35000000000000003}"
sleep,gru,density_hard,2,objective_e20_bs32_eval5,experiments/sleep/gru/density_hard/seed_2_objective_e20_bs32_eval5,0.4,none,8.0,0.0,0.5749922477928894,0.9758084655808346,0.7236033594787759,0.7959484496411309,0.5669110498310996,0.8215979096006091,0.09057927407214562,0.40614000343528966,0.2393167939518393,2133,2133,269,12482208,"{""initial_prob"": 0.0, ""scale"": 8.0, ""smooth"": ""none"", ""threshold"": 0.4}"
sleep,gru,density_hard,2,objective_e20_bs32_eval5,experiments/sleep/gru/density_hard/seed_2_objective_e20_bs32_eval5,0.45,none,8.0,0.0,0.6184398992275231,0.9728950368940568,0.7561916664032178,0.8238637976811193,0.6079647852306158,0.8498636619418616,0.09057927407214562,0.37647978626858325,0.2393167939518393,2301,2301,269,12482208,"{""initial_prob"": 0.0, ""scale"": 8.0, ""smooth"": ""none"", ""threshold"": 0.45}"
sleep,gru,density_hard,2,objective_e20_bs32_eval5,experiments/sleep/gru/density_hard/seed_2_objective_e20_bs32_eval5,0.5,none,8.0,0.0,0.6792219094534365,0.9693094072647247,0.7987427108927447,0.8581853338707044,0.6649222594822718,0.8831011308255718,0.09057927407214562,0.341526114610492,0.2393167939518393,2293,2293,269,12482208,"{""initial_prob"": 0.0, ""scale"": 8.0, ""smooth"": ""none"", ""threshold"": 0.5}"
sleep,gru,density_hard,2,objective_e20_bs32_eval5,experiments/sleep/gru/density_hard/seed_2_objective_e20_bs32_eval5,0.55,none,8.0,0.0,0.7623853613585502,0.9654800713175741,0.8519967575436739,0.8984619716451858,0.7421553581335697,0.9197250999182196,0.09057927407214562,0.3030692967141711,0.2393167939518393,2278,2278,269,12482208,"{""initial_prob"": 0.0, ""scale"": 8.0, ""smooth"": ""none"", ""threshold"": 0.55}"
sleep,gru,density_hard,2,objective_e20_bs32_eval5,experiments/sleep/gru/density_hard/seed_2_objective_e20_bs32_eval5,0.6000000000000001,none,8.0,0.0,0.7875731849835952,0.9608325784463186,0.8656182562089811,0.9085041004036739,0.7630749180748888,0.9286054999243724,0.09057927407214562,0.2919644505202926,0.2393167939518393,2078,2078,269,12482208,"{""initial_prob"": 0.0, ""scale"": 8.0, ""smooth"": ""none"", ""threshold"": 0.6000000000000001}"
sleep,gru,density_hard,2,objective_e20_bs32_eval5,experiments/sleep/gru/density_hard/seed_2_objective_e20_bs32_eval5,0.65,none,8.0,0.0,0.8044718911271147,0.9553374696455077,0.8734379507254073,0.9142816047353001,0.7753127768575417,0.9337430525112224,0.09057927407214562,0.2841967542921893,0.2393167939518393,1913,1913,269,12482208,"{""initial_prob"": 0.0, ""scale"": 8.0, ""smooth"": ""none"", ""threshold"": 0.65}"
sleep,gru,density_hard,2,objective_e20_bs32_eval5,experiments/sleep/gru/density_hard/seed_2_objective_e20_bs32_eval5,0.7000000000000001,none,8.0,0.0,0.8136393745525625,0.9469781420874785,0.8752596131309904,0.9158380640741824,0.7781881253215154,0.9354028550077038,0.09057927407214562,0.2785358968541463,0.2393167939518393,1863,1863,269,12482208,"{""initial_prob"": 0.0, ""scale"": 8.0, ""smooth"": ""none"", ""threshold"": 0.7000000000000001}"
sleep,gru,density_hard,2,objective_e20_bs32_eval5,experiments/sleep/gru/density_hard/seed_2_objective_e20_bs32_eval5,0.75,none,8.0,0.0,0.8253302835019565,0.9351456647391104,0.8768129293284389,0.917297682682451,0.7806472779322384,0.9371159333348715,0.09057927407214562,0.2711593974399401,0.2393167939518393,1805,1805,269,12482208,"{""initial_prob"": 0.0, ""scale"": 8.0, ""smooth"": ""none"", ""threshold"": 0.75}"
sleep,gru,density_hard,2,objective_e20_bs32_eval5,experiments/sleep/gru/density_hard/seed_2_objective_e20_bs32_eval5,0.8,none,8.0,0.0,0.8408379146557456,0.913983051698546,0.8758860510055478,0.9172875882514071,0.7791790607963274,0.9380110474044335,0.09057927407214562,0.26013514596135556,0.2393167939518393,1806,1806,269,12482208,"{""initial_prob"": 0.0, ""scale"": 8.0, ""smooth"": ""none"", ""threshold"": 0.8}"
sleep,gru,density_hard,2,objective_e20_bs32_eval5,experiments/sleep/gru/density_hard/seed_2_objective_e20_bs32_eval5,0.8500000000000001,none,8.0,0.0,0.8507321079099346,0.866290595681176,0.858440861597254,0.9066841797456379,0.7519898292771522,0.9316254784409937,0.09057927407214562,0.24369350358526312,0.2393167939518393,1731,1731,269,12482208,"{""initial_prob"": 0.0, ""scale"": 8.0, ""smooth"": ""none"", ""threshold"": 0.8500000000000001}"
sleep,gru,density_hard,2,objective_e20_bs32_eval5,experiments/sleep/gru/density_hard/seed_2_objective_e20_bs32_eval5,0.9,none,8.0,0.0,0.8613420644169613,0.7469816236063045,0.8000960236423259,0.8712904762771954,0.666800043509339,0.9106710126926262,0.09057927407214562,0.20754268796033523,0.2393167939518393,1716,1716,269,12482208,"{""initial_prob"": 0.0, ""scale"": 8.0, ""smooth"": ""none"", ""threshold"": 0.9}"
sleep,gru,density_hard,2,objective_e20_bs32_eval5,experiments/sleep/gru/density_hard/seed_2_objective_e20_bs32_eval5,0.9500000000000001,none,8.0,0.0,0.8715735895422158,0.4896511852897795,0.6270339022286545,0.7706566624301556,0.4567002078539895,0.8605982210839621,0.09057927407214562,0.13444848860073474,0.2393167939518393,1592,1592,269,12482208,"{""initial_prob"": 0.0, ""scale"": 8.0, ""smooth"": ""none"", ""threshold"": 0.9500000000000001}"
sleep,gru,density_hard,2,objective_e20_bs32_eval5,experiments/sleep/gru/density_hard/seed_2_objective_e20_bs32_eval5,1.0,none,8.0,0.0,0.0,0.0,0.0,0.4320386560371119,0.0,0.7606832060481608,0.09057927407214562,0.0,0.2393167939518393,-9578,9578,269,12482208,"{""initial_prob"": 0.0, ""scale"": 8.0, ""smooth"": ""none"", ""threshold"": 1.0}"
sleep,gru,density_hard,2,objective_e20_bs32_eval5,experiments/sleep/gru/density_hard/seed_2_objective_e20_bs32_eval5,0.0,none,8.0,0.2393167939518393,0.2393167939518393,1.0,0.3862076187779625,0.19310380938898125,0.2393167939518393,0.2393167939518393,0.09115778781095306,1.0,0.2393167939518393,-9578,9578,269,12482208,"{""initial_prob"": 0.2393167939518393, ""scale"": 8.0, ""smooth"": ""none"", ""threshold"": 0.0}"
sleep,gru,density_hard,2,objective_e20_bs32_eval5,experiments/sleep/gru/density_hard/seed_2_objective_e20_bs32_eval5,0.05,none,8.0,0.2393167939518393,0.330507429348408,0.9930503528050664,0.49595193159624995,0.5160951342484553,0.3297447349023924,0.5169336226411224,0.09115778781095306,0.719056836739141,0.2393167939518393,1102,1102,269,12482208,"{""initial_prob"": 0.2393167939518393, ""scale"": 8.0, ""smooth"": ""none"", ""threshold"": 0.05}"
sleep,gru,density_hard,2,objective_e20_bs32_eval5,experiments/sleep/gru/density_hard/seed_2_objective_e20_bs32_eval5,0.1,none,8.0,0.2393167939518393,0.40160403645364445,0.9893465523925065,0.571300766653293,0.6339437084164193,0.39987476252439025,0.6446637485931976,0.09115778781095306,0.5895539475067232,0.2393167939518393,1412,1412,269,12482208,"{""initial_prob"": 0.2393167939518393, ""scale"": 8.0, ""smooth"": ""none"", ""threshold"": 0.1}"
sleep,gru,density_hard,2,objective_e20_bs32_eval5,experiments/sleep/gru/density_hard/seed_2_objective_e20_bs32_eval5,0.15000000000000002,none,8.0,0.2393167939518393,0.43316993867337994,0.9870490847287864,0.6021043014553553,0.6726109552455863,0.43072190727978404,0.6877953003186615,0.09115778781095306,0.5453227505902802,0.2393167939518393,1585,1585,269,12482208,"{""initial_prob"": 0.2393167939518393, ""scale"": 8.0, ""smooth"": ""none"", ""threshold"": 0.15000000000000002}"
sleep,gru,density_hard,2,objective_e20_bs32_eval5,experiments/sleep/gru/density_hard/seed_2_objective_e20_bs32_eval5,0.2,none,8.0,0.2393167939518393,0.4611771089288418,0.9850512285409557,0.6282314707234934,0.702469617913825,0.45797192260623804,0.7209931127569738,0.09115778781095306,0.511168697076671,0.2393167939518393,1764,1764,269,12482208,"{""initial_prob"": 0.2393167939518393, ""scale"": 8.0, ""smooth"": ""none"", ""threshold"": 0.2}"
sleep,gru,density_hard,2,objective_e20_bs32_eval5,experiments/sleep/gru/density_hard/seed_2_objective_e20_bs32_eval5,0.25,none,8.0,0.2393167939518393,0.49149076153931,0.9830563852059553,0.6553376505694394,0.7311553746082411,0.48736223695633524,0.7525369710230754,0.09115778781095306,0.4786700397878324,0.2393167939518393,1859,1859,269,12482208,"{""initial_prob"": 0.2393167939518393, ""scale"": 8.0, ""smooth"": ""none"", ""threshold"": 0.25}"
sleep,gru,density_hard,2,objective_e20_bs32_eval5,experiments/sleep/gru/density_hard/seed_2_objective_e20_bs32_eval5,0.30000000000000004,none,8.0,0.2393167939518393,0.5176211099580939,0.9806839309829064,0.6775959380803122,0.7533768423558084,0.5123970483701249,0.7766623501226706,0.09115778781095306,0.4534091244113221,0.2393167939518393,1926,1926,269,12482208,"{""initial_prob"": 0.2393167939518393, ""scale"": 8.0, ""smooth"": ""none"", ""threshold"": 0.30000000000000004}"
sleep,gru,density_hard,2,objective_e20_bs32_eval5,experiments/sleep/gru/density_hard/seed_2_objective_e20_bs32_eval5,0.35000000000000003,none,8.0,0.2393167939518393,0.5450529550875048,0.978174894098223,0.7000359360625575,0.7746656142880528,0.538504067521858,0.7993826092306746,0.09115778781095306,0.42948795597701944,0.2393167939518393,2046,2046,269,12482208,"{""initial_prob"": 0.2393167939518393, ""scale"": 8.0, ""smooth"": ""none"", ""threshold"": 0.35000000000000003}"
sleep,gru,density_hard,2,objective_e20_bs32_eval5,experiments/sleep/gru/density_hard/seed_2_objective_e20_bs32_eval5,0.4,none,8.0,0.2393167939518393,0.5744896845064404,0.9758198474693041,0.7232083977363227,0.7956025385904245,0.5664263427595516,0.8212433248989282,0.09115778781095306,0.4065000358910859,0.2393167939518393,2137,2137,269,12482208,"{""initial_prob"": 0.2393167939518393, ""scale"": 8.0, ""smooth"": ""none"", ""threshold"": 0.4}"
sleep,gru,density_hard,2,objective_e20_bs32_eval5,experiments/sleep/gru/density_hard/seed_2_objective_e20_bs32_eval5,0.45,none,8.0,0.2393167939518393,0.6178030704830204,0.9729090968739309,0.7557196577533932,0.8234726154894241,0.6073548155465559,0.8494768713996754,0.09115778781095306,0.3768733063893824,0.2393167939518393,2299,2299,269,12482208,"{""initial_prob"": 0.2393167939518393, ""scale"": 8.0, ""smooth"": ""none"", ""threshold"": 0.45}"
sleep,gru,density_hard,2,objective_e20_bs32_eval5,experiments/sleep/gru/density_hard/seed_2_objective_e20_bs32_eval5,0.5,none,8.0,0.2393167939518393,0.6783123067001706,0.969362634331391,0.7981314616712188,0.8577068183324463,0.6640755092741129,0.8826498484883444,0.09115778781095306,0.34200287320961165,0.2393167939518393,2295,2295,269,12482208,"{""initial_prob"": 0.2393167939518393, ""scale"": 8.0, ""smooth"": ""none"", ""threshold"": 0.5}"
sleep,gru,density_hard,2,objective_e20_bs32_eval5,experiments/sleep/gru/density_hard/seed_2_objective_e20_bs32_eval5,0.55,none,8.0,0.2393167939518393,0.7616139504978077,0.9655563969226052,0.8515445196091643,0.8981285826831311,0.7414693335081407,0.9194306808539002,0.09115778781095306,0.3034002477766754,0.2393167939518393,2284,2284,269,12482208,"{""initial_prob"": 0.2393167939518393, ""scale"": 8.0, ""smooth"": ""none"", ""threshold"": 0.55}"
sleep,gru,density_hard,2,objective_e20_bs32_eval5,experiments/sleep/gru/density_hard/seed_2_objective_e20_bs32_eval5,0.6000000000000001,none,8.0,0.2393167939518393,0.7873551063648276,0.9608717455331109,0.8655024084384071,0.9084194389350877,0.7628948839345493,0.9285314745596291,0.09115778781095306,0.29205722256831484,0.2393167939518393,2088,2088,269,12482208,"{""initial_prob"": 0.2393167939518393, ""scale"": 8.0, ""smooth"": ""none"", ""threshold"": 0.6000000000000001}"
sleep,gru,density_hard,2,objective_e20_bs32_eval5,experiments/sleep/gru/density_hard/seed_2_objective_e20_bs32_eval5,0.65,none,8.0,0.2393167939518393,0.8044163584405936,0.9554298637989664,0.8734438294324283,0.914282851495806,0.7753220409705605,0.9337401684061025,0.09115778781095306,0.2842438613424804,0.2393167939518393,1909,1909,269,12482208,"{""initial_prob"": 0.2393167939518393, ""scale"": 8.0, ""smooth"": ""none"", ""threshold"": 0.65}"
sleep,gru,density_hard,2,objective_e20_bs32_eval5,experiments/sleep/gru/density_hard/seed_2_objective_e20_bs32_eval5,0.7000000000000001,none,8.0,0.2393167939518393,0.8136002461687118,0.9470815833679811,0.8752811512490075,0.9158501077285275,0.7782221772321262,0.9354085431039124,0.09115778781095306,0.278579719229162,0.2393167939518393,1869,1869,269,12482208,"{""initial_prob"": 0.2393167939518393, ""scale"": 8.0, ""smooth"": ""none"", ""threshold"": 0.7000000000000001}"
sleep,gru,density_hard,2,objective_e20_bs32_eval5,experiments/sleep/gru/density_hard/seed_2_objective_e20_bs32_eval5,0.75,none,8.0,0.2393167939518393,0.8253226440119221,0.9353143844976001,0.8768827740143917,0.9173417191087385,0.7807580132562478,0.9371452550702568,0.09115778781095306,0.271210830647911,0.2393167939518393,1809,1809,269,12482208,"{""initial_prob"": 0.2393167939518393, ""scale"": 8.0, ""smooth"": ""none"", ""threshold"": 0.75}"
sleep,gru,density_hard,2,objective_e20_bs32_eval5,experiments/sleep/gru/density_hard/seed_2_objective_e20_bs32_eval5,0.8,none,8.0,0.2393167939518393,0.8407216848797885,0.9139991202469736,0.875830363562788,0.917248241288602,0.7790909264713142,0.9379782006516796,0.09115778781095306,0.26017568366109584,0.2393167939518393,1808,1808,269,12482208,"{""initial_prob"": 0.2393167939518393, ""scale"": 8.0, ""smooth"": ""none"", ""threshold"": 0.8}"
sleep,gru,density_hard,2,objective_e20_bs32_eval5,experiments/sleep/gru/density_hard/seed_2_objective_e20_bs32_eval5,0.8500000000000001,none,8.0,0.2393167939518393,0.8505916566583642,0.8663300975293937,0.8583887426123725,0.9066466627028467,0.7519098441413772,0.9315930322583953,0.09115778781095306,0.2437448566792029,0.2393167939518393,1739,1739,269,12482208,"{""initial_prob"": 0.2393167939518393, ""scale"": 8.0, ""smooth"": ""none"", ""threshold"": 0.8500000000000001}"
sleep,gru,density_hard,2,objective_e20_bs32_eval5,experiments/sleep/gru/density_hard/seed_2_objective_e20_bs32_eval5,0.9,none,8.0,0.2393167939518393,0.8613204495929317,0.747071004906933,0.8001379664434632,0.8713149922483365,0.6668583087605139,0.9106837508235722,0.09115778781095306,0.20757273072200047,0.2393167939518393,1716,1716,269,12482208,"{""initial_prob"": 0.2393167939518393, ""scale"": 8.0, ""smooth"": ""none"", ""threshold"": 0.9}"
sleep,gru,density_hard,2,objective_e20_bs32_eval5,experiments/sleep/gru/density_hard/seed_2_objective_e20_bs32_eval5,0.9500000000000001,none,8.0,0.2393167939518393,0.8715490591998285,0.4898346345509945,0.6271779467700166,0.7707376029960048,0.45685305338327625,0.8606318689770271,0.09115778781095306,0.13450264568576328,0.2393167939518393,1602,1602,269,12482208,"{""initial_prob"": 0.2393167939518393, ""scale"": 8.0, ""smooth"": ""none"", ""threshold"": 0.9500000000000001}"
sleep,gru,density_hard,2,objective_e20_bs32_eval5,experiments/sleep/gru/density_hard/seed_2_objective_e20_bs32_eval5,1.0,none,8.0,0.2393167939518393,0.0,0.0,0.0,0.4320386560371119,0.0,0.7606832060481608,0.09115778781095306,0.0,0.2393167939518393,-9578,9578,269,12482208,"{""initial_prob"": 0.2393167939518393, ""scale"": 8.0, ""smooth"": ""none"", ""threshold"": 1.0}"
sleep,gru,density_hard,2,objective_e20_bs32_eval5,experiments/sleep/gru/density_hard/seed_2_objective_e20_bs32_eval5,0.0,none,8.0,0.5,0.2393167939518393,1.0,0.3862076187779625,0.19310380938898125,0.2393167939518393,0.2393167939518393,0.09263652597638906,1.0,0.2393167939518393,-9578,9578,269,12482208,"{""initial_prob"": 0.5, ""scale"": 8.0, ""smooth"": ""none"", ""threshold"": 0.0}"
sleep,gru,density_hard,2,objective_e20_bs32_eval5,experiments/sleep/gru/density_hard/seed_2_objective_e20_bs32_eval5,0.05,none,8.0,0.5,0.33011098463321364,0.993050687566492,0.49550549589043247,0.5152645628418968,0.32935015351464947,0.5160699933857856,0.09263652597638906,0.7199206262225402,0.2393167939518393,1054,1054,269,12482208,"{""initial_prob"": 0.5, ""scale"": 8.0, ""smooth"": ""none"", ""threshold"": 0.05}"
sleep,gru,density_hard,2,objective_e20_bs32_eval5,experiments/sleep/gru/density_hard/seed_2_objective_e20_bs32_eval5,0.1,none,8.0,0.5,0.40116073251354134,0.9893472219153576,0.5708521910855363,0.6333565947809001,0.39943537507092275,0.6440121811782018,0.09263652597638906,0.5902058353778434,0.2393167939518393,1380,1380,269,12482208,"{""initial_prob"": 0.5, ""scale"": 8.0, ""smooth"": ""none"", ""threshold"": 0.1}"
sleep,gru,density_hard,2,objective_e20_bs32_eval5,experiments/sleep/gru/density_hard/seed_2_objective_e20_bs32_eval5,0.15000000000000002,none,8.0,0.5,0.43248769503277706,0.987049419490212,0.6014449695627866,0.6718361298133801,0.43004741070128927,0.6869350358526312,0.09263652597638906,0.5461831752843728,0.2393167939518393,1547,1547,269,12482208,"{""initial_prob"": 0.5, ""scale"": 8.0, ""smooth"": ""none"", ""threshold"": 0.15000000000000002}"
sleep,gru,density_hard,2,objective_e20_bs32_eval5,experiments/sleep/gru/density_hard/seed_2_objective_e20_bs32_eval5,0.2,none,8.0,0.5,0.46009789087276987,0.985052567586658,0.6272296508538968,0.7013811349979362,0.45690792436189276,0.7197940460533906,0.09263652597638906,0.5123684046925031,0.2393167939518393,1721,1721,269,12482208,"{""initial_prob"": 0.5, ""scale"": 8.0, ""smooth"": ""none"", ""threshold"": 0.2}"
sleep,gru,density_hard,2,objective_e20_bs32_eval5,experiments/sleep/gru/density_hard/seed_2_objective_e20_bs32_eval5,0.25,none,8.0,0.5,0.4856022124187946,0.983057389490232,0.6500823508055769,0.7258146016699782,0.4815718582489235,0.746732469127257,0.09263652597638906,0.48447502236783746,0.2393167939518393,1782,1782,269,12482208,"{""initial_prob"": 0.5, ""scale"": 8.0, ""smooth"": ""none"", ""threshold"": 0.25}"
sleep,gru,density_hard,2,objective_e20_bs32_eval5,experiments/sleep/gru/density_hard/seed_2_objective_e20_bs32_eval5,0.30000000000000004,none,8.0,0.5,0.5092412081952274,0.9808647021527168,0.6704177502170532,0.74642213244088,0.5042318745805296,0.7692027724582061,0.09263652597638906,0.4609552252293825,0.2393167939518393,1891,1891,269,12482208,"{""initial_prob"": 0.5, ""scale"": 8.0, ""smooth"": ""none"", ""threshold"": 0.30000000000000004}"
sleep,gru,density_hard,2,objective_e20_bs32_eval5,experiments/sleep/gru/density_hard/seed_2_objective_e20_bs32_eval5,0.35000000000000003,none,8.0,0.5,0.5357374220794195,0.978364703826524,0.6923530128034135,0.7675754549538779,0.52946477113653,0.7919206281452769,0.09263652597638906,0.43704078637369287,0.2393167939518393,2025,2025,269,12482208,"{""initial_prob"": 0.5, ""scale"": 8.0, ""smooth"": ""none"", ""threshold"": 0.35000000000000003}"
sleep,gru,density_hard,2,objective_e20_bs32_eval5,experiments/sleep/gru/density_hard/seed_2_objective_e20_bs32_eval5,0.4,none,8.0,0.5,0.5643911669481642,0.9760123352890095,0.7152057757198645,0.7885444953618466,0.5566695134550369,0.8139804271808321,0.09263652597638906,0.41385506474495537,0.2393167939518393,2140,2140,269,12482208,"{""initial_prob"": 0.5, ""scale"": 8.0, ""smooth"": ""none"", ""threshold"": 0.4}"
sleep,gru,density_hard,2,objective_e20_bs32_eval5,experiments/sleep/gru/density_hard/seed_2_objective_e20_bs32_eval5,0.45,none,8.0,0.5,0.6065745221927789,0.9731049323078922,0.7473170049485447,0.8164649639626542,0.5965731217719993,0.8425168848331962,0.09263652597638906,0.38392702637225723,0.2393167939518393,2320,2320,269,12482208,"{""initial_prob"": 0.5, ""scale"": 8.0, ""smooth"": ""none"", ""threshold"": 0.45}"
sleep,gru,density_hard,2,objective_e20_bs32_eval5,experiments/sleep/gru/density_hard/seed_2_objective_e20_bs32_eval5,0.5,none,8.0,0.5,0.6757127424514281,0.9694838179674491,0.7963699720284797,0.8563275853387442,0.6616401664310447,0.8813491971933171,0.09263652597638906,0.34336152706316064,0.2393167939518393,2413,2413,269,12482208,"{""initial_prob"": 0.5, ""scale"": 8.0, ""smooth"": ""none"", ""threshold"": 0.5}"
sleep,gru,density_hard,2,objective_e20_bs32_eval5,experiments/sleep/gru/density_hard/seed_2_objective_e20_bs32_eval5,0.55,none,8.0,0.5,0.759973609923259,0.9655784911766931,0.8505268211096446,0.8973836262776684,0.7399275048163378,0.9187794338950288,0.09263652597638906,0.30406206978765293,0.2393167939518393,2280,2280,269,12482208,"{""initial_prob"": 0.5, ""scale"": 8.0, ""smooth"": ""none"", ""threshold"": 0.55}"
sleep,gru,density_hard,2,objective_e20_bs32_eval5,experiments/sleep/gru/density_hard/seed_2_objective_e20_bs32_eval5,0.6000000000000001,none,8.0,0.5,0.7863338894230637,0.9609340111582678,0.864910273028637,0.9079912988966405,0.7619752451961516,0.9281630301305667,0.09263652597638906,0.29245546941694933,0.2393167939518393,2096,2096,269,12482208,"{""initial_prob"": 0.5, ""scale"": 8.0, ""smooth"": ""none"", ""threshold"": 0.6000000000000001}"
sleep,gru,density_hard,2,objective_e20_bs32_eval5,experiments/sleep/gru/density_hard/seed_2_objective_e20_bs32_eval5,0.65,none,8.0,0.5,0.8040452089382334,0.9554837603884839,0.8732475033390541,0.9141413158817037,0.7750127076947807,0.9336187155349438,0.09263652597638906,0.2843911109316557,0.2393167939518393,1925,1925,269,12482208,"{""initial_prob"": 0.5, ""scale"": 8.0, ""smooth"": ""none"", ""threshold"": 0.65}"
sleep,gru,density_hard,2,objective_e20_bs32_eval5,experiments/sleep/gru/density_hard/seed_2_objective_e20_bs32_eval5,0.7000000000000001,none,8.0,0.5,0.813409229751971,0.947168286577205,0.8752076171421581,0.9157953269456062,0.7781059246849221,0.9353591127467191,0.09263652597638906,0.27867064865446883,0.2393167939518393,1873,1873,269,12482208,"{""initial_prob"": 0.5, ""scale"": 8.0, ""smooth"": ""none"", ""threshold"": 0.7000000000000001}"
sleep,gru,density_hard,2,objective_e20_bs32_eval5,experiments/sleep/gru/density_hard/seed_2_objective_e20_bs32_eval5,0.75,none,8.0,0.5,0.8252461505884312,0.9354285381437211,0.8768897573117844,0.9173431754124666,0.7807690856891385,0.937141649938857,0.09263652597638906,0.27126907354852603,0.2393167939518393,1813,1813,269,12482208,"{""initial_prob"": 0.5, ""scale"": 8.0, ""smooth"": ""none"", ""threshold"": 0.75}"
sleep,gru,density_hard,2,objective_e20_bs32_eval5,experiments/sleep/gru/density_hard/seed_2_objective_e20_bs32_eval5,0.8,none,8.0,0.5,0.8406563535884389,0.9141715223811446,0.8758740490541939,0.9172735345040939,0.7791600650418752,0.9379914194668123,0.09263652597638906,0.2602449822980037,0.2393167939518393,1806,1806,269,12482208,"{""initial_prob"": 0.5, ""scale"": 8.0, ""smooth"": ""none"", ""threshold"": 0.8}"
sleep,gru,density_hard,2,objective_e20_bs32_eval5,experiments/sleep/gru/density_hard/seed_2_objective_e20_bs32_eval5,0.8500000000000001,none,8.0,0.5,0.8504971520888406,0.8663642431948023,0.8583573764695777,0.9066237268161303,0.7518617111677105,0.931572683294494,0.09263652597638906,0.24378154890545006,0.2393167939518393,1735,1735,269,12482208,"{""initial_prob"": 0.5, ""scale"": 8.0, ""smooth"": ""none"", ""threshold"": 0.8500000000000001}"
sleep,gru,density_hard,2,objective_e20_bs32_eval5,experiments/sleep/gru/density_hard/seed_2_objective_e20_bs32_eval5,0.9,none,8.0,0.5,0.8612090649970926,0.7471684204817752,0.8001457650433129,0.8713155462032858,0.6668691427106532,0.9106764604467414,0.09263652597638906,0.2076266474649357,0.2393167939518393,1714,1714,269,12482208,"{""initial_prob"": 0.5, ""scale"": 8.0, ""smooth"": ""none"", ""threshold"": 0.9}"
sleep,gru,density_hard,2,objective_e20_bs32_eval5,experiments/sleep/gru/density_hard/seed_2_objective_e20_bs32_eval5,0.9500000000000001,none,8.0,0.5,0.8714736546377885,0.4901359198340119,0.6274053140272579,0.7708641219801813,0.45709437785169843,0.8606816999043759,0.09263652597638906,0.1345970200144077,0.2393167939518393,1606,1606,269,12482208,"{""initial_prob"": 0.5, ""scale"": 8.0, ""smooth"": ""none"", ""threshold"": 0.9500000000000001}"
sleep,gru,density_hard,2,objective_e20_bs32_eval5,experiments/sleep/gru/density_hard/seed_2_objective_e20_bs32_eval5,1.0,none,8.0,0.5,0.0,0.0,0.0,0.4320386560371119,0.0,0.7606832060481608,0.09263652597638906,0.0,0.2393167939518393,-9578,9578,269,12482208,"{""initial_prob"": 0.5, ""scale"": 8.0, ""smooth"": ""none"", ""threshold"": 1.0}"
sleep,gru,density_hard,2,objective_e20_bs32_eval5,experiments/sleep/gru/density_hard/seed_2_objective_e20_bs32_eval5,0.0,none,8.0,1.0,0.2393167939518393,1.0,0.3862076187779625,0.19310380938898125,0.2393167939518393,0.2393167939518393,0.09794897114111023,1.0,0.2393167939518393,-9578,9578,269,12482208,"{""initial_prob"": 1.0, ""scale"": 8.0, ""smooth"": ""none"", ""threshold"": 0.0}"
sleep,gru,density_hard,2,objective_e20_bs32_eval5,experiments/sleep/gru/density_hard/seed_2_objective_e20_bs32_eval5,0.05,none,8.0,1.0,0.3297972327851764,0.993050687566492,0.4951519577364285,0.5146054476917798,0.32903784556986093,0.5153850985338492,0.09794897114111023,0.7206055210744766,0.2393167939518393,1000,1000,269,12482208,"{""initial_prob"": 1.0, ""scale"": 8.0, ""smooth"": ""none"", ""threshold"": 0.05}"
sleep,gru,density_hard,2,objective_e20_bs32_eval5,experiments/sleep/gru/density_hard/seed_2_objective_e20_bs32_eval5,0.1,none,8.0,1.0,0.40058585034913546,0.9893482261996344,0.5702700684447654,0.6325931976933141,0.3988655870304371,0.6431650554132731,0.09794897114111023,0.5910534418269588,0.2393167939518393,1342,1342,269,12482208,"{""initial_prob"": 1.0, ""scale"": 8.0, ""smooth"": ""none"", ""threshold"": 0.1}"
sleep,gru,density_hard,2,objective_e20_bs32_eval5,experiments/sleep/gru/density_hard/seed_2_objective_e20_bs32_eval5,0.15000000000000002,none,8.0,1.0,0.43203258841781306,0.9870497542516374,0.6010048147372828,0.6713179542587895,0.4295974861589107,0.6863596568812185,0.09794897114111023,0.5467587144838477,0.2393167939518393,1517,1517,269,12482208,"{""initial_prob"": 1.0, ""scale"": 8.0, ""smooth"": ""none"", ""threshold"": 0.15000000000000002}"
sleep,gru,density_hard,2,objective_e20_bs32_eval5,experiments/sleep/gru/density_hard/seed_2_objective_e20_bs32_eval5,0.2,none,8.0,1.0,0.4595560772512979,0.9850559152009137,0.626726670729745,0.700833018326326,0.45637431192432887,0.7191898260307792,0.09794897114111023,0.5129742269957367,0.2393167939518393,1685,1685,269,12482208,"{""initial_prob"": 1.0, ""scale"": 8.0, ""smooth"": ""none"", ""threshold"": 0.2}"
sleep,gru,density_hard,2,objective_e20_bs32_eval5,experiments/sleep/gru/density_hard/seed_2_objective_e20_bs32_eval5,0.25,none,8.0,1.0,0.4846555680545873,0.9830583937745088,0.6492337562447921,0.7249456112772406,0.4806410874170833,0.7457861621918174,0.09794897114111023,0.48542180998746376,0.2393167939518393,1740,1740,269,12482208,"{""initial_prob"": 1.0, ""scale"": 8.0, ""smooth"": ""none"", ""threshold"": 0.25}"
sleep,gru,density_hard,2,objective_e20_bs32_eval5,experiments/sleep/gru/density_hard/seed_2_objective_e20_bs32_eval5,0.30000000000000004,none,8.0,1.0,0.5079321080751242,0.9808667107212703,0.6692827665193126,0.7453159040119912,0.5029488982935201,0.7680147614909157,0.09794897114111023,0.4621441975650462,0.2393167939518393,1857,1857,269,12482208,"{""initial_prob"": 1.0, ""scale"": 8.0, ""smooth"": ""none"", ""threshold"": 0.30000000000000004}"
sleep,gru,density_hard,2,objective_e20_bs32_eval5,experiments/sleep/gru/density_hard/seed_2_objective_e20_bs32_eval5,0.35000000000000003,none,8.0,1.0,0.5342240647365963,0.9783821114206538,0.6910923367463204,0.7664031568835157,0.5279916652244243,0.7906831067067621,0.09794897114111023,0.43828663967144277,0.2393167939518393,1989,1989,269,12482208,"{""initial_prob"": 1.0, ""scale"": 8.0, ""smooth"": ""none"", ""threshold"": 0.35000000000000003}"
sleep,gru,density_hard,2,objective_e20_bs32_eval5,experiments/sleep/gru/density_hard/seed_2_objective_e20_bs32_eval5,0.4,none,8.0,1.0,0.5623461073922071,0.976014343857563,0.7135621129383108,0.7870860385707869,0.5546805796960279,0.8124754851064812,0.09794897114111023,0.4153609681876796,0.2393167939518393,2082,2082,269,12482208,"{""initial_prob"": 1.0, ""scale"": 8.0, ""smooth"": ""none"", ""threshold"": 0.4}"
sleep,gru,density_hard,2,objective_e20_bs32_eval5,experiments/sleep/gru/density_hard/seed_2_objective_e20_bs32_eval5,0.45,none,8.0,1.0,0.6037952968296504,0.9731072756378711,0.745204690003716,0.8146927112671606,0.593885460096215,0.8407498897630932,0.09794897114111023,0.3856951430387957,0.2393167939518393,2258,2258,269,12482208,"{""initial_prob"": 1.0, ""scale"": 8.0, ""smooth"": ""none"", ""threshold"": 0.45}"
sleep,gru,density_hard,2,objective_e20_bs32_eval5,experiments/sleep/gru/density_hard/seed_2_objective_e20_bs32_eval5,0.5,none,8.0,1.0,0.6613863131592925,0.9695675083238429,0.7863603141212284,0.8484667768343077,0.6479355638010807,0.8739213446851711,0.09794897114111023,0.3508294365868603,0.2393167939518393,2266,2266,269,12482208,"{""initial_prob"": 1.0, ""scale"": 8.0, ""smooth"": ""none"", ""threshold"": 0.5}"
sleep,gru,density_hard,2,objective_e20_bs32_eval5,experiments/sleep/gru/density_hard/seed_2_objective_e20_bs32_eval5,0.55,none,8.0,1.0,0.7395463632954222,0.9657676313821429,0.8376521177991527,0.8878937876006217,0.7206552621863089,0.9104101614073408,0.09794897114111023,0.3125218711304923,0.2393167939518393,2247,2247,269,12482208,"{""initial_prob"": 1.0, ""scale"": 8.0, ""smooth"": ""none"", ""threshold"": 0.55}"
sleep,gru,density_hard,2,objective_e20_bs32_eval5,experiments/sleep/gru/density_hard/seed_2_objective_e20_bs32_eval5,0.6000000000000001,none,8.0,1.0,0.7630402439951333,0.9611301813536547,0.8507059363842427,0.8976904159727817,0.7401986691794649,0.9192674885725346,0.09794897114111023,0.3014449046194391,0.2393167939518393,2073,2073,269,12482208,"{""initial_prob"": 1.0, ""scale"": 8.0, ""smooth"": ""none"", ""threshold"": 0.6000000000000001}"
sleep,gru,density_hard,2,objective_e20_bs32_eval5,experiments/sleep/gru/density_hard/seed_2_objective_e20_bs32_eval5,0.65,none,8.0,1.0,0.7805615446825939,0.9557257928991746,0.8593080016783159,0.9041386801399747,0.7533216704795227,0.9251042764228893,0.09794897114111023,0.2930213949326914,0.2393167939518393,1910,1910,269,12482208,"{""initial_prob"": 1.0, ""scale"": 8.0, ""smooth"": ""none"", ""threshold"": 0.65}"
sleep,gru,density_hard,2,objective_e20_bs32_eval5,experiments/sleep/gru/density_hard/seed_2_objective_e20_bs32_eval5,0.7000000000000001,none,8.0,1.0,0.7901390422403095,0.9474692370987968,0.8616814784493776,0.9061429225268736,0.7569774734716529,0.9272049464325542,0.09794897114111023,0.2869688599965647,0.2393167939518393,1868,1868,269,12482208,"{""initial_prob"": 1.0, ""scale"": 8.0, ""smooth"": ""none"", ""threshold"": 0.7000000000000001}"
sleep,gru,density_hard,2,objective_e20_bs32_eval5,experiments/sleep/gru/density_hard/seed_2_objective_e20_bs32_eval5,0.75,none,8.0,1.0,0.8025538345990728,0.9357773595491701,0.864060555048794,0.9082506885540973,0.7606572329970541,0.9295344221150617,0.09794897114111023,0.27904325901314897,0.2393167939518393,1830,1830,269,12482208,"{""initial_prob"": 1.0, ""scale"": 8.0, ""smooth"": ""none"", ""threshold"": 0.75}"
sleep,gru,density_hard,2,objective_e20_bs32_eval5,experiments/sleep/gru/density_hard/seed_2_objective_e20_bs32_eval5,0.8,none,8.0,1.0,0.8184520278909143,0.9146063774729664,0.8638617625902124,0.9088309577259746,0.7603491671574035,0.9310120453048051,0.09794897114111023,0.2674324927128277,0.2393167939518393,1843,1843,269,12482208,"{""initial_prob"": 1.0, ""scale"": 8.0, ""smooth"": ""none"", ""threshold"": 0.8}"
sleep,gru,density_hard,2,objective_e20_bs32_eval5,experiments/sleep/gru/density_hard/seed_2_objective_e20_bs32_eval5,0.8500000000000001,none,8.0,1.0,0.8280687584274926,0.8669360157096841,0.8470567648167545,0.8987220462566057,0.7346907800557292,0.9250782393627794,0.09794897114111023,0.2505496623674273,0.2393167939518393,1778,1778,269,12482208,"{""initial_prob"": 1.0, ""scale"": 8.0, ""smooth"": ""none"", ""threshold"": 0.8500000000000001}"
sleep,gru,density_hard,2,objective_e20_bs32_eval5,experiments/sleep/gru/density_hard/seed_2_objective_e20_bs32_eval5,0.9,none,8.0,1.0,0.8379163313505128,0.7476488031274752,0.7902130648974267,0.8644040647008538,0.6531836656265656,0.9049974972376682,0.09794897114111023,0.21353553794328695,0.2393167939518393,1799,1799,269,12482208,"{""initial_prob"": 1.0, ""scale"": 8.0, ""smooth"": ""none"", ""threshold"": 0.9}"
sleep,gru,density_hard,2,objective_e20_bs32_eval5,experiments/sleep/gru/density_hard/seed_2_objective_e20_bs32_eval5,0.9500000000000001,none,8.0,1.0,0.8454978316011531,0.4905299340319135,0.6208583477498572,0.7662273906229077,0.45017735976351214,0.8566236037726659,0.09794897114111023,0.13884370457534437,0.2393167939518393,1797,1797,269,12482208,"{""initial_prob"": 1.0, ""scale"": 8.0, ""smooth"": ""none"", ""threshold"": 0.9500000000000001}"
sleep,gru,density_hard,2,objective_e20_bs32_eval5,experiments/sleep/gru/density_hard/seed_2_objective_e20_bs32_eval5,1.0,none,8.0,1.0,0.0,0.0,0.0,0.4320386560371119,0.0,0.7606832060481608,0.09794897114111023,0.0,0.2393167939518393,-9578,9578,269,12482208,"{""initial_prob"": 1.0, ""scale"": 8.0, ""smooth"": ""none"", ""threshold"": 1.0}"
sleep,gru,density_hard,2,objective_e20_bs32_eval5,experiments/sleep/gru/density_hard/seed_2_objective_e20_bs32_eval5,0.0,none,16.0,0.0,0.2393167939518393,1.0,0.3862076187779625,0.19310380938898125,0.2393167939518393,0.2393167939518393,0.10425675774265655,1.0,0.2393167939518393,-9578,9578,269,12482208,"{""initial_prob"": 0.0, ""scale"": 16.0, ""smooth"": ""none"", ""threshold"": 0.0}"
sleep,gru,density_hard,2,objective_e20_bs32_eval5,experiments/sleep/gru/density_hard/seed_2_objective_e20_bs32_eval5,0.05,none,16.0,0.0,0.2901922025126687,0.9870212995304636,0.44851684448915097,0.41746959254660204,0.2890890841425024,0.41912432479894585,0.10425675774265655,0.8139804271808321,0.2393167939518393,2189,2189,269,12482208,"{""initial_prob"": 0.0, ""scale"": 16.0, ""smooth"": ""none"", ""threshold"": 0.05}"
sleep,gru,density_hard,2,objective_e20_bs32_eval5,experiments/sleep/gru/density_hard/seed_2_objective_e20_bs32_eval5,0.1,none,16.0,0.0,0.356888383426843,0.9826392724696891,0.5236062725539198,0.5676065759103154,0.35465219258257963,0.5720840415413683,0.10425675774265655,0.6589233251040201,0.2393167939518393,2072,2072,269,12482208,"{""initial_prob"": 0.0, ""scale"": 16.0, ""smooth"": ""none"", ""threshold"": 0.1}"
sleep,gru,density_hard,2,objective_e20_bs32_eval5,experiments/sleep/gru/density_hard/seed_2_objective_e20_bs32_eval5,0.15000000000000002,none,16.0,0.0,0.4045687441312444,0.979335511960691,0.5725953026200464,0.6382131105859659,0.40114433115644305,0.6501143066995839,0.10425675774265655,0.5793117691998082,0.2393167939518393,2213,2213,269,12482208,"{""initial_prob"": 0.0, ""scale"": 16.0, ""smooth"": ""none"", ""threshold"": 0.15000000000000002}"
sleep,gru,density_hard,2,objective_e20_bs32_eval5,experiments/sleep/gru/density_hard/seed_2_objective_e20_bs32_eval5,0.2,none,16.0,0.0,0.4329703862752689,0.976376555720035,0.5999120896118264,0.672329867363905,0.42848172972617216,0.6883347882041383,0.10425675774265655,0.5396750318533388,0.2393167939518393,2266,2266,269,12482208,"{""initial_prob"": 0.0, ""scale"": 16.0, ""smooth"": ""none"", ""threshold"": 0.2}"
sleep,gru,density_hard,2,objective_e20_bs32_eval5,experiments/sleep/gru/density_hard/seed_2_objective_e20_bs32_eval5,0.25,none,16.0,0.0,0.45482381762150775,0.9731668631716235,0.6199192667624785,0.6956011606678861,0.44919058126999173,0.7144177536538407,0.10425675774265655,0.5120557997431223,0.2393167939518393,2450,2450,269,12482208,"{""initial_prob"": 0.0, ""scale"": 16.0, ""smooth"": ""none"", ""threshold"": 0.25}"
sleep,gru,density_hard,2,objective_e20_bs32_eval5,experiments/sleep/gru/density_hard/seed_2_objective_e20_bs32_eval5,0.30000000000000004,none,16.0,0.0,0.47937737461338215,0.9699883034357905,0.6416468298498816,0.7192561081179616,0.47237113583573415,0.7407105377510133,0.10425675774265655,0.48424165019522186,0.2393167939518393,2512,2512,269,12482208,"{""initial_prob"": 0.0, ""scale"": 16.0, ""smooth"": ""none"", ""threshold"": 0.30000000000000004}"
sleep,gru,density_hard,2,objective_e20_bs32_eval5,experiments/sleep/gru/density_hard/seed_2_objective_e20_bs32_eval5,0.35000000000000003,none,16.0,0.0,0.507394897956314,0.9663678586181985,0.6654125554801285,0.743589187897957,0.4985904507137905,0.7674243210816548,0.10425675774265655,0.4557950003717291,0.2393167939518393,2635,2635,269,12482208,"{""initial_prob"": 0.0, ""scale"": 16.0, ""smooth"": ""none"", ""threshold"": 0.35000000000000003}"
sleep,gru,density_hard,2,objective_e20_bs32_eval5,experiments/sleep/gru/density_hard/seed_2_objective_e20_bs32_eval5,0.4,none,16.0,0.0,0.5375959784875852,0.9628250784513401,0.6899541802198309,0.7672452705303318,0.5266641592242994,0.7929113983679811,0.10425675774265655,0.4286122295029854,0.2393167939518393,2772,2772,269,12482208,"{""initial_prob"": 0.0, ""scale"": 16.0, ""smooth"": ""none"", ""threshold"": 0.4}"
sleep,gru,density_hard,2,objective_e20_bs32_eval5,experiments/sleep/gru/density_hard/seed_2_objective_e20_bs32_eval5,0.45,none,16.0,0.0,0.5844073005077789,0.9587691090190754,0.7261796685757795,0.7998482980888453,0.5700801366263794,0.8269630661498351,0.10425675774265655,0.3926192385193389,0.2393167939518393,3203,3203,269,12482208,"{""initial_prob"": 0.0, ""scale"": 16.0, ""smooth"": ""none"", ""threshold"": 0.45}"
sleep,gru,density_hard,2,objective_e20_bs32_eval5,experiments/sleep/gru/density_hard/seed_2_objective_e20_bs32_eval5,0.5,none,16.0,0.0,0.6543518573384725,0.9537570609553689,0.776182131926702,0.8414735640675532,0.6342301025140895,0.8683647957156297,0.10425675774265655,0.3488185744060666,0.2393167939518393,3661,3661,269,12482208,"{""initial_prob"": 0.0, ""scale"": 16.0, ""smooth"": ""none"", ""threshold"": 0.5}"
sleep,gru,density_hard,2,objective_e20_bs32_eval5,experiments/sleep/gru/density_hard/seed_2_objective_e20_bs32_eval5,0.55,none,16.0,0.0,0.7447761976010462,0.9469858416002668,0.8337963589986267,0.8858797914988898,0.7149663486581798,0.9096501997082568,0.10425675774265655,0.3042922373990243,0.2393167939518393,3295,3295,269,12482208,"{""initial_prob"": 0.0, ""scale"": 16.0, ""smooth"": ""none"", ""threshold"": 0.55}"
sleep,gru,density_hard,2,objective_e20_bs32_eval5,experiments/sleep/gru/density_hard/seed_2_objective_e20_bs32_eval5,0.6000000000000001,none,16.0,0.0,0.7791236632812342,0.9385515274829087,0.8514388613197251,0.8991024782729302,0.7413091324838393,0.921618595043441,0.10425675774265655,0.2882868960363423,0.2393167939518393,2640,2640,269,12482208,"{""initial_prob"": 0.0, ""scale"": 16.0, ""smooth"": ""none"", ""threshold"": 0.6000000000000001}"
sleep,gru,density_hard,2,objective_e20_bs32_eval5,experiments/sleep/gru/density_hard/seed_2_objective_e20_bs32_eval5,0.65,none,16.0,0.0,0.79849181551977,0.9264468890955483,0.8577235312503728,0.9040628114714453,0.7508896092285477,0.9264454654176568,0.10425675774265655,0.2776663391605075,0.2393167939518393,2613,2613,269,12482208,"{""initial_prob"": 0.0, ""scale"": 16.0, ""smooth"": ""none"", ""threshold"": 0.65}"
sleep,gru,density_hard,2,objective_e20_bs32_eval5,experiments/sleep/gru/density_hard/seed_2_objective_e20_bs32_eval5,0.7000000000000001,none,16.0,0.0,0.8093366668617729,0.9072530079987895,0.8555022044551237,0.9031784153765301,0.7474913519146041,0.9266548033809403,0.10425675774265655,0.26827016502208584,0.2393167939518393,2512,2512,269,12482208,"{""initial_prob"": 0.0, ""scale"": 16.0, ""smooth"": ""none"", ""threshold"": 0.7000000000000001}"
sleep,gru,density_hard,2,objective_e20_bs32_eval5,experiments/sleep/gru/density_hard/seed_2_objective_e20_bs32_eval5,0.75,none,16.0,0.0,0.8151387114735842,0.874776797819498,0.843905423531925,0.8962038608109035,0.7299622718671487,0.9225548076109611,0.10425675774265655,0.2568259557924367,0.2393167939518393,2427,2427,269,12482208,"{""initial_prob"": 0.0, ""scale"": 16.0, ""smooth"": ""none"", ""threshold"": 0.75}"
sleep,gru,density_hard,2,objective_e20_bs32_eval5,experiments/sleep/gru/density_hard/seed_2_objective_e20_bs32_eval5,0.8,none,16.0,0.0,0.8200079837419536,0.8162584920604633,0.8181289419359492,0.8805413766668788,0.6922319794141294,0.9131494203589622,0.10425675774265655,0.23822251640094444,0.2393167939518393,2425,2425,269,12482208,"{""initial_prob"": 0.0, ""scale"": 16.0, ""smooth"": ""none"", ""threshold"": 0.8}"
sleep,gru,density_hard,2,objective_e20_bs32_eval5,experiments/sleep/gru/density_hard/seed_2_objective_e20_bs32_eval5,0.8500000000000001,none,16.0,0.0,0.82302634923778,0.7207473749682813,0.7684987397332835,0.8507509162296143,0.6240340668160124,0.8960806453473616,0.10425675774265655,0.20957646275402558,0.2393167939518393,2428,2428,269,12482208,"{""initial_prob"": 0.0, ""scale"": 16.0, ""smooth"": ""none"", ""threshold"": 0.8500000000000001}"
sleep,gru,density_hard,2,objective_e20_bs32_eval5,experiments/sleep/gru/density_hard/seed_2_objective_e20_bs32_eval5,0.9,none,16.0,0.0,0.8232184008459497,0.5741302396021427,0.6764733782844867,0.7970065366455579,0.5111142965962131,0.8685765370998464,0.10425675774265655,0.1669046854530865,0.2393167939518393,2948,2948,269,12482208,"{""initial_prob"": 0.0, ""scale"": 16.0, ""smooth"": ""none"", ""threshold"": 0.9}"
sleep,gru,density_hard,2,objective_e20_bs32_eval5,experiments/sleep/gru/density_hard/seed_2_objective_e20_bs32_eval5,0.9500000000000001,none,16.0,0.0,0.8220913441783837,0.35162737571814695,0.49257086396224814,0.6940104733214566,0.32676220207402984,0.8266225815176289,0.10425675774265655,0.10236129697566328,0.2393167939518393,3274,3274,269,12482208,"{""initial_prob"": 0.0, ""scale"": 16.0, ""smooth"": ""none"", ""threshold"": 0.9500000000000001}"
sleep,gru,density_hard,2,objective_e20_bs32_eval5,experiments/sleep/gru/density_hard/seed_2_objective_e20_bs32_eval5,1.0,none,16.0,0.0,0.0,0.0,0.0,0.4320386560371119,0.0,0.7606832060481608,0.10425675774265655,0.0,0.2393167939518393,-9578,9578,269,12482208,"{""initial_prob"": 0.0, ""scale"": 16.0, ""smooth"": ""none"", ""threshold"": 1.0}"
sleep,gru,density_hard,2,objective_e20_bs32_eval5,experiments/sleep/gru/density_hard/seed_2_objective_e20_bs32_eval5,0.0,none,16.0,0.2393167939518393,0.2393167939518393,1.0,0.3862076187779625,0.19310380938898125,0.2393167939518393,0.2393167939518393,0.10474333157946251,1.0,0.2393167939518393,-9578,9578,269,12482208,"{""initial_prob"": 0.2393167939518393, ""scale"": 16.0, ""smooth"": ""none"", ""threshold"": 0.0}"
sleep,gru,density_hard,2,objective_e20_bs32_eval5,experiments/sleep/gru/density_hard/seed_2_objective_e20_bs32_eval5,0.05,none,16.0,0.2393167939518393,0.2884548763890741,0.9870212995304636,0.4464389258296956,0.41223093109292275,0.2873649019998271,0.4142218267793647,0.10474333157946251,0.8188829252004133,0.2393167939518393,2134,2134,269,12482208,"{""initial_prob"": 0.2393167939518393, ""scale"": 16.0, ""smooth"": ""none"", ""threshold"": 0.05}"
sleep,gru,density_hard,2,objective_e20_bs32_eval5,experiments/sleep/gru/density_hard/seed_2_objective_e20_bs32_eval5,0.1,none,16.0,0.2393167939518393,0.3534867400538061,0.9827182761661247,0.5199469776217083,0.5617416993461006,0.3513029396650989,0.5657274738571894,0.10474333157946251,0.6653177066108816,0.2393167939518393,2047,2047,269,12482208,"{""initial_prob"": 0.2393167939518393, ""scale"": 16.0, ""smooth"": ""none"", ""threshold"": 0.1}"
sleep,gru,density_hard,2,objective_e20_bs32_eval5,experiments/sleep/gru/density_hard/seed_2_objective_e20_bs32_eval5,0.15000000000000002,none,16.0,0.2393167939518393,0.3999892004579553,0.9795022231506273,0.568021380024144,0.632245651619521,0.3966688972169998,0.6434617176704635,0.10474333157946251,0.5860441518039116,0.2393167939518393,2210,2210,269,12482208,"{""initial_prob"": 0.2393167939518393, ""scale"": 16.0, ""smooth"": ""none"", ""threshold"": 0.15000000000000002}"
sleep,gru,density_hard,2,objective_e20_bs32_eval5,experiments/sleep/gru/density_hard/seed_2_objective_e20_bs32_eval5,0.2,none,16.0,0.2393167939518393,0.42792449852076386,0.976557661651271,0.5950847358396382,0.6666110901818605,0.4235734004892364,0.6819565897315603,0.10474333157946251,0.5461399137075749,0.2393167939518393,2270,2270,269,12482208,"{""initial_prob"": 0.2393167939518393, ""scale"": 16.0, ""smooth"": ""none"", ""threshold"": 0.2}"
sleep,gru,density_hard,2,objective_e20_bs32_eval5,experiments/sleep/gru/density_hard/seed_2_objective_e20_bs32_eval5,0.25,none,16.0,0.2393167939518393,0.4520772051078052,0.9733526557628175,0.6174004912914519,0.6927943092459793,0.4465504923172946,0.7112973121422107,0.10474333157946251,0.5152651678292814,0.2393167939518393,2528,2528,269,12482208,"{""initial_prob"": 0.2393167939518393, ""scale"": 16.0, ""smooth"": ""none"", ""threshold"": 0.25}"
sleep,gru,density_hard,2,objective_e20_bs32_eval5,experiments/sleep/gru/density_hard/seed_2_objective_e20_bs32_eval5,0.30000000000000004,none,16.0,0.2393167939518393,0.47865979505752226,0.9700880623406117,0.6410254907180843,0.7185982970331011,0.4716979504323472,0.73998246143631,0.10474333157946251,0.4850174744724651,0.2393167939518393,2544,2544,269,12482208,"{""initial_prob"": 0.2393167939518393, ""scale"": 16.0, ""smooth"": ""none"", ""threshold"": 0.30000000000000004}"
sleep,gru,density_hard,2,objective_e20_bs32_eval5,experiments/sleep/gru/density_hard/seed_2_objective_e20_bs32_eval5,0.35000000000000003,none,16.0,0.2393167939518393,0.5068761123355289,0.9663802447909449,0.6649692148254416,0.743156460177647,0.49809279472045687,0.766957897192548,0.10474333157946251,0.4562673526991378,0.2393167939518393,2649,2649,269,12482208,"{""initial_prob"": 0.2393167939518393, ""scale"": 16.0, ""smooth"": ""none"", ""threshold"": 0.35000000000000003}"
sleep,gru,density_hard,2,objective_e20_bs32_eval5,experiments/sleep/gru/density_hard/seed_2_objective_e20_bs32_eval5,0.4,none,16.0,0.2393167939518393,0.5371770057993324,0.9628317736798516,0.6896107494162578,0.7669284396681538,0.5262640464343364,0.7925773228582635,0.10474333157946251,0.4289495095739472,0.2393167939518393,2774,2774,269,12482208,"{""initial_prob"": 0.2393167939518393, ""scale"": 16.0, ""smooth"": ""none"", ""threshold"": 0.4}"
sleep,gru,density_hard,2,objective_e20_bs32_eval5,experiments/sleep/gru/density_hard/seed_2_objective_e20_bs32_eval5,0.45,none,16.0,0.2393167939518393,0.584067075180193,0.9587734609176078,0.7259181982538221,0.7996234147930672,0.5697579207700192,0.8267346610471481,0.10474333157946251,0.39284972658683465,0.2393167939518393,3203,3203,269,12482208,"{""initial_prob"": 0.2393167939518393, ""scale"": 16.0, ""smooth"": ""none"", ""threshold"": 0.45}"
sleep,gru,density_hard,2,objective_e20_bs32_eval5,experiments/sleep/gru/density_hard/seed_2_objective_e20_bs32_eval5,0.5,none,16.0,0.2393167939518393,0.6541404878698371,0.953764090945306,0.776035737423473,0.8413569214924792,0.6340346374083387,0.8682528764141729,0.10474333157946251,0.34893385849683006,0.2393167939518393,3667,3667,269,12482208,"{""initial_prob"": 0.2393167939518393, ""scale"": 16.0, ""smooth"": ""none"", ""threshold"": 0.5}"
sleep,gru,density_hard,2,objective_e20_bs32_eval5,experiments/sleep/gru/density_hard/seed_2_objective_e20_bs32_eval5,0.55,none,16.0,0.2393167939518393,0.7445349244240674,0.9469908630216504,0.8336470846179552,0.8857694345449914,0.7147468605974119,0.9095523804762747,0.10474333157946251,0.30439246005193954,0.2393167939518393,3301,3301,269,12482208,"{""initial_prob"": 0.2393167939518393, ""scale"": 16.0, ""smooth"": ""none"", ""threshold"": 0.55}"
sleep,gru,density_hard,2,objective_e20_bs32_eval5,experiments/sleep/gru/density_hard/seed_2_objective_e20_bs32_eval5,0.6000000000000001,none,16.0,0.2393167939518393,0.7788515761770283,0.938570274122741,0.8512840770318695,0.8989900500004581,0.7410744989346572,0.9215210962675834,0.10474333157946251,0.2883933675836839,0.2393167939518393,2636,2636,269,12482208,"{""initial_prob"": 0.2393167939518393, ""scale"": 16.0, ""smooth"": ""none"", ""threshold"": 0.6000000000000001}"
sleep,gru,density_hard,2,objective_e20_bs32_eval5,experiments/sleep/gru/density_hard/seed_2_objective_e20_bs32_eval5,0.65,none,16.0,0.2393167939518393,0.7983976334918371,0.9264669747810828,0.8576777987394584,0.9040294647254578,0.7508195129123982,0.9264163039103338,0.10474333157946251,0.2777051143515634,0.2393167939518393,2611,2611,269,12482208,"{""initial_prob"": 0.2393167939518393, ""scale"": 16.0, ""smooth"": ""none"", ""threshold"": 0.65}"
sleep,gru,density_hard,2,objective_e20_bs32_eval5,experiments/sleep/gru/density_hard/seed_2_objective_e20_bs32_eval5,0.7000000000000001,none,16.0,0.2393167939518393,0.8092423344831211,0.9072610422730033,0.8554530725387637,0.9031433105238853,0.747416337429062,0.9266250009613684,0.10474333157946251,0.26830381291515093,0.2393167939518393,2514,2514,269,12482208,"{""initial_prob"": 0.2393167939518393, ""scale"": 16.0, ""smooth"": ""none"", ""threshold"": 0.7000000000000001}"
sleep,gru,density_hard,2,objective_e20_bs32_eval5,experiments/sleep/gru/density_hard/seed_2_objective_e20_bs32_eval5,0.75,none,16.0,0.2393167939518393,0.8150087918627085,0.8748062568249486,0.8438494982543203,0.8961632488426764,0.7298785901837054,0.9225193170951806,0.10474333157946251,0.25687554637769217,0.2393167939518393,2435,2435,269,12482208,"{""initial_prob"": 0.2393167939518393, ""scale"": 16.0, ""smooth"": ""none"", ""threshold"": 0.75}"
sleep,gru,density_hard,2,objective_e20_bs32_eval5,experiments/sleep/gru/density_hard/seed_2_objective_e20_bs32_eval5,0.8,none,16.0,0.2393167939518393,0.8199672260477929,0.816261839674719,0.8181103372726122,0.8805281506552604,0.6922053412200083,0.9131382043946071,0.10474333157946251,0.23823533464592161,0.2393167939518393,2427,2427,269,12482208,"{""initial_prob"": 0.2393167939518393, ""scale"": 16.0, ""smooth"": ""none"", ""threshold"": 0.8}"
sleep,gru,density_hard,2,objective_e20_bs32_eval5,experiments/sleep/gru/density_hard/seed_2_objective_e20_bs32_eval5,0.8500000000000001,none,16.0,0.2393167939518393,0.8230019758441679,0.7207590916181765,0.7684947742392472,0.8507474346117181,0.6240288373640605,0.8960766396458063,0.10474333157946251,0.20958607643775845,0.2393167939518393,2430,2430,269,12482208,"{""initial_prob"": 0.2393167939518393, ""scale"": 16.0, ""smooth"": ""none"", ""threshold"": 0.8500000000000001}"
sleep,gru,density_hard,2,objective_e20_bs32_eval5,experiments/sleep/gru/density_hard/seed_2_objective_e20_bs32_eval5,0.9,none,16.0,0.2393167939518393,0.8232068648730115,0.5741439648205913,0.676479010456315,0.7970092644033295,0.5111207270611908,0.8685767774419397,0.10474333157946251,0.166911014461544,0.2393167939518393,2950,2950,269,12482208,"{""initial_prob"": 0.2393167939518393, ""scale"": 16.0, ""smooth"": ""none"", ""threshold"": 0.9}"
sleep,gru,density_hard,2,objective_e20_bs32_eval5,experiments/sleep/gru/density_hard/seed_2_objective_e20_bs32_eval5,0.9500000000000001,none,16.0,0.2393167939518393,0.8220534902321708,0.3516307233324027,0.4925673533775634,0.694007306806841,0.32675911224372983,0.8266184957020425,0.10474333157946251,0.1023669850718719,0.2393167939518393,3274,3274,269,12482208,"{""initial_prob"": 0.2393167939518393, ""scale"": 16.0, ""smooth"": ""none"", ""threshold"": 0.9500000000000001}"
sleep,gru,density_hard,2,objective_e20_bs32_eval5,experiments/sleep/gru/density_hard/seed_2_objective_e20_bs32_eval5,1.0,none,16.0,0.2393167939518393,0.0,0.0,0.0,0.4320386560371119,0.0,0.7606832060481608,0.10474333157946251,0.0,0.2393167939518393,-9578,9578,269,12482208,"{""initial_prob"": 0.2393167939518393, ""scale"": 16.0, ""smooth"": ""none"", ""threshold"": 1.0}"
sleep,gru,density_hard,2,objective_e20_bs32_eval5,experiments/sleep/gru/density_hard/seed_2_objective_e20_bs32_eval5,0.0,none,16.0,0.5,0.2393167939518393,1.0,0.3862076187779625,0.19310380938898125,0.2393167939518393,0.2393167939518393,0.10593990903837854,1.0,0.2393167939518393,-9578,9578,269,12482208,"{""initial_prob"": 0.5, ""scale"": 16.0, ""smooth"": ""none"", ""threshold"": 0.0}"
sleep,gru,density_hard,2,objective_e20_bs32_eval5,experiments/sleep/gru/density_hard/seed_2_objective_e20_bs32_eval5,0.05,none,16.0,0.5,0.2883740755263107,0.9870212995304636,0.44634214666836924,0.41198491586116287,0.28728471053729276,0.4139923801942733,0.10593990903837854,0.8191123717855047,0.2393167939518393,2116,2116,269,12482208,"{""initial_prob"": 0.5, ""scale"": 16.0, ""smooth"": ""none"", ""threshold"": 0.05}"
sleep,gru,density_hard,2,objective_e20_bs32_eval5,experiments/sleep/gru/density_hard/seed_2_objective_e20_bs32_eval5,0.1,none,16.0,0.5,0.35330495334705275,0.9827182761661247,0.5197502963188475,0.5614250767643344,0.3511233915644832,0.5653851466022678,0.10593990903837854,0.6656600338658032,0.2393167939518393,2025,2025,269,12482208,"{""initial_prob"": 0.5, ""scale"": 16.0, ""smooth"": ""none"", ""threshold"": 0.1}"
sleep,gru,density_hard,2,objective_e20_bs32_eval5,experiments/sleep/gru/density_hard/seed_2_objective_e20_bs32_eval5,0.15000000000000002,none,16.0,0.5,0.39966690452046055,0.9795022231506273,0.5676963233052904,0.6318207930118184,0.3963519276968894,0.6429891250009614,0.10593990903837854,0.5865167444734137,0.2393167939518393,2180,2180,269,12482208,"{""initial_prob"": 0.5, ""scale"": 16.0, ""smooth"": ""none"", ""threshold"": 0.15000000000000002}"
sleep,gru,density_hard,2,objective_e20_bs32_eval5,experiments/sleep/gru/density_hard/seed_2_objective_e20_bs32_eval5,0.2,none,16.0,0.5,0.42724314013696146,0.9765579964126966,0.5944256548170432,0.6658287404258028,0.4229058796172534,0.6810855899853616,0.10593990903837854,0.5470110736818358,0.2393167939518393,2235,2235,269,12482208,"{""initial_prob"": 0.5, ""scale"": 16.0, ""smooth"": ""none"", ""threshold"": 0.2}"
sleep,gru,density_hard,2,objective_e20_bs32_eval5,experiments/sleep/gru/density_hard/seed_2_objective_e20_bs32_eval5,0.25,none,16.0,0.5,0.448454578180462,0.9733526557628175,0.6140135515421922,0.6890355112267148,0.4430155520101999,0.7071349876560301,0.10593990903837854,0.5194274923154621,0.2393167939518393,2439,2439,269,12482208,"{""initial_prob"": 0.5, ""scale"": 16.0, ""smooth"": ""none"", ""threshold"": 0.25}"
sleep,gru,density_hard,2,objective_e20_bs32_eval5,experiments/sleep/gru/density_hard/seed_2_objective_e20_bs32_eval5,0.30000000000000004,none,16.0,0.5,0.4722712002065006,0.9701764393569635,0.6352901538468959,0.7126141659834435,0.46551298478403724,0.7334189592097808,0.10593990903837854,0.49162327690741897,0.2393167939518393,2511,2511,269,12482208,"{""initial_prob"": 0.5, ""scale"": 16.0, ""smooth"": ""none"", ""threshold"": 0.30000000000000004}"
sleep,gru,density_hard,2,objective_e20_bs32_eval5,experiments/sleep/gru/density_hard/seed_2_objective_e20_bs32_eval5,0.35000000000000003,none,16.0,0.5,0.49983554060917834,0.9665569988236483,0.6589225286477042,0.7372090842962089,0.49133815362901423,0.7605309893890568,0.10593990903837854,0.46277886091947834,0.2393167939518393,2644,2644,269,12482208,"{""initial_prob"": 0.5, ""scale"": 16.0, ""smooth"": ""none"", ""threshold"": 0.35000000000000003}"
sleep,gru,density_hard,2,objective_e20_bs32_eval5,experiments/sleep/gru/density_hard/seed_2_objective_e20_bs32_eval5,0.4,none,16.0,0.5,0.5291890164700706,0.9630168967481945,0.6830397332163562,0.7608163092715519,0.5186487022000408,0.7861073137060366,0.10593990903837854,0.4355081248445788,0.2393167939518393,2793,2793,269,12482208,"{""initial_prob"": 0.5, ""scale"": 16.0, ""smooth"": ""none"", ""threshold"": 0.4}"
sleep,gru,density_hard,2,objective_e20_bs32_eval5,experiments/sleep/gru/density_hard/seed_2_objective_e20_bs32_eval5,0.45,none,16.0,0.5,0.5750585976551302,0.9589619316002065,0.7189725209979632,0.7936051061940261,0.5612467591702771,0.8205923182821501,0.10593990903837854,0.39908227775085947,0.2393167939518393,3254,3254,269,12482208,"{""initial_prob"": 0.5, ""scale"": 16.0, ""smooth"": ""none"", ""threshold"": 0.45}"
sleep,gru,density_hard,2,objective_e20_bs32_eval5,experiments/sleep/gru/density_hard/seed_2_objective_e20_bs32_eval5,0.5,none,16.0,0.5,0.6521661809902306,0.9538762360228735,0.7746816838640166,0.8402736198375685,0.6322289266898087,0.8672090707028757,0.10593990903837854,0.3500313406089692,0.2393167939518393,3781,3781,269,12482208,"{""initial_prob"": 0.5, ""scale"": 16.0, ""smooth"": ""none"", ""threshold"": 0.5}"
sleep,gru,density_hard,2,objective_e20_bs32_eval5,experiments/sleep/gru/density_hard/seed_2_objective_e20_bs32_eval5,0.55,none,16.0,0.5,0.7438373349341314,0.9470032491943966,0.8332144137855368,0.8854495618228115,0.7141109931678453,0.9092688569201859,0.10593990903837854,0.30468191204633027,0.2393167939518393,3313,3313,269,12482208,"{""initial_prob"": 0.5, ""scale"": 16.0, ""smooth"": ""none"", ""threshold"": 0.55}"
sleep,gru,density_hard,2,objective_e20_bs32_eval5,experiments/sleep/gru/density_hard/seed_2_objective_e20_bs32_eval5,0.6000000000000001,none,16.0,0.5,0.7783508016627902,0.9385796474426571,0.8509887181417258,0.8987764831828937,0.7406269473398364,0.921337154452161,0.10593990903837854,0.2885817957848483,0.2393167939518393,2652,2652,269,12482208,"{""initial_prob"": 0.5, ""scale"": 16.0, ""smooth"": ""none"", ""threshold"": 0.6000000000000001}"
sleep,gru,density_hard,2,objective_e20_bs32_eval5,experiments/sleep/gru/density_hard/seed_2_objective_e20_bs32_eval5,0.65,none,16.0,0.5,0.7980459482433487,0.9265138413806633,0.85749490571901,0.9038972950617729,0.7505392404912254,0.9263023016440681,0.10593990903837854,0.2778415485465392,0.2393167939518393,2619,2619,269,12482208,"{""initial_prob"": 0.5, ""scale"": 16.0, ""smooth"": ""none"", ""threshold"": 0.65}"
sleep,gru,density_hard,2,objective_e20_bs32_eval5,experiments/sleep/gru/density_hard/seed_2_objective_e20_bs32_eval5,0.7000000000000001,none,16.0,0.5,0.8090941305684101,0.9072717546386216,0.8553750197849761,0.9030876124395935,0.7472971799237593,0.9265778137970462,0.10593990903837854,0.268356127377464,0.2393167939518393,2518,2518,269,12482208,"{""initial_prob"": 0.5, ""scale"": 16.0, ""smooth"": ""none"", ""threshold"": 0.7000000000000001}"
sleep,gru,density_hard,2,objective_e20_bs32_eval5,experiments/sleep/gru/density_hard/seed_2_objective_e20_bs32_eval5,0.75,none,16.0,0.5,0.8149223189586272,0.8748206515662483,0.8438098414764427,0.8961347033321041,0.7298192561628262,0.9224947220876306,0.10593990903837854,0.2569070311919173,0.2393167939518393,2433,2433,269,12482208,"{""initial_prob"": 0.5, ""scale"": 16.0, ""smooth"": ""none"", ""threshold"": 0.75}"
sleep,gru,density_hard,2,objective_e20_bs32_eval5,experiments/sleep/gru/density_hard/seed_2_objective_e20_bs32_eval5,0.8,none,16.0,0.5,0.81982681060116,0.8162902943958928,0.8180547303555905,0.8804877708485513,0.6921257281241999,0.9131027138788266,0.10593990903837854,0.2382844445469904,0.2393167939518393,2437,2437,269,12482208,"{""initial_prob"": 0.5, ""scale"": 16.0, ""smooth"": ""none"", ""threshold"": 0.8}"
sleep,gru,density_hard,2,objective_e20_bs32_eval5,experiments/sleep/gru/density_hard/seed_2_objective_e20_bs32_eval5,0.8500000000000001,none,16.0,0.5,0.8229307128988366,0.7207691344609437,0.7684694128484704,0.8507290563119003,0.6239953931033924,0.8960603764974915,0.10593990903837854,0.20960714642793968,0.2393167939518393,2428,2428,269,12482208,"{""initial_prob"": 0.5, ""scale"": 16.0, ""smooth"": ""none"", ""threshold"": 0.8500000000000001}"
sleep,gru,density_hard,2,objective_e20_bs32_eval5,experiments/sleep/gru/density_hard/seed_2_objective_e20_bs32_eval5,0.9,none,16.0,0.5,0.8231497412049268,0.5741804538159789,0.6764850479116415,0.7970102261406379,0.5111276203145451,0.8685720507141045,0.10593990903837854,0.1669332060481607,0.2393167939518393,2954,2954,269,12482208,"{""initial_prob"": 0.5, ""scale"": 16.0, ""smooth"": ""none"", ""threshold"": 0.9}"
sleep,gru,density_hard,2,objective_e20_bs32_eval5,experiments/sleep/gru/density_hard/seed_2_objective_e20_bs32_eval5,0.9500000000000001,none,16.0,0.5,0.8220179020567489,0.35163641427663744,0.49256654796527305,0.6940056976387745,0.32675840336461215,0.826615130912736,0.10593990903837854,0.10237307373823605,0.2393167939518393,3274,3274,269,12482208,"{""initial_prob"": 0.5, ""scale"": 16.0, ""smooth"": ""none"", ""threshold"": 0.9500000000000001}"
sleep,gru,density_hard,2,objective_e20_bs32_eval5,experiments/sleep/gru/density_hard/seed_2_objective_e20_bs32_eval5,1.0,none,16.0,0.5,0.0,0.0,0.0,0.4320386560371119,0.0,0.7606832060481608,0.10593990903837854,0.0,0.2393167939518393,-9578,9578,269,12482208,"{""initial_prob"": 0.5, ""scale"": 16.0, ""smooth"": ""none"", ""threshold"": 1.0}"
sleep,gru,density_hard,2,objective_e20_bs32_eval5,experiments/sleep/gru/density_hard/seed_2_objective_e20_bs32_eval5,0.0,none,16.0,1.0,0.2393167939518393,1.0,0.3862076187779625,0.19310380938898125,0.2393167939518393,0.2393167939518393,0.11018004087640201,1.0,0.2393167939518393,-9578,9578,269,12482208,"{""initial_prob"": 1.0, ""scale"": 16.0, ""smooth"": ""none"", ""threshold"": 0.0}"
sleep,gru,density_hard,2,objective_e20_bs32_eval5,experiments/sleep/gru/density_hard/seed_2_objective_e20_bs32_eval5,0.05,none,16.0,1.0,0.28830654111589576,0.9870212995304636,0.4462612479801616,0.41177912948193784,0.2872176853412636,0.4138005070897713,0.11018004087640201,0.8193042448900066,0.2393167939518393,2100,2100,269,12482208,"{""initial_prob"": 1.0, ""scale"": 16.0, ""smooth"": ""none"", ""threshold"": 0.05}"
sleep,gru,density_hard,2,objective_e20_bs32_eval5,experiments/sleep/gru/density_hard/seed_2_objective_e20_bs32_eval5,0.1,none,16.0,1.0,0.3531321041061839,0.9827182761661247,0.5195632351212938,0.5611236607331906,0.35095266981150797,0.5650593228377544,0.11018004087640201,0.6659858576303167,0.2393167939518393,2011,2011,269,12482208,"{""initial_prob"": 1.0, ""scale"": 16.0, ""smooth"": ""none"", ""threshold"": 0.1}"
sleep,gru,density_hard,2,objective_e20_bs32_eval5,experiments/sleep/gru/density_hard/seed_2_objective_e20_bs32_eval5,0.15000000000000002,none,16.0,1.0,0.3994021466644881,0.9795022231506273,0.5674291838547926,0.6314712505859201,0.396091542184032,0.6426003316079976,0.11018004087640201,0.5869055378663774,0.2393167939518393,2162,2162,269,12482208,"{""initial_prob"": 1.0, ""scale"": 16.0, ""smooth"": ""none"", ""threshold"": 0.15000000000000002}"
sleep,gru,density_hard,2,objective_e20_bs32_eval5,experiments/sleep/gru/density_hard/seed_2_objective_e20_bs32_eval5,0.2,none,16.0,1.0,0.42693483631035356,0.9765583311741222,0.5941272546621751,0.6654739446931444,0.4226038641352343,0.6806905476979714,0.11018004087640201,0.5474062761972882,0.2393167939518393,2215,2215,269,12482208,"{""initial_prob"": 1.0, ""scale"": 16.0, ""smooth"": ""none"", ""threshold"": 0.2}"
sleep,gru,density_hard,2,objective_e20_bs32_eval5,experiments/sleep/gru/density_hard/seed_2_objective_e20_bs32_eval5,0.25,none,16.0,1.0,0.44805723343186393,0.9733529905242431,0.6136410738247101,0.6886198300361307,0.442627852166418,0.706674331977163,0.11018004087640201,0.5198883082223914,0.2393167939518393,2419,2419,269,12482208,"{""initial_prob"": 1.0, ""scale"": 16.0, ""smooth"": ""none"", ""threshold"": 0.25}"
sleep,gru,density_hard,2,objective_e20_bs32_eval5,experiments/sleep/gru/density_hard/seed_2_objective_e20_bs32_eval5,0.30000000000000004,none,16.0,1.0,0.47174345709361043,0.9701764393569635,0.6348125004996927,0.7121130184587513,0.46500022944251246,0.732868976386229,0.11018004087640201,0.49217325973097065,0.2393167939518393,2485,2485,269,12482208,"{""initial_prob"": 1.0, ""scale"": 16.0, ""smooth"": ""none"", ""threshold"": 0.30000000000000004}"
sleep,gru,density_hard,2,objective_e20_bs32_eval5,experiments/sleep/gru/density_hard/seed_2_objective_e20_bs32_eval5,0.35000000000000003,none,16.0,1.0,0.49878564359334787,0.9665573335850739,0.6580096662836085,0.7363078091771517,0.4903237003662863,0.7595568828848229,0.11018004087640201,0.46375312765177445,0.2393167939518393,2610,2610,269,12482208,"{""initial_prob"": 1.0, ""scale"": 16.0, ""smooth"": ""none"", ""threshold"": 0.35000000000000003}"
sleep,gru,density_hard,2,objective_e20_bs32_eval5,experiments/sleep/gru/density_hard/seed_2_objective_e20_bs32_eval5,0.4,none,16.0,1.0,0.5277288482091655,0.96301723150962,0.6818223187761396,0.7596790719974091,0.5172461410081701,0.7849023185641515,0.11018004087640201,0.43671328021452616,0.2393167939518393,2745,2745,269,12482208,"{""initial_prob"": 1.0, ""scale"": 16.0, ""smooth"": ""none"", ""threshold"": 0.4}"
sleep,gru,density_hard,2,objective_e20_bs32_eval5,experiments/sleep/gru/density_hard/seed_2_objective_e20_bs32_eval5,0.45,none,16.0,1.0,0.5728844458959034,0.9589619316002065,0.7172708476394783,0.7921241194170047,0.5591756032982739,0.8190777625240663,0.11018004087640201,0.40059683350894326,0.2393167939518393,3184,3184,269,12482208,"{""initial_prob"": 1.0, ""scale"": 16.0, ""smooth"": ""none"", ""threshold"": 0.45}"
sleep,gru,density_hard,2,objective_e20_bs32_eval5,experiments/sleep/gru/density_hard/seed_2_objective_e20_bs32_eval5,0.5,none,16.0,1.0,0.6398780720564955,0.9539579178107138,0.7659718530042797,0.8333013381910898,0.6207085753019993,0.8604956751241447,0.11018004087640201,0.3567838318348805,0.2393167939518393,3644,3644,269,12482208,"{""initial_prob"": 1.0, ""scale"": 16.0, ""smooth"": ""none"", ""threshold"": 0.5}"
sleep,gru,density_hard,2,objective_e20_bs32_eval5,experiments/sleep/gru/density_hard/seed_2_objective_e20_bs32_eval5,0.55,none,16.0,1.0,0.7256541435761285,0.947184020364207,0.8217507514144655,0.8769257892746103,0.6974337156598757,0.901661148412204,0.11018004087640201,0.31237614370790806,0.2393167939518393,3282,3282,269,12482208,"{""initial_prob"": 1.0, ""scale"": 16.0, ""smooth"": ""none"", ""threshold"": 0.55}"
sleep,gru,density_hard,2,objective_e20_bs32_eval5,experiments/sleep/gru/density_hard/seed_2_objective_e20_bs32_eval5,0.6000000000000001,none,16.0,1.0,0.7588957418808012,0.93876778336383,0.839302798011201,0.8902824150694416,0.7231022841901367,0.9139697880375011,0.11018004087640201,0.2960392103704729,0.2393167939518393,2653,2653,269,12482208,"{""initial_prob"": 1.0, ""scale"": 16.0, ""smooth"": ""none"", ""threshold"": 0.6000000000000001}"
sleep,gru,density_hard,2,objective_e20_bs32_eval5,experiments/sleep/gru/density_hard/seed_2_objective_e20_bs32_eval5,0.65,none,16.0,1.0,0.7784166941057016,0.9267324405915636,0.846124234000059,0.8957317475191506,0.7332888504394695,0.9193334224201359,0.11018004087640201,0.28491505669509753,0.2393167939518393,2636,2636,269,12482208,"{""initial_prob"": 1.0, ""scale"": 16.0, ""smooth"": ""none"", ""threshold"": 0.65}"
sleep,gru,density_hard,2,objective_e20_bs32_eval5,experiments/sleep/gru/density_hard/seed_2_objective_e20_bs32_eval5,0.7000000000000001,none,16.0,1.0,0.7892814758999311,0.9074923624180755,0.844269159509533,0.8951677296584101,0.7305067321308512,0.9198802006824434,0.11018004087640201,0.2751593307850662,0.2393167939518393,2543,2543,269,12482208,"{""initial_prob"": 1.0, ""scale"": 16.0, ""smooth"": ""none"", ""threshold"": 0.7000000000000001}"
sleep,gru,density_hard,2,objective_e20_bs32_eval5,experiments/sleep/gru/density_hard/seed_2_objective_e20_bs32_eval5,0.75,none,16.0,1.0,0.7951497419302045,0.8750285384115303,0.8331789781832503,0.8885873167982639,0.714058936721918,0.9161432817014425,0.11018004087640201,0.2633579732047407,0.2393167939518393,2476,2476,269,12482208,"{""initial_prob"": 1.0, ""scale"": 16.0, ""smooth"": ""none"", ""threshold"": 0.75}"
sleep,gru,density_hard,2,objective_e20_bs32_eval5,experiments/sleep/gru/density_hard/seed_2_objective_e20_bs32_eval5,0.8,none,16.0,1.0,0.8000271586359542,0.8165119064596235,0.8081854804773262,0.8735095866170796,0.6781134708788474,0.9072452566084462,0.11018004087640201,0.24424797279455687,0.2393167939518393,2490,2490,269,12482208,"{""initial_prob"": 1.0, ""scale"": 16.0, ""smooth"": ""none"", ""threshold"": 0.8}"
sleep,gru,density_hard,2,objective_e20_bs32_eval5,experiments/sleep/gru/density_hard/seed_2_objective_e20_bs32_eval5,0.8500000000000001,none,16.0,1.0,0.8025793022342426,0.7210081541188041,0.7596101146999469,0.8444772650538672,0.612396250325917,0.8907883925664434,0.11018004087640201,0.214993533195409,0.2393167939518393,2518,2518,269,12482208,"{""initial_prob"": 1.0, ""scale"": 16.0, ""smooth"": ""none"", ""threshold"": 0.8500000000000001}"
sleep,gru,density_hard,2,objective_e20_bs32_eval5,experiments/sleep/gru/density_hard/seed_2_objective_e20_bs32_eval5,0.9,none,16.0,1.0,0.8025445704493558,0.5742818865279281,0.6694915072335886,0.79205897240808,0.503184692824901,0.8643043762770176,0.11018004087640201,0.17124942958809852,0.2393167939518393,3119,3119,269,12482208,"{""initial_prob"": 1.0, ""scale"": 16.0, ""smooth"": ""none"", ""threshold"": 0.9}"
sleep,gru,density_hard,2,objective_e20_bs32_eval5,experiments/sleep/gru/density_hard/seed_2_objective_e20_bs32_eval5,0.9500000000000001,none,16.0,1.0,0.8091329510930045,0.35171608749592426,0.49030505494218307,0.6923351371953159,0.3247709456451852,0.8249994712473947,0.11018004087640201,0.1040268676823844,0.2393167939518393,3528,3528,269,12482208,"{""initial_prob"": 1.0, ""scale"": 16.0, ""smooth"": ""none"", ""threshold"": 0.9500000000000001}"
sleep,gru,density_hard,2,objective_e20_bs32_eval5,experiments/sleep/gru/density_hard/seed_2_objective_e20_bs32_eval5,1.0,none,16.0,1.0,0.0,0.0,0.0,0.4320386560371119,0.0,0.7606832060481608,0.11018004087640201,0.0,0.2393167939518393,-9578,9578,269,12482208,"{""initial_prob"": 1.0, ""scale"": 16.0, ""smooth"": ""none"", ""threshold"": 1.0}"
